ISO-10303-21;
HEADER;
FILE_DESCRIPTION(('FreeCAD Model'),'2;1');
FILE_NAME('Open CASCADE Shape Model','2026-08-05T16:18:27',(''),(''),
  'Open CASCADE STEP processor 7.8','FreeCAD','Unknown');
FILE_SCHEMA(('AUTOMOTIVE_DESIGN { 1 0 10303 214 1 1 1 1 }'));
ENDSEC;
DATA;
#1 = APPLICATION_PROTOCOL_DEFINITION('international standard',
  'automotive_design',2000,#2);
#2 = APPLICATION_CONTEXT(
  'core data for automotive mechanical design processes');
#3 = SHAPE_DEFINITION_REPRESENTATION(#4,#10);
#4 = PRODUCT_DEFINITION_SHAPE('','',#5);
#5 = PRODUCT_DEFINITION('design','',#6,#9);
#6 = PRODUCT_DEFINITION_FORMATION('','',#7);
#7 = PRODUCT('MainShaft','MainShaft','',(#8));
#8 = PRODUCT_CONTEXT('',#2,'mechanical');
#9 = PRODUCT_DEFINITION_CONTEXT('part definition',#2,'design');
#10 = ADVANCED_BREP_SHAPE_REPRESENTATION('',(#11,#15),#15265);
#11 = AXIS2_PLACEMENT_3D('',#12,#13,#14);
#12 = CARTESIAN_POINT('',(0.,0.,0.));
#13 = DIRECTION('',(0.,0.,1.));
#14 = DIRECTION('',(1.,0.,-0.));
#15 = MANIFOLD_SOLID_BREP('',#16);
#16 = CLOSED_SHELL('',(#17,#59,#3555,#3581,#3602,#3643,#3667,#3692,#3717
    ,#3742,#3767,#3792,#3816,#3841,#3866,#3891,#3916,#3941,#3965,#3990,
    #4015,#4040,#4065,#4090,#4114,#4139,#4164,#4189,#4214,#4239,#4263,
    #4288,#4313,#4338,#4363,#4388,#4412,#4437,#4462,#4487,#4512,#4537,
    #4561,#4586,#4611,#4636,#4661,#4686,#4710,#4735,#4760,#4785,#4810,
    #4835,#4859,#4884,#4909,#4934,#4959,#4984,#5008,#5033,#5058,#5083,
    #5108,#5133,#5157,#5182,#5207,#5232,#5257,#5282,#5306,#5331,#5356,
    #5381,#5406,#5431,#5455,#5480,#5505,#5530,#5555,#5580,#5604,#5629,
    #5654,#5679,#5704,#5729,#5753,#5778,#5803,#5828,#5853,#5878,#5902,
    #5927,#5952,#5977,#6002,#6027,#6051,#6076,#6101,#6126,#6151,#6176,
    #6200,#6225,#6250,#6275,#6300,#6325,#6349,#6374,#6399,#6424,#6449,
    #6474,#6498,#6523,#6548,#6573,#6598,#6623,#6647,#6672,#6697,#6722,
    #6747,#6772,#6796,#6821,#6846,#6871,#6896,#6921,#6945,#6970,#6995,
    #7020,#7045,#7070,#7094,#7119,#7144,#7169,#7194,#7219,#7243,#7268,
    #7293,#7318,#7343,#7368,#7392,#7417,#7442,#7467,#7492,#7517,#7541,
    #7566,#7591,#7616,#7641,#7666,#7690,#7715,#7740,#7765,#7790,#7815,
    #7839,#7864,#7889,#7914,#7939,#7964,#7988,#8013,#8038,#8063,#8088,
    #8113,#8137,#8162,#8187,#8212,#8237,#8262,#8286,#8311,#8336,#8361,
    #8386,#8411,#8435,#8460,#8485,#8510,#8535,#8560,#8584,#8609,#8634,
    #8659,#8684,#8709,#8733,#8758,#8783,#8808,#8833,#8858,#8882,#8907,
    #8932,#8957,#8982,#9007,#9031,#9056,#9081,#9106,#9131,#9156,#9180,
    #9205,#9230,#9255,#9280,#9305,#9329,#9354,#9379,#9404,#9429,#9454,
    #9478,#9503,#9528,#9553,#9578,#9603,#9627,#9652,#9677,#9702,#9727,
    #9752,#9776,#9801,#9826,#9851,#9876,#9901,#9925,#9950,#9975,#10000,
    #10025,#10050,#10074,#10099,#10124,#10149,#10174,#10199,#10223,
    #10248,#10273,#10298,#10323,#10348,#10372,#10397,#10422,#10447,
    #10472,#10497,#10521,#10546,#10571,#10596,#10621,#10646,#10670,
    #10695,#10720,#10745,#10770,#10795,#10819,#10844,#10869,#10894,
    #10919,#10944,#10968,#10993,#11018,#11043,#11068,#11093,#11117,
    #11142,#11167,#11192,#11217,#11242,#11266,#11291,#11316,#11341,
    #11366,#11391,#11415,#11440,#11465,#11490,#11515,#11540,#11564,
    #11589,#11614,#11639,#11664,#11689,#11713,#11738,#11763,#11788,
    #11813,#11838,#11862,#11887,#11912,#11937,#11962,#11987,#12011,
    #12036,#12061,#12086,#12111,#12136,#12160,#12185,#12210,#12235,
    #12260,#12285,#12309,#12334,#12359,#12384,#12409,#12434,#12458,
    #12483,#12508,#12533,#12558,#12583,#12607,#12632,#12657,#12682,
    #12707,#12732,#12756,#12781,#12806,#12831,#12856,#12881,#12905,
    #12930,#12955,#12980,#13005,#13030,#13054,#13079,#13104,#13129,
    #13154,#13179,#13203,#13228,#13253,#13278,#13303,#13328,#13352,
    #13386,#13634,#13659,#13684,#14325,#14342,#14359,#14376,#14393,
    #14410,#14427,#14444,#14461,#14478,#14495,#14512,#14529,#14546,
    #14563,#14580,#14597,#14614,#14631,#14648,#14665,#14682,#14699,
    #14716,#14733,#14750,#14762,#14824,#14849,#14881,#14905,#14930,
    #14954,#14979,#14996,#15016,#15074,#15099,#15124,#15149,#15174,
    #15199,#15211,#15229,#15247));
#17 = ADVANCED_FACE('',(#18),#54,.T.);
#18 = FACE_BOUND('',#19,.F.);
#19 = EDGE_LOOP('',(#20,#31,#39,#48));
#20 = ORIENTED_EDGE('',*,*,#21,.F.);
#21 = EDGE_CURVE('',#22,#24,#26,.T.);
#22 = VERTEX_POINT('',#23);
#23 = CARTESIAN_POINT('',(19.474553489858,-5.173419214663,-11.5));
#24 = VERTEX_POINT('',#25);
#25 = CARTESIAN_POINT('',(19.479471338908,5.154871129007,-11.5));
#26 = CIRCLE('',#27,20.15);
#27 = AXIS2_PLACEMENT_3D('',#28,#29,#30);
#28 = CARTESIAN_POINT('',(0.,0.,-11.5));
#29 = DIRECTION('',(0.,0.,-1.));
#30 = DIRECTION('',(1.,0.,0.));
#31 = ORIENTED_EDGE('',*,*,#32,.F.);
#32 = EDGE_CURVE('',#33,#22,#35,.T.);
#33 = VERTEX_POINT('',#34);
#34 = CARTESIAN_POINT('',(19.474553489858,-5.173419214663,-17.5));
#35 = LINE('',#36,#37);
#36 = CARTESIAN_POINT('',(19.474553489858,-5.173419214663,-11.5));
#37 = VECTOR('',#38,1.);
#38 = DIRECTION('',(0.,2.2E-16,1.));
#39 = ORIENTED_EDGE('',*,*,#40,.T.);
#40 = EDGE_CURVE('',#33,#41,#43,.T.);
#41 = VERTEX_POINT('',#42);
#42 = CARTESIAN_POINT('',(19.479471338908,5.154871129007,-17.5));
#43 = CIRCLE('',#44,20.15);
#44 = AXIS2_PLACEMENT_3D('',#45,#46,#47);
#45 = CARTESIAN_POINT('',(0.,0.,-17.5));
#46 = DIRECTION('',(0.,0.,-1.));
#47 = DIRECTION('',(1.,0.,0.));
#48 = ORIENTED_EDGE('',*,*,#49,.T.);
#49 = EDGE_CURVE('',#41,#24,#50,.T.);
#50 = LINE('',#51,#52);
#51 = CARTESIAN_POINT('',(19.479471338907,5.154871129008,-11.5));
#52 = VECTOR('',#53,1.);
#53 = DIRECTION('',(0.,2.2E-16,1.));
#54 = CYLINDRICAL_SURFACE('',#55,20.15);
#55 = AXIS2_PLACEMENT_3D('',#56,#57,#58);
#56 = CARTESIAN_POINT('',(0.,-2.55E-15,-11.5));
#57 = DIRECTION('',(0.,2.2E-16,1.));
#58 = DIRECTION('',(1.,0.,0.));
#59 = ADVANCED_FACE('',(#60),#3550,.F.);
#60 = FACE_BOUND('',#61,.F.);
#61 = EDGE_LOOP('',(#62,#71,#80,#88,#97,#106,#115,#124,#133,#141,#150,
    #159,#168,#177,#186,#194,#203,#212,#221,#230,#239,#247,#256,#265,
    #274,#283,#292,#300,#309,#318,#327,#336,#345,#353,#362,#371,#380,
    #389,#398,#406,#415,#424,#433,#442,#451,#459,#468,#477,#486,#495,
    #504,#512,#521,#530,#539,#548,#557,#565,#574,#583,#592,#601,#610,
    #618,#627,#636,#645,#654,#663,#671,#680,#689,#698,#707,#716,#724,
    #733,#742,#751,#760,#769,#777,#786,#795,#804,#813,#822,#830,#839,
    #848,#857,#866,#875,#883,#892,#901,#910,#919,#928,#936,#945,#954,
    #963,#972,#981,#989,#998,#1007,#1016,#1025,#1034,#1042,#1051,#1060,
    #1069,#1078,#1087,#1095,#1104,#1113,#1122,#1131,#1140,#1148,#1157,
    #1166,#1175,#1184,#1193,#1201,#1210,#1219,#1228,#1237,#1246,#1254,
    #1263,#1272,#1281,#1290,#1299,#1307,#1316,#1325,#1334,#1343,#1352,
    #1360,#1369,#1378,#1387,#1396,#1405,#1413,#1422,#1431,#1440,#1449,
    #1458,#1466,#1475,#1484,#1493,#1502,#1511,#1519,#1528,#1537,#1546,
    #1555,#1564,#1572,#1581,#1590,#1599,#1608,#1617,#1625,#1634,#1643,
    #1652,#1661,#1670,#1678,#1687,#1696,#1705,#1714,#1723,#1731,#1740,
    #1749,#1758,#1767,#1776,#1784,#1793,#1802,#1811,#1820,#1829,#1837,
    #1846,#1855,#1864,#1873,#1882,#1890,#1899,#1908,#1917,#1926,#1935,
    #1943,#1952,#1961,#1970,#1979,#1988,#1996,#2005,#2014,#2023,#2032,
    #2041,#2049,#2058,#2067,#2076,#2085,#2094,#2102,#2111,#2120,#2129,
    #2138,#2147,#2155,#2164,#2173,#2182,#2191,#2200,#2208,#2217,#2226,
    #2235,#2244,#2253,#2261,#2270,#2279,#2288,#2297,#2306,#2314,#2323,
    #2332,#2341,#2350,#2359,#2367,#2376,#2385,#2394,#2403,#2412,#2420,
    #2429,#2438,#2447,#2456,#2465,#2473,#2482,#2491,#2500,#2509,#2518,
    #2526,#2535,#2544,#2553,#2562,#2571,#2579,#2588,#2597,#2606,#2615,
    #2624,#2632,#2641,#2650,#2659,#2668,#2677,#2685,#2694,#2703,#2712,
    #2721,#2730,#2738,#2747,#2756,#2765,#2774,#2783,#2791,#2800,#2809,
    #2818,#2827,#2836,#2844,#2853,#2862,#2871,#2880,#2889,#2897,#2906,
    #2915,#2924,#2933,#2942,#2950,#2959,#2968,#2977,#2986,#2995,#3003,
    #3012,#3021,#3030,#3039,#3048,#3056,#3065,#3074,#3083,#3092,#3101,
    #3109,#3118,#3127,#3136,#3145,#3154,#3162,#3171,#3180,#3189,#3198,
    #3207,#3215,#3224,#3233,#3242,#3251,#3260,#3268,#3277,#3286,#3295,
    #3304,#3313,#3321,#3330,#3339,#3348,#3357,#3366,#3374,#3383,#3392,
    #3401,#3410,#3419,#3427,#3436,#3445,#3454,#3463,#3472,#3480,#3489,
    #3498,#3507,#3516,#3525,#3533,#3542,#3549));
#62 = ORIENTED_EDGE('',*,*,#63,.T.);
#63 = EDGE_CURVE('',#24,#64,#66,.T.);
#64 = VERTEX_POINT('',#65);
#65 = CARTESIAN_POINT('',(21.496164669839,4.536242210153,-11.5));
#66 = CIRCLE('',#67,5.186254262886);
#67 = AXIS2_PLACEMENT_3D('',#68,#69,#70);
#68 = CARTESIAN_POINT('',(18.998648718727,-9.046268397299E-03,-11.5));
#69 = DIRECTION('',(0.,0.,-1.));
#70 = DIRECTION('',(1.,0.,0.));
#71 = ORIENTED_EDGE('',*,*,#72,.F.);
#72 = EDGE_CURVE('',#73,#64,#75,.T.);
#73 = VERTEX_POINT('',#74);
#74 = CARTESIAN_POINT('',(21.539780288576,4.671143480418,-11.5));
#75 = CIRCLE('',#76,0.15);
#76 = AXIS2_PLACEMENT_3D('',#77,#78,#79);
#77 = CARTESIAN_POINT('',(21.392190850286,4.644359946198,-11.5));
#78 = DIRECTION('',(0.,0.,-1.));
#79 = DIRECTION('',(0.983929588599,0.178556894799,0.));
#80 = ORIENTED_EDGE('',*,*,#81,.F.);
#81 = EDGE_CURVE('',#82,#73,#84,.T.);
#82 = VERTEX_POINT('',#83);
#83 = CARTESIAN_POINT('',(21.433404660703,5.137205558016,-11.5));
#84 = LINE('',#85,#86);
#85 = CARTESIAN_POINT('',(21.433404660703,5.137205558016,-11.5));
#86 = VECTOR('',#87,1.);
#87 = DIRECTION('',(0.222520933956,-0.974927912182,0.));
#88 = ORIENTED_EDGE('',*,*,#89,.F.);
#89 = EDGE_CURVE('',#90,#82,#92,.T.);
#90 = VERTEX_POINT('',#91);
#91 = CARTESIAN_POINT('',(21.248904704764,5.241894460285,-11.5));
#92 = CIRCLE('',#93,0.15);
#93 = AXIS2_PLACEMENT_3D('',#94,#95,#96);
#94 = CARTESIAN_POINT('',(21.288810231599,5.097300031181,-11.5));
#95 = DIRECTION('',(0.,0.,-1.));
#96 = DIRECTION('',(-0.266036845567,0.963962860696,0.));
#97 = ORIENTED_EDGE('',*,*,#98,.F.);
#98 = EDGE_CURVE('',#99,#90,#101,.T.);
#99 = VERTEX_POINT('',#100);
#100 = CARTESIAN_POINT('',(20.875875524557,5.277928099365,-11.5));
#101 = CIRCLE('',#102,1.469292842572);
#102 = AXIS2_PLACEMENT_3D('',#103,#104,#105);
#103 = CARTESIAN_POINT('',(21.202508789414,6.710454597383,-11.5));
#104 = DIRECTION('',(0.,0.,1.));
#105 = DIRECTION('',(-0.222306442523,-0.974976843629,0.));
#106 = ORIENTED_EDGE('',*,*,#107,.F.);
#107 = EDGE_CURVE('',#108,#99,#110,.T.);
#108 = VERTEX_POINT('',#109);
#109 = CARTESIAN_POINT('',(20.627915667803,6.176390462143,-11.5));
#110 = CIRCLE('',#111,0.559359353945);
#111 = AXIS2_PLACEMENT_3D('',#112,#113,#114);
#112 = CARTESIAN_POINT('',(21.050106523992,5.809460267424,-11.5));
#113 = DIRECTION('',(0.,0.,1.));
#114 = DIRECTION('',(-0.754775714773,0.655982942148,0.));
#115 = ORIENTED_EDGE('',*,*,#116,.F.);
#116 = EDGE_CURVE('',#117,#108,#119,.T.);
#117 = VERTEX_POINT('',#118);
#118 = CARTESIAN_POINT('',(20.929660490084,6.39864989312,-11.5));
#119 = CIRCLE('',#120,1.469292842572);
#120 = AXIS2_PLACEMENT_3D('',#121,#122,#123);
#121 = CARTESIAN_POINT('',(21.643055405668,5.114169783639,-11.5));
#122 = DIRECTION('',(0.,0.,1.));
#123 = DIRECTION('',(-0.485536235469,0.874216542995,0.));
#124 = ORIENTED_EDGE('',*,*,#125,.F.);
#125 = EDGE_CURVE('',#126,#117,#128,.T.);
#126 = VERTEX_POINT('',#127);
#127 = CARTESIAN_POINT('',(21.034349392353,6.58314984906,-11.5));
#128 = CIRCLE('',#129,0.15);
#129 = AXIS2_PLACEMENT_3D('',#130,#131,#132);
#130 = CARTESIAN_POINT('',(20.889754963249,6.543244322225,-11.5));
#131 = DIRECTION('',(0.,0.,-1.));
#132 = DIRECTION('',(0.963962860696,0.266036845567,0.));
#133 = ORIENTED_EDGE('',*,*,#134,.F.);
#134 = EDGE_CURVE('',#135,#126,#137,.T.);
#135 = VERTEX_POINT('',#136);
#136 = CARTESIAN_POINT('',(20.886624518943,7.037800259986,-11.5));
#137 = LINE('',#138,#139);
#138 = CARTESIAN_POINT('',(20.886624518943,7.037800259986,-11.5));
#139 = VECTOR('',#140,1.);
#140 = DIRECTION('',(0.309016994375,-0.951056516295,0.));
#141 = ORIENTED_EDGE('',*,*,#142,.F.);
#142 = EDGE_CURVE('',#143,#135,#145,.T.);
#143 = VERTEX_POINT('',#144);
#144 = CARTESIAN_POINT('',(20.693483064734,7.12552926697,-11.5));
#145 = CIRCLE('',#146,0.15);
#146 = AXIS2_PLACEMENT_3D('',#147,#148,#149);
#147 = CARTESIAN_POINT('',(20.746189288347,6.985094036374,-11.5));
#148 = DIRECTION('',(0.,0.,-1.));
#149 = DIRECTION('',(-0.351374824081,0.93623487064,0.));
#150 = ORIENTED_EDGE('',*,*,#151,.F.);
#151 = EDGE_CURVE('',#152,#143,#154,.T.);
#152 = VERTEX_POINT('',#153);
#153 = CARTESIAN_POINT('',(20.318725559834,7.127979767298,-11.5));
#154 = CIRCLE('',#155,1.469292842572);
#155 = AXIS2_PLACEMENT_3D('',#156,#157,#158);
#156 = CARTESIAN_POINT('',(20.515633209927,8.584018514918,-11.5));
#157 = DIRECTION('',(0.,0.,1.));
#158 = DIRECTION('',(-0.134015251683,-0.990979269368,0.));
#159 = ORIENTED_EDGE('',*,*,#160,.F.);
#160 = EDGE_CURVE('',#161,#152,#163,.T.);
#161 = VERTEX_POINT('',#162);
#162 = CARTESIAN_POINT('',(19.99122637129,8.000598234552,-11.5));
#163 = CIRCLE('',#164,0.559359353945);
#164 = AXIS2_PLACEMENT_3D('',#165,#166,#167);
#165 = CARTESIAN_POINT('',(20.444608980284,7.672990089496,-11.5));
#166 = DIRECTION('',(0.,0.,1.));
#167 = DIRECTION('',(-0.810539067232,0.58568457423,0.));
#168 = ORIENTED_EDGE('',*,*,#169,.F.);
#169 = EDGE_CURVE('',#170,#161,#172,.T.);
#170 = VERTEX_POINT('',#171);
#171 = CARTESIAN_POINT('',(20.271833275837,8.249011111738,-11.5));
#172 = CIRCLE('',#173,1.469292842572);
#173 = AXIS2_PLACEMENT_3D('',#174,#175,#176);
#174 = CARTESIAN_POINT('',(21.09749618254,7.033650168755,-11.5));
#175 = DIRECTION('',(0.,0.,1.));
#176 = DIRECTION('',(-0.561945776077,0.827174071613,0.));
#177 = ORIENTED_EDGE('',*,*,#178,.F.);
#178 = EDGE_CURVE('',#179,#170,#181,.T.);
#179 = VERTEX_POINT('',#180);
#180 = CARTESIAN_POINT('',(20.359562282821,8.442152565946,-11.5));
#181 = CIRCLE('',#182,0.15);
#182 = AXIS2_PLACEMENT_3D('',#183,#184,#185);
#183 = CARTESIAN_POINT('',(20.219127052225,8.389446342334,-11.5));
#184 = DIRECTION('',(0.,0.,-1.));
#185 = DIRECTION('',(0.93623487064,0.351374824081,0.));
#186 = ORIENTED_EDGE('',*,*,#187,.F.);
#187 = EDGE_CURVE('',#188,#179,#190,.T.);
#188 = VERTEX_POINT('',#189);
#189 = CARTESIAN_POINT('',(20.171677557692,8.881730732423,-11.5));
#190 = LINE('',#191,#192);
#191 = CARTESIAN_POINT('',(20.171677557692,8.881730732423,-11.5));
#192 = VECTOR('',#193,1.);
#193 = DIRECTION('',(0.393025031654,-0.919527772551,0.));
#194 = ORIENTED_EDGE('',*,*,#195,.F.);
#195 = EDGE_CURVE('',#196,#188,#198,.T.);
#196 = VERTEX_POINT('',#197);
#197 = CARTESIAN_POINT('',(19.971449666639,8.951793501741,-11.5));
#198 = CIRCLE('',#199,0.15);
#199 = AXIS2_PLACEMENT_3D('',#200,#201,#202);
#200 = CARTESIAN_POINT('',(20.036532227507,8.816648171555,-11.5));
#201 = DIRECTION('',(0.,0.,-1.));
#202 = DIRECTION('',(-0.433883739118,0.900968867902,0.));
#203 = ORIENTED_EDGE('',*,*,#204,.F.);
#204 = EDGE_CURVE('',#205,#196,#207,.T.);
#205 = VERTEX_POINT('',#206);
#206 = CARTESIAN_POINT('',(19.59798116412,8.920641133329,-11.5));
#207 = CIRCLE('',#208,1.469292842572);
#208 = AXIS2_PLACEMENT_3D('',#209,#210,#211);
#209 = CARTESIAN_POINT('',(19.663577814831,10.388468962692,-11.5));
#210 = DIRECTION('',(0.,0.,1.));
#211 = DIRECTION('',(-4.464504883579E-02,-0.999002912716,0.));
#212 = ORIENTED_EDGE('',*,*,#213,.F.);
#213 = EDGE_CURVE('',#214,#205,#216,.T.);
#214 = VERTEX_POINT('',#215);
#215 = CARTESIAN_POINT('',(19.193579474685,9.760389894252,-11.5));
#216 = CIRCLE('',#217,0.559359353945);
#217 = AXIS2_PLACEMENT_3D('',#218,#219,#220);
#218 = CARTESIAN_POINT('',(19.674503466301,9.474741507011,-11.5));
#219 = DIRECTION('',(0.,0.,1.));
#220 = DIRECTION('',(-0.859776435711,0.510670618496,0.));
#221 = ORIENTED_EDGE('',*,*,#222,.F.);
#222 = EDGE_CURVE('',#223,#214,#225,.T.);
#223 = VERTEX_POINT('',#224);
#224 = CARTESIAN_POINT('',(19.450789179698,10.032956143223,-11.5));
#225 = CIRCLE('',#226,1.469292842572);
#226 = AXIS2_PLACEMENT_3D('',#227,#228,#229);
#227 = CARTESIAN_POINT('',(20.382072325277,8.896499738431,-11.5));
#228 = DIRECTION('',(0.,0.,1.));
#229 = DIRECTION('',(-0.633830859714,0.773471680978,0.));
#230 = ORIENTED_EDGE('',*,*,#231,.F.);
#231 = EDGE_CURVE('',#232,#223,#234,.T.);
#232 = VERTEX_POINT('',#233);
#233 = CARTESIAN_POINT('',(19.520851949016,10.233184034276,-11.5));
#234 = CIRCLE('',#235,0.15);
#235 = AXIS2_PLACEMENT_3D('',#236,#237,#238);
#236 = CARTESIAN_POINT('',(19.38570661883,10.168101473409,-11.5));
#237 = DIRECTION('',(0.,0.,-1.));
#238 = DIRECTION('',(0.900968867902,0.433883739118,0.));
#239 = ORIENTED_EDGE('',*,*,#240,.F.);
#240 = EDGE_CURVE('',#241,#232,#243,.T.);
#241 = VERTEX_POINT('',#242);
#242 = CARTESIAN_POINT('',(19.294320109501,10.654150731375,-11.5));
#243 = LINE('',#244,#245);
#244 = CARTESIAN_POINT('',(19.294320109501,10.654150731375,-11.5));
#245 = VECTOR('',#246,1.);
#246 = DIRECTION('',(0.473868662473,-0.880595531857,0.));
#247 = ORIENTED_EDGE('',*,*,#248,.F.);
#248 = EDGE_CURVE('',#249,#241,#251,.T.);
#249 = VERTEX_POINT('',#250);
#250 = CARTESIAN_POINT('',(19.08861789885,10.705983158804,-11.5));
#251 = CIRCLE('',#252,0.15);
#252 = AXIS2_PLACEMENT_3D('',#253,#254,#255);
#253 = CARTESIAN_POINT('',(19.165552790461,10.577215839764,-11.5));
#254 = DIRECTION('',(0.,0.,-1.));
#255 = DIRECTION('',(-0.512899277406,0.858448793602,0.));
#256 = ORIENTED_EDGE('',*,*,#257,.F.);
#257 = EDGE_CURVE('',#258,#249,#260,.T.);
#258 = VERTEX_POINT('',#259);
#259 = CARTESIAN_POINT('',(18.7194453475,10.641478742207,-11.5));
#260 = CIRCLE('',#261,1.469292842573);
#261 = AXIS2_PLACEMENT_3D('',#262,#263,#264);
#262 = CARTESIAN_POINT('',(18.653202853166,12.109277566699,-11.5));
#263 = DIRECTION('',(-0.,0.,1.));
#264 = DIRECTION('',(4.508460969376E-02,-0.998983172015,0.));
#265 = ORIENTED_EDGE('',*,*,#266,.F.);
#266 = EDGE_CURVE('',#267,#258,#269,.T.);
#267 = VERTEX_POINT('',#268);
#268 = CARTESIAN_POINT('',(18.241397161792,11.44159663354,-11.5));
#269 = CIRCLE('',#270,0.559359353945);
#270 = AXIS2_PLACEMENT_3D('',#271,#272,#273);
#271 = CARTESIAN_POINT('',(18.745990418829,11.200207876971,-11.5));
#272 = DIRECTION('',(0.,0.,1.));
#273 = DIRECTION('',(-0.902091389871,0.431545043213,0.));
#274 = ORIENTED_EDGE('',*,*,#275,.F.);
#275 = EDGE_CURVE('',#276,#267,#278,.T.);
#276 = VERTEX_POINT('',#277);
#277 = CARTESIAN_POINT('',(18.473138765963,11.736121711127,-11.5));
#278 = CIRCLE('',#279,1.469292842572);
#279 = AXIS2_PLACEMENT_3D('',#280,#281,#282);
#280 = CARTESIAN_POINT('',(19.502544006115,10.68771992327,-11.5));
#281 = DIRECTION('',(0.,0.,1.));
#282 = DIRECTION('',(-0.700612709955,0.713541751161,0.));
#283 = ORIENTED_EDGE('',*,*,#284,.F.);
#284 = EDGE_CURVE('',#285,#276,#287,.T.);
#285 = VERTEX_POINT('',#286);
#286 = CARTESIAN_POINT('',(18.524971193392,11.941823921778,-11.5));
#287 = CIRCLE('',#288,0.15);
#288 = AXIS2_PLACEMENT_3D('',#289,#290,#291);
#289 = CARTESIAN_POINT('',(18.396203874352,11.864889030167,-11.5));
#290 = DIRECTION('',(0.,0.,-1.));
#291 = DIRECTION('',(0.858448793602,0.512899277406,0.));
#292 = ORIENTED_EDGE('',*,*,#293,.F.);
#293 = EDGE_CURVE('',#294,#285,#296,.T.);
#294 = VERTEX_POINT('',#295);
#295 = CARTESIAN_POINT('',(18.261616140665,12.340789773177,-11.5));
#296 = LINE('',#297,#298);
#297 = CARTESIAN_POINT('',(18.261616140665,12.340789773177,-11.5));
#298 = VECTOR('',#299,1.);
#299 = DIRECTION('',(0.550896981452,-0.834573253721,0.));
#300 = ORIENTED_EDGE('',*,*,#301,.F.);
#301 = EDGE_CURVE('',#302,#294,#304,.T.);
#302 = VERTEX_POINT('',#303);
#303 = CARTESIAN_POINT('',(18.052095803665,12.37397453449,-11.5));
#304 = CIRCLE('',#305,0.15);
#305 = AXIS2_PLACEMENT_3D('',#306,#307,#308);
#306 = CARTESIAN_POINT('',(18.140263591509,12.252621985334,-11.5));
#307 = DIRECTION('',(0.,0.,-1.));
#308 = DIRECTION('',(-0.587785252292,0.809016994375,0.));
#309 = ORIENTED_EDGE('',*,*,#310,.F.);
#310 = EDGE_CURVE('',#311,#302,#313,.T.);
#311 = VERTEX_POINT('',#312);
#312 = CARTESIAN_POINT('',(17.690191563796,12.27663742134,-11.5));
#313 = CIRCLE('',#314,1.469292842572);
#314 = AXIS2_PLACEMENT_3D('',#315,#316,#317);
#315 = CARTESIAN_POINT('',(17.492643270034,13.732589387878,-11.5));
#316 = DIRECTION('',(-0.,0.,1.));
#317 = DIRECTION('',(0.134451273455,-0.990920206205,0.));
#318 = ORIENTED_EDGE('',*,*,#319,.F.);
#319 = EDGE_CURVE('',#320,#311,#322,.T.);
#320 = VERTEX_POINT('',#321);
#321 = CARTESIAN_POINT('',(17.14234584472,13.030682364284,-11.5));
#322 = CIRCLE('',#323,0.559359353945);
#323 = AXIS2_PLACEMENT_3D('',#324,#325,#326);
#324 = CARTESIAN_POINT('',(17.666545678968,12.83549675872,-11.5));
#325 = DIRECTION('',(0.,0.,1.));
#326 = DIRECTION('',(-0.93714323458,0.348944920985,0.));
#327 = ORIENTED_EDGE('',*,*,#328,.F.);
#328 = EDGE_CURVE('',#329,#320,#331,.T.);
#329 = VERTEX_POINT('',#330);
#330 = CARTESIAN_POINT('',(17.346753500914,13.34479492774,-11.5));
#331 = CIRCLE('',#332,1.469292842572);
#332 = AXIS2_PLACEMENT_3D('',#333,#334,#335);
#333 = CARTESIAN_POINT('',(18.465992669926,12.392888871565,-11.5));
#334 = DIRECTION('',(0.,0.,1.));
#335 = DIRECTION('',(-0.761753638609,0.647866802719,0.));
#336 = ORIENTED_EDGE('',*,*,#337,.F.);
#337 = EDGE_CURVE('',#338,#329,#340,.T.);
#338 = VERTEX_POINT('',#339);
#339 = CARTESIAN_POINT('',(17.379938262226,13.55431526474,-11.5));
#340 = CIRCLE('',#341,0.15);
#341 = AXIS2_PLACEMENT_3D('',#342,#343,#344);
#342 = CARTESIAN_POINT('',(17.25858571307,13.466147476896,-11.5));
#343 = DIRECTION('',(0.,0.,-1.));
#344 = DIRECTION('',(0.809016994375,0.587785252292,0.));
#345 = ORIENTED_EDGE('',*,*,#346,.F.);
#346 = EDGE_CURVE('',#347,#338,#349,.T.);
#347 = VERTEX_POINT('',#348);
#348 = CARTESIAN_POINT('',(17.081880376321,13.928068031993,-11.5));
#349 = LINE('',#350,#351);
#350 = CARTESIAN_POINT('',(17.081880376321,13.928068031993,-11.5));
#351 = VECTOR('',#352,1.);
#352 = DIRECTION('',(0.623489801859,-0.781831482468,0.));
#353 = ORIENTED_EDGE('',*,*,#354,.F.);
#354 = EDGE_CURVE('',#355,#347,#357,.T.);
#355 = VERTEX_POINT('',#356);
#356 = CARTESIAN_POINT('',(16.870228847529,13.942337943003,-11.5));
#357 = CIRCLE('',#358,0.15);
#358 = AXIS2_PLACEMENT_3D('',#359,#360,#361);
#359 = CARTESIAN_POINT('',(16.96891965642,13.829377223102,-11.5));
#360 = DIRECTION('',(0.,0.,-1.));
#361 = DIRECTION('',(-0.65793872594,0.753071466004,0.));
#362 = ORIENTED_EDGE('',*,*,#363,.F.);
#363 = EDGE_CURVE('',#364,#355,#366,.T.);
#364 = VERTEX_POINT('',#365);
#365 = CARTESIAN_POINT('',(16.518506759286,13.812951834503,-11.5));
#366 = CIRCLE('',#367,1.469292842572);
#367 = AXIS2_PLACEMENT_3D('',#368,#369,#370);
#368 = CARTESIAN_POINT('',(16.191243208798,15.245334473939,-11.5));
#369 = DIRECTION('',(-0.,0.,1.));
#370 = DIRECTION('',(0.222735414619,-0.974878933547,0.));
#371 = ORIENTED_EDGE('',*,*,#372,.F.);
#372 = EDGE_CURVE('',#373,#364,#375,.T.);
#373 = VERTEX_POINT('',#374);
#374 = CARTESIAN_POINT('',(15.905274438443,14.514852702549,-11.5));
#375 = CIRCLE('',#376,0.559359353945);
#376 = AXIS2_PLACEMENT_3D('',#377,#378,#379);
#377 = CARTESIAN_POINT('',(16.444860301061,14.367441767718,-11.5));
#378 = DIRECTION('',(0.,0.,1.));
#379 = DIRECTION('',(-0.964649752996,0.26353529943,0.));
#380 = ORIENTED_EDGE('',*,*,#381,.F.);
#381 = EDGE_CURVE('',#382,#373,#384,.T.);
#382 = VERTEX_POINT('',#383);
#383 = CARTESIAN_POINT('',(16.080702376402,14.846023702207,-11.5));
#384 = CIRCLE('',#385,1.469292842572);
#385 = AXIS2_PLACEMENT_3D('',#386,#387,#388);
#386 = CARTESIAN_POINT('',(17.280764018587,13.998277565566,-11.5));
#387 = DIRECTION('',(0.,0.,1.));
#388 = DIRECTION('',(-0.81676137487,0.576975611721,0.));
#389 = ORIENTED_EDGE('',*,*,#390,.F.);
#390 = EDGE_CURVE('',#391,#382,#393,.T.);
#391 = VERTEX_POINT('',#392);
#392 = CARTESIAN_POINT('',(16.094972287411,15.057675230998,-11.5));
#393 = CIRCLE('',#394,0.15);
#394 = AXIS2_PLACEMENT_3D('',#395,#396,#397);
#395 = CARTESIAN_POINT('',(15.982011567511,14.958984422108,-11.5));
#396 = DIRECTION('',(0.,0.,-1.));
#397 = DIRECTION('',(0.753071466004,0.65793872594,0.));
#398 = ORIENTED_EDGE('',*,*,#399,.F.);
#399 = EDGE_CURVE('',#400,#391,#402,.T.);
#400 = VERTEX_POINT('',#401);
#401 = CARTESIAN_POINT('',(15.764611355169,15.403205676586,-11.5));
#402 = LINE('',#403,#404);
#403 = CARTESIAN_POINT('',(15.764611355169,15.403205676586,-11.5));
#404 = VECTOR('',#405,1.);
#405 = DIRECTION('',(0.691062648987,-0.722794863827,0.));
#406 = ORIENTED_EDGE('',*,*,#407,.F.);
#407 = EDGE_CURVE('',#408,#400,#410,.T.);
#408 = VERTEX_POINT('',#409);
#409 = CARTESIAN_POINT('',(15.552532728247,15.39844584436,-11.5));
#410 = CIRCLE('',#411,0.15);
#411 = AXIS2_PLACEMENT_3D('',#412,#413,#414);
#412 = CARTESIAN_POINT('',(15.660951957821,15.294786447012,-11.5));
#413 = DIRECTION('',(0.,0.,-1.));
#414 = DIRECTION('',(-0.722794863827,0.691062648987,0.));
#415 = ORIENTED_EDGE('',*,*,#416,.F.);
#416 = EDGE_CURVE('',#417,#408,#419,.T.);
#417 = VERTEX_POINT('',#418);
#418 = CARTESIAN_POINT('',(15.213824651074,15.238052481378,-11.5));
#419 = CIRCLE('',#420,1.469292842572);
#420 = AXIS2_PLACEMENT_3D('',#421,#422,#423);
#421 = CARTESIAN_POINT('',(14.759480777543,16.635333090927,-11.5));
#422 = DIRECTION('',(-0.,0.,1.));
#423 = DIRECTION('',(0.309226221191,-0.950988508936,0.));
#424 = ORIENTED_EDGE('',*,*,#425,.F.);
#425 = EDGE_CURVE('',#426,#417,#428,.T.);
#426 = VERTEX_POINT('',#427);
#427 = CARTESIAN_POINT('',(14.540143114537,15.882157981447,-11.5));
#428 = CIRCLE('',#429,0.559359353945);
#429 = AXIS2_PLACEMENT_3D('',#430,#431,#432);
#430 = CARTESIAN_POINT('',(15.090770577431,15.783708583521,-11.5));
#431 = DIRECTION('',(0.,0.,1.));
#432 = DIRECTION('',(-0.984389478805,0.1760038466,0.));
#433 = ORIENTED_EDGE('',*,*,#434,.F.);
#434 = EDGE_CURVE('',#435,#426,#437,.T.);
#435 = VERTEX_POINT('',#436);
#436 = CARTESIAN_POINT('',(14.685178891654,16.227721023145,-11.5));
#437 = CIRCLE('',#438,1.469292842572);
#438 = AXIS2_PLACEMENT_3D('',#439,#440,#441);
#439 = CARTESIAN_POINT('',(15.956400816295,15.490960359464,-11.5));
#440 = DIRECTION('',(0.,0.,1.));
#441 = DIRECTION('',(-0.865193028787,0.501438952354,0.));
#442 = ORIENTED_EDGE('',*,*,#443,.F.);
#443 = EDGE_CURVE('',#444,#435,#446,.T.);
#444 = VERTEX_POINT('',#445);
#445 = CARTESIAN_POINT('',(14.680419059428,16.439799650067,-11.5));
#446 = CIRCLE('',#447,0.15);
#447 = AXIS2_PLACEMENT_3D('',#448,#449,#450);
#448 = CARTESIAN_POINT('',(14.57675966208,16.331380420493,-11.5));
#449 = DIRECTION('',(0.,0.,-1.));
#450 = DIRECTION('',(0.691062648987,0.722794863827,0.));
#451 = ORIENTED_EDGE('',*,*,#452,.F.);
#452 = EDGE_CURVE('',#453,#444,#455,.T.);
#453 = VERTEX_POINT('',#454);
#454 = CARTESIAN_POINT('',(14.320414952827,16.75432576601,-11.5));
#455 = LINE('',#456,#457);
#456 = CARTESIAN_POINT('',(14.320414952827,16.75432576601,-11.5));
#457 = VECTOR('',#458,1.);
#458 = DIRECTION('',(0.753071466004,-0.65793872594,0.));
#459 = ORIENTED_EDGE('',*,*,#460,.F.);
#460 = EDGE_CURVE('',#461,#453,#463,.T.);
#461 = VERTEX_POINT('',#462);
#462 = CARTESIAN_POINT('',(14.109616760178,16.730574513919,-11.5));
#463 = CIRCLE('',#464,0.15);
#464 = AXIS2_PLACEMENT_3D('',#465,#466,#467);
#465 = CARTESIAN_POINT('',(14.226891482549,16.63705104364,-11.5));
#466 = DIRECTION('',(0.,0.,-1.));
#467 = DIRECTION('',(-0.781831482468,0.623489801859,0.));
#468 = ORIENTED_EDGE('',*,*,#469,.F.);
#469 = EDGE_CURVE('',#470,#461,#472,.T.);
#470 = VERTEX_POINT('',#471);
#471 = CARTESIAN_POINT('',(13.786649772356,16.540465289504,-11.5));
#472 = CIRCLE('',#473,1.469292842572);
#473 = AXIS2_PLACEMENT_3D('',#474,#475,#476);
#474 = CARTESIAN_POINT('',(13.2088836855,17.891393787284,-11.5));
#475 = DIRECTION('',(-0.,0.,1.));
#476 = DIRECTION('',(0.393227320051,-0.919441284023,0.));
#477 = ORIENTED_EDGE('',*,*,#478,.F.);
#478 = EDGE_CURVE('',#479,#470,#481,.T.);
#479 = VERTEX_POINT('',#480);
#480 = CARTESIAN_POINT('',(13.057943107739,17.121589462837,-11.5));
#481 = CIRCLE('',#482,0.559359353945);
#482 = AXIS2_PLACEMENT_3D('',#483,#484,#485);
#483 = CARTESIAN_POINT('',(13.615178842341,17.07289425848,-11.5));
#484 = DIRECTION('',(0.,0.,1.));
#485 = DIRECTION('',(-0.996203479343,8.70553142862E-02,0.));
#486 = ORIENTED_EDGE('',*,*,#487,.F.);
#487 = EDGE_CURVE('',#488,#479,#490,.T.);
#488 = VERTEX_POINT('',#489);
#489 = CARTESIAN_POINT('',(13.171418981217,17.478762276149,-11.5));
#490 = CIRCLE('',#491,1.469292842573);
#491 = AXIS2_PLACEMENT_3D('',#492,#493,#494);
#492 = CARTESIAN_POINT('',(14.503566056842,16.858919049084,-11.5));
#493 = DIRECTION('',(0.,0.,1.));
#494 = DIRECTION('',(-0.906658657162,0.421865001384,0.));
#495 = ORIENTED_EDGE('',*,*,#496,.F.);
#496 = EDGE_CURVE('',#497,#488,#499,.T.);
#497 = VERTEX_POINT('',#498);
#498 = CARTESIAN_POINT('',(13.147667729125,17.689560468798,-11.5));
#499 = CIRCLE('',#500,0.15);
#500 = AXIS2_PLACEMENT_3D('',#501,#502,#503);
#501 = CARTESIAN_POINT('',(13.054144258847,17.572285746428,-11.5));
#502 = DIRECTION('',(0.,0.,-1.));
#503 = DIRECTION('',(0.623489801859,0.781831482468,0.));
#504 = ORIENTED_EDGE('',*,*,#505,.F.);
#505 = EDGE_CURVE('',#506,#497,#508,.T.);
#506 = VERTEX_POINT('',#507);
#507 = CARTESIAN_POINT('',(12.760918989553,17.97054987575,-11.5));
#508 = LINE('',#509,#510);
#509 = CARTESIAN_POINT('',(12.760918989553,17.97054987575,-11.5));
#510 = VECTOR('',#511,1.);
#511 = DIRECTION('',(0.809016994375,-0.587785252292,0.));
#512 = ORIENTED_EDGE('',*,*,#513,.F.);
#513 = EDGE_CURVE('',#514,#506,#516,.T.);
#514 = VERTEX_POINT('',#515);
#515 = CARTESIAN_POINT('',(12.553098454277,17.92799843491,-11.5));
#516 = CIRCLE('',#517,0.15);
#517 = AXIS2_PLACEMENT_3D('',#518,#519,#520);
#518 = CARTESIAN_POINT('',(12.678284442335,17.845363887692,-11.5));
#519 = DIRECTION('',(0.,0.,-1.));
#520 = DIRECTION('',(-0.834573253721,0.550896981452,0.));
#521 = ORIENTED_EDGE('',*,*,#522,.F.);
#522 = EDGE_CURVE('',#523,#514,#525,.T.);
#523 = VERTEX_POINT('',#524);
#524 = CARTESIAN_POINT('',(12.248472896089,17.709703996754,-11.5));
#525 = CIRCLE('',#526,1.469292842572);
#526 = AXIS2_PLACEMENT_3D('',#527,#528,#529);
#527 = CARTESIAN_POINT('',(11.55193642872,19.003403500835,-11.5));
#528 = DIRECTION('',(-0.,0.,1.));
#529 = DIRECTION('',(0.474062383745,-0.880491258513,0.));
#530 = ORIENTED_EDGE('',*,*,#531,.F.);
#531 = EDGE_CURVE('',#532,#523,#534,.T.);
#532 = VERTEX_POINT('',#533);
#533 = CARTESIAN_POINT('',(11.470608220983,18.223167973203,-11.5));
#534 = CIRCLE('',#535,0.559359353945);
#535 = AXIS2_PLACEMENT_3D('',#536,#537,#538);
#536 = CARTESIAN_POINT('',(12.029965692808,18.22461902757,-11.5));
#537 = DIRECTION('',(0.,0.,1.));
#538 = DIRECTION('',(-0.999996635223,-2.594136230734E-03,0.));
#539 = ORIENTED_EDGE('',*,*,#540,.F.);
#540 = EDGE_CURVE('',#541,#532,#543,.T.);
#541 = VERTEX_POINT('',#542);
#542 = CARTESIAN_POINT('',(11.551610549811,18.589074812652,-11.5));
#543 = CIRCLE('',#544,1.469292842572);
#544 = AXIS2_PLACEMENT_3D('',#545,#546,#547);
#545 = CARTESIAN_POINT('',(12.933957111457,18.091139635405,-11.5));
#546 = DIRECTION('',(0.,0.,1.));
#547 = DIRECTION('',(-0.940824403136,0.338894441476,0.));
#548 = ORIENTED_EDGE('',*,*,#549,.F.);
#549 = EDGE_CURVE('',#550,#541,#552,.T.);
#550 = VERTEX_POINT('',#551);
#551 = CARTESIAN_POINT('',(11.509059108971,18.796895347928,-11.5));
#552 = CIRCLE('',#553,0.15);
#553 = AXIS2_PLACEMENT_3D('',#554,#555,#556);
#554 = CARTESIAN_POINT('',(11.426424561753,18.67170935987,-11.5));
#555 = DIRECTION('',(0.,0.,-1.));
#556 = DIRECTION('',(0.550896981452,0.834573253721,0.));
#557 = ORIENTED_EDGE('',*,*,#558,.F.);
#558 = EDGE_CURVE('',#559,#550,#561,.T.);
#559 = VERTEX_POINT('',#560);
#560 = CARTESIAN_POINT('',(11.098679609874,19.042085684403,-11.5));
#561 = LINE('',#562,#563);
#562 = CARTESIAN_POINT('',(11.098679609874,19.042085684403,-11.5));
#563 = VECTOR('',#564,1.);
#564 = DIRECTION('',(0.858448793602,-0.512899277406,0.));
#565 = ORIENTED_EDGE('',*,*,#566,.F.);
#566 = EDGE_CURVE('',#567,#559,#569,.T.);
#567 = VERTEX_POINT('',#568);
#568 = CARTESIAN_POINT('',(10.895509980724,18.981076653995,-11.5));
#569 = CIRCLE('',#570,0.15);
#570 = AXIS2_PLACEMENT_3D('',#571,#572,#573);
#571 = CARTESIAN_POINT('',(11.027599310503,18.909996354624,-11.5));
#572 = DIRECTION('',(0.,0.,-1.));
#573 = DIRECTION('',(-0.880595531857,0.473868662473,0.));
#574 = ORIENTED_EDGE('',*,*,#575,.F.);
#575 = EDGE_CURVE('',#576,#567,#578,.T.);
#576 = VERTEX_POINT('',#577);
#577 = CARTESIAN_POINT('',(10.611678518049,18.736354580559,-11.5));
#578 = CIRCLE('',#579,1.469292842572);
#579 = AXIS2_PLACEMENT_3D('',#580,#581,#582);
#580 = CARTESIAN_POINT('',(9.801979772244,19.962408983217,-11.5));
#581 = DIRECTION('',(-0.,0.,1.));
#582 = DIRECTION('',(0.551080575869,-0.834452035111,0.));
#583 = ORIENTED_EDGE('',*,*,#584,.F.);
#584 = EDGE_CURVE('',#585,#576,#587,.T.);
#585 = VERTEX_POINT('',#586);
#586 = CARTESIAN_POINT('',(9.79091874144,19.178024250099,-11.5));
#587 = CIRCLE('',#588,0.559359353945);
#588 = AXIS2_PLACEMENT_3D('',#589,#590,#591);
#589 = CARTESIAN_POINT('',(10.347894333022,19.229609880151,-11.5));
#590 = DIRECTION('',(0.,0.,1.));
#591 = DIRECTION('',(-0.995738406185,-9.222270028807E-02,0.));
#592 = ORIENTED_EDGE('',*,*,#593,.F.);
#593 = EDGE_CURVE('',#594,#585,#596,.T.);
#594 = VERTEX_POINT('',#595);
#595 = CARTESIAN_POINT('',(9.838795342496,19.549719048963,-11.5));
#596 = CIRCLE('',#597,1.469292842572);
#597 = AXIS2_PLACEMENT_3D('',#598,#599,#600);
#598 = CARTESIAN_POINT('',(11.260211548455,19.177701002799,-11.5));
#599 = DIRECTION('',(0.,0.,1.));
#600 = DIRECTION('',(-0.967415184212,0.253195302791,0.));
#601 = ORIENTED_EDGE('',*,*,#602,.F.);
#602 = EDGE_CURVE('',#603,#594,#605,.T.);
#603 = VERTEX_POINT('',#604);
#604 = CARTESIAN_POINT('',(9.777786312088,19.752888678112,-11.5));
#605 = CIRCLE('',#606,0.15);
#606 = AXIS2_PLACEMENT_3D('',#607,#608,#609);
#607 = CARTESIAN_POINT('',(9.706706012718,19.620799348334,-11.5));
#608 = DIRECTION('',(0.,0.,-1.));
#609 = DIRECTION('',(0.473868662473,0.880595531857,0.));
#610 = ORIENTED_EDGE('',*,*,#611,.F.);
#611 = EDGE_CURVE('',#612,#603,#614,.T.);
#612 = VERTEX_POINT('',#613);
#613 = CARTESIAN_POINT('',(9.347080187893,19.96030581569,-11.5));
#614 = LINE('',#615,#616);
#615 = CARTESIAN_POINT('',(9.347080187893,19.96030581569,-11.5));
#616 = VECTOR('',#617,1.);
#617 = DIRECTION('',(0.900968867902,-0.433883739118,0.));
#618 = ORIENTED_EDGE('',*,*,#619,.F.);
#619 = EDGE_CURVE('',#620,#612,#622,.T.);
#620 = VERTEX_POINT('',#621);
#621 = CARTESIAN_POINT('',(9.150197267263,19.881330404555,-11.5));
#622 = CIRCLE('',#623,0.15);
#623 = AXIS2_PLACEMENT_3D('',#624,#625,#626);
#624 = CARTESIAN_POINT('',(9.288126433145,19.822376649807,-11.5));
#625 = DIRECTION('',(0.,0.,-1.));
#626 = DIRECTION('',(-0.919527772551,0.393025031654,0.));
#627 = ORIENTED_EDGE('',*,*,#628,.F.);
#628 = EDGE_CURVE('',#629,#620,#631,.T.);
#629 = VERTEX_POINT('',#630);
#630 = CARTESIAN_POINT('',(8.889445144147,19.61215105408,-11.5));
#631 = CIRCLE('',#632,1.469292842572);
#632 = AXIS2_PLACEMENT_3D('',#633,#634,#635);
#633 = CARTESIAN_POINT('',(7.973103338114,20.760688886173,-11.5));
#634 = DIRECTION('',(-0.,0.,1.));
#635 = DIRECTION('',(0.623661791226,-0.781694294571,0.));
#636 = ORIENTED_EDGE('',*,*,#637,.F.);
#637 = EDGE_CURVE('',#638,#629,#640,.T.);
#638 = VERTEX_POINT('',#639);
#639 = CARTESIAN_POINT('',(8.032398541159,19.978470352228,-11.5));
#640 = CIRCLE('',#641,0.559359353945);
#641 = AXIS2_PLACEMENT_3D('',#642,#643,#644);
#642 = CARTESIAN_POINT('',(8.582507812529,20.079775220805,-11.5));
#643 = DIRECTION('',(0.,0.,1.));
#644 = DIRECTION('',(-0.983463076985,-0.181108741389,0.));
#645 = ORIENTED_EDGE('',*,*,#646,.F.);
#646 = EDGE_CURVE('',#647,#638,#649,.T.);
#647 = VERTEX_POINT('',#648);
#648 = CARTESIAN_POINT('',(8.046763940201,20.35296044254,-11.5));
#649 = CIRCLE('',#650,1.469292842572);
#650 = AXIS2_PLACEMENT_3D('',#651,#652,#653);
#651 = CARTESIAN_POINT('',(9.495805382962,20.109854798025,-11.5));
#652 = DIRECTION('',(0.,0.,1.));
#653 = DIRECTION('',(-0.986216907056,0.165457584405,0.));
#654 = ORIENTED_EDGE('',*,*,#655,.F.);
#655 = EDGE_CURVE('',#656,#647,#658,.T.);
#656 = VERTEX_POINT('',#657);
#657 = CARTESIAN_POINT('',(7.967788529066,20.54984336317,-11.5));
#658 = CIRCLE('',#659,0.15);
#659 = AXIS2_PLACEMENT_3D('',#660,#661,#662);
#660 = CARTESIAN_POINT('',(7.908834774318,20.411914197288,-11.5));
#661 = DIRECTION('',(0.,0.,-1.));
#662 = DIRECTION('',(0.393025031654,0.919527772551,0.));
#663 = ORIENTED_EDGE('',*,*,#664,.F.);
#664 = EDGE_CURVE('',#665,#656,#667,.T.);
#665 = VERTEX_POINT('',#666);
#666 = CARTESIAN_POINT('',(7.520223572234,20.717817301018,-11.5));
#667 = LINE('',#668,#669);
#668 = CARTESIAN_POINT('',(7.520223572234,20.717817301018,-11.5));
#669 = VECTOR('',#670,1.);
#670 = DIRECTION('',(0.93623487064,-0.351374824081,0.));
#671 = ORIENTED_EDGE('',*,*,#672,.F.);
#672 = EDGE_CURVE('',#673,#665,#675,.T.);
#673 = VERTEX_POINT('',#674);
#674 = CARTESIAN_POINT('',(7.331212545634,20.62151137273,-11.5));
#675 = CIRCLE('',#676,0.15);
#676 = AXIS2_PLACEMENT_3D('',#677,#678,#679);
#677 = CARTESIAN_POINT('',(7.473871023078,20.575158823574,-11.5));
#678 = DIRECTION('',(0.,0.,-1.));
#679 = DIRECTION('',(-0.951056516295,0.309016994375,0.));
#680 = ORIENTED_EDGE('',*,*,#681,.F.);
#681 = EDGE_CURVE('',#682,#673,#684,.T.);
#682 = VERTEX_POINT('',#683);
#683 = CARTESIAN_POINT('',(7.095639184854,20.330042019072,-11.5));
#684 = CIRCLE('',#685,1.469292842572);
#685 = AXIS2_PLACEMENT_3D('',#686,#687,#688);
#686 = CARTESIAN_POINT('',(6.080032164013,21.391815929305,-11.5));
#687 = DIRECTION('',(-0.,0.,1.));
#688 = DIRECTION('',(0.691221648547,-0.722642811201,0.));
#689 = ORIENTED_EDGE('',*,*,#690,.F.);
#690 = EDGE_CURVE('',#691,#682,#693,.T.);
#691 = VERTEX_POINT('',#692);
#692 = CARTESIAN_POINT('',(6.209206190797,20.618061558232,-11.5));
#693 = CIRCLE('',#694,0.559359353945);
#694 = AXIS2_PLACEMENT_3D('',#695,#696,#697);
#695 = CARTESIAN_POINT('',(6.748019985563,20.768270018098,-11.5));
#696 = DIRECTION('',(0.,0.,1.));
#697 = DIRECTION('',(-0.963269481356,-0.268536601394,0.));
#698 = ORIENTED_EDGE('',*,*,#699,.F.);
#699 = EDGE_CURVE('',#700,#691,#702,.T.);
#700 = VERTEX_POINT('',#701);
#701 = CARTESIAN_POINT('',(6.18994472608,20.99233176598,-11.5));
#702 = CIRCLE('',#703,1.469292842572);
#703 = AXIS2_PLACEMENT_3D('',#704,#705,#706);
#704 = CARTESIAN_POINT('',(7.654944575968,20.88009586682,-11.5));
#705 = DIRECTION('',(0.,0.,1.));
#706 = DIRECTION('',(-0.99707819125,7.638769883618E-02,0.));
#707 = ORIENTED_EDGE('',*,*,#708,.F.);
#708 = EDGE_CURVE('',#709,#700,#711,.T.);
#709 = VERTEX_POINT('',#710);
#710 = CARTESIAN_POINT('',(6.093638797792,21.181342792581,-11.5));
#711 = CIRCLE('',#712,0.15);
#712 = AXIS2_PLACEMENT_3D('',#713,#714,#715);
#713 = CARTESIAN_POINT('',(6.047286248635,21.038684315136,-11.5));
#714 = DIRECTION('',(0.,0.,-1.));
#715 = DIRECTION('',(0.309016994375,0.951056516295,0.));
#716 = ORIENTED_EDGE('',*,*,#717,.F.);
#717 = EDGE_CURVE('',#718,#709,#720,.T.);
#718 = VERTEX_POINT('',#719);
#719 = CARTESIAN_POINT('',(5.632818538192,21.308521103318,-11.5));
#720 = LINE('',#721,#722);
#721 = CARTESIAN_POINT('',(5.632818538192,21.308521103318,-11.5));
#722 = VECTOR('',#723,1.);
#723 = DIRECTION('',(0.963962860696,-0.266036845567,0.));
#724 = ORIENTED_EDGE('',*,*,#725,.F.);
#725 = EDGE_CURVE('',#726,#718,#728,.T.);
#726 = VERTEX_POINT('',#727);
#727 = CARTESIAN_POINT('',(5.453201211271,21.195660056585,-11.5));
#728 = CIRCLE('',#729,0.15);
#729 = AXIS2_PLACEMENT_3D('',#730,#731,#732);
#730 = CARTESIAN_POINT('',(5.599440398098,21.162281916491,-11.5));
#731 = DIRECTION('',(0.,0.,-1.));
#732 = DIRECTION('',(-0.974927912182,0.222520933956,0.));
#733 = ORIENTED_EDGE('',*,*,#734,.F.);
#734 = EDGE_CURVE('',#735,#726,#737,.T.);
#735 = VERTEX_POINT('',#736);
#736 = CARTESIAN_POINT('',(5.244703311012,20.884247439597,-11.5));
#737 = CIRCLE('',#738,1.469292842572);
#738 = AXIS2_PLACEMENT_3D('',#739,#740,#741);
#739 = CARTESIAN_POINT('',(4.138008145929,21.850708648759,-11.5));
#740 = DIRECTION('',(-0.,0.,1.));
#741 = DIRECTION('',(0.753216195586,-0.657773032822,0.));
#742 = ORIENTED_EDGE('',*,*,#743,.F.);
#743 = EDGE_CURVE('',#744,#735,#746,.T.);
#744 = VERTEX_POINT('',#745);
#745 = CARTESIAN_POINT('',(4.336020963142,21.091648255792,-11.5));
#746 = CIRCLE('',#747,0.559359353945);
#747 = AXIS2_PLACEMENT_3D('',#748,#749,#750);
#748 = CARTESIAN_POINT('',(4.859201069445,21.28955091675,-11.5));
#749 = DIRECTION('',(0.,0.,1.));
#750 = DIRECTION('',(-0.935320206256,-0.353802362582,0.));
#751 = ORIENTED_EDGE('',*,*,#752,.F.);
#752 = EDGE_CURVE('',#753,#744,#755,.T.);
#753 = VERTEX_POINT('',#754);
#754 = CARTESIAN_POINT('',(4.283287716653,21.462685177332,-11.5));
#755 = CIRCLE('',#756,1.469292842572);
#756 = AXIS2_PLACEMENT_3D('',#757,#758,#759);
#757 = CARTESIAN_POINT('',(5.752450656284,21.482222680992,-11.5));
#758 = DIRECTION('',(0.,0.,1.));
#759 = DIRECTION('',(-0.999911588121,-1.329721556806E-02,0.));
#760 = ORIENTED_EDGE('',*,*,#761,.F.);
#761 = EDGE_CURVE('',#762,#753,#764,.T.);
#762 = VERTEX_POINT('',#763);
#763 = CARTESIAN_POINT('',(4.170426669919,21.642302504253,-11.5));
#764 = CIRCLE('',#765,0.15);
#765 = AXIS2_PLACEMENT_3D('',#766,#767,#768);
#766 = CARTESIAN_POINT('',(4.137048529825,21.496063317426,-11.5));
#767 = DIRECTION('',(0.,0.,-1.));
#768 = DIRECTION('',(0.222520933956,0.974927912182,0.));
#769 = ORIENTED_EDGE('',*,*,#770,.F.);
#770 = EDGE_CURVE('',#771,#762,#773,.T.);
#771 = VERTEX_POINT('',#772);
#772 = CARTESIAN_POINT('',(3.700061361323,21.727661222902,-11.5));
#773 = LINE('',#774,#775);
#774 = CARTESIAN_POINT('',(3.700061361323,21.727661222902,-11.5));
#775 = VECTOR('',#776,1.);
#776 = DIRECTION('',(0.983929588599,-0.178556894799,0.));
#777 = ORIENTED_EDGE('',*,*,#778,.F.);
#778 = EDGE_CURVE('',#779,#771,#781,.T.);
#779 = VERTEX_POINT('',#780);
#780 = CARTESIAN_POINT('',(3.531283907185,21.59915374851,-11.5));
#781 = CIRCLE('',#782,0.15);
#782 = AXIS2_PLACEMENT_3D('',#783,#784,#785);
#783 = CARTESIAN_POINT('',(3.67992637145,21.579018758637,-11.5));
#784 = DIRECTION('',(0.,0.,-1.));
#785 = DIRECTION('',(-0.990949761768,0.134233265818,0.));
#786 = ORIENTED_EDGE('',*,*,#787,.F.);
#787 = EDGE_CURVE('',#788,#779,#790,.T.);
#788 = VERTEX_POINT('',#789);
#789 = CARTESIAN_POINT('',(3.351540169946,21.270305179477,-11.5));
#790 = CIRCLE('',#791,1.469292842572);
#791 = AXIS2_PLACEMENT_3D('',#792,#793,#794);
#792 = CARTESIAN_POINT('',(2.162667319363,22.133672310181,-11.5));
#793 = DIRECTION('',(-0.,0.,1.));
#794 = DIRECTION('',(0.809146288702,-0.587607252746,0.));
#795 = ORIENTED_EDGE('',*,*,#796,.F.);
#796 = EDGE_CURVE('',#797,#788,#799,.T.);
#797 = VERTEX_POINT('',#798);
#798 = CARTESIAN_POINT('',(2.42792464423,21.395417403285,-11.5));
#799 = CIRCLE('',#800,0.559359353945);
#800 = AXIS2_PLACEMENT_3D('',#801,#802,#803);
#801 = CARTESIAN_POINT('',(2.931258723479,21.639420869474,-11.5));
#802 = DIRECTION('',(0.,0.,1.));
#803 = DIRECTION('',(-0.899840282815,-0.436219515179,0.));
#804 = ORIENTED_EDGE('',*,*,#805,.F.);
#805 = EDGE_CURVE('',#806,#797,#808,.T.);
#806 = VERTEX_POINT('',#807);
#807 = CARTESIAN_POINT('',(2.342144193064,21.760233667491,-11.5));
#808 = CIRCLE('',#809,1.469292842572);
#809 = AXIS2_PLACEMENT_3D('',#810,#811,#812);
#810 = CARTESIAN_POINT('',(3.803641386301,21.91138726948,-11.5));
#811 = DIRECTION('',(0.,0.,1.));
#812 = DIRECTION('',(-0.994694284822,-0.102875068611,0.));
#813 = ORIENTED_EDGE('',*,*,#814,.F.);
#814 = EDGE_CURVE('',#815,#806,#817,.T.);
#815 = VERTEX_POINT('',#816);
#816 = CARTESIAN_POINT('',(2.213636718671,21.929011121629,-11.5));
#817 = CIRCLE('',#818,0.15);
#818 = AXIS2_PLACEMENT_3D('',#819,#820,#821);
#819 = CARTESIAN_POINT('',(2.193501728798,21.780368657363,-11.5));
#820 = DIRECTION('',(0.,0.,-1.));
#821 = DIRECTION('',(0.134233265818,0.990949761768,0.));
#822 = ORIENTED_EDGE('',*,*,#823,.F.);
#823 = EDGE_CURVE('',#824,#815,#826,.T.);
#824 = VERTEX_POINT('',#825);
#825 = CARTESIAN_POINT('',(1.737513465974,21.971862989977,-11.5));
#826 = LINE('',#827,#828);
#827 = CARTESIAN_POINT('',(1.737513465974,21.971862989977,-11.5));
#828 = VECTOR('',#829,1.);
#829 = DIRECTION('',(0.995974293995,-8.963930890343E-02,0.));
#830 = ORIENTED_EDGE('',*,*,#831,.F.);
#831 = EDGE_CURVE('',#832,#824,#834,.T.);
#832 = VERTEX_POINT('',#833);
#833 = CARTESIAN_POINT('',(1.58093478144,21.828743754548,-11.5));
#834 = CIRCLE('',#835,0.15);
#835 = AXIS2_PLACEMENT_3D('',#836,#837,#838);
#836 = CARTESIAN_POINT('',(1.730783741421,21.822014029996,-11.5));
#837 = DIRECTION('',(0.,0.,-1.));
#838 = DIRECTION('',(-0.998993066541,4.48648303505E-02,0.));
#839 = ORIENTED_EDGE('',*,*,#840,.F.);
#840 = EDGE_CURVE('',#841,#832,#843,.T.);
#841 = VERTEX_POINT('',#842);
#842 = CARTESIAN_POINT('',(1.431392398105,21.485106928789,-11.5));
#843 = CIRCLE('',#844,1.469292842572);
#844 = AXIS2_PLACEMENT_3D('',#845,#846,#847);
#845 = CARTESIAN_POINT('',(0.169913967169,22.23842865655,-11.5));
#846 = DIRECTION('',(-0.,0.,1.));
#847 = DIRECTION('',(0.858561611671,-0.51271040458,0.));
#848 = ORIENTED_EDGE('',*,*,#849,.F.);
#849 = EDGE_CURVE('',#850,#841,#852,.T.);
#850 = VERTEX_POINT('',#851);
#851 = CARTESIAN_POINT('',(0.50028010368,21.526923230149,-11.5));
#852 = CIRCLE('',#853,0.559359353945);
#853 = AXIS2_PLACEMENT_3D('',#854,#855,#856);
#854 = CARTESIAN_POINT('',(0.979715605825,21.81506292913,-11.5));
#855 = DIRECTION('',(0.,0.,1.));
#856 = DIRECTION('',(-0.857115374515,-0.515124484732,0.));
#857 = ORIENTED_EDGE('',*,*,#858,.F.);
#858 = EDGE_CURVE('',#859,#850,#861,.T.);
#859 = VERTEX_POINT('',#860);
#860 = CARTESIAN_POINT('',(0.382143101591,21.882581550969,-11.5));
#861 = CIRCLE('',#862,1.469292842572);
#862 = AXIS2_PLACEMENT_3D('',#863,#864,#865);
#863 = CARTESIAN_POINT('',(1.82420743238,22.164134251361,-11.5));
#864 = DIRECTION('',(0.,0.,1.));
#865 = DIRECTION('',(-0.981468288013,-0.191624632091,0.));
#866 = ORIENTED_EDGE('',*,*,#867,.F.);
#867 = EDGE_CURVE('',#868,#859,#870,.T.);
#868 = VERTEX_POINT('',#869);
#869 = CARTESIAN_POINT('',(0.239023866162,22.039160235503,-11.5));
#870 = CIRCLE('',#871,0.15);
#871 = AXIS2_PLACEMENT_3D('',#872,#873,#874);
#872 = CARTESIAN_POINT('',(0.232294141609,21.889311275522,-11.5));
#873 = DIRECTION('',(0.,0.,-1.));
#874 = DIRECTION('',(4.486483035052E-02,0.998993066541,0.));
#875 = ORIENTED_EDGE('',*,*,#876,.F.);
#876 = EDGE_CURVE('',#877,#868,#879,.T.);
#877 = VERTEX_POINT('',#878);
#878 = CARTESIAN_POINT('',(-0.239023866162,22.039160235503,-11.5));
#879 = LINE('',#880,#881);
#880 = CARTESIAN_POINT('',(-0.239023866162,22.039160235503,-11.5));
#881 = VECTOR('',#882,1.);
#882 = DIRECTION('',(1.,0.,0.));
#883 = ORIENTED_EDGE('',*,*,#884,.F.);
#884 = EDGE_CURVE('',#885,#877,#887,.T.);
#885 = VERTEX_POINT('',#886);
#886 = CARTESIAN_POINT('',(-0.382143101591,21.882581550969,-11.5));
#887 = CIRCLE('',#888,0.15);
#888 = AXIS2_PLACEMENT_3D('',#889,#890,#891);
#889 = CARTESIAN_POINT('',(-0.232294141609,21.889311275522,-11.5));
#890 = DIRECTION('',(-0.,0.,-1.));
#891 = DIRECTION('',(-0.998993066541,-4.486483035052E-02,0.));
#892 = ORIENTED_EDGE('',*,*,#893,.F.);
#893 = EDGE_CURVE('',#894,#885,#896,.T.);
#894 = VERTEX_POINT('',#895);
#895 = CARTESIAN_POINT('',(-0.50028010368,21.526923230149,-11.5));
#896 = CIRCLE('',#897,1.469292842572);
#897 = AXIS2_PLACEMENT_3D('',#898,#899,#900);
#898 = CARTESIAN_POINT('',(-1.82420743238,22.164134251361,-11.5));
#899 = DIRECTION('',(-0.,0.,1.));
#900 = DIRECTION('',(0.90106430137,-0.433685513704,0.));
#901 = ORIENTED_EDGE('',*,*,#902,.F.);
#902 = EDGE_CURVE('',#903,#894,#905,.T.);
#903 = VERTEX_POINT('',#904);
#904 = CARTESIAN_POINT('',(-1.431392398105,21.485106928789,-11.5));
#905 = CIRCLE('',#906,0.559359353945);
#906 = AXIS2_PLACEMENT_3D('',#907,#908,#909);
#907 = CARTESIAN_POINT('',(-0.979715605825,21.81506292913,-11.5));
#908 = DIRECTION('',(0.,0.,1.));
#909 = DIRECTION('',(-0.807489477194,-0.589881974823,0.));
#910 = ORIENTED_EDGE('',*,*,#911,.F.);
#911 = EDGE_CURVE('',#912,#903,#914,.T.);
#912 = VERTEX_POINT('',#913);
#913 = CARTESIAN_POINT('',(-1.58093478144,21.828743754548,-11.5));
#914 = CIRCLE('',#915,1.469292842572);
#915 = AXIS2_PLACEMENT_3D('',#916,#917,#918);
#916 = CARTESIAN_POINT('',(-0.169913967169,22.23842865655,-11.5));
#917 = DIRECTION('',(0.,0.,1.));
#918 = DIRECTION('',(-0.960340085643,-0.278831346707,0.));
#919 = ORIENTED_EDGE('',*,*,#920,.F.);
#920 = EDGE_CURVE('',#921,#912,#923,.T.);
#921 = VERTEX_POINT('',#922);
#922 = CARTESIAN_POINT('',(-1.737513465974,21.971862989977,-11.5));
#923 = CIRCLE('',#924,0.15);
#924 = AXIS2_PLACEMENT_3D('',#925,#926,#927);
#925 = CARTESIAN_POINT('',(-1.730783741421,21.822014029996,-11.5));
#926 = DIRECTION('',(0.,0.,-1.));
#927 = DIRECTION('',(-4.486483035053E-02,0.998993066541,0.));
#928 = ORIENTED_EDGE('',*,*,#929,.F.);
#929 = EDGE_CURVE('',#930,#921,#932,.T.);
#930 = VERTEX_POINT('',#931);
#931 = CARTESIAN_POINT('',(-2.213636718671,21.929011121629,-11.5));
#932 = LINE('',#933,#934);
#933 = CARTESIAN_POINT('',(-2.213636718671,21.929011121629,-11.5));
#934 = VECTOR('',#935,1.);
#935 = DIRECTION('',(0.995974293995,8.963930890343E-02,0.));
#936 = ORIENTED_EDGE('',*,*,#937,.F.);
#937 = EDGE_CURVE('',#938,#930,#940,.T.);
#938 = VERTEX_POINT('',#939);
#939 = CARTESIAN_POINT('',(-2.342144193064,21.760233667491,-11.5));
#940 = CIRCLE('',#941,0.15);
#941 = AXIS2_PLACEMENT_3D('',#942,#943,#944);
#942 = CARTESIAN_POINT('',(-2.193501728798,21.780368657363,-11.5));
#943 = DIRECTION('',(-0.,0.,-1.));
#944 = DIRECTION('',(-0.990949761768,-0.134233265818,0.));
#945 = ORIENTED_EDGE('',*,*,#946,.F.);
#946 = EDGE_CURVE('',#947,#938,#949,.T.);
#947 = VERTEX_POINT('',#948);
#948 = CARTESIAN_POINT('',(-2.42792464423,21.395417403285,-11.5));
#949 = CIRCLE('',#950,1.469292842572);
#950 = AXIS2_PLACEMENT_3D('',#951,#952,#953);
#951 = CARTESIAN_POINT('',(-3.803641386301,21.91138726948,-11.5));
#952 = DIRECTION('',(-0.,0.,1.));
#953 = DIRECTION('',(0.936312151131,-0.351168842075,0.));
#954 = ORIENTED_EDGE('',*,*,#955,.F.);
#955 = EDGE_CURVE('',#956,#947,#958,.T.);
#956 = VERTEX_POINT('',#957);
#957 = CARTESIAN_POINT('',(-3.351540169946,21.270305179477,-11.5));
#958 = CIRCLE('',#959,0.559359353945);
#959 = AXIS2_PLACEMENT_3D('',#960,#961,#962);
#960 = CARTESIAN_POINT('',(-2.93125872348,21.639420869474,-11.5));
#961 = DIRECTION('',(0.,0.,1.));
#962 = DIRECTION('',(-0.751362149399,-0.659890082097,0.));
#963 = ORIENTED_EDGE('',*,*,#964,.F.);
#964 = EDGE_CURVE('',#965,#956,#967,.T.);
#965 = VERTEX_POINT('',#966);
#966 = CARTESIAN_POINT('',(-3.531283907185,21.59915374851,-11.5));
#967 = CIRCLE('',#968,1.469292842572);
#968 = AXIS2_PLACEMENT_3D('',#969,#970,#971);
#969 = CARTESIAN_POINT('',(-2.162667319363,22.133672310181,-11.5));
#970 = DIRECTION('',(0.,0.,1.));
#971 = DIRECTION('',(-0.931479789574,-0.36379307527,0.));
#972 = ORIENTED_EDGE('',*,*,#973,.F.);
#973 = EDGE_CURVE('',#974,#965,#976,.T.);
#974 = VERTEX_POINT('',#975);
#975 = CARTESIAN_POINT('',(-3.700061361323,21.727661222902,-11.5));
#976 = CIRCLE('',#977,0.15);
#977 = AXIS2_PLACEMENT_3D('',#978,#979,#980);
#978 = CARTESIAN_POINT('',(-3.67992637145,21.579018758637,-11.5));
#979 = DIRECTION('',(0.,0.,-1.));
#980 = DIRECTION('',(-0.134233265818,0.990949761768,0.));
#981 = ORIENTED_EDGE('',*,*,#982,.F.);
#982 = EDGE_CURVE('',#983,#974,#985,.T.);
#983 = VERTEX_POINT('',#984);
#984 = CARTESIAN_POINT('',(-4.170426669919,21.642302504253,-11.5));
#985 = LINE('',#986,#987);
#986 = CARTESIAN_POINT('',(-4.170426669919,21.642302504253,-11.5));
#987 = VECTOR('',#988,1.);
#988 = DIRECTION('',(0.983929588599,0.178556894799,0.));
#989 = ORIENTED_EDGE('',*,*,#990,.F.);
#990 = EDGE_CURVE('',#991,#983,#993,.T.);
#991 = VERTEX_POINT('',#992);
#992 = CARTESIAN_POINT('',(-4.283287716653,21.462685177332,-11.5));
#993 = CIRCLE('',#994,0.15);
#994 = AXIS2_PLACEMENT_3D('',#995,#996,#997);
#995 = CARTESIAN_POINT('',(-4.137048529825,21.496063317426,-11.5));
#996 = DIRECTION('',(-0.,0.,-1.));
#997 = DIRECTION('',(-0.974927912182,-0.222520933956,0.));
#998 = ORIENTED_EDGE('',*,*,#999,.F.);
#999 = EDGE_CURVE('',#1000,#991,#1002,.T.);
#1000 = VERTEX_POINT('',#1001);
#1001 = CARTESIAN_POINT('',(-4.336020963142,21.091648255792,-11.5));
#1002 = CIRCLE('',#1003,1.469292842572);
#1003 = AXIS2_PLACEMENT_3D('',#1004,#1005,#1006);
#1004 = CARTESIAN_POINT('',(-5.752450656284,21.482222680992,-11.5));
#1005 = DIRECTION('',(-0.,0.,1.));
#1006 = DIRECTION('',(0.964021365994,-0.265824765413,0.));
#1007 = ORIENTED_EDGE('',*,*,#1008,.F.);
#1008 = EDGE_CURVE('',#1009,#1000,#1011,.T.);
#1009 = VERTEX_POINT('',#1010);
#1010 = CARTESIAN_POINT('',(-5.244703311012,20.884247439597,-11.5));
#1011 = CIRCLE('',#1012,0.559359353945);
#1012 = AXIS2_PLACEMENT_3D('',#1013,#1014,#1015);
#1013 = CARTESIAN_POINT('',(-4.859201069445,21.28955091675,-11.5));
#1014 = DIRECTION('',(0.,0.,1.));
#1015 = DIRECTION('',(-0.689185295371,-0.724585142439,0.));
#1016 = ORIENTED_EDGE('',*,*,#1017,.F.);
#1017 = EDGE_CURVE('',#1018,#1009,#1020,.T.);
#1018 = VERTEX_POINT('',#1019);
#1019 = CARTESIAN_POINT('',(-5.453201211271,21.195660056585,-11.5));
#1020 = CIRCLE('',#1021,1.469292842572);
#1021 = AXIS2_PLACEMENT_3D('',#1022,#1023,#1024);
#1022 = CARTESIAN_POINT('',(-4.138008145929,21.850708648759,-11.5));
#1023 = DIRECTION('',(0.,0.,1.));
#1024 = DIRECTION('',(-0.895119765941,-0.445825755897,0.));
#1025 = ORIENTED_EDGE('',*,*,#1026,.F.);
#1026 = EDGE_CURVE('',#1027,#1018,#1029,.T.);
#1027 = VERTEX_POINT('',#1028);
#1028 = CARTESIAN_POINT('',(-5.632818538192,21.308521103318,-11.5));
#1029 = CIRCLE('',#1030,0.15);
#1030 = AXIS2_PLACEMENT_3D('',#1031,#1032,#1033);
#1031 = CARTESIAN_POINT('',(-5.599440398098,21.162281916491,-11.5));
#1032 = DIRECTION('',(0.,0.,-1.));
#1033 = DIRECTION('',(-0.222520933956,0.974927912182,0.));
#1034 = ORIENTED_EDGE('',*,*,#1035,.F.);
#1035 = EDGE_CURVE('',#1036,#1027,#1038,.T.);
#1036 = VERTEX_POINT('',#1037);
#1037 = CARTESIAN_POINT('',(-6.093638797792,21.181342792581,-11.5));
#1038 = LINE('',#1039,#1040);
#1039 = CARTESIAN_POINT('',(-6.093638797792,21.181342792581,-11.5));
#1040 = VECTOR('',#1041,1.);
#1041 = DIRECTION('',(0.963962860696,0.266036845567,0.));
#1042 = ORIENTED_EDGE('',*,*,#1043,.F.);
#1043 = EDGE_CURVE('',#1044,#1036,#1046,.T.);
#1044 = VERTEX_POINT('',#1045);
#1045 = CARTESIAN_POINT('',(-6.18994472608,20.99233176598,-11.5));
#1046 = CIRCLE('',#1047,0.15);
#1047 = AXIS2_PLACEMENT_3D('',#1048,#1049,#1050);
#1048 = CARTESIAN_POINT('',(-6.047286248635,21.038684315136,-11.5));
#1049 = DIRECTION('',(-0.,0.,-1.));
#1050 = DIRECTION('',(-0.951056516295,-0.309016994375,0.));
#1051 = ORIENTED_EDGE('',*,*,#1052,.F.);
#1052 = EDGE_CURVE('',#1053,#1044,#1055,.T.);
#1053 = VERTEX_POINT('',#1054);
#1054 = CARTESIAN_POINT('',(-6.209206190797,20.618061558232,-11.5));
#1055 = CIRCLE('',#1056,1.469292842572);
#1056 = AXIS2_PLACEMENT_3D('',#1057,#1058,#1059);
#1057 = CARTESIAN_POINT('',(-7.654944575968,20.88009586682,-11.5));
#1058 = DIRECTION('',(-0.,0.,1.));
#1059 = DIRECTION('',(0.983968847653,-0.178340424043,0.));
#1060 = ORIENTED_EDGE('',*,*,#1061,.F.);
#1061 = EDGE_CURVE('',#1062,#1053,#1064,.T.);
#1062 = VERTEX_POINT('',#1063);
#1063 = CARTESIAN_POINT('',(-7.095639184854,20.330042019072,-11.5));
#1064 = CIRCLE('',#1065,0.559359353945);
#1065 = AXIS2_PLACEMENT_3D('',#1066,#1067,#1068);
#1066 = CARTESIAN_POINT('',(-6.748019985563,20.768270018098,-11.5));
#1067 = DIRECTION('',(0.,0.,1.));
#1068 = DIRECTION('',(-0.62145952658,-0.783446269264,0.));
#1069 = ORIENTED_EDGE('',*,*,#1070,.F.);
#1070 = EDGE_CURVE('',#1071,#1062,#1073,.T.);
#1071 = VERTEX_POINT('',#1072);
#1072 = CARTESIAN_POINT('',(-7.331212545634,20.62151137273,-11.5));
#1073 = CIRCLE('',#1074,1.469292842572);
#1074 = AXIS2_PLACEMENT_3D('',#1075,#1076,#1077);
#1075 = CARTESIAN_POINT('',(-6.080032164013,21.391815929306,-11.5));
#1076 = DIRECTION('',(0.,0.,1.));
#1077 = DIRECTION('',(-0.851552764274,-0.52426890968,0.));
#1078 = ORIENTED_EDGE('',*,*,#1079,.F.);
#1079 = EDGE_CURVE('',#1080,#1071,#1082,.T.);
#1080 = VERTEX_POINT('',#1081);
#1081 = CARTESIAN_POINT('',(-7.520223572234,20.717817301018,-11.5));
#1082 = CIRCLE('',#1083,0.15);
#1083 = AXIS2_PLACEMENT_3D('',#1084,#1085,#1086);
#1084 = CARTESIAN_POINT('',(-7.473871023078,20.575158823574,-11.5));
#1085 = DIRECTION('',(0.,0.,-1.));
#1086 = DIRECTION('',(-0.309016994375,0.951056516295,0.));
#1087 = ORIENTED_EDGE('',*,*,#1088,.F.);
#1088 = EDGE_CURVE('',#1089,#1080,#1091,.T.);
#1089 = VERTEX_POINT('',#1090);
#1090 = CARTESIAN_POINT('',(-7.967788529066,20.54984336317,-11.5));
#1091 = LINE('',#1092,#1093);
#1092 = CARTESIAN_POINT('',(-7.967788529066,20.54984336317,-11.5));
#1093 = VECTOR('',#1094,1.);
#1094 = DIRECTION('',(0.93623487064,0.351374824081,0.));
#1095 = ORIENTED_EDGE('',*,*,#1096,.F.);
#1096 = EDGE_CURVE('',#1097,#1089,#1099,.T.);
#1097 = VERTEX_POINT('',#1098);
#1098 = CARTESIAN_POINT('',(-8.046763940201,20.35296044254,-11.5));
#1099 = CIRCLE('',#1100,0.15);
#1100 = AXIS2_PLACEMENT_3D('',#1101,#1102,#1103);
#1101 = CARTESIAN_POINT('',(-7.908834774318,20.411914197288,-11.5));
#1102 = DIRECTION('',(-0.,0.,-1.));
#1103 = DIRECTION('',(-0.919527772551,-0.393025031654,0.));
#1104 = ORIENTED_EDGE('',*,*,#1105,.F.);
#1105 = EDGE_CURVE('',#1106,#1097,#1108,.T.);
#1106 = VERTEX_POINT('',#1107);
#1107 = CARTESIAN_POINT('',(-8.032398541159,19.978470352228,-11.5));
#1108 = CIRCLE('',#1109,1.469292842572);
#1109 = AXIS2_PLACEMENT_3D('',#1110,#1111,#1112);
#1110 = CARTESIAN_POINT('',(-9.495805382962,20.109854798025,-11.5));
#1111 = DIRECTION('',(-0.,0.,1.));
#1112 = DIRECTION('',(0.995993990716,-8.942019044101E-02,0.));
#1113 = ORIENTED_EDGE('',*,*,#1114,.F.);
#1114 = EDGE_CURVE('',#1115,#1106,#1117,.T.);
#1115 = VERTEX_POINT('',#1116);
#1116 = CARTESIAN_POINT('',(-8.889445144147,19.61215105408,-11.5));
#1117 = CIRCLE('',#1118,0.559359353945);
#1118 = AXIS2_PLACEMENT_3D('',#1119,#1120,#1121);
#1119 = CARTESIAN_POINT('',(-8.582507812529,20.079775220805,-11.5));
#1120 = DIRECTION('',(0.,0.,1.));
#1121 = DIRECTION('',(-0.548730131092,-0.835999547387,0.));
#1122 = ORIENTED_EDGE('',*,*,#1123,.F.);
#1123 = EDGE_CURVE('',#1124,#1115,#1126,.T.);
#1124 = VERTEX_POINT('',#1125);
#1125 = CARTESIAN_POINT('',(-9.150197267263,19.881330404555,-11.5));
#1126 = CIRCLE('',#1127,1.469292842572);
#1127 = AXIS2_PLACEMENT_3D('',#1128,#1129,#1130);
#1128 = CARTESIAN_POINT('',(-7.973103338114,20.760688886173,-11.5));
#1129 = DIRECTION('',(0.,0.,1.));
#1130 = DIRECTION('',(-0.801129560455,-0.598490958466,0.));
#1131 = ORIENTED_EDGE('',*,*,#1132,.F.);
#1132 = EDGE_CURVE('',#1133,#1124,#1135,.T.);
#1133 = VERTEX_POINT('',#1134);
#1134 = CARTESIAN_POINT('',(-9.347080187893,19.96030581569,-11.5));
#1135 = CIRCLE('',#1136,0.15);
#1136 = AXIS2_PLACEMENT_3D('',#1137,#1138,#1139);
#1137 = CARTESIAN_POINT('',(-9.288126433145,19.822376649807,-11.5));
#1138 = DIRECTION('',(0.,0.,-1.));
#1139 = DIRECTION('',(-0.393025031654,0.919527772551,0.));
#1140 = ORIENTED_EDGE('',*,*,#1141,.F.);
#1141 = EDGE_CURVE('',#1142,#1133,#1144,.T.);
#1142 = VERTEX_POINT('',#1143);
#1143 = CARTESIAN_POINT('',(-9.777786312088,19.752888678112,-11.5));
#1144 = LINE('',#1145,#1146);
#1145 = CARTESIAN_POINT('',(-9.777786312088,19.752888678112,-11.5));
#1146 = VECTOR('',#1147,1.);
#1147 = DIRECTION('',(0.900968867902,0.433883739118,0.));
#1148 = ORIENTED_EDGE('',*,*,#1149,.F.);
#1149 = EDGE_CURVE('',#1150,#1142,#1152,.T.);
#1150 = VERTEX_POINT('',#1151);
#1151 = CARTESIAN_POINT('',(-9.838795342496,19.549719048963,-11.5));
#1152 = CIRCLE('',#1153,0.15);
#1153 = AXIS2_PLACEMENT_3D('',#1154,#1155,#1156);
#1154 = CARTESIAN_POINT('',(-9.706706012718,19.620799348334,-11.5));
#1155 = DIRECTION('',(-0.,0.,-1.));
#1156 = DIRECTION('',(-0.880595531857,-0.473868662473,0.));
#1157 = ORIENTED_EDGE('',*,*,#1158,.F.);
#1158 = EDGE_CURVE('',#1159,#1150,#1161,.T.);
#1159 = VERTEX_POINT('',#1160);
#1160 = CARTESIAN_POINT('',(-9.79091874144,19.178024250099,-11.5));
#1161 = CIRCLE('',#1162,1.469292842572);
#1162 = AXIS2_PLACEMENT_3D('',#1163,#1164,#1165);
#1163 = CARTESIAN_POINT('',(-11.26021154845,19.177701002799,-11.5));
#1164 = DIRECTION('',(0.,-0.,1.));
#1165 = DIRECTION('',(0.9999999758,2.200019562974E-04,0.));
#1166 = ORIENTED_EDGE('',*,*,#1167,.F.);
#1167 = EDGE_CURVE('',#1168,#1159,#1170,.T.);
#1168 = VERTEX_POINT('',#1169);
#1169 = CARTESIAN_POINT('',(-10.61167851804,18.736354580559,-11.5));
#1170 = CIRCLE('',#1171,0.559359353945);
#1171 = AXIS2_PLACEMENT_3D('',#1172,#1173,#1174);
#1172 = CARTESIAN_POINT('',(-10.34789433302,19.229609880151,-11.5));
#1173 = DIRECTION('',(0.,0.,1.));
#1174 = DIRECTION('',(-0.471582683237,-0.881821848715,0.));
#1175 = ORIENTED_EDGE('',*,*,#1176,.F.);
#1176 = EDGE_CURVE('',#1177,#1168,#1179,.T.);
#1177 = VERTEX_POINT('',#1178);
#1178 = CARTESIAN_POINT('',(-10.89550998072,18.981076653995,-11.5));
#1179 = CIRCLE('',#1180,1.469292842572);
#1180 = AXIS2_PLACEMENT_3D('',#1181,#1182,#1183);
#1181 = CARTESIAN_POINT('',(-9.801979772244,19.962408983217,-11.5));
#1182 = DIRECTION('',(0.,0.,1.));
#1183 = DIRECTION('',(-0.744256132471,-0.667894309962,0.));
#1184 = ORIENTED_EDGE('',*,*,#1185,.F.);
#1185 = EDGE_CURVE('',#1186,#1177,#1188,.T.);
#1186 = VERTEX_POINT('',#1187);
#1187 = CARTESIAN_POINT('',(-11.09867960987,19.042085684403,-11.5));
#1188 = CIRCLE('',#1189,0.15);
#1189 = AXIS2_PLACEMENT_3D('',#1190,#1191,#1192);
#1190 = CARTESIAN_POINT('',(-11.0275993105,18.909996354624,-11.5));
#1191 = DIRECTION('',(0.,0.,-1.));
#1192 = DIRECTION('',(-0.473868662473,0.880595531857,0.));
#1193 = ORIENTED_EDGE('',*,*,#1194,.F.);
#1194 = EDGE_CURVE('',#1195,#1186,#1197,.T.);
#1195 = VERTEX_POINT('',#1196);
#1196 = CARTESIAN_POINT('',(-11.50905910897,18.796895347928,-11.5));
#1197 = LINE('',#1198,#1199);
#1198 = CARTESIAN_POINT('',(-11.50905910897,18.796895347928,-11.5));
#1199 = VECTOR('',#1200,1.);
#1200 = DIRECTION('',(0.858448793602,0.512899277406,0.));
#1201 = ORIENTED_EDGE('',*,*,#1202,.F.);
#1202 = EDGE_CURVE('',#1203,#1195,#1205,.T.);
#1203 = VERTEX_POINT('',#1204);
#1204 = CARTESIAN_POINT('',(-11.55161054981,18.589074812652,-11.5));
#1205 = CIRCLE('',#1206,0.15);
#1206 = AXIS2_PLACEMENT_3D('',#1207,#1208,#1209);
#1207 = CARTESIAN_POINT('',(-11.42642456175,18.67170935987,-11.5));
#1208 = DIRECTION('',(-0.,0.,-1.));
#1209 = DIRECTION('',(-0.834573253721,-0.550896981452,0.));
#1210 = ORIENTED_EDGE('',*,*,#1211,.F.);
#1211 = EDGE_CURVE('',#1212,#1203,#1214,.T.);
#1212 = VERTEX_POINT('',#1213);
#1213 = CARTESIAN_POINT('',(-11.47060822098,18.223167973203,-11.5));
#1214 = CIRCLE('',#1215,1.469292842572);
#1215 = AXIS2_PLACEMENT_3D('',#1216,#1217,#1218);
#1216 = CARTESIAN_POINT('',(-12.93395711145,18.091139635405,-11.5));
#1217 = DIRECTION('',(0.,-0.,1.));
#1218 = DIRECTION('',(0.995954549069,8.985842302723E-02,0.));
#1219 = ORIENTED_EDGE('',*,*,#1220,.F.);
#1220 = EDGE_CURVE('',#1221,#1212,#1223,.T.);
#1221 = VERTEX_POINT('',#1222);
#1222 = CARTESIAN_POINT('',(-12.24847289608,17.709703996754,-11.5));
#1223 = CIRCLE('',#1224,0.559359353945);
#1224 = AXIS2_PLACEMENT_3D('',#1225,#1226,#1227);
#1225 = CARTESIAN_POINT('',(-12.0299656928,18.22461902757,-11.5));
#1226 = DIRECTION('',(0.,0.,1.));
#1227 = DIRECTION('',(-0.390638328902,-0.92054423902,0.));
#1228 = ORIENTED_EDGE('',*,*,#1229,.F.);
#1229 = EDGE_CURVE('',#1230,#1221,#1232,.T.);
#1230 = VERTEX_POINT('',#1231);
#1231 = CARTESIAN_POINT('',(-12.55309845427,17.92799843491,-11.5));
#1232 = CIRCLE('',#1233,1.469292842572);
#1233 = AXIS2_PLACEMENT_3D('',#1234,#1235,#1236);
#1234 = CARTESIAN_POINT('',(-11.55193642872,19.003403500835,-11.5));
#1235 = DIRECTION('',(0.,0.,1.));
#1236 = DIRECTION('',(-0.681390391724,-0.73192016919,0.));
#1237 = ORIENTED_EDGE('',*,*,#1238,.F.);
#1238 = EDGE_CURVE('',#1239,#1230,#1241,.T.);
#1239 = VERTEX_POINT('',#1240);
#1240 = CARTESIAN_POINT('',(-12.76091898955,17.97054987575,-11.5));
#1241 = CIRCLE('',#1242,0.15);
#1242 = AXIS2_PLACEMENT_3D('',#1243,#1244,#1245);
#1243 = CARTESIAN_POINT('',(-12.67828444233,17.845363887692,-11.5));
#1244 = DIRECTION('',(0.,0.,-1.));
#1245 = DIRECTION('',(-0.550896981452,0.834573253721,0.));
#1246 = ORIENTED_EDGE('',*,*,#1247,.F.);
#1247 = EDGE_CURVE('',#1248,#1239,#1250,.T.);
#1248 = VERTEX_POINT('',#1249);
#1249 = CARTESIAN_POINT('',(-13.14766772912,17.689560468798,-11.5));
#1250 = LINE('',#1251,#1252);
#1251 = CARTESIAN_POINT('',(-13.14766772912,17.689560468798,-11.5));
#1252 = VECTOR('',#1253,1.);
#1253 = DIRECTION('',(0.809016994375,0.587785252292,0.));
#1254 = ORIENTED_EDGE('',*,*,#1255,.F.);
#1255 = EDGE_CURVE('',#1256,#1248,#1258,.T.);
#1256 = VERTEX_POINT('',#1257);
#1257 = CARTESIAN_POINT('',(-13.17141898121,17.478762276149,-11.5));
#1258 = CIRCLE('',#1259,0.15);
#1259 = AXIS2_PLACEMENT_3D('',#1260,#1261,#1262);
#1260 = CARTESIAN_POINT('',(-13.05414425884,17.572285746428,-11.5));
#1261 = DIRECTION('',(-0.,0.,-1.));
#1262 = DIRECTION('',(-0.781831482468,-0.623489801859,0.));
#1263 = ORIENTED_EDGE('',*,*,#1264,.F.);
#1264 = EDGE_CURVE('',#1265,#1256,#1267,.T.);
#1265 = VERTEX_POINT('',#1266);
#1266 = CARTESIAN_POINT('',(-13.05794310773,17.121589462837,-11.5));
#1267 = CIRCLE('',#1268,1.469292842573);
#1268 = AXIS2_PLACEMENT_3D('',#1269,#1270,#1271);
#1269 = CARTESIAN_POINT('',(-14.50356605684,16.858919049084,-11.5));
#1270 = DIRECTION('',(0.,-0.,1.));
#1271 = DIRECTION('',(0.983890281921,0.178773356912,0.));
#1272 = ORIENTED_EDGE('',*,*,#1273,.F.);
#1273 = EDGE_CURVE('',#1274,#1265,#1276,.T.);
#1274 = VERTEX_POINT('',#1275);
#1275 = CARTESIAN_POINT('',(-13.78664977235,16.540465289504,-11.5));
#1276 = CIRCLE('',#1277,0.559359353945);
#1277 = AXIS2_PLACEMENT_3D('',#1278,#1279,#1280);
#1278 = CARTESIAN_POINT('',(-13.61517884234,17.07289425848,-11.5));
#1279 = DIRECTION('',(0.,0.,1.));
#1280 = DIRECTION('',(-0.306548784435,-0.951854948383,0.));
#1281 = ORIENTED_EDGE('',*,*,#1282,.F.);
#1282 = EDGE_CURVE('',#1283,#1274,#1285,.T.);
#1283 = VERTEX_POINT('',#1284);
#1284 = CARTESIAN_POINT('',(-14.10961676017,16.730574513919,-11.5));
#1285 = CIRCLE('',#1286,1.469292842572);
#1286 = AXIS2_PLACEMENT_3D('',#1287,#1288,#1289);
#1287 = CARTESIAN_POINT('',(-13.2088836855,17.891393787284,-11.5));
#1288 = DIRECTION('',(0.,0.,1.));
#1289 = DIRECTION('',(-0.613038496193,-0.790053037577,0.));
#1290 = ORIENTED_EDGE('',*,*,#1291,.F.);
#1291 = EDGE_CURVE('',#1292,#1283,#1294,.T.);
#1292 = VERTEX_POINT('',#1293);
#1293 = CARTESIAN_POINT('',(-14.32041495282,16.75432576601,-11.5));
#1294 = CIRCLE('',#1295,0.15);
#1295 = AXIS2_PLACEMENT_3D('',#1296,#1297,#1298);
#1296 = CARTESIAN_POINT('',(-14.22689148254,16.63705104364,-11.5));
#1297 = DIRECTION('',(0.,0.,-1.));
#1298 = DIRECTION('',(-0.623489801859,0.781831482468,0.));
#1299 = ORIENTED_EDGE('',*,*,#1300,.F.);
#1300 = EDGE_CURVE('',#1301,#1292,#1303,.T.);
#1301 = VERTEX_POINT('',#1302);
#1302 = CARTESIAN_POINT('',(-14.68041905942,16.439799650067,-11.5));
#1303 = LINE('',#1304,#1305);
#1304 = CARTESIAN_POINT('',(-14.68041905942,16.439799650067,-11.5));
#1305 = VECTOR('',#1306,1.);
#1306 = DIRECTION('',(0.753071466004,0.65793872594,0.));
#1307 = ORIENTED_EDGE('',*,*,#1308,.F.);
#1308 = EDGE_CURVE('',#1309,#1301,#1311,.T.);
#1309 = VERTEX_POINT('',#1310);
#1310 = CARTESIAN_POINT('',(-14.68517889165,16.227721023145,-11.5));
#1311 = CIRCLE('',#1312,0.15);
#1312 = AXIS2_PLACEMENT_3D('',#1313,#1314,#1315);
#1313 = CARTESIAN_POINT('',(-14.57675966208,16.331380420493,-11.5));
#1314 = DIRECTION('',(-0.,0.,-1.));
#1315 = DIRECTION('',(-0.722794863827,-0.691062648987,0.));
#1316 = ORIENTED_EDGE('',*,*,#1317,.F.);
#1317 = EDGE_CURVE('',#1318,#1309,#1320,.T.);
#1318 = VERTEX_POINT('',#1319);
#1319 = CARTESIAN_POINT('',(-14.54014311453,15.882157981447,-11.5));
#1320 = CIRCLE('',#1321,1.469292842572);
#1321 = AXIS2_PLACEMENT_3D('',#1322,#1323,#1324);
#1322 = CARTESIAN_POINT('',(-15.95640081629,15.490960359464,-11.5));
#1323 = DIRECTION('',(0.,-0.,1.));
#1324 = DIRECTION('',(0.963904308741,0.266248912844,0.));
#1325 = ORIENTED_EDGE('',*,*,#1326,.F.);
#1326 = EDGE_CURVE('',#1327,#1318,#1329,.T.);
#1327 = VERTEX_POINT('',#1328);
#1328 = CARTESIAN_POINT('',(-15.21382465107,15.238052481378,-11.5));
#1329 = CIRCLE('',#1330,0.559359353945);
#1330 = AXIS2_PLACEMENT_3D('',#1331,#1332,#1333);
#1331 = CARTESIAN_POINT('',(-15.09077057743,15.783708583521,-11.5));
#1332 = DIRECTION('',(0.,0.,1.));
#1333 = DIRECTION('',(-0.219991089404,-0.975501881384,0.));
#1334 = ORIENTED_EDGE('',*,*,#1335,.F.);
#1335 = EDGE_CURVE('',#1336,#1327,#1338,.T.);
#1336 = VERTEX_POINT('',#1337);
#1337 = CARTESIAN_POINT('',(-15.55253272824,15.39844584436,-11.5));
#1338 = CIRCLE('',#1339,1.469292842572);
#1339 = AXIS2_PLACEMENT_3D('',#1340,#1341,#1342);
#1340 = CARTESIAN_POINT('',(-14.75948077754,16.635333090926,-11.5));
#1341 = DIRECTION('',(0.,0.,1.));
#1342 = DIRECTION('',(-0.539750775153,-0.84182486345,0.));
#1343 = ORIENTED_EDGE('',*,*,#1344,.F.);
#1344 = EDGE_CURVE('',#1345,#1336,#1347,.T.);
#1345 = VERTEX_POINT('',#1346);
#1346 = CARTESIAN_POINT('',(-15.76461135516,15.403205676586,-11.5));
#1347 = CIRCLE('',#1348,0.15);
#1348 = AXIS2_PLACEMENT_3D('',#1349,#1350,#1351);
#1349 = CARTESIAN_POINT('',(-15.66095195782,15.294786447012,-11.5));
#1350 = DIRECTION('',(0.,0.,-1.));
#1351 = DIRECTION('',(-0.691062648987,0.722794863827,0.));
#1352 = ORIENTED_EDGE('',*,*,#1353,.F.);
#1353 = EDGE_CURVE('',#1354,#1345,#1356,.T.);
#1354 = VERTEX_POINT('',#1355);
#1355 = CARTESIAN_POINT('',(-16.09497228741,15.057675230998,-11.5));
#1356 = LINE('',#1357,#1358);
#1357 = CARTESIAN_POINT('',(-16.09497228741,15.057675230998,-11.5));
#1358 = VECTOR('',#1359,1.);
#1359 = DIRECTION('',(0.691062648987,0.722794863827,0.));
#1360 = ORIENTED_EDGE('',*,*,#1361,.F.);
#1361 = EDGE_CURVE('',#1362,#1354,#1364,.T.);
#1362 = VERTEX_POINT('',#1363);
#1363 = CARTESIAN_POINT('',(-16.0807023764,14.846023702207,-11.5));
#1364 = CIRCLE('',#1365,0.15);
#1365 = AXIS2_PLACEMENT_3D('',#1366,#1367,#1368);
#1366 = CARTESIAN_POINT('',(-15.98201156751,14.958984422108,-11.5));
#1367 = DIRECTION('',(-0.,0.,-1.));
#1368 = DIRECTION('',(-0.65793872594,-0.753071466004,0.));
#1369 = ORIENTED_EDGE('',*,*,#1370,.F.);
#1370 = EDGE_CURVE('',#1371,#1362,#1373,.T.);
#1371 = VERTEX_POINT('',#1372);
#1372 = CARTESIAN_POINT('',(-15.90527443844,14.514852702549,-11.5));
#1373 = CIRCLE('',#1374,1.469292842572);
#1374 = AXIS2_PLACEMENT_3D('',#1375,#1376,#1377);
#1375 = CARTESIAN_POINT('',(-17.28076401858,13.998277565566,-11.5));
#1376 = DIRECTION('',(0.,-0.,1.));
#1377 = DIRECTION('',(0.936157544834,0.351580789081,0.));
#1378 = ORIENTED_EDGE('',*,*,#1379,.F.);
#1379 = EDGE_CURVE('',#1380,#1371,#1382,.T.);
#1380 = VERTEX_POINT('',#1381);
#1381 = CARTESIAN_POINT('',(-16.51850675928,13.812951834503,-11.5));
#1382 = CIRCLE('',#1383,0.559359353945);
#1383 = AXIS2_PLACEMENT_3D('',#1384,#1385,#1386);
#1384 = CARTESIAN_POINT('',(-16.44486030106,14.367441767718,-11.5));
#1385 = DIRECTION('',(0.,0.,1.));
#1386 = DIRECTION('',(-0.131662155473,-0.991294646821,0.));
#1387 = ORIENTED_EDGE('',*,*,#1388,.F.);
#1388 = EDGE_CURVE('',#1389,#1380,#1391,.T.);
#1389 = VERTEX_POINT('',#1390);
#1390 = CARTESIAN_POINT('',(-16.87022884752,13.942337943003,-11.5));
#1391 = CIRCLE('',#1392,1.469292842572);
#1392 = AXIS2_PLACEMENT_3D('',#1393,#1394,#1395);
#1393 = CARTESIAN_POINT('',(-16.19124320879,15.245334473939,-11.5));
#1394 = DIRECTION('',(0.,0.,1.));
#1395 = DIRECTION('',(-0.462117298239,-0.886818810507,0.));
#1396 = ORIENTED_EDGE('',*,*,#1397,.F.);
#1397 = EDGE_CURVE('',#1398,#1389,#1400,.T.);
#1398 = VERTEX_POINT('',#1399);
#1399 = CARTESIAN_POINT('',(-17.08188037632,13.928068031993,-11.5));
#1400 = CIRCLE('',#1401,0.15);
#1401 = AXIS2_PLACEMENT_3D('',#1402,#1403,#1404);
#1402 = CARTESIAN_POINT('',(-16.96891965642,13.829377223102,-11.5));
#1403 = DIRECTION('',(0.,0.,-1.));
#1404 = DIRECTION('',(-0.753071466004,0.65793872594,0.));
#1405 = ORIENTED_EDGE('',*,*,#1406,.F.);
#1406 = EDGE_CURVE('',#1407,#1398,#1409,.T.);
#1407 = VERTEX_POINT('',#1408);
#1408 = CARTESIAN_POINT('',(-17.37993826222,13.55431526474,-11.5));
#1409 = LINE('',#1410,#1411);
#1410 = CARTESIAN_POINT('',(-17.37993826222,13.55431526474,-11.5));
#1411 = VECTOR('',#1412,1.);
#1412 = DIRECTION('',(0.623489801859,0.781831482468,0.));
#1413 = ORIENTED_EDGE('',*,*,#1414,.F.);
#1414 = EDGE_CURVE('',#1415,#1407,#1417,.T.);
#1415 = VERTEX_POINT('',#1416);
#1416 = CARTESIAN_POINT('',(-17.34675350091,13.34479492774,-11.5));
#1417 = CIRCLE('',#1418,0.15);
#1418 = AXIS2_PLACEMENT_3D('',#1419,#1420,#1421);
#1419 = CARTESIAN_POINT('',(-17.25858571307,13.466147476896,-11.5));
#1420 = DIRECTION('',(-0.,0.,-1.));
#1421 = DIRECTION('',(-0.587785252293,-0.809016994375,0.));
#1422 = ORIENTED_EDGE('',*,*,#1423,.F.);
#1423 = EDGE_CURVE('',#1424,#1415,#1426,.T.);
#1424 = VERTEX_POINT('',#1425);
#1425 = CARTESIAN_POINT('',(-17.14234584472,13.030682364284,-11.5));
#1426 = CIRCLE('',#1427,1.469292842572);
#1427 = AXIS2_PLACEMENT_3D('',#1428,#1429,#1430);
#1428 = CARTESIAN_POINT('',(-18.46599266992,12.392888871565,-11.5));
#1429 = DIRECTION('',(0.,-0.,1.));
#1430 = DIRECTION('',(0.900873390827,0.434081943531,0.));
#1431 = ORIENTED_EDGE('',*,*,#1432,.F.);
#1432 = EDGE_CURVE('',#1433,#1424,#1435,.T.);
#1433 = VERTEX_POINT('',#1434);
#1434 = CARTESIAN_POINT('',(-17.69019156379,12.27663742134,-11.5));
#1435 = CIRCLE('',#1436,0.559359353945);
#1436 = AXIS2_PLACEMENT_3D('',#1437,#1438,#1439);
#1437 = CARTESIAN_POINT('',(-17.66654567896,12.83549675872,-11.5));
#1438 = DIRECTION('',(0.,0.,1.));
#1439 = DIRECTION('',(-4.227315528219E-02,-0.999106090634,0.));
#1440 = ORIENTED_EDGE('',*,*,#1441,.F.);
#1441 = EDGE_CURVE('',#1442,#1433,#1444,.T.);
#1442 = VERTEX_POINT('',#1443);
#1443 = CARTESIAN_POINT('',(-18.05209580366,12.37397453449,-11.5));
#1444 = CIRCLE('',#1445,1.469292842572);
#1445 = AXIS2_PLACEMENT_3D('',#1446,#1447,#1448);
#1446 = CARTESIAN_POINT('',(-17.49264327003,13.732589387878,-11.5));
#1447 = DIRECTION('',(0.,0.,1.));
#1448 = DIRECTION('',(-0.38076312456,-0.924672613943,0.));
#1449 = ORIENTED_EDGE('',*,*,#1450,.F.);
#1450 = EDGE_CURVE('',#1451,#1442,#1453,.T.);
#1451 = VERTEX_POINT('',#1452);
#1452 = CARTESIAN_POINT('',(-18.26161614066,12.340789773177,-11.5));
#1453 = CIRCLE('',#1454,0.15);
#1454 = AXIS2_PLACEMENT_3D('',#1455,#1456,#1457);
#1455 = CARTESIAN_POINT('',(-18.1402635915,12.252621985334,-11.5));
#1456 = DIRECTION('',(0.,0.,-1.));
#1457 = DIRECTION('',(-0.809016994375,0.587785252292,0.));
#1458 = ORIENTED_EDGE('',*,*,#1459,.F.);
#1459 = EDGE_CURVE('',#1460,#1451,#1462,.T.);
#1460 = VERTEX_POINT('',#1461);
#1461 = CARTESIAN_POINT('',(-18.52497119339,11.941823921778,-11.5));
#1462 = LINE('',#1463,#1464);
#1463 = CARTESIAN_POINT('',(-18.52497119339,11.941823921778,-11.5));
#1464 = VECTOR('',#1465,1.);
#1465 = DIRECTION('',(0.550896981452,0.834573253721,0.));
#1466 = ORIENTED_EDGE('',*,*,#1467,.F.);
#1467 = EDGE_CURVE('',#1468,#1460,#1470,.T.);
#1468 = VERTEX_POINT('',#1469);
#1469 = CARTESIAN_POINT('',(-18.47313876596,11.736121711127,-11.5));
#1470 = CIRCLE('',#1471,0.15);
#1471 = AXIS2_PLACEMENT_3D('',#1472,#1473,#1474);
#1472 = CARTESIAN_POINT('',(-18.39620387435,11.864889030167,-11.5));
#1473 = DIRECTION('',(-0.,0.,-1.));
#1474 = DIRECTION('',(-0.512899277406,-0.858448793602,0.));
#1475 = ORIENTED_EDGE('',*,*,#1476,.F.);
#1476 = EDGE_CURVE('',#1477,#1468,#1479,.T.);
#1477 = VERTEX_POINT('',#1478);
#1478 = CARTESIAN_POINT('',(-18.24139716179,11.44159663354,-11.5));
#1479 = CIRCLE('',#1480,1.469292842572);
#1480 = AXIS2_PLACEMENT_3D('',#1481,#1482,#1483);
#1481 = CARTESIAN_POINT('',(-19.50254400611,10.68771992327,-11.5));
#1482 = DIRECTION('',(0.,-0.,1.));
#1483 = DIRECTION('',(0.858335933983,0.513088125408,0.));
#1484 = ORIENTED_EDGE('',*,*,#1485,.F.);
#1485 = EDGE_CURVE('',#1486,#1477,#1488,.T.);
#1486 = VERTEX_POINT('',#1487);
#1487 = CARTESIAN_POINT('',(-18.7194453475,10.641478742207,-11.5));
#1488 = CIRCLE('',#1489,0.559359353945);
#1489 = AXIS2_PLACEMENT_3D('',#1490,#1491,#1492);
#1490 = CARTESIAN_POINT('',(-18.74599041882,11.200207876971,-11.5));
#1491 = DIRECTION('',(-0.,0.,1.));
#1492 = DIRECTION('',(4.745620349852E-02,-0.99887331967,0.));
#1493 = ORIENTED_EDGE('',*,*,#1494,.F.);
#1494 = EDGE_CURVE('',#1495,#1486,#1497,.T.);
#1495 = VERTEX_POINT('',#1496);
#1496 = CARTESIAN_POINT('',(-19.08861789885,10.705983158804,-11.5));
#1497 = CIRCLE('',#1498,1.469292842573);
#1498 = AXIS2_PLACEMENT_3D('',#1499,#1500,#1501);
#1499 = CARTESIAN_POINT('',(-18.65320285316,12.109277566699,-11.5));
#1500 = DIRECTION('',(0.,0.,1.));
#1501 = DIRECTION('',(-0.296343270087,-0.95508149719,0.));
#1502 = ORIENTED_EDGE('',*,*,#1503,.F.);
#1503 = EDGE_CURVE('',#1504,#1495,#1506,.T.);
#1504 = VERTEX_POINT('',#1505);
#1505 = CARTESIAN_POINT('',(-19.2943201095,10.654150731375,-11.5));
#1506 = CIRCLE('',#1507,0.15);
#1507 = AXIS2_PLACEMENT_3D('',#1508,#1509,#1510);
#1508 = CARTESIAN_POINT('',(-19.16555279046,10.577215839764,-11.5));
#1509 = DIRECTION('',(0.,0.,-1.));
#1510 = DIRECTION('',(-0.858448793602,0.512899277406,0.));
#1511 = ORIENTED_EDGE('',*,*,#1512,.F.);
#1512 = EDGE_CURVE('',#1513,#1504,#1515,.T.);
#1513 = VERTEX_POINT('',#1514);
#1514 = CARTESIAN_POINT('',(-19.52085194901,10.233184034276,-11.5));
#1515 = LINE('',#1516,#1517);
#1516 = CARTESIAN_POINT('',(-19.52085194901,10.233184034276,-11.5));
#1517 = VECTOR('',#1518,1.);
#1518 = DIRECTION('',(0.473868662473,0.880595531857,0.));
#1519 = ORIENTED_EDGE('',*,*,#1520,.F.);
#1520 = EDGE_CURVE('',#1521,#1513,#1523,.T.);
#1521 = VERTEX_POINT('',#1522);
#1522 = CARTESIAN_POINT('',(-19.45078917969,10.032956143223,-11.5));
#1523 = CIRCLE('',#1524,0.15);
#1524 = AXIS2_PLACEMENT_3D('',#1525,#1526,#1527);
#1525 = CARTESIAN_POINT('',(-19.38570661883,10.168101473409,-11.5));
#1526 = DIRECTION('',(-0.,0.,-1.));
#1527 = DIRECTION('',(-0.433883739118,-0.900968867902,0.));
#1528 = ORIENTED_EDGE('',*,*,#1529,.F.);
#1529 = EDGE_CURVE('',#1530,#1521,#1532,.T.);
#1530 = VERTEX_POINT('',#1531);
#1531 = CARTESIAN_POINT('',(-19.19357947468,9.760389894252,-11.5));
#1532 = CIRCLE('',#1533,1.469292842572);
#1533 = AXIS2_PLACEMENT_3D('',#1534,#1535,#1536);
#1534 = CARTESIAN_POINT('',(-20.38207232527,8.896499738431,-11.5));
#1535 = DIRECTION('',(0.,-0.,1.));
#1536 = DIRECTION('',(0.808887660891,0.587963223389,0.));
#1537 = ORIENTED_EDGE('',*,*,#1538,.F.);
#1538 = EDGE_CURVE('',#1539,#1530,#1541,.T.);
#1539 = VERTEX_POINT('',#1540);
#1540 = CARTESIAN_POINT('',(-19.59798116412,8.920641133329,-11.5));
#1541 = CIRCLE('',#1542,0.559359353945);
#1542 = AXIS2_PLACEMENT_3D('',#1543,#1544,#1545);
#1543 = CARTESIAN_POINT('',(-19.6745034663,9.474741507011,-11.5));
#1544 = DIRECTION('',(-0.,0.,1.));
#1545 = DIRECTION('',(0.136803472832,-0.990598208065,0.));
#1546 = ORIENTED_EDGE('',*,*,#1547,.F.);
#1547 = EDGE_CURVE('',#1548,#1539,#1550,.T.);
#1548 = VERTEX_POINT('',#1549);
#1549 = CARTESIAN_POINT('',(-19.97144966663,8.951793501741,-11.5));
#1550 = CIRCLE('',#1551,1.469292842572);
#1551 = AXIS2_PLACEMENT_3D('',#1552,#1553,#1554);
#1552 = CARTESIAN_POINT('',(-19.66357781483,10.388468962692,-11.5));
#1553 = DIRECTION('',(0.,0.,1.));
#1554 = DIRECTION('',(-0.209537433851,-0.9778006258,0.));
#1555 = ORIENTED_EDGE('',*,*,#1556,.F.);
#1556 = EDGE_CURVE('',#1557,#1548,#1559,.T.);
#1557 = VERTEX_POINT('',#1558);
#1558 = CARTESIAN_POINT('',(-20.17167755769,8.881730732423,-11.5));
#1559 = CIRCLE('',#1560,0.15);
#1560 = AXIS2_PLACEMENT_3D('',#1561,#1562,#1563);
#1561 = CARTESIAN_POINT('',(-20.0365322275,8.816648171555,-11.5));
#1562 = DIRECTION('',(0.,0.,-1.));
#1563 = DIRECTION('',(-0.900968867902,0.433883739118,0.));
#1564 = ORIENTED_EDGE('',*,*,#1565,.F.);
#1565 = EDGE_CURVE('',#1566,#1557,#1568,.T.);
#1566 = VERTEX_POINT('',#1567);
#1567 = CARTESIAN_POINT('',(-20.35956228282,8.442152565946,-11.5));
#1568 = LINE('',#1569,#1570);
#1569 = CARTESIAN_POINT('',(-20.35956228282,8.442152565946,-11.5));
#1570 = VECTOR('',#1571,1.);
#1571 = DIRECTION('',(0.393025031654,0.919527772551,0.));
#1572 = ORIENTED_EDGE('',*,*,#1573,.F.);
#1573 = EDGE_CURVE('',#1574,#1566,#1576,.T.);
#1574 = VERTEX_POINT('',#1575);
#1575 = CARTESIAN_POINT('',(-20.27183327583,8.249011111738,-11.5));
#1576 = CIRCLE('',#1577,0.15);
#1577 = AXIS2_PLACEMENT_3D('',#1578,#1579,#1580);
#1578 = CARTESIAN_POINT('',(-20.21912705222,8.389446342334,-11.5));
#1579 = DIRECTION('',(-0.,0.,-1.));
#1580 = DIRECTION('',(-0.351374824081,-0.93623487064,0.));
#1581 = ORIENTED_EDGE('',*,*,#1582,.F.);
#1582 = EDGE_CURVE('',#1583,#1574,#1585,.T.);
#1583 = VERTEX_POINT('',#1584);
#1584 = CARTESIAN_POINT('',(-19.99122637129,8.000598234552,-11.5));
#1585 = CIRCLE('',#1586,1.469292842572);
#1586 = AXIS2_PLACEMENT_3D('',#1587,#1588,#1589);
#1587 = CARTESIAN_POINT('',(-21.09749618254,7.033650168755,-11.5));
#1588 = DIRECTION('',(0.,-0.,1.));
#1589 = DIRECTION('',(0.752926699972,0.658104387213,0.));
#1590 = ORIENTED_EDGE('',*,*,#1591,.F.);
#1591 = EDGE_CURVE('',#1592,#1583,#1594,.T.);
#1592 = VERTEX_POINT('',#1593);
#1593 = CARTESIAN_POINT('',(-20.31872555983,7.127979767298,-11.5));
#1594 = CIRCLE('',#1595,0.559359353945);
#1595 = AXIS2_PLACEMENT_3D('',#1596,#1597,#1598);
#1596 = CARTESIAN_POINT('',(-20.44460898028,7.672990089496,-11.5));
#1597 = DIRECTION('',(-0.,0.,1.));
#1598 = DIRECTION('',(0.225049281042,-0.97434738215,0.));
#1599 = ORIENTED_EDGE('',*,*,#1600,.F.);
#1600 = EDGE_CURVE('',#1601,#1592,#1603,.T.);
#1601 = VERTEX_POINT('',#1602);
#1602 = CARTESIAN_POINT('',(-20.69348306473,7.12552926697,-11.5));
#1603 = CIRCLE('',#1604,1.469292842572);
#1604 = AXIS2_PLACEMENT_3D('',#1605,#1606,#1607);
#1605 = CARTESIAN_POINT('',(-20.51563320992,8.584018514918,-11.5));
#1606 = DIRECTION('',(0.,0.,1.));
#1607 = DIRECTION('',(-0.121044525403,-0.992647078709,0.));
#1608 = ORIENTED_EDGE('',*,*,#1609,.F.);
#1609 = EDGE_CURVE('',#1610,#1601,#1612,.T.);
#1610 = VERTEX_POINT('',#1611);
#1611 = CARTESIAN_POINT('',(-20.88662451894,7.037800259986,-11.5));
#1612 = CIRCLE('',#1613,0.15);
#1613 = AXIS2_PLACEMENT_3D('',#1614,#1615,#1616);
#1614 = CARTESIAN_POINT('',(-20.74618928834,6.985094036374,-11.5));
#1615 = DIRECTION('',(0.,0.,-1.));
#1616 = DIRECTION('',(-0.93623487064,0.351374824081,0.));
#1617 = ORIENTED_EDGE('',*,*,#1618,.F.);
#1618 = EDGE_CURVE('',#1619,#1610,#1621,.T.);
#1619 = VERTEX_POINT('',#1620);
#1620 = CARTESIAN_POINT('',(-21.03434939235,6.58314984906,-11.5));
#1621 = LINE('',#1622,#1623);
#1622 = CARTESIAN_POINT('',(-21.03434939235,6.58314984906,-11.5));
#1623 = VECTOR('',#1624,1.);
#1624 = DIRECTION('',(0.309016994375,0.951056516295,0.));
#1625 = ORIENTED_EDGE('',*,*,#1626,.F.);
#1626 = EDGE_CURVE('',#1627,#1619,#1629,.T.);
#1627 = VERTEX_POINT('',#1628);
#1628 = CARTESIAN_POINT('',(-20.92966049008,6.39864989312,-11.5));
#1629 = CIRCLE('',#1630,0.15);
#1630 = AXIS2_PLACEMENT_3D('',#1631,#1632,#1633);
#1631 = CARTESIAN_POINT('',(-20.88975496324,6.543244322225,-11.5));
#1632 = DIRECTION('',(-0.,0.,-1.));
#1633 = DIRECTION('',(-0.266036845567,-0.963962860696,0.));
#1634 = ORIENTED_EDGE('',*,*,#1635,.F.);
#1635 = EDGE_CURVE('',#1636,#1627,#1638,.T.);
#1636 = VERTEX_POINT('',#1637);
#1637 = CARTESIAN_POINT('',(-20.6279156678,6.176390462143,-11.5));
#1638 = CIRCLE('',#1639,1.469292842572);
#1639 = AXIS2_PLACEMENT_3D('',#1640,#1641,#1642);
#1640 = CARTESIAN_POINT('',(-21.64305540566,5.114169783639,-11.5));
#1641 = DIRECTION('',(0.,-0.,1.));
#1642 = DIRECTION('',(0.690903615979,0.72294688147,0.));
#1643 = ORIENTED_EDGE('',*,*,#1644,.F.);
#1644 = EDGE_CURVE('',#1645,#1636,#1647,.T.);
#1645 = VERTEX_POINT('',#1646);
#1646 = CARTESIAN_POINT('',(-20.87587552455,5.277928099365,-11.5));
#1647 = CIRCLE('',#1648,0.559359353945);
#1648 = AXIS2_PLACEMENT_3D('',#1649,#1650,#1651);
#1649 = CARTESIAN_POINT('',(-21.05010652399,5.809460267424,-11.5));
#1650 = DIRECTION('',(-0.,0.,1.));
#1651 = DIRECTION('',(0.311483124768,-0.950251684021,0.));
#1652 = ORIENTED_EDGE('',*,*,#1653,.F.);
#1653 = EDGE_CURVE('',#1654,#1645,#1656,.T.);
#1654 = VERTEX_POINT('',#1655);
#1655 = CARTESIAN_POINT('',(-21.24890470476,5.241894460285,-11.5));
#1656 = CIRCLE('',#1657,1.469292842572);
#1657 = AXIS2_PLACEMENT_3D('',#1658,#1659,#1660);
#1658 = CARTESIAN_POINT('',(-21.20250878941,6.710454597383,-11.5));
#1659 = DIRECTION('',(0.,0.,1.));
#1660 = DIRECTION('',(-3.157703760975E-02,-0.999501321008,0.));
#1661 = ORIENTED_EDGE('',*,*,#1662,.F.);
#1662 = EDGE_CURVE('',#1663,#1654,#1665,.T.);
#1663 = VERTEX_POINT('',#1664);
#1664 = CARTESIAN_POINT('',(-21.4334046607,5.137205558016,-11.5));
#1665 = CIRCLE('',#1666,0.15);
#1666 = AXIS2_PLACEMENT_3D('',#1667,#1668,#1669);
#1667 = CARTESIAN_POINT('',(-21.28881023159,5.097300031181,-11.5));
#1668 = DIRECTION('',(0.,0.,-1.));
#1669 = DIRECTION('',(-0.963962860696,0.266036845567,0.));
#1670 = ORIENTED_EDGE('',*,*,#1671,.F.);
#1671 = EDGE_CURVE('',#1672,#1663,#1674,.T.);
#1672 = VERTEX_POINT('',#1673);
#1673 = CARTESIAN_POINT('',(-21.53978028857,4.671143480418,-11.5));
#1674 = LINE('',#1675,#1676);
#1675 = CARTESIAN_POINT('',(-21.53978028857,4.671143480418,-11.5));
#1676 = VECTOR('',#1677,1.);
#1677 = DIRECTION('',(0.222520933956,0.974927912182,0.));
#1678 = ORIENTED_EDGE('',*,*,#1679,.F.);
#1679 = EDGE_CURVE('',#1680,#1672,#1682,.T.);
#1680 = VERTEX_POINT('',#1681);
#1681 = CARTESIAN_POINT('',(-21.4189743845,4.496770507908,-11.5));
#1682 = CIRCLE('',#1683,0.15);
#1683 = AXIS2_PLACEMENT_3D('',#1684,#1685,#1686);
#1684 = CARTESIAN_POINT('',(-21.39219085028,4.644359946198,-11.5));
#1685 = DIRECTION('',(-0.,0.,-1.));
#1686 = DIRECTION('',(-0.178556894799,-0.983929588599,0.));
#1687 = ORIENTED_EDGE('',*,*,#1688,.F.);
#1688 = EDGE_CURVE('',#1689,#1680,#1691,.T.);
#1689 = VERTEX_POINT('',#1690);
#1690 = CARTESIAN_POINT('',(-21.09852111637,4.302454025392,-11.5));
#1691 = CIRCLE('',#1692,1.469292842572);
#1692 = AXIS2_PLACEMENT_3D('',#1693,#1694,#1695);
#1693 = CARTESIAN_POINT('',(-22.01435747258,3.153513110509,-11.5));
#1694 = DIRECTION('',(0.,-0.,1.));
#1695 = DIRECTION('',(0.623317782314,0.781968632524,0.));
#1696 = ORIENTED_EDGE('',*,*,#1697,.F.);
#1697 = EDGE_CURVE('',#1698,#1689,#1700,.T.);
#1698 = VERTEX_POINT('',#1699);
#1699 = CARTESIAN_POINT('',(-21.26494521437,3.385381657748,-11.5));
#1700 = CIRCLE('',#1701,0.559359353945);
#1701 = AXIS2_PLACEMENT_3D('',#1702,#1703,#1704);
#1702 = CARTESIAN_POINT('',(-21.48612098723,3.899156087187,-11.5));
#1703 = DIRECTION('',(-0.,0.,1.));
#1704 = DIRECTION('',(0.395409089522,-0.918505118071,0.));
#1705 = ORIENTED_EDGE('',*,*,#1706,.F.);
#1706 = EDGE_CURVE('',#1707,#1698,#1709,.T.);
#1707 = VERTEX_POINT('',#1708);
#1708 = CARTESIAN_POINT('',(-21.63324265826,3.31605500159,-11.5));
#1709 = CIRCLE('',#1710,1.469292842572);
#1710 = AXIS2_PLACEMENT_3D('',#1711,#1712,#1713);
#1711 = CARTESIAN_POINT('',(-21.718674235,4.782862045114,-11.5));
#1712 = DIRECTION('',(-0.,0.,1.));
#1713 = DIRECTION('',(5.814468992335E-02,-0.998308166366,0.));
#1714 = ORIENTED_EDGE('',*,*,#1715,.F.);
#1715 = EDGE_CURVE('',#1716,#1707,#1718,.T.);
#1716 = VERTEX_POINT('',#1717);
#1717 = CARTESIAN_POINT('',(-21.80761563077,3.19524909752,-11.5));
#1718 = CIRCLE('',#1719,0.15);
#1719 = AXIS2_PLACEMENT_3D('',#1720,#1721,#1722);
#1720 = CARTESIAN_POINT('',(-21.66002619248,3.1684655633,-11.5));
#1721 = DIRECTION('',(0.,0.,-1.));
#1722 = DIRECTION('',(-0.983929588599,0.178556894799,0.));
#1723 = ORIENTED_EDGE('',*,*,#1724,.F.);
#1724 = EDGE_CURVE('',#1725,#1716,#1727,.T.);
#1725 = VERTEX_POINT('',#1726);
#1726 = CARTESIAN_POINT('',(-21.8717855391,2.72152781106,-11.5));
#1727 = LINE('',#1728,#1729);
#1728 = CARTESIAN_POINT('',(-21.8717855391,2.72152781106,-11.5));
#1729 = VECTOR('',#1730,1.);
#1730 = DIRECTION('',(0.134233265818,0.990949761768,0.));
#1731 = ORIENTED_EDGE('',*,*,#1732,.F.);
#1732 = EDGE_CURVE('',#1733,#1725,#1735,.T.);
#1733 = VERTEX_POINT('',#1734);
#1734 = CARTESIAN_POINT('',(-21.73583529133,2.558685770625,-11.5));
#1735 = CIRCLE('',#1736,0.15);
#1736 = AXIS2_PLACEMENT_3D('',#1737,#1738,#1739);
#1737 = CARTESIAN_POINT('',(-21.722389395,2.708081914725,-11.5));
#1738 = DIRECTION('',(-0.,0.,-1.));
#1739 = DIRECTION('',(-8.963930890343E-02,-0.995974293995,0.));
#1740 = ORIENTED_EDGE('',*,*,#1741,.F.);
#1741 = EDGE_CURVE('',#1742,#1733,#1744,.T.);
#1742 = VERTEX_POINT('',#1743);
#1743 = CARTESIAN_POINT('',(-21.39925367865,2.39387675863,-11.5));
#1744 = CIRCLE('',#1745,1.469292842572);
#1745 = AXIS2_PLACEMENT_3D('',#1746,#1747,#1748);
#1746 = CARTESIAN_POINT('',(-22.20841287735,1.167466204049,-11.5));
#1747 = DIRECTION('',(0.,-0.,1.));
#1748 = DIRECTION('',(0.550713360372,0.834694431938,0.));
#1749 = ORIENTED_EDGE('',*,*,#1750,.F.);
#1750 = EDGE_CURVE('',#1751,#1742,#1753,.T.);
#1751 = VERTEX_POINT('',#1752);
#1752 = CARTESIAN_POINT('',(-21.4828020689,1.465578113594,-11.5));
#1753 = CIRCLE('',#1754,0.559359353945);
#1754 = AXIS2_PLACEMENT_3D('',#1755,#1756,#1757);
#1755 = CARTESIAN_POINT('',(-21.74914183791,1.957458194802,-11.5));
#1756 = DIRECTION('',(-0.,0.,1.));
#1757 = DIRECTION('',(0.476151452784,-0.879363288983,0.));
#1758 = ORIENTED_EDGE('',*,*,#1759,.F.);
#1759 = EDGE_CURVE('',#1760,#1751,#1762,.T.);
#1760 = VERTEX_POINT('',#1761);
#1761 = CARTESIAN_POINT('',(-21.84340246202,1.363516617831,-11.5));
#1762 = CIRCLE('',#1763,1.469292842572);
#1763 = AXIS2_PLACEMENT_3D('',#1764,#1765,#1766);
#1764 = CARTESIAN_POINT('',(-22.05997368602,2.816760699934,-11.5));
#1765 = DIRECTION('',(-0.,0.,1.));
#1766 = DIRECTION('',(0.147398270602,-0.989077221365,0.));
#1767 = ORIENTED_EDGE('',*,*,#1768,.F.);
#1768 = EDGE_CURVE('',#1769,#1760,#1771,.T.);
#1769 = VERTEX_POINT('',#1770);
#1770 = CARTESIAN_POINT('',(-22.00624450245,1.227566370067,-11.5));
#1771 = CIRCLE('',#1772,0.15);
#1772 = AXIS2_PLACEMENT_3D('',#1773,#1774,#1775);
#1773 = CARTESIAN_POINT('',(-21.85684835835,1.214120473732,-11.5));
#1774 = DIRECTION('',(0.,0.,-1.));
#1775 = DIRECTION('',(-0.995974293995,8.963930890342E-02,0.));
#1776 = ORIENTED_EDGE('',*,*,#1777,.F.);
#1777 = EDGE_CURVE('',#1778,#1769,#1780,.T.);
#1778 = VERTEX_POINT('',#1779);
#1779 = CARTESIAN_POINT('',(-22.02769203286,0.75,-11.5));
#1780 = LINE('',#1781,#1782);
#1781 = CARTESIAN_POINT('',(-22.02769203286,0.75,-11.5));
#1782 = VECTOR('',#1783,1.);
#1783 = DIRECTION('',(4.486483035052E-02,0.998993066541,0.));
#1784 = ORIENTED_EDGE('',*,*,#1785,.F.);
#1785 = EDGE_CURVE('',#1786,#1778,#1788,.T.);
#1786 = VERTEX_POINT('',#1787);
#1787 = CARTESIAN_POINT('',(-21.87769203286,0.6,-11.5));
#1788 = CIRCLE('',#1789,0.15);
#1789 = AXIS2_PLACEMENT_3D('',#1790,#1791,#1792);
#1790 = CARTESIAN_POINT('',(-21.87769203286,0.75,-11.5));
#1791 = DIRECTION('',(0.,-0.,-1.));
#1792 = DIRECTION('',(1.1E-16,-1.,0.));
#1793 = ORIENTED_EDGE('',*,*,#1794,.F.);
#1794 = EDGE_CURVE('',#1795,#1786,#1797,.T.);
#1795 = VERTEX_POINT('',#1796);
#1796 = CARTESIAN_POINT('',(-21.52769203286,0.466025403784,-11.5));
#1797 = CIRCLE('',#1798,1.469292842572);
#1798 = AXIS2_PLACEMENT_3D('',#1799,#1800,#1801);
#1799 = CARTESIAN_POINT('',(-22.22365919997,-0.827980453828,-11.5));
#1800 = DIRECTION('',(0.,-0.,1.));
#1801 = DIRECTION('',(0.473674918265,0.880699762579,0.));
#1802 = ORIENTED_EDGE('',*,*,#1803,.F.);
#1803 = EDGE_CURVE('',#1804,#1795,#1806,.T.);
#1804 = VERTEX_POINT('',#1805);
#1805 = CARTESIAN_POINT('',(-21.52769203286,-0.466025403784,-11.5));
#1806 = CIRCLE('',#1807,0.559359353945);
#1807 = AXIS2_PLACEMENT_3D('',#1808,#1809,#1810);
#1808 = CARTESIAN_POINT('',(-21.83705138681,-5.329070518201E-15,-11.5));
#1809 = DIRECTION('',(-0.,0.,1.));
#1810 = DIRECTION('',(0.553060124521,-0.833141343749,0.));
#1811 = ORIENTED_EDGE('',*,*,#1812,.F.);
#1812 = EDGE_CURVE('',#1813,#1804,#1815,.T.);
#1813 = VERTEX_POINT('',#1814);
#1814 = CARTESIAN_POINT('',(-21.87769203286,-0.6,-11.5));
#1815 = CIRCLE('',#1816,1.469292842572);
#1816 = AXIS2_PLACEMENT_3D('',#1817,#1818,#1819);
#1817 = CARTESIAN_POINT('',(-22.22365919997,0.827980453828,-11.5));
#1818 = DIRECTION('',(-0.,0.,1.));
#1819 = DIRECTION('',(0.235465087074,-0.971882808146,0.));
#1820 = ORIENTED_EDGE('',*,*,#1821,.F.);
#1821 = EDGE_CURVE('',#1822,#1813,#1824,.T.);
#1822 = VERTEX_POINT('',#1823);
#1823 = CARTESIAN_POINT('',(-22.02769203286,-0.75,-11.5));
#1824 = CIRCLE('',#1825,0.15);
#1825 = AXIS2_PLACEMENT_3D('',#1826,#1827,#1828);
#1826 = CARTESIAN_POINT('',(-21.87769203286,-0.75,-11.5));
#1827 = DIRECTION('',(0.,0.,-1.));
#1828 = DIRECTION('',(-1.,1.01E-15,0.));
#1829 = ORIENTED_EDGE('',*,*,#1830,.F.);
#1830 = EDGE_CURVE('',#1831,#1822,#1833,.T.);
#1831 = VERTEX_POINT('',#1832);
#1832 = CARTESIAN_POINT('',(-22.00624450245,-1.227566370067,-11.5));
#1833 = LINE('',#1834,#1835);
#1834 = CARTESIAN_POINT('',(-22.00624450245,-1.227566370067,-11.5));
#1835 = VECTOR('',#1836,1.);
#1836 = DIRECTION('',(-4.486483035052E-02,0.998993066541,0.));
#1837 = ORIENTED_EDGE('',*,*,#1838,.F.);
#1838 = EDGE_CURVE('',#1839,#1831,#1841,.T.);
#1839 = VERTEX_POINT('',#1840);
#1840 = CARTESIAN_POINT('',(-21.84340246202,-1.363516617831,-11.5));
#1841 = CIRCLE('',#1842,0.15);
#1842 = AXIS2_PLACEMENT_3D('',#1843,#1844,#1845);
#1843 = CARTESIAN_POINT('',(-21.85684835835,-1.214120473732,-11.5));
#1844 = DIRECTION('',(0.,-0.,-1.));
#1845 = DIRECTION('',(8.963930890344E-02,-0.995974293995,0.));
#1846 = ORIENTED_EDGE('',*,*,#1847,.F.);
#1847 = EDGE_CURVE('',#1848,#1839,#1850,.T.);
#1848 = VERTEX_POINT('',#1849);
#1849 = CARTESIAN_POINT('',(-21.4828020689,-1.465578113594,-11.5));
#1850 = CIRCLE('',#1851,1.469292842572);
#1851 = AXIS2_PLACEMENT_3D('',#1852,#1853,#1854);
#1852 = CARTESIAN_POINT('',(-22.05997368602,-2.816760699934,-11.5));
#1853 = DIRECTION('',(0.,-0.,1.));
#1854 = DIRECTION('',(0.392822724234,0.919614216574,0.));
#1855 = ORIENTED_EDGE('',*,*,#1856,.F.);
#1856 = EDGE_CURVE('',#1857,#1848,#1859,.T.);
#1857 = VERTEX_POINT('',#1858);
#1858 = CARTESIAN_POINT('',(-21.39925367865,-2.39387675863,-11.5));
#1859 = CIRCLE('',#1860,0.559359353945);
#1860 = AXIS2_PLACEMENT_3D('',#1861,#1862,#1863);
#1861 = CARTESIAN_POINT('',(-21.74914183791,-1.957458194802,-11.5));
#1862 = DIRECTION('',(-0.,0.,1.));
#1863 = DIRECTION('',(0.62551588133,-0.780211434295,0.));
#1864 = ORIENTED_EDGE('',*,*,#1865,.F.);
#1865 = EDGE_CURVE('',#1866,#1857,#1868,.T.);
#1866 = VERTEX_POINT('',#1867);
#1867 = CARTESIAN_POINT('',(-21.73583529133,-2.558685770625,-11.5));
#1868 = CIRCLE('',#1869,1.469292842572);
#1869 = AXIS2_PLACEMENT_3D('',#1870,#1871,#1872);
#1870 = CARTESIAN_POINT('',(-22.20841287735,-1.167466204049,-11.5));
#1871 = DIRECTION('',(-0.,0.,1.));
#1872 = DIRECTION('',(0.321636077116,-0.946863366013,0.));
#1873 = ORIENTED_EDGE('',*,*,#1874,.F.);
#1874 = EDGE_CURVE('',#1875,#1866,#1877,.T.);
#1875 = VERTEX_POINT('',#1876);
#1876 = CARTESIAN_POINT('',(-21.8717855391,-2.72152781106,-11.5));
#1877 = CIRCLE('',#1878,0.15);
#1878 = AXIS2_PLACEMENT_3D('',#1879,#1880,#1881);
#1879 = CARTESIAN_POINT('',(-21.722389395,-2.708081914725,-11.5));
#1880 = DIRECTION('',(-0.,0.,-1.));
#1881 = DIRECTION('',(-0.995974293995,-8.963930890344E-02,0.));
#1882 = ORIENTED_EDGE('',*,*,#1883,.F.);
#1883 = EDGE_CURVE('',#1884,#1875,#1886,.T.);
#1884 = VERTEX_POINT('',#1885);
#1885 = CARTESIAN_POINT('',(-21.80761563077,-3.19524909752,-11.5));
#1886 = LINE('',#1887,#1888);
#1887 = CARTESIAN_POINT('',(-21.80761563077,-3.19524909752,-11.5));
#1888 = VECTOR('',#1889,1.);
#1889 = DIRECTION('',(-0.134233265818,0.990949761768,0.));
#1890 = ORIENTED_EDGE('',*,*,#1891,.F.);
#1891 = EDGE_CURVE('',#1892,#1884,#1894,.T.);
#1892 = VERTEX_POINT('',#1893);
#1893 = CARTESIAN_POINT('',(-21.63324265826,-3.31605500159,-11.5));
#1894 = CIRCLE('',#1895,0.15);
#1895 = AXIS2_PLACEMENT_3D('',#1896,#1897,#1898);
#1896 = CARTESIAN_POINT('',(-21.66002619248,-3.1684655633,-11.5));
#1897 = DIRECTION('',(0.,-0.,-1.));
#1898 = DIRECTION('',(0.178556894799,-0.983929588599,0.));
#1899 = ORIENTED_EDGE('',*,*,#1900,.F.);
#1900 = EDGE_CURVE('',#1901,#1892,#1903,.T.);
#1901 = VERTEX_POINT('',#1902);
#1902 = CARTESIAN_POINT('',(-21.26494521437,-3.385381657748,-11.5));
#1903 = CIRCLE('',#1904,1.469292842572);
#1904 = AXIS2_PLACEMENT_3D('',#1905,#1906,#1907);
#1905 = CARTESIAN_POINT('',(-21.718674235,-4.782862045114,-11.5));
#1906 = DIRECTION('',(0.,-0.,1.));
#1907 = DIRECTION('',(0.308807752602,0.951124477622,0.));
#1908 = ORIENTED_EDGE('',*,*,#1909,.F.);
#1909 = EDGE_CURVE('',#1910,#1901,#1912,.T.);
#1910 = VERTEX_POINT('',#1911);
#1911 = CARTESIAN_POINT('',(-21.09852111637,-4.302454025392,-11.5));
#1912 = CIRCLE('',#1913,0.559359353945);
#1913 = AXIS2_PLACEMENT_3D('',#1914,#1915,#1916);
#1914 = CARTESIAN_POINT('',(-21.48612098723,-3.899156087187,-11.5));
#1915 = DIRECTION('',(-0.,0.,1.));
#1916 = DIRECTION('',(0.692935352059,-0.720999721128,0.));
#1917 = ORIENTED_EDGE('',*,*,#1918,.F.);
#1918 = EDGE_CURVE('',#1919,#1910,#1921,.T.);
#1919 = VERTEX_POINT('',#1920);
#1920 = CARTESIAN_POINT('',(-21.4189743845,-4.496770507908,-11.5));
#1921 = CIRCLE('',#1922,1.469292842572);
#1922 = AXIS2_PLACEMENT_3D('',#1923,#1924,#1925);
#1923 = CARTESIAN_POINT('',(-22.01435747258,-3.153513110509,-11.5));
#1924 = DIRECTION('',(-0.,0.,1.));
#1925 = DIRECTION('',(0.405217442585,-0.914220336804,0.));
#1926 = ORIENTED_EDGE('',*,*,#1927,.F.);
#1927 = EDGE_CURVE('',#1928,#1919,#1930,.T.);
#1928 = VERTEX_POINT('',#1929);
#1929 = CARTESIAN_POINT('',(-21.53978028857,-4.671143480418,-11.5));
#1930 = CIRCLE('',#1931,0.15);
#1931 = AXIS2_PLACEMENT_3D('',#1932,#1933,#1934);
#1932 = CARTESIAN_POINT('',(-21.39219085028,-4.644359946198,-11.5));
#1933 = DIRECTION('',(-0.,0.,-1.));
#1934 = DIRECTION('',(-0.983929588599,-0.178556894799,0.));
#1935 = ORIENTED_EDGE('',*,*,#1936,.F.);
#1936 = EDGE_CURVE('',#1937,#1928,#1939,.T.);
#1937 = VERTEX_POINT('',#1938);
#1938 = CARTESIAN_POINT('',(-21.4334046607,-5.137205558016,-11.5));
#1939 = LINE('',#1940,#1941);
#1940 = CARTESIAN_POINT('',(-21.4334046607,-5.137205558016,-11.5));
#1941 = VECTOR('',#1942,1.);
#1942 = DIRECTION('',(-0.222520933956,0.974927912182,0.));
#1943 = ORIENTED_EDGE('',*,*,#1944,.F.);
#1944 = EDGE_CURVE('',#1945,#1937,#1947,.T.);
#1945 = VERTEX_POINT('',#1946);
#1946 = CARTESIAN_POINT('',(-21.24890470476,-5.241894460285,-11.5));
#1947 = CIRCLE('',#1948,0.15);
#1948 = AXIS2_PLACEMENT_3D('',#1949,#1950,#1951);
#1949 = CARTESIAN_POINT('',(-21.28881023159,-5.097300031181,-11.5));
#1950 = DIRECTION('',(0.,-0.,-1.));
#1951 = DIRECTION('',(0.266036845567,-0.963962860696,0.));
#1952 = ORIENTED_EDGE('',*,*,#1953,.F.);
#1953 = EDGE_CURVE('',#1954,#1945,#1956,.T.);
#1954 = VERTEX_POINT('',#1955);
#1955 = CARTESIAN_POINT('',(-20.87587552455,-5.277928099365,-11.5));
#1956 = CIRCLE('',#1957,1.469292842572);
#1957 = AXIS2_PLACEMENT_3D('',#1958,#1959,#1960);
#1958 = CARTESIAN_POINT('',(-21.20250878941,-6.710454597383,-11.5));
#1959 = DIRECTION('',(0.,-0.,1.));
#1960 = DIRECTION('',(0.222306442523,0.974976843629,0.));
#1961 = ORIENTED_EDGE('',*,*,#1962,.F.);
#1962 = EDGE_CURVE('',#1963,#1954,#1965,.T.);
#1963 = VERTEX_POINT('',#1964);
#1964 = CARTESIAN_POINT('',(-20.6279156678,-6.176390462143,-11.5));
#1965 = CIRCLE('',#1966,0.559359353945);
#1966 = AXIS2_PLACEMENT_3D('',#1967,#1968,#1969);
#1967 = CARTESIAN_POINT('',(-21.05010652399,-5.809460267424,-11.5));
#1968 = DIRECTION('',(-0.,0.,1.));
#1969 = DIRECTION('',(0.754775714773,-0.655982942148,0.));
#1970 = ORIENTED_EDGE('',*,*,#1971,.F.);
#1971 = EDGE_CURVE('',#1972,#1963,#1974,.T.);
#1972 = VERTEX_POINT('',#1973);
#1973 = CARTESIAN_POINT('',(-20.92966049008,-6.39864989312,-11.5));
#1974 = CIRCLE('',#1975,1.469292842572);
#1975 = AXIS2_PLACEMENT_3D('',#1976,#1977,#1978);
#1976 = CARTESIAN_POINT('',(-21.64305540566,-5.114169783639,-11.5));
#1977 = DIRECTION('',(-0.,0.,1.));
#1978 = DIRECTION('',(0.485536235469,-0.874216542995,0.));
#1979 = ORIENTED_EDGE('',*,*,#1980,.F.);
#1980 = EDGE_CURVE('',#1981,#1972,#1983,.T.);
#1981 = VERTEX_POINT('',#1982);
#1982 = CARTESIAN_POINT('',(-21.03434939235,-6.58314984906,-11.5));
#1983 = CIRCLE('',#1984,0.15);
#1984 = AXIS2_PLACEMENT_3D('',#1985,#1986,#1987);
#1985 = CARTESIAN_POINT('',(-20.88975496324,-6.543244322225,-11.5));
#1986 = DIRECTION('',(-0.,0.,-1.));
#1987 = DIRECTION('',(-0.963962860696,-0.266036845567,0.));
#1988 = ORIENTED_EDGE('',*,*,#1989,.F.);
#1989 = EDGE_CURVE('',#1990,#1981,#1992,.T.);
#1990 = VERTEX_POINT('',#1991);
#1991 = CARTESIAN_POINT('',(-20.88662451894,-7.037800259986,-11.5));
#1992 = LINE('',#1993,#1994);
#1993 = CARTESIAN_POINT('',(-20.88662451894,-7.037800259986,-11.5));
#1994 = VECTOR('',#1995,1.);
#1995 = DIRECTION('',(-0.309016994375,0.951056516295,0.));
#1996 = ORIENTED_EDGE('',*,*,#1997,.F.);
#1997 = EDGE_CURVE('',#1998,#1990,#2000,.T.);
#1998 = VERTEX_POINT('',#1999);
#1999 = CARTESIAN_POINT('',(-20.69348306473,-7.12552926697,-11.5));
#2000 = CIRCLE('',#2001,0.15);
#2001 = AXIS2_PLACEMENT_3D('',#2002,#2003,#2004);
#2002 = CARTESIAN_POINT('',(-20.74618928834,-6.985094036374,-11.5));
#2003 = DIRECTION('',(0.,-0.,-1.));
#2004 = DIRECTION('',(0.351374824081,-0.93623487064,0.));
#2005 = ORIENTED_EDGE('',*,*,#2006,.F.);
#2006 = EDGE_CURVE('',#2007,#1998,#2009,.T.);
#2007 = VERTEX_POINT('',#2008);
#2008 = CARTESIAN_POINT('',(-20.31872555983,-7.127979767298,-11.5));
#2009 = CIRCLE('',#2010,1.469292842572);
#2010 = AXIS2_PLACEMENT_3D('',#2011,#2012,#2013);
#2011 = CARTESIAN_POINT('',(-20.51563320992,-8.584018514918,-11.5));
#2012 = DIRECTION('',(0.,-0.,1.));
#2013 = DIRECTION('',(0.134015251683,0.990979269368,0.));
#2014 = ORIENTED_EDGE('',*,*,#2015,.F.);
#2015 = EDGE_CURVE('',#2016,#2007,#2018,.T.);
#2016 = VERTEX_POINT('',#2017);
#2017 = CARTESIAN_POINT('',(-19.99122637129,-8.000598234552,-11.5));
#2018 = CIRCLE('',#2019,0.559359353945);
#2019 = AXIS2_PLACEMENT_3D('',#2020,#2021,#2022);
#2020 = CARTESIAN_POINT('',(-20.44460898028,-7.672990089496,-11.5));
#2021 = DIRECTION('',(-0.,0.,1.));
#2022 = DIRECTION('',(0.810539067232,-0.58568457423,0.));
#2023 = ORIENTED_EDGE('',*,*,#2024,.F.);
#2024 = EDGE_CURVE('',#2025,#2016,#2027,.T.);
#2025 = VERTEX_POINT('',#2026);
#2026 = CARTESIAN_POINT('',(-20.27183327583,-8.249011111738,-11.5));
#2027 = CIRCLE('',#2028,1.469292842572);
#2028 = AXIS2_PLACEMENT_3D('',#2029,#2030,#2031);
#2029 = CARTESIAN_POINT('',(-21.09749618254,-7.033650168755,-11.5));
#2030 = DIRECTION('',(-0.,0.,1.));
#2031 = DIRECTION('',(0.561945776077,-0.827174071613,0.));
#2032 = ORIENTED_EDGE('',*,*,#2033,.F.);
#2033 = EDGE_CURVE('',#2034,#2025,#2036,.T.);
#2034 = VERTEX_POINT('',#2035);
#2035 = CARTESIAN_POINT('',(-20.35956228282,-8.442152565946,-11.5));
#2036 = CIRCLE('',#2037,0.15);
#2037 = AXIS2_PLACEMENT_3D('',#2038,#2039,#2040);
#2038 = CARTESIAN_POINT('',(-20.21912705222,-8.389446342334,-11.5));
#2039 = DIRECTION('',(-0.,0.,-1.));
#2040 = DIRECTION('',(-0.93623487064,-0.351374824081,0.));
#2041 = ORIENTED_EDGE('',*,*,#2042,.F.);
#2042 = EDGE_CURVE('',#2043,#2034,#2045,.T.);
#2043 = VERTEX_POINT('',#2044);
#2044 = CARTESIAN_POINT('',(-20.17167755769,-8.881730732423,-11.5));
#2045 = LINE('',#2046,#2047);
#2046 = CARTESIAN_POINT('',(-20.17167755769,-8.881730732423,-11.5));
#2047 = VECTOR('',#2048,1.);
#2048 = DIRECTION('',(-0.393025031654,0.919527772551,0.));
#2049 = ORIENTED_EDGE('',*,*,#2050,.F.);
#2050 = EDGE_CURVE('',#2051,#2043,#2053,.T.);
#2051 = VERTEX_POINT('',#2052);
#2052 = CARTESIAN_POINT('',(-19.97144966663,-8.951793501741,-11.5));
#2053 = CIRCLE('',#2054,0.15);
#2054 = AXIS2_PLACEMENT_3D('',#2055,#2056,#2057);
#2055 = CARTESIAN_POINT('',(-20.0365322275,-8.816648171555,-11.5));
#2056 = DIRECTION('',(0.,-0.,-1.));
#2057 = DIRECTION('',(0.433883739118,-0.900968867902,0.));
#2058 = ORIENTED_EDGE('',*,*,#2059,.F.);
#2059 = EDGE_CURVE('',#2060,#2051,#2062,.T.);
#2060 = VERTEX_POINT('',#2061);
#2061 = CARTESIAN_POINT('',(-19.59798116412,-8.920641133329,-11.5));
#2062 = CIRCLE('',#2063,1.469292842572);
#2063 = AXIS2_PLACEMENT_3D('',#2064,#2065,#2066);
#2064 = CARTESIAN_POINT('',(-19.66357781483,-10.38846896269,-11.5));
#2065 = DIRECTION('',(0.,-0.,1.));
#2066 = DIRECTION('',(4.464504883579E-02,0.999002912716,0.));
#2067 = ORIENTED_EDGE('',*,*,#2068,.F.);
#2068 = EDGE_CURVE('',#2069,#2060,#2071,.T.);
#2069 = VERTEX_POINT('',#2070);
#2070 = CARTESIAN_POINT('',(-19.19357947468,-9.760389894252,-11.5));
#2071 = CIRCLE('',#2072,0.559359353945);
#2072 = AXIS2_PLACEMENT_3D('',#2073,#2074,#2075);
#2073 = CARTESIAN_POINT('',(-19.6745034663,-9.474741507011,-11.5));
#2074 = DIRECTION('',(-0.,0.,1.));
#2075 = DIRECTION('',(0.859776435711,-0.510670618496,0.));
#2076 = ORIENTED_EDGE('',*,*,#2077,.F.);
#2077 = EDGE_CURVE('',#2078,#2069,#2080,.T.);
#2078 = VERTEX_POINT('',#2079);
#2079 = CARTESIAN_POINT('',(-19.45078917969,-10.03295614322,-11.5));
#2080 = CIRCLE('',#2081,1.469292842572);
#2081 = AXIS2_PLACEMENT_3D('',#2082,#2083,#2084);
#2082 = CARTESIAN_POINT('',(-20.38207232527,-8.896499738431,-11.5));
#2083 = DIRECTION('',(-0.,0.,1.));
#2084 = DIRECTION('',(0.633830859714,-0.773471680978,0.));
#2085 = ORIENTED_EDGE('',*,*,#2086,.F.);
#2086 = EDGE_CURVE('',#2087,#2078,#2089,.T.);
#2087 = VERTEX_POINT('',#2088);
#2088 = CARTESIAN_POINT('',(-19.52085194901,-10.23318403427,-11.5));
#2089 = CIRCLE('',#2090,0.15);
#2090 = AXIS2_PLACEMENT_3D('',#2091,#2092,#2093);
#2091 = CARTESIAN_POINT('',(-19.38570661883,-10.1681014734,-11.5));
#2092 = DIRECTION('',(-0.,0.,-1.));
#2093 = DIRECTION('',(-0.900968867902,-0.433883739118,0.));
#2094 = ORIENTED_EDGE('',*,*,#2095,.F.);
#2095 = EDGE_CURVE('',#2096,#2087,#2098,.T.);
#2096 = VERTEX_POINT('',#2097);
#2097 = CARTESIAN_POINT('',(-19.2943201095,-10.65415073137,-11.5));
#2098 = LINE('',#2099,#2100);
#2099 = CARTESIAN_POINT('',(-19.2943201095,-10.65415073137,-11.5));
#2100 = VECTOR('',#2101,1.);
#2101 = DIRECTION('',(-0.473868662473,0.880595531857,0.));
#2102 = ORIENTED_EDGE('',*,*,#2103,.F.);
#2103 = EDGE_CURVE('',#2104,#2096,#2106,.T.);
#2104 = VERTEX_POINT('',#2105);
#2105 = CARTESIAN_POINT('',(-19.08861789885,-10.7059831588,-11.5));
#2106 = CIRCLE('',#2107,0.15);
#2107 = AXIS2_PLACEMENT_3D('',#2108,#2109,#2110);
#2108 = CARTESIAN_POINT('',(-19.16555279046,-10.57721583976,-11.5));
#2109 = DIRECTION('',(0.,-0.,-1.));
#2110 = DIRECTION('',(0.512899277406,-0.858448793602,0.));
#2111 = ORIENTED_EDGE('',*,*,#2112,.F.);
#2112 = EDGE_CURVE('',#2113,#2104,#2115,.T.);
#2113 = VERTEX_POINT('',#2114);
#2114 = CARTESIAN_POINT('',(-18.7194453475,-10.6414787422,-11.5));
#2115 = CIRCLE('',#2116,1.469292842573);
#2116 = AXIS2_PLACEMENT_3D('',#2117,#2118,#2119);
#2117 = CARTESIAN_POINT('',(-18.65320285316,-12.10927756669,-11.5));
#2118 = DIRECTION('',(0.,0.,1.));
#2119 = DIRECTION('',(-4.508460969376E-02,0.998983172015,0.));
#2120 = ORIENTED_EDGE('',*,*,#2121,.F.);
#2121 = EDGE_CURVE('',#2122,#2113,#2124,.T.);
#2122 = VERTEX_POINT('',#2123);
#2123 = CARTESIAN_POINT('',(-18.24139716179,-11.44159663354,-11.5));
#2124 = CIRCLE('',#2125,0.559359353945);
#2125 = AXIS2_PLACEMENT_3D('',#2126,#2127,#2128);
#2126 = CARTESIAN_POINT('',(-18.74599041882,-11.20020787697,-11.5));
#2127 = DIRECTION('',(-0.,0.,1.));
#2128 = DIRECTION('',(0.902091389871,-0.431545043213,0.));
#2129 = ORIENTED_EDGE('',*,*,#2130,.F.);
#2130 = EDGE_CURVE('',#2131,#2122,#2133,.T.);
#2131 = VERTEX_POINT('',#2132);
#2132 = CARTESIAN_POINT('',(-18.47313876596,-11.73612171112,-11.5));
#2133 = CIRCLE('',#2134,1.469292842572);
#2134 = AXIS2_PLACEMENT_3D('',#2135,#2136,#2137);
#2135 = CARTESIAN_POINT('',(-19.50254400611,-10.68771992327,-11.5));
#2136 = DIRECTION('',(-0.,0.,1.));
#2137 = DIRECTION('',(0.700612709955,-0.713541751161,0.));
#2138 = ORIENTED_EDGE('',*,*,#2139,.F.);
#2139 = EDGE_CURVE('',#2140,#2131,#2142,.T.);
#2140 = VERTEX_POINT('',#2141);
#2141 = CARTESIAN_POINT('',(-18.52497119339,-11.94182392177,-11.5));
#2142 = CIRCLE('',#2143,0.15);
#2143 = AXIS2_PLACEMENT_3D('',#2144,#2145,#2146);
#2144 = CARTESIAN_POINT('',(-18.39620387435,-11.86488903016,-11.5));
#2145 = DIRECTION('',(-0.,0.,-1.));
#2146 = DIRECTION('',(-0.858448793602,-0.512899277406,0.));
#2147 = ORIENTED_EDGE('',*,*,#2148,.F.);
#2148 = EDGE_CURVE('',#2149,#2140,#2151,.T.);
#2149 = VERTEX_POINT('',#2150);
#2150 = CARTESIAN_POINT('',(-18.26161614066,-12.34078977317,-11.5));
#2151 = LINE('',#2152,#2153);
#2152 = CARTESIAN_POINT('',(-18.26161614066,-12.34078977317,-11.5));
#2153 = VECTOR('',#2154,1.);
#2154 = DIRECTION('',(-0.550896981452,0.834573253721,0.));
#2155 = ORIENTED_EDGE('',*,*,#2156,.F.);
#2156 = EDGE_CURVE('',#2157,#2149,#2159,.T.);
#2157 = VERTEX_POINT('',#2158);
#2158 = CARTESIAN_POINT('',(-18.05209580366,-12.37397453449,-11.5));
#2159 = CIRCLE('',#2160,0.15);
#2160 = AXIS2_PLACEMENT_3D('',#2161,#2162,#2163);
#2161 = CARTESIAN_POINT('',(-18.1402635915,-12.25262198533,-11.5));
#2162 = DIRECTION('',(0.,-0.,-1.));
#2163 = DIRECTION('',(0.587785252292,-0.809016994375,0.));
#2164 = ORIENTED_EDGE('',*,*,#2165,.F.);
#2165 = EDGE_CURVE('',#2166,#2157,#2168,.T.);
#2166 = VERTEX_POINT('',#2167);
#2167 = CARTESIAN_POINT('',(-17.69019156379,-12.27663742134,-11.5));
#2168 = CIRCLE('',#2169,1.469292842572);
#2169 = AXIS2_PLACEMENT_3D('',#2170,#2171,#2172);
#2170 = CARTESIAN_POINT('',(-17.49264327003,-13.73258938787,-11.5));
#2171 = DIRECTION('',(0.,0.,1.));
#2172 = DIRECTION('',(-0.134451273455,0.990920206205,0.));
#2173 = ORIENTED_EDGE('',*,*,#2174,.F.);
#2174 = EDGE_CURVE('',#2175,#2166,#2177,.T.);
#2175 = VERTEX_POINT('',#2176);
#2176 = CARTESIAN_POINT('',(-17.14234584472,-13.03068236428,-11.5));
#2177 = CIRCLE('',#2178,0.559359353945);
#2178 = AXIS2_PLACEMENT_3D('',#2179,#2180,#2181);
#2179 = CARTESIAN_POINT('',(-17.66654567896,-12.83549675872,-11.5));
#2180 = DIRECTION('',(-0.,0.,1.));
#2181 = DIRECTION('',(0.93714323458,-0.348944920985,0.));
#2182 = ORIENTED_EDGE('',*,*,#2183,.F.);
#2183 = EDGE_CURVE('',#2184,#2175,#2186,.T.);
#2184 = VERTEX_POINT('',#2185);
#2185 = CARTESIAN_POINT('',(-17.34675350091,-13.34479492774,-11.5));
#2186 = CIRCLE('',#2187,1.469292842572);
#2187 = AXIS2_PLACEMENT_3D('',#2188,#2189,#2190);
#2188 = CARTESIAN_POINT('',(-18.46599266992,-12.39288887156,-11.5));
#2189 = DIRECTION('',(-0.,0.,1.));
#2190 = DIRECTION('',(0.761753638609,-0.647866802719,0.));
#2191 = ORIENTED_EDGE('',*,*,#2192,.F.);
#2192 = EDGE_CURVE('',#2193,#2184,#2195,.T.);
#2193 = VERTEX_POINT('',#2194);
#2194 = CARTESIAN_POINT('',(-17.37993826222,-13.55431526474,-11.5));
#2195 = CIRCLE('',#2196,0.15);
#2196 = AXIS2_PLACEMENT_3D('',#2197,#2198,#2199);
#2197 = CARTESIAN_POINT('',(-17.25858571307,-13.46614747689,-11.5));
#2198 = DIRECTION('',(-0.,0.,-1.));
#2199 = DIRECTION('',(-0.809016994375,-0.587785252292,0.));
#2200 = ORIENTED_EDGE('',*,*,#2201,.F.);
#2201 = EDGE_CURVE('',#2202,#2193,#2204,.T.);
#2202 = VERTEX_POINT('',#2203);
#2203 = CARTESIAN_POINT('',(-17.08188037632,-13.92806803199,-11.5));
#2204 = LINE('',#2205,#2206);
#2205 = CARTESIAN_POINT('',(-17.08188037632,-13.92806803199,-11.5));
#2206 = VECTOR('',#2207,1.);
#2207 = DIRECTION('',(-0.623489801859,0.781831482468,0.));
#2208 = ORIENTED_EDGE('',*,*,#2209,.F.);
#2209 = EDGE_CURVE('',#2210,#2202,#2212,.T.);
#2210 = VERTEX_POINT('',#2211);
#2211 = CARTESIAN_POINT('',(-16.87022884752,-13.942337943,-11.5));
#2212 = CIRCLE('',#2213,0.15);
#2213 = AXIS2_PLACEMENT_3D('',#2214,#2215,#2216);
#2214 = CARTESIAN_POINT('',(-16.96891965642,-13.8293772231,-11.5));
#2215 = DIRECTION('',(0.,-0.,-1.));
#2216 = DIRECTION('',(0.65793872594,-0.753071466004,0.));
#2217 = ORIENTED_EDGE('',*,*,#2218,.F.);
#2218 = EDGE_CURVE('',#2219,#2210,#2221,.T.);
#2219 = VERTEX_POINT('',#2220);
#2220 = CARTESIAN_POINT('',(-16.51850675928,-13.8129518345,-11.5));
#2221 = CIRCLE('',#2222,1.469292842572);
#2222 = AXIS2_PLACEMENT_3D('',#2223,#2224,#2225);
#2223 = CARTESIAN_POINT('',(-16.19124320879,-15.24533447393,-11.5));
#2224 = DIRECTION('',(0.,0.,1.));
#2225 = DIRECTION('',(-0.222735414619,0.974878933547,0.));
#2226 = ORIENTED_EDGE('',*,*,#2227,.F.);
#2227 = EDGE_CURVE('',#2228,#2219,#2230,.T.);
#2228 = VERTEX_POINT('',#2229);
#2229 = CARTESIAN_POINT('',(-15.90527443844,-14.51485270254,-11.5));
#2230 = CIRCLE('',#2231,0.559359353945);
#2231 = AXIS2_PLACEMENT_3D('',#2232,#2233,#2234);
#2232 = CARTESIAN_POINT('',(-16.44486030106,-14.36744176771,-11.5));
#2233 = DIRECTION('',(-0.,0.,1.));
#2234 = DIRECTION('',(0.964649752996,-0.26353529943,0.));
#2235 = ORIENTED_EDGE('',*,*,#2236,.F.);
#2236 = EDGE_CURVE('',#2237,#2228,#2239,.T.);
#2237 = VERTEX_POINT('',#2238);
#2238 = CARTESIAN_POINT('',(-16.0807023764,-14.8460237022,-11.5));
#2239 = CIRCLE('',#2240,1.469292842572);
#2240 = AXIS2_PLACEMENT_3D('',#2241,#2242,#2243);
#2241 = CARTESIAN_POINT('',(-17.28076401858,-13.99827756556,-11.5));
#2242 = DIRECTION('',(-0.,0.,1.));
#2243 = DIRECTION('',(0.81676137487,-0.576975611721,0.));
#2244 = ORIENTED_EDGE('',*,*,#2245,.F.);
#2245 = EDGE_CURVE('',#2246,#2237,#2248,.T.);
#2246 = VERTEX_POINT('',#2247);
#2247 = CARTESIAN_POINT('',(-16.09497228741,-15.05767523099,-11.5));
#2248 = CIRCLE('',#2249,0.15);
#2249 = AXIS2_PLACEMENT_3D('',#2250,#2251,#2252);
#2250 = CARTESIAN_POINT('',(-15.98201156751,-14.9589844221,-11.5));
#2251 = DIRECTION('',(-0.,0.,-1.));
#2252 = DIRECTION('',(-0.753071466004,-0.65793872594,0.));
#2253 = ORIENTED_EDGE('',*,*,#2254,.F.);
#2254 = EDGE_CURVE('',#2255,#2246,#2257,.T.);
#2255 = VERTEX_POINT('',#2256);
#2256 = CARTESIAN_POINT('',(-15.76461135516,-15.40320567658,-11.5));
#2257 = LINE('',#2258,#2259);
#2258 = CARTESIAN_POINT('',(-15.76461135516,-15.40320567658,-11.5));
#2259 = VECTOR('',#2260,1.);
#2260 = DIRECTION('',(-0.691062648987,0.722794863827,0.));
#2261 = ORIENTED_EDGE('',*,*,#2262,.F.);
#2262 = EDGE_CURVE('',#2263,#2255,#2265,.T.);
#2263 = VERTEX_POINT('',#2264);
#2264 = CARTESIAN_POINT('',(-15.55253272824,-15.39844584436,-11.5));
#2265 = CIRCLE('',#2266,0.15);
#2266 = AXIS2_PLACEMENT_3D('',#2267,#2268,#2269);
#2267 = CARTESIAN_POINT('',(-15.66095195782,-15.29478644701,-11.5));
#2268 = DIRECTION('',(0.,-0.,-1.));
#2269 = DIRECTION('',(0.722794863827,-0.691062648987,0.));
#2270 = ORIENTED_EDGE('',*,*,#2271,.F.);
#2271 = EDGE_CURVE('',#2272,#2263,#2274,.T.);
#2272 = VERTEX_POINT('',#2273);
#2273 = CARTESIAN_POINT('',(-15.21382465107,-15.23805248137,-11.5));
#2274 = CIRCLE('',#2275,1.469292842572);
#2275 = AXIS2_PLACEMENT_3D('',#2276,#2277,#2278);
#2276 = CARTESIAN_POINT('',(-14.75948077754,-16.63533309092,-11.5));
#2277 = DIRECTION('',(0.,0.,1.));
#2278 = DIRECTION('',(-0.309226221191,0.950988508936,0.));
#2279 = ORIENTED_EDGE('',*,*,#2280,.F.);
#2280 = EDGE_CURVE('',#2281,#2272,#2283,.T.);
#2281 = VERTEX_POINT('',#2282);
#2282 = CARTESIAN_POINT('',(-14.54014311453,-15.88215798144,-11.5));
#2283 = CIRCLE('',#2284,0.559359353945);
#2284 = AXIS2_PLACEMENT_3D('',#2285,#2286,#2287);
#2285 = CARTESIAN_POINT('',(-15.09077057743,-15.78370858352,-11.5));
#2286 = DIRECTION('',(-0.,0.,1.));
#2287 = DIRECTION('',(0.984389478805,-0.1760038466,0.));
#2288 = ORIENTED_EDGE('',*,*,#2289,.F.);
#2289 = EDGE_CURVE('',#2290,#2281,#2292,.T.);
#2290 = VERTEX_POINT('',#2291);
#2291 = CARTESIAN_POINT('',(-14.68517889165,-16.22772102314,-11.5));
#2292 = CIRCLE('',#2293,1.469292842572);
#2293 = AXIS2_PLACEMENT_3D('',#2294,#2295,#2296);
#2294 = CARTESIAN_POINT('',(-15.95640081629,-15.49096035946,-11.5));
#2295 = DIRECTION('',(-0.,0.,1.));
#2296 = DIRECTION('',(0.865193028787,-0.501438952354,0.));
#2297 = ORIENTED_EDGE('',*,*,#2298,.F.);
#2298 = EDGE_CURVE('',#2299,#2290,#2301,.T.);
#2299 = VERTEX_POINT('',#2300);
#2300 = CARTESIAN_POINT('',(-14.68041905942,-16.43979965006,-11.5));
#2301 = CIRCLE('',#2302,0.15);
#2302 = AXIS2_PLACEMENT_3D('',#2303,#2304,#2305);
#2303 = CARTESIAN_POINT('',(-14.57675966208,-16.33138042049,-11.5));
#2304 = DIRECTION('',(-0.,0.,-1.));
#2305 = DIRECTION('',(-0.691062648987,-0.722794863827,0.));
#2306 = ORIENTED_EDGE('',*,*,#2307,.F.);
#2307 = EDGE_CURVE('',#2308,#2299,#2310,.T.);
#2308 = VERTEX_POINT('',#2309);
#2309 = CARTESIAN_POINT('',(-14.32041495282,-16.75432576601,-11.5));
#2310 = LINE('',#2311,#2312);
#2311 = CARTESIAN_POINT('',(-14.32041495282,-16.75432576601,-11.5));
#2312 = VECTOR('',#2313,1.);
#2313 = DIRECTION('',(-0.753071466004,0.65793872594,0.));
#2314 = ORIENTED_EDGE('',*,*,#2315,.F.);
#2315 = EDGE_CURVE('',#2316,#2308,#2318,.T.);
#2316 = VERTEX_POINT('',#2317);
#2317 = CARTESIAN_POINT('',(-14.10961676017,-16.73057451391,-11.5));
#2318 = CIRCLE('',#2319,0.15);
#2319 = AXIS2_PLACEMENT_3D('',#2320,#2321,#2322);
#2320 = CARTESIAN_POINT('',(-14.22689148254,-16.63705104364,-11.5));
#2321 = DIRECTION('',(0.,-0.,-1.));
#2322 = DIRECTION('',(0.781831482468,-0.623489801859,0.));
#2323 = ORIENTED_EDGE('',*,*,#2324,.F.);
#2324 = EDGE_CURVE('',#2325,#2316,#2327,.T.);
#2325 = VERTEX_POINT('',#2326);
#2326 = CARTESIAN_POINT('',(-13.78664977235,-16.5404652895,-11.5));
#2327 = CIRCLE('',#2328,1.469292842572);
#2328 = AXIS2_PLACEMENT_3D('',#2329,#2330,#2331);
#2329 = CARTESIAN_POINT('',(-13.2088836855,-17.89139378728,-11.5));
#2330 = DIRECTION('',(0.,0.,1.));
#2331 = DIRECTION('',(-0.393227320051,0.919441284023,0.));
#2332 = ORIENTED_EDGE('',*,*,#2333,.F.);
#2333 = EDGE_CURVE('',#2334,#2325,#2336,.T.);
#2334 = VERTEX_POINT('',#2335);
#2335 = CARTESIAN_POINT('',(-13.05794310773,-17.12158946283,-11.5));
#2336 = CIRCLE('',#2337,0.559359353945);
#2337 = AXIS2_PLACEMENT_3D('',#2338,#2339,#2340);
#2338 = CARTESIAN_POINT('',(-13.61517884234,-17.07289425848,-11.5));
#2339 = DIRECTION('',(-0.,0.,1.));
#2340 = DIRECTION('',(0.996203479343,-8.705531428621E-02,0.));
#2341 = ORIENTED_EDGE('',*,*,#2342,.F.);
#2342 = EDGE_CURVE('',#2343,#2334,#2345,.T.);
#2343 = VERTEX_POINT('',#2344);
#2344 = CARTESIAN_POINT('',(-13.17141898121,-17.47876227614,-11.5));
#2345 = CIRCLE('',#2346,1.469292842573);
#2346 = AXIS2_PLACEMENT_3D('',#2347,#2348,#2349);
#2347 = CARTESIAN_POINT('',(-14.50356605684,-16.85891904908,-11.5));
#2348 = DIRECTION('',(-0.,0.,1.));
#2349 = DIRECTION('',(0.906658657162,-0.421865001384,0.));
#2350 = ORIENTED_EDGE('',*,*,#2351,.F.);
#2351 = EDGE_CURVE('',#2352,#2343,#2354,.T.);
#2352 = VERTEX_POINT('',#2353);
#2353 = CARTESIAN_POINT('',(-13.14766772912,-17.68956046879,-11.5));
#2354 = CIRCLE('',#2355,0.15);
#2355 = AXIS2_PLACEMENT_3D('',#2356,#2357,#2358);
#2356 = CARTESIAN_POINT('',(-13.05414425884,-17.57228574642,-11.5));
#2357 = DIRECTION('',(-0.,0.,-1.));
#2358 = DIRECTION('',(-0.623489801859,-0.781831482468,0.));
#2359 = ORIENTED_EDGE('',*,*,#2360,.F.);
#2360 = EDGE_CURVE('',#2361,#2352,#2363,.T.);
#2361 = VERTEX_POINT('',#2362);
#2362 = CARTESIAN_POINT('',(-12.76091898955,-17.97054987575,-11.5));
#2363 = LINE('',#2364,#2365);
#2364 = CARTESIAN_POINT('',(-12.76091898955,-17.97054987575,-11.5));
#2365 = VECTOR('',#2366,1.);
#2366 = DIRECTION('',(-0.809016994375,0.587785252292,0.));
#2367 = ORIENTED_EDGE('',*,*,#2368,.F.);
#2368 = EDGE_CURVE('',#2369,#2361,#2371,.T.);
#2369 = VERTEX_POINT('',#2370);
#2370 = CARTESIAN_POINT('',(-12.55309845427,-17.92799843491,-11.5));
#2371 = CIRCLE('',#2372,0.15);
#2372 = AXIS2_PLACEMENT_3D('',#2373,#2374,#2375);
#2373 = CARTESIAN_POINT('',(-12.67828444233,-17.84536388769,-11.5));
#2374 = DIRECTION('',(0.,-0.,-1.));
#2375 = DIRECTION('',(0.834573253721,-0.550896981452,0.));
#2376 = ORIENTED_EDGE('',*,*,#2377,.F.);
#2377 = EDGE_CURVE('',#2378,#2369,#2380,.T.);
#2378 = VERTEX_POINT('',#2379);
#2379 = CARTESIAN_POINT('',(-12.24847289608,-17.70970399675,-11.5));
#2380 = CIRCLE('',#2381,1.469292842572);
#2381 = AXIS2_PLACEMENT_3D('',#2382,#2383,#2384);
#2382 = CARTESIAN_POINT('',(-11.55193642872,-19.00340350083,-11.5));
#2383 = DIRECTION('',(0.,0.,1.));
#2384 = DIRECTION('',(-0.474062383745,0.880491258513,0.));
#2385 = ORIENTED_EDGE('',*,*,#2386,.F.);
#2386 = EDGE_CURVE('',#2387,#2378,#2389,.T.);
#2387 = VERTEX_POINT('',#2388);
#2388 = CARTESIAN_POINT('',(-11.47060822098,-18.2231679732,-11.5));
#2389 = CIRCLE('',#2390,0.559359353945);
#2390 = AXIS2_PLACEMENT_3D('',#2391,#2392,#2393);
#2391 = CARTESIAN_POINT('',(-12.0299656928,-18.22461902757,-11.5));
#2392 = DIRECTION('',(0.,-0.,1.));
#2393 = DIRECTION('',(0.999996635223,2.59413623074E-03,0.));
#2394 = ORIENTED_EDGE('',*,*,#2395,.F.);
#2395 = EDGE_CURVE('',#2396,#2387,#2398,.T.);
#2396 = VERTEX_POINT('',#2397);
#2397 = CARTESIAN_POINT('',(-11.55161054981,-18.58907481265,-11.5));
#2398 = CIRCLE('',#2399,1.469292842572);
#2399 = AXIS2_PLACEMENT_3D('',#2400,#2401,#2402);
#2400 = CARTESIAN_POINT('',(-12.93395711145,-18.0911396354,-11.5));
#2401 = DIRECTION('',(-0.,0.,1.));
#2402 = DIRECTION('',(0.940824403136,-0.338894441476,0.));
#2403 = ORIENTED_EDGE('',*,*,#2404,.F.);
#2404 = EDGE_CURVE('',#2405,#2396,#2407,.T.);
#2405 = VERTEX_POINT('',#2406);
#2406 = CARTESIAN_POINT('',(-11.50905910897,-18.79689534792,-11.5));
#2407 = CIRCLE('',#2408,0.15);
#2408 = AXIS2_PLACEMENT_3D('',#2409,#2410,#2411);
#2409 = CARTESIAN_POINT('',(-11.42642456175,-18.67170935987,-11.5));
#2410 = DIRECTION('',(-0.,0.,-1.));
#2411 = DIRECTION('',(-0.550896981452,-0.834573253721,0.));
#2412 = ORIENTED_EDGE('',*,*,#2413,.F.);
#2413 = EDGE_CURVE('',#2414,#2405,#2416,.T.);
#2414 = VERTEX_POINT('',#2415);
#2415 = CARTESIAN_POINT('',(-11.09867960987,-19.0420856844,-11.5));
#2416 = LINE('',#2417,#2418);
#2417 = CARTESIAN_POINT('',(-11.09867960987,-19.0420856844,-11.5));
#2418 = VECTOR('',#2419,1.);
#2419 = DIRECTION('',(-0.858448793602,0.512899277406,0.));
#2420 = ORIENTED_EDGE('',*,*,#2421,.F.);
#2421 = EDGE_CURVE('',#2422,#2414,#2424,.T.);
#2422 = VERTEX_POINT('',#2423);
#2423 = CARTESIAN_POINT('',(-10.89550998072,-18.98107665399,-11.5));
#2424 = CIRCLE('',#2425,0.15);
#2425 = AXIS2_PLACEMENT_3D('',#2426,#2427,#2428);
#2426 = CARTESIAN_POINT('',(-11.0275993105,-18.90999635462,-11.5));
#2427 = DIRECTION('',(0.,-0.,-1.));
#2428 = DIRECTION('',(0.880595531857,-0.473868662473,0.));
#2429 = ORIENTED_EDGE('',*,*,#2430,.F.);
#2430 = EDGE_CURVE('',#2431,#2422,#2433,.T.);
#2431 = VERTEX_POINT('',#2432);
#2432 = CARTESIAN_POINT('',(-10.61167851804,-18.73635458055,-11.5));
#2433 = CIRCLE('',#2434,1.469292842572);
#2434 = AXIS2_PLACEMENT_3D('',#2435,#2436,#2437);
#2435 = CARTESIAN_POINT('',(-9.801979772244,-19.96240898321,-11.5));
#2436 = DIRECTION('',(0.,0.,1.));
#2437 = DIRECTION('',(-0.551080575869,0.834452035111,0.));
#2438 = ORIENTED_EDGE('',*,*,#2439,.F.);
#2439 = EDGE_CURVE('',#2440,#2431,#2442,.T.);
#2440 = VERTEX_POINT('',#2441);
#2441 = CARTESIAN_POINT('',(-9.79091874144,-19.17802425009,-11.5));
#2442 = CIRCLE('',#2443,0.559359353945);
#2443 = AXIS2_PLACEMENT_3D('',#2444,#2445,#2446);
#2444 = CARTESIAN_POINT('',(-10.34789433302,-19.22960988015,-11.5));
#2445 = DIRECTION('',(0.,-0.,1.));
#2446 = DIRECTION('',(0.995738406185,9.222270028809E-02,0.));
#2447 = ORIENTED_EDGE('',*,*,#2448,.F.);
#2448 = EDGE_CURVE('',#2449,#2440,#2451,.T.);
#2449 = VERTEX_POINT('',#2450);
#2450 = CARTESIAN_POINT('',(-9.838795342496,-19.54971904896,-11.5));
#2451 = CIRCLE('',#2452,1.469292842572);
#2452 = AXIS2_PLACEMENT_3D('',#2453,#2454,#2455);
#2453 = CARTESIAN_POINT('',(-11.26021154845,-19.17770100279,-11.5));
#2454 = DIRECTION('',(-0.,0.,1.));
#2455 = DIRECTION('',(0.967415184212,-0.253195302791,0.));
#2456 = ORIENTED_EDGE('',*,*,#2457,.F.);
#2457 = EDGE_CURVE('',#2458,#2449,#2460,.T.);
#2458 = VERTEX_POINT('',#2459);
#2459 = CARTESIAN_POINT('',(-9.777786312088,-19.75288867811,-11.5));
#2460 = CIRCLE('',#2461,0.15);
#2461 = AXIS2_PLACEMENT_3D('',#2462,#2463,#2464);
#2462 = CARTESIAN_POINT('',(-9.706706012718,-19.62079934833,-11.5));
#2463 = DIRECTION('',(-0.,0.,-1.));
#2464 = DIRECTION('',(-0.473868662473,-0.880595531857,0.));
#2465 = ORIENTED_EDGE('',*,*,#2466,.F.);
#2466 = EDGE_CURVE('',#2467,#2458,#2469,.T.);
#2467 = VERTEX_POINT('',#2468);
#2468 = CARTESIAN_POINT('',(-9.347080187893,-19.96030581569,-11.5));
#2469 = LINE('',#2470,#2471);
#2470 = CARTESIAN_POINT('',(-9.347080187893,-19.96030581569,-11.5));
#2471 = VECTOR('',#2472,1.);
#2472 = DIRECTION('',(-0.900968867902,0.433883739118,0.));
#2473 = ORIENTED_EDGE('',*,*,#2474,.F.);
#2474 = EDGE_CURVE('',#2475,#2467,#2477,.T.);
#2475 = VERTEX_POINT('',#2476);
#2476 = CARTESIAN_POINT('',(-9.150197267263,-19.88133040455,-11.5));
#2477 = CIRCLE('',#2478,0.15);
#2478 = AXIS2_PLACEMENT_3D('',#2479,#2480,#2481);
#2479 = CARTESIAN_POINT('',(-9.288126433145,-19.8223766498,-11.5));
#2480 = DIRECTION('',(0.,-0.,-1.));
#2481 = DIRECTION('',(0.919527772551,-0.393025031654,0.));
#2482 = ORIENTED_EDGE('',*,*,#2483,.F.);
#2483 = EDGE_CURVE('',#2484,#2475,#2486,.T.);
#2484 = VERTEX_POINT('',#2485);
#2485 = CARTESIAN_POINT('',(-8.889445144147,-19.61215105408,-11.5));
#2486 = CIRCLE('',#2487,1.469292842572);
#2487 = AXIS2_PLACEMENT_3D('',#2488,#2489,#2490);
#2488 = CARTESIAN_POINT('',(-7.973103338113,-20.76068888617,-11.5));
#2489 = DIRECTION('',(0.,0.,1.));
#2490 = DIRECTION('',(-0.623661791226,0.781694294571,0.));
#2491 = ORIENTED_EDGE('',*,*,#2492,.F.);
#2492 = EDGE_CURVE('',#2493,#2484,#2495,.T.);
#2493 = VERTEX_POINT('',#2494);
#2494 = CARTESIAN_POINT('',(-8.032398541159,-19.97847035222,-11.5));
#2495 = CIRCLE('',#2496,0.559359353945);
#2496 = AXIS2_PLACEMENT_3D('',#2497,#2498,#2499);
#2497 = CARTESIAN_POINT('',(-8.582507812529,-20.0797752208,-11.5));
#2498 = DIRECTION('',(0.,-0.,1.));
#2499 = DIRECTION('',(0.983463076985,0.181108741389,0.));
#2500 = ORIENTED_EDGE('',*,*,#2501,.F.);
#2501 = EDGE_CURVE('',#2502,#2493,#2504,.T.);
#2502 = VERTEX_POINT('',#2503);
#2503 = CARTESIAN_POINT('',(-8.046763940201,-20.35296044254,-11.5));
#2504 = CIRCLE('',#2505,1.469292842572);
#2505 = AXIS2_PLACEMENT_3D('',#2506,#2507,#2508);
#2506 = CARTESIAN_POINT('',(-9.495805382962,-20.10985479802,-11.5));
#2507 = DIRECTION('',(-0.,0.,1.));
#2508 = DIRECTION('',(0.986216907056,-0.165457584405,0.));
#2509 = ORIENTED_EDGE('',*,*,#2510,.F.);
#2510 = EDGE_CURVE('',#2511,#2502,#2513,.T.);
#2511 = VERTEX_POINT('',#2512);
#2512 = CARTESIAN_POINT('',(-7.967788529066,-20.54984336317,-11.5));
#2513 = CIRCLE('',#2514,0.15);
#2514 = AXIS2_PLACEMENT_3D('',#2515,#2516,#2517);
#2515 = CARTESIAN_POINT('',(-7.908834774318,-20.41191419728,-11.5));
#2516 = DIRECTION('',(-0.,0.,-1.));
#2517 = DIRECTION('',(-0.393025031654,-0.919527772551,0.));
#2518 = ORIENTED_EDGE('',*,*,#2519,.F.);
#2519 = EDGE_CURVE('',#2520,#2511,#2522,.T.);
#2520 = VERTEX_POINT('',#2521);
#2521 = CARTESIAN_POINT('',(-7.520223572234,-20.71781730101,-11.5));
#2522 = LINE('',#2523,#2524);
#2523 = CARTESIAN_POINT('',(-7.520223572234,-20.71781730101,-11.5));
#2524 = VECTOR('',#2525,1.);
#2525 = DIRECTION('',(-0.93623487064,0.351374824081,0.));
#2526 = ORIENTED_EDGE('',*,*,#2527,.F.);
#2527 = EDGE_CURVE('',#2528,#2520,#2530,.T.);
#2528 = VERTEX_POINT('',#2529);
#2529 = CARTESIAN_POINT('',(-7.331212545634,-20.62151137273,-11.5));
#2530 = CIRCLE('',#2531,0.15);
#2531 = AXIS2_PLACEMENT_3D('',#2532,#2533,#2534);
#2532 = CARTESIAN_POINT('',(-7.473871023078,-20.57515882357,-11.5));
#2533 = DIRECTION('',(0.,-0.,-1.));
#2534 = DIRECTION('',(0.951056516295,-0.309016994375,0.));
#2535 = ORIENTED_EDGE('',*,*,#2536,.F.);
#2536 = EDGE_CURVE('',#2537,#2528,#2539,.T.);
#2537 = VERTEX_POINT('',#2538);
#2538 = CARTESIAN_POINT('',(-7.095639184854,-20.33004201907,-11.5));
#2539 = CIRCLE('',#2540,1.469292842572);
#2540 = AXIS2_PLACEMENT_3D('',#2541,#2542,#2543);
#2541 = CARTESIAN_POINT('',(-6.080032164013,-21.3918159293,-11.5));
#2542 = DIRECTION('',(0.,0.,1.));
#2543 = DIRECTION('',(-0.691221648547,0.722642811201,0.));
#2544 = ORIENTED_EDGE('',*,*,#2545,.F.);
#2545 = EDGE_CURVE('',#2546,#2537,#2548,.T.);
#2546 = VERTEX_POINT('',#2547);
#2547 = CARTESIAN_POINT('',(-6.209206190797,-20.61806155823,-11.5));
#2548 = CIRCLE('',#2549,0.559359353945);
#2549 = AXIS2_PLACEMENT_3D('',#2550,#2551,#2552);
#2550 = CARTESIAN_POINT('',(-6.748019985563,-20.76827001809,-11.5));
#2551 = DIRECTION('',(0.,-0.,1.));
#2552 = DIRECTION('',(0.963269481356,0.268536601394,0.));
#2553 = ORIENTED_EDGE('',*,*,#2554,.F.);
#2554 = EDGE_CURVE('',#2555,#2546,#2557,.T.);
#2555 = VERTEX_POINT('',#2556);
#2556 = CARTESIAN_POINT('',(-6.18994472608,-20.99233176598,-11.5));
#2557 = CIRCLE('',#2558,1.469292842572);
#2558 = AXIS2_PLACEMENT_3D('',#2559,#2560,#2561);
#2559 = CARTESIAN_POINT('',(-7.654944575968,-20.88009586682,-11.5));
#2560 = DIRECTION('',(-0.,0.,1.));
#2561 = DIRECTION('',(0.99707819125,-7.638769883618E-02,0.));
#2562 = ORIENTED_EDGE('',*,*,#2563,.F.);
#2563 = EDGE_CURVE('',#2564,#2555,#2566,.T.);
#2564 = VERTEX_POINT('',#2565);
#2565 = CARTESIAN_POINT('',(-6.093638797792,-21.18134279258,-11.5));
#2566 = CIRCLE('',#2567,0.15);
#2567 = AXIS2_PLACEMENT_3D('',#2568,#2569,#2570);
#2568 = CARTESIAN_POINT('',(-6.047286248635,-21.03868431513,-11.5));
#2569 = DIRECTION('',(-0.,0.,-1.));
#2570 = DIRECTION('',(-0.309016994375,-0.951056516295,0.));
#2571 = ORIENTED_EDGE('',*,*,#2572,.F.);
#2572 = EDGE_CURVE('',#2573,#2564,#2575,.T.);
#2573 = VERTEX_POINT('',#2574);
#2574 = CARTESIAN_POINT('',(-5.632818538192,-21.30852110331,-11.5));
#2575 = LINE('',#2576,#2577);
#2576 = CARTESIAN_POINT('',(-5.632818538192,-21.30852110331,-11.5));
#2577 = VECTOR('',#2578,1.);
#2578 = DIRECTION('',(-0.963962860696,0.266036845567,0.));
#2579 = ORIENTED_EDGE('',*,*,#2580,.F.);
#2580 = EDGE_CURVE('',#2581,#2573,#2583,.T.);
#2581 = VERTEX_POINT('',#2582);
#2582 = CARTESIAN_POINT('',(-5.453201211271,-21.19566005658,-11.5));
#2583 = CIRCLE('',#2584,0.15);
#2584 = AXIS2_PLACEMENT_3D('',#2585,#2586,#2587);
#2585 = CARTESIAN_POINT('',(-5.599440398098,-21.16228191649,-11.5));
#2586 = DIRECTION('',(0.,-0.,-1.));
#2587 = DIRECTION('',(0.974927912182,-0.222520933956,0.));
#2588 = ORIENTED_EDGE('',*,*,#2589,.F.);
#2589 = EDGE_CURVE('',#2590,#2581,#2592,.T.);
#2590 = VERTEX_POINT('',#2591);
#2591 = CARTESIAN_POINT('',(-5.244703311012,-20.88424743959,-11.5));
#2592 = CIRCLE('',#2593,1.469292842572);
#2593 = AXIS2_PLACEMENT_3D('',#2594,#2595,#2596);
#2594 = CARTESIAN_POINT('',(-4.138008145929,-21.85070864875,-11.5));
#2595 = DIRECTION('',(0.,0.,1.));
#2596 = DIRECTION('',(-0.753216195586,0.657773032822,0.));
#2597 = ORIENTED_EDGE('',*,*,#2598,.F.);
#2598 = EDGE_CURVE('',#2599,#2590,#2601,.T.);
#2599 = VERTEX_POINT('',#2600);
#2600 = CARTESIAN_POINT('',(-4.336020963142,-21.09164825579,-11.5));
#2601 = CIRCLE('',#2602,0.559359353945);
#2602 = AXIS2_PLACEMENT_3D('',#2603,#2604,#2605);
#2603 = CARTESIAN_POINT('',(-4.859201069445,-21.28955091675,-11.5));
#2604 = DIRECTION('',(0.,-0.,1.));
#2605 = DIRECTION('',(0.935320206256,0.353802362582,0.));
#2606 = ORIENTED_EDGE('',*,*,#2607,.F.);
#2607 = EDGE_CURVE('',#2608,#2599,#2610,.T.);
#2608 = VERTEX_POINT('',#2609);
#2609 = CARTESIAN_POINT('',(-4.283287716653,-21.46268517733,-11.5));
#2610 = CIRCLE('',#2611,1.469292842572);
#2611 = AXIS2_PLACEMENT_3D('',#2612,#2613,#2614);
#2612 = CARTESIAN_POINT('',(-5.752450656284,-21.48222268099,-11.5));
#2613 = DIRECTION('',(0.,-0.,1.));
#2614 = DIRECTION('',(0.999911588121,1.329721556806E-02,0.));
#2615 = ORIENTED_EDGE('',*,*,#2616,.F.);
#2616 = EDGE_CURVE('',#2617,#2608,#2619,.T.);
#2617 = VERTEX_POINT('',#2618);
#2618 = CARTESIAN_POINT('',(-4.170426669919,-21.64230250425,-11.5));
#2619 = CIRCLE('',#2620,0.15);
#2620 = AXIS2_PLACEMENT_3D('',#2621,#2622,#2623);
#2621 = CARTESIAN_POINT('',(-4.137048529825,-21.49606331742,-11.5));
#2622 = DIRECTION('',(-0.,0.,-1.));
#2623 = DIRECTION('',(-0.222520933956,-0.974927912182,0.));
#2624 = ORIENTED_EDGE('',*,*,#2625,.F.);
#2625 = EDGE_CURVE('',#2626,#2617,#2628,.T.);
#2626 = VERTEX_POINT('',#2627);
#2627 = CARTESIAN_POINT('',(-3.700061361323,-21.7276612229,-11.5));
#2628 = LINE('',#2629,#2630);
#2629 = CARTESIAN_POINT('',(-3.700061361323,-21.7276612229,-11.5));
#2630 = VECTOR('',#2631,1.);
#2631 = DIRECTION('',(-0.983929588599,0.178556894799,0.));
#2632 = ORIENTED_EDGE('',*,*,#2633,.F.);
#2633 = EDGE_CURVE('',#2634,#2626,#2636,.T.);
#2634 = VERTEX_POINT('',#2635);
#2635 = CARTESIAN_POINT('',(-3.531283907185,-21.59915374851,-11.5));
#2636 = CIRCLE('',#2637,0.15);
#2637 = AXIS2_PLACEMENT_3D('',#2638,#2639,#2640);
#2638 = CARTESIAN_POINT('',(-3.67992637145,-21.57901875863,-11.5));
#2639 = DIRECTION('',(0.,-0.,-1.));
#2640 = DIRECTION('',(0.990949761768,-0.134233265818,0.));
#2641 = ORIENTED_EDGE('',*,*,#2642,.F.);
#2642 = EDGE_CURVE('',#2643,#2634,#2645,.T.);
#2643 = VERTEX_POINT('',#2644);
#2644 = CARTESIAN_POINT('',(-3.351540169946,-21.27030517947,-11.5));
#2645 = CIRCLE('',#2646,1.469292842572);
#2646 = AXIS2_PLACEMENT_3D('',#2647,#2648,#2649);
#2647 = CARTESIAN_POINT('',(-2.162667319363,-22.13367231018,-11.5));
#2648 = DIRECTION('',(0.,0.,1.));
#2649 = DIRECTION('',(-0.809146288702,0.587607252746,0.));
#2650 = ORIENTED_EDGE('',*,*,#2651,.F.);
#2651 = EDGE_CURVE('',#2652,#2643,#2654,.T.);
#2652 = VERTEX_POINT('',#2653);
#2653 = CARTESIAN_POINT('',(-2.42792464423,-21.39541740328,-11.5));
#2654 = CIRCLE('',#2655,0.559359353945);
#2655 = AXIS2_PLACEMENT_3D('',#2656,#2657,#2658);
#2656 = CARTESIAN_POINT('',(-2.93125872348,-21.63942086947,-11.5));
#2657 = DIRECTION('',(0.,-0.,1.));
#2658 = DIRECTION('',(0.899840282815,0.436219515179,0.));
#2659 = ORIENTED_EDGE('',*,*,#2660,.F.);
#2660 = EDGE_CURVE('',#2661,#2652,#2663,.T.);
#2661 = VERTEX_POINT('',#2662);
#2662 = CARTESIAN_POINT('',(-2.342144193064,-21.76023366749,-11.5));
#2663 = CIRCLE('',#2664,1.469292842572);
#2664 = AXIS2_PLACEMENT_3D('',#2665,#2666,#2667);
#2665 = CARTESIAN_POINT('',(-3.803641386301,-21.91138726948,-11.5));
#2666 = DIRECTION('',(0.,-0.,1.));
#2667 = DIRECTION('',(0.994694284822,0.102875068611,0.));
#2668 = ORIENTED_EDGE('',*,*,#2669,.F.);
#2669 = EDGE_CURVE('',#2670,#2661,#2672,.T.);
#2670 = VERTEX_POINT('',#2671);
#2671 = CARTESIAN_POINT('',(-2.213636718671,-21.92901112162,-11.5));
#2672 = CIRCLE('',#2673,0.15);
#2673 = AXIS2_PLACEMENT_3D('',#2674,#2675,#2676);
#2674 = CARTESIAN_POINT('',(-2.193501728798,-21.78036865736,-11.5));
#2675 = DIRECTION('',(-0.,0.,-1.));
#2676 = DIRECTION('',(-0.134233265818,-0.990949761768,0.));
#2677 = ORIENTED_EDGE('',*,*,#2678,.F.);
#2678 = EDGE_CURVE('',#2679,#2670,#2681,.T.);
#2679 = VERTEX_POINT('',#2680);
#2680 = CARTESIAN_POINT('',(-1.737513465974,-21.97186298997,-11.5));
#2681 = LINE('',#2682,#2683);
#2682 = CARTESIAN_POINT('',(-1.737513465974,-21.97186298997,-11.5));
#2683 = VECTOR('',#2684,1.);
#2684 = DIRECTION('',(-0.995974293995,8.963930890343E-02,0.));
#2685 = ORIENTED_EDGE('',*,*,#2686,.F.);
#2686 = EDGE_CURVE('',#2687,#2679,#2689,.T.);
#2687 = VERTEX_POINT('',#2688);
#2688 = CARTESIAN_POINT('',(-1.58093478144,-21.82874375454,-11.5));
#2689 = CIRCLE('',#2690,0.15);
#2690 = AXIS2_PLACEMENT_3D('',#2691,#2692,#2693);
#2691 = CARTESIAN_POINT('',(-1.730783741421,-21.82201402999,-11.5));
#2692 = DIRECTION('',(0.,-0.,-1.));
#2693 = DIRECTION('',(0.998993066541,-4.48648303505E-02,0.));
#2694 = ORIENTED_EDGE('',*,*,#2695,.F.);
#2695 = EDGE_CURVE('',#2696,#2687,#2698,.T.);
#2696 = VERTEX_POINT('',#2697);
#2697 = CARTESIAN_POINT('',(-1.431392398105,-21.48510692878,-11.5));
#2698 = CIRCLE('',#2699,1.469292842572);
#2699 = AXIS2_PLACEMENT_3D('',#2700,#2701,#2702);
#2700 = CARTESIAN_POINT('',(-0.169913967169,-22.23842865655,-11.5));
#2701 = DIRECTION('',(0.,0.,1.));
#2702 = DIRECTION('',(-0.858561611671,0.51271040458,0.));
#2703 = ORIENTED_EDGE('',*,*,#2704,.F.);
#2704 = EDGE_CURVE('',#2705,#2696,#2707,.T.);
#2705 = VERTEX_POINT('',#2706);
#2706 = CARTESIAN_POINT('',(-0.50028010368,-21.52692323014,-11.5));
#2707 = CIRCLE('',#2708,0.559359353945);
#2708 = AXIS2_PLACEMENT_3D('',#2709,#2710,#2711);
#2709 = CARTESIAN_POINT('',(-0.979715605825,-21.81506292913,-11.5));
#2710 = DIRECTION('',(0.,-0.,1.));
#2711 = DIRECTION('',(0.857115374515,0.515124484732,0.));
#2712 = ORIENTED_EDGE('',*,*,#2713,.F.);
#2713 = EDGE_CURVE('',#2714,#2705,#2716,.T.);
#2714 = VERTEX_POINT('',#2715);
#2715 = CARTESIAN_POINT('',(-0.382143101591,-21.88258155096,-11.5));
#2716 = CIRCLE('',#2717,1.469292842572);
#2717 = AXIS2_PLACEMENT_3D('',#2718,#2719,#2720);
#2718 = CARTESIAN_POINT('',(-1.82420743238,-22.16413425136,-11.5));
#2719 = DIRECTION('',(0.,-0.,1.));
#2720 = DIRECTION('',(0.981468288013,0.191624632091,0.));
#2721 = ORIENTED_EDGE('',*,*,#2722,.F.);
#2722 = EDGE_CURVE('',#2723,#2714,#2725,.T.);
#2723 = VERTEX_POINT('',#2724);
#2724 = CARTESIAN_POINT('',(-0.239023866162,-22.0391602355,-11.5));
#2725 = CIRCLE('',#2726,0.15);
#2726 = AXIS2_PLACEMENT_3D('',#2727,#2728,#2729);
#2727 = CARTESIAN_POINT('',(-0.232294141609,-21.88931127552,-11.5));
#2728 = DIRECTION('',(-0.,0.,-1.));
#2729 = DIRECTION('',(-4.486483035052E-02,-0.998993066541,0.));
#2730 = ORIENTED_EDGE('',*,*,#2731,.F.);
#2731 = EDGE_CURVE('',#2732,#2723,#2734,.T.);
#2732 = VERTEX_POINT('',#2733);
#2733 = CARTESIAN_POINT('',(0.239023866162,-22.0391602355,-11.5));
#2734 = LINE('',#2735,#2736);
#2735 = CARTESIAN_POINT('',(0.239023866162,-22.0391602355,-11.5));
#2736 = VECTOR('',#2737,1.);
#2737 = DIRECTION('',(-1.,7.43E-15,0.));
#2738 = ORIENTED_EDGE('',*,*,#2739,.F.);
#2739 = EDGE_CURVE('',#2740,#2732,#2742,.T.);
#2740 = VERTEX_POINT('',#2741);
#2741 = CARTESIAN_POINT('',(0.382143101591,-21.88258155096,-11.5));
#2742 = CIRCLE('',#2743,0.15);
#2743 = AXIS2_PLACEMENT_3D('',#2744,#2745,#2746);
#2744 = CARTESIAN_POINT('',(0.232294141609,-21.88931127552,-11.5));
#2745 = DIRECTION('',(0.,0.,-1.));
#2746 = DIRECTION('',(0.998993066541,4.486483035052E-02,0.));
#2747 = ORIENTED_EDGE('',*,*,#2748,.F.);
#2748 = EDGE_CURVE('',#2749,#2740,#2751,.T.);
#2749 = VERTEX_POINT('',#2750);
#2750 = CARTESIAN_POINT('',(0.50028010368,-21.52692323014,-11.5));
#2751 = CIRCLE('',#2752,1.469292842572);
#2752 = AXIS2_PLACEMENT_3D('',#2753,#2754,#2755);
#2753 = CARTESIAN_POINT('',(1.82420743238,-22.16413425136,-11.5));
#2754 = DIRECTION('',(0.,0.,1.));
#2755 = DIRECTION('',(-0.90106430137,0.433685513704,0.));
#2756 = ORIENTED_EDGE('',*,*,#2757,.F.);
#2757 = EDGE_CURVE('',#2758,#2749,#2760,.T.);
#2758 = VERTEX_POINT('',#2759);
#2759 = CARTESIAN_POINT('',(1.431392398105,-21.48510692878,-11.5));
#2760 = CIRCLE('',#2761,0.559359353945);
#2761 = AXIS2_PLACEMENT_3D('',#2762,#2763,#2764);
#2762 = CARTESIAN_POINT('',(0.979715605825,-21.81506292913,-11.5));
#2763 = DIRECTION('',(0.,-0.,1.));
#2764 = DIRECTION('',(0.807489477194,0.589881974823,0.));
#2765 = ORIENTED_EDGE('',*,*,#2766,.F.);
#2766 = EDGE_CURVE('',#2767,#2758,#2769,.T.);
#2767 = VERTEX_POINT('',#2768);
#2768 = CARTESIAN_POINT('',(1.58093478144,-21.82874375454,-11.5));
#2769 = CIRCLE('',#2770,1.469292842572);
#2770 = AXIS2_PLACEMENT_3D('',#2771,#2772,#2773);
#2771 = CARTESIAN_POINT('',(0.169913967169,-22.23842865655,-11.5));
#2772 = DIRECTION('',(0.,-0.,1.));
#2773 = DIRECTION('',(0.960340085643,0.278831346707,0.));
#2774 = ORIENTED_EDGE('',*,*,#2775,.F.);
#2775 = EDGE_CURVE('',#2776,#2767,#2778,.T.);
#2776 = VERTEX_POINT('',#2777);
#2777 = CARTESIAN_POINT('',(1.737513465974,-21.97186298997,-11.5));
#2778 = CIRCLE('',#2779,0.15);
#2779 = AXIS2_PLACEMENT_3D('',#2780,#2781,#2782);
#2780 = CARTESIAN_POINT('',(1.730783741421,-21.82201402999,-11.5));
#2781 = DIRECTION('',(0.,-0.,-1.));
#2782 = DIRECTION('',(4.48648303505E-02,-0.998993066541,0.));
#2783 = ORIENTED_EDGE('',*,*,#2784,.F.);
#2784 = EDGE_CURVE('',#2785,#2776,#2787,.T.);
#2785 = VERTEX_POINT('',#2786);
#2786 = CARTESIAN_POINT('',(2.213636718671,-21.92901112162,-11.5));
#2787 = LINE('',#2788,#2789);
#2788 = CARTESIAN_POINT('',(2.213636718671,-21.92901112162,-11.5));
#2789 = VECTOR('',#2790,1.);
#2790 = DIRECTION('',(-0.995974293995,-8.963930890342E-02,0.));
#2791 = ORIENTED_EDGE('',*,*,#2792,.F.);
#2792 = EDGE_CURVE('',#2793,#2785,#2795,.T.);
#2793 = VERTEX_POINT('',#2794);
#2794 = CARTESIAN_POINT('',(2.342144193064,-21.76023366749,-11.5));
#2795 = CIRCLE('',#2796,0.15);
#2796 = AXIS2_PLACEMENT_3D('',#2797,#2798,#2799);
#2797 = CARTESIAN_POINT('',(2.193501728798,-21.78036865736,-11.5));
#2798 = DIRECTION('',(0.,0.,-1.));
#2799 = DIRECTION('',(0.990949761768,0.134233265818,0.));
#2800 = ORIENTED_EDGE('',*,*,#2801,.F.);
#2801 = EDGE_CURVE('',#2802,#2793,#2804,.T.);
#2802 = VERTEX_POINT('',#2803);
#2803 = CARTESIAN_POINT('',(2.42792464423,-21.39541740328,-11.5));
#2804 = CIRCLE('',#2805,1.469292842572);
#2805 = AXIS2_PLACEMENT_3D('',#2806,#2807,#2808);
#2806 = CARTESIAN_POINT('',(3.803641386301,-21.91138726948,-11.5));
#2807 = DIRECTION('',(0.,0.,1.));
#2808 = DIRECTION('',(-0.936312151131,0.351168842075,0.));
#2809 = ORIENTED_EDGE('',*,*,#2810,.F.);
#2810 = EDGE_CURVE('',#2811,#2802,#2813,.T.);
#2811 = VERTEX_POINT('',#2812);
#2812 = CARTESIAN_POINT('',(3.351540169946,-21.27030517947,-11.5));
#2813 = CIRCLE('',#2814,0.559359353945);
#2814 = AXIS2_PLACEMENT_3D('',#2815,#2816,#2817);
#2815 = CARTESIAN_POINT('',(2.931258723479,-21.63942086947,-11.5));
#2816 = DIRECTION('',(0.,-0.,1.));
#2817 = DIRECTION('',(0.751362149399,0.659890082097,0.));
#2818 = ORIENTED_EDGE('',*,*,#2819,.F.);
#2819 = EDGE_CURVE('',#2820,#2811,#2822,.T.);
#2820 = VERTEX_POINT('',#2821);
#2821 = CARTESIAN_POINT('',(3.531283907185,-21.59915374851,-11.5));
#2822 = CIRCLE('',#2823,1.469292842572);
#2823 = AXIS2_PLACEMENT_3D('',#2824,#2825,#2826);
#2824 = CARTESIAN_POINT('',(2.162667319363,-22.13367231018,-11.5));
#2825 = DIRECTION('',(0.,-0.,1.));
#2826 = DIRECTION('',(0.931479789574,0.36379307527,0.));
#2827 = ORIENTED_EDGE('',*,*,#2828,.F.);
#2828 = EDGE_CURVE('',#2829,#2820,#2831,.T.);
#2829 = VERTEX_POINT('',#2830);
#2830 = CARTESIAN_POINT('',(3.700061361323,-21.7276612229,-11.5));
#2831 = CIRCLE('',#2832,0.15);
#2832 = AXIS2_PLACEMENT_3D('',#2833,#2834,#2835);
#2833 = CARTESIAN_POINT('',(3.67992637145,-21.57901875863,-11.5));
#2834 = DIRECTION('',(0.,-0.,-1.));
#2835 = DIRECTION('',(0.134233265818,-0.990949761768,0.));
#2836 = ORIENTED_EDGE('',*,*,#2837,.F.);
#2837 = EDGE_CURVE('',#2838,#2829,#2840,.T.);
#2838 = VERTEX_POINT('',#2839);
#2839 = CARTESIAN_POINT('',(4.170426669919,-21.64230250425,-11.5));
#2840 = LINE('',#2841,#2842);
#2841 = CARTESIAN_POINT('',(4.170426669919,-21.64230250425,-11.5));
#2842 = VECTOR('',#2843,1.);
#2843 = DIRECTION('',(-0.983929588599,-0.178556894799,0.));
#2844 = ORIENTED_EDGE('',*,*,#2845,.F.);
#2845 = EDGE_CURVE('',#2846,#2838,#2848,.T.);
#2846 = VERTEX_POINT('',#2847);
#2847 = CARTESIAN_POINT('',(4.283287716653,-21.46268517733,-11.5));
#2848 = CIRCLE('',#2849,0.15);
#2849 = AXIS2_PLACEMENT_3D('',#2850,#2851,#2852);
#2850 = CARTESIAN_POINT('',(4.137048529825,-21.49606331742,-11.5));
#2851 = DIRECTION('',(0.,0.,-1.));
#2852 = DIRECTION('',(0.974927912182,0.222520933956,0.));
#2853 = ORIENTED_EDGE('',*,*,#2854,.F.);
#2854 = EDGE_CURVE('',#2855,#2846,#2857,.T.);
#2855 = VERTEX_POINT('',#2856);
#2856 = CARTESIAN_POINT('',(4.336020963142,-21.09164825579,-11.5));
#2857 = CIRCLE('',#2858,1.469292842572);
#2858 = AXIS2_PLACEMENT_3D('',#2859,#2860,#2861);
#2859 = CARTESIAN_POINT('',(5.752450656284,-21.48222268099,-11.5));
#2860 = DIRECTION('',(0.,0.,1.));
#2861 = DIRECTION('',(-0.964021365994,0.265824765413,0.));
#2862 = ORIENTED_EDGE('',*,*,#2863,.F.);
#2863 = EDGE_CURVE('',#2864,#2855,#2866,.T.);
#2864 = VERTEX_POINT('',#2865);
#2865 = CARTESIAN_POINT('',(5.244703311012,-20.88424743959,-11.5));
#2866 = CIRCLE('',#2867,0.559359353945);
#2867 = AXIS2_PLACEMENT_3D('',#2868,#2869,#2870);
#2868 = CARTESIAN_POINT('',(4.859201069445,-21.28955091675,-11.5));
#2869 = DIRECTION('',(0.,-0.,1.));
#2870 = DIRECTION('',(0.689185295371,0.724585142439,0.));
#2871 = ORIENTED_EDGE('',*,*,#2872,.F.);
#2872 = EDGE_CURVE('',#2873,#2864,#2875,.T.);
#2873 = VERTEX_POINT('',#2874);
#2874 = CARTESIAN_POINT('',(5.453201211271,-21.19566005658,-11.5));
#2875 = CIRCLE('',#2876,1.469292842572);
#2876 = AXIS2_PLACEMENT_3D('',#2877,#2878,#2879);
#2877 = CARTESIAN_POINT('',(4.138008145929,-21.85070864875,-11.5));
#2878 = DIRECTION('',(0.,-0.,1.));
#2879 = DIRECTION('',(0.895119765941,0.445825755897,0.));
#2880 = ORIENTED_EDGE('',*,*,#2881,.F.);
#2881 = EDGE_CURVE('',#2882,#2873,#2884,.T.);
#2882 = VERTEX_POINT('',#2883);
#2883 = CARTESIAN_POINT('',(5.632818538192,-21.30852110331,-11.5));
#2884 = CIRCLE('',#2885,0.15);
#2885 = AXIS2_PLACEMENT_3D('',#2886,#2887,#2888);
#2886 = CARTESIAN_POINT('',(5.599440398098,-21.16228191649,-11.5));
#2887 = DIRECTION('',(0.,-0.,-1.));
#2888 = DIRECTION('',(0.222520933956,-0.974927912182,0.));
#2889 = ORIENTED_EDGE('',*,*,#2890,.F.);
#2890 = EDGE_CURVE('',#2891,#2882,#2893,.T.);
#2891 = VERTEX_POINT('',#2892);
#2892 = CARTESIAN_POINT('',(6.093638797792,-21.18134279258,-11.5));
#2893 = LINE('',#2894,#2895);
#2894 = CARTESIAN_POINT('',(6.093638797792,-21.18134279258,-11.5));
#2895 = VECTOR('',#2896,1.);
#2896 = DIRECTION('',(-0.963962860696,-0.266036845567,0.));
#2897 = ORIENTED_EDGE('',*,*,#2898,.F.);
#2898 = EDGE_CURVE('',#2899,#2891,#2901,.T.);
#2899 = VERTEX_POINT('',#2900);
#2900 = CARTESIAN_POINT('',(6.18994472608,-20.99233176598,-11.5));
#2901 = CIRCLE('',#2902,0.15);
#2902 = AXIS2_PLACEMENT_3D('',#2903,#2904,#2905);
#2903 = CARTESIAN_POINT('',(6.047286248635,-21.03868431513,-11.5));
#2904 = DIRECTION('',(0.,0.,-1.));
#2905 = DIRECTION('',(0.951056516295,0.309016994375,0.));
#2906 = ORIENTED_EDGE('',*,*,#2907,.F.);
#2907 = EDGE_CURVE('',#2908,#2899,#2910,.T.);
#2908 = VERTEX_POINT('',#2909);
#2909 = CARTESIAN_POINT('',(6.209206190797,-20.61806155823,-11.5));
#2910 = CIRCLE('',#2911,1.469292842572);
#2911 = AXIS2_PLACEMENT_3D('',#2912,#2913,#2914);
#2912 = CARTESIAN_POINT('',(7.654944575968,-20.88009586682,-11.5));
#2913 = DIRECTION('',(0.,0.,1.));
#2914 = DIRECTION('',(-0.983968847653,0.178340424043,0.));
#2915 = ORIENTED_EDGE('',*,*,#2916,.F.);
#2916 = EDGE_CURVE('',#2917,#2908,#2919,.T.);
#2917 = VERTEX_POINT('',#2918);
#2918 = CARTESIAN_POINT('',(7.095639184854,-20.33004201907,-11.5));
#2919 = CIRCLE('',#2920,0.559359353945);
#2920 = AXIS2_PLACEMENT_3D('',#2921,#2922,#2923);
#2921 = CARTESIAN_POINT('',(6.748019985563,-20.76827001809,-11.5));
#2922 = DIRECTION('',(0.,-0.,1.));
#2923 = DIRECTION('',(0.62145952658,0.783446269264,0.));
#2924 = ORIENTED_EDGE('',*,*,#2925,.F.);
#2925 = EDGE_CURVE('',#2926,#2917,#2928,.T.);
#2926 = VERTEX_POINT('',#2927);
#2927 = CARTESIAN_POINT('',(7.331212545634,-20.62151137273,-11.5));
#2928 = CIRCLE('',#2929,1.469292842572);
#2929 = AXIS2_PLACEMENT_3D('',#2930,#2931,#2932);
#2930 = CARTESIAN_POINT('',(6.080032164013,-21.3918159293,-11.5));
#2931 = DIRECTION('',(0.,-0.,1.));
#2932 = DIRECTION('',(0.851552764274,0.52426890968,0.));
#2933 = ORIENTED_EDGE('',*,*,#2934,.F.);
#2934 = EDGE_CURVE('',#2935,#2926,#2937,.T.);
#2935 = VERTEX_POINT('',#2936);
#2936 = CARTESIAN_POINT('',(7.520223572234,-20.71781730101,-11.5));
#2937 = CIRCLE('',#2938,0.15);
#2938 = AXIS2_PLACEMENT_3D('',#2939,#2940,#2941);
#2939 = CARTESIAN_POINT('',(7.473871023078,-20.57515882357,-11.5));
#2940 = DIRECTION('',(0.,-0.,-1.));
#2941 = DIRECTION('',(0.309016994375,-0.951056516295,0.));
#2942 = ORIENTED_EDGE('',*,*,#2943,.F.);
#2943 = EDGE_CURVE('',#2944,#2935,#2946,.T.);
#2944 = VERTEX_POINT('',#2945);
#2945 = CARTESIAN_POINT('',(7.967788529066,-20.54984336317,-11.5));
#2946 = LINE('',#2947,#2948);
#2947 = CARTESIAN_POINT('',(7.967788529066,-20.54984336317,-11.5));
#2948 = VECTOR('',#2949,1.);
#2949 = DIRECTION('',(-0.93623487064,-0.351374824081,0.));
#2950 = ORIENTED_EDGE('',*,*,#2951,.F.);
#2951 = EDGE_CURVE('',#2952,#2944,#2954,.T.);
#2952 = VERTEX_POINT('',#2953);
#2953 = CARTESIAN_POINT('',(8.046763940201,-20.35296044254,-11.5));
#2954 = CIRCLE('',#2955,0.15);
#2955 = AXIS2_PLACEMENT_3D('',#2956,#2957,#2958);
#2956 = CARTESIAN_POINT('',(7.908834774318,-20.41191419728,-11.5));
#2957 = DIRECTION('',(0.,0.,-1.));
#2958 = DIRECTION('',(0.919527772551,0.393025031654,0.));
#2959 = ORIENTED_EDGE('',*,*,#2960,.F.);
#2960 = EDGE_CURVE('',#2961,#2952,#2963,.T.);
#2961 = VERTEX_POINT('',#2962);
#2962 = CARTESIAN_POINT('',(8.032398541159,-19.97847035222,-11.5));
#2963 = CIRCLE('',#2964,1.469292842572);
#2964 = AXIS2_PLACEMENT_3D('',#2965,#2966,#2967);
#2965 = CARTESIAN_POINT('',(9.495805382962,-20.10985479802,-11.5));
#2966 = DIRECTION('',(0.,0.,1.));
#2967 = DIRECTION('',(-0.995993990716,8.942019044101E-02,0.));
#2968 = ORIENTED_EDGE('',*,*,#2969,.F.);
#2969 = EDGE_CURVE('',#2970,#2961,#2972,.T.);
#2970 = VERTEX_POINT('',#2971);
#2971 = CARTESIAN_POINT('',(8.889445144147,-19.61215105408,-11.5));
#2972 = CIRCLE('',#2973,0.559359353945);
#2973 = AXIS2_PLACEMENT_3D('',#2974,#2975,#2976);
#2974 = CARTESIAN_POINT('',(8.582507812529,-20.0797752208,-11.5));
#2975 = DIRECTION('',(0.,-0.,1.));
#2976 = DIRECTION('',(0.548730131092,0.835999547387,0.));
#2977 = ORIENTED_EDGE('',*,*,#2978,.F.);
#2978 = EDGE_CURVE('',#2979,#2970,#2981,.T.);
#2979 = VERTEX_POINT('',#2980);
#2980 = CARTESIAN_POINT('',(9.150197267263,-19.88133040455,-11.5));
#2981 = CIRCLE('',#2982,1.469292842572);
#2982 = AXIS2_PLACEMENT_3D('',#2983,#2984,#2985);
#2983 = CARTESIAN_POINT('',(7.973103338113,-20.76068888617,-11.5));
#2984 = DIRECTION('',(0.,-0.,1.));
#2985 = DIRECTION('',(0.801129560455,0.598490958466,0.));
#2986 = ORIENTED_EDGE('',*,*,#2987,.F.);
#2987 = EDGE_CURVE('',#2988,#2979,#2990,.T.);
#2988 = VERTEX_POINT('',#2989);
#2989 = CARTESIAN_POINT('',(9.347080187893,-19.96030581569,-11.5));
#2990 = CIRCLE('',#2991,0.15);
#2991 = AXIS2_PLACEMENT_3D('',#2992,#2993,#2994);
#2992 = CARTESIAN_POINT('',(9.288126433145,-19.8223766498,-11.5));
#2993 = DIRECTION('',(0.,-0.,-1.));
#2994 = DIRECTION('',(0.393025031654,-0.919527772551,0.));
#2995 = ORIENTED_EDGE('',*,*,#2996,.F.);
#2996 = EDGE_CURVE('',#2997,#2988,#2999,.T.);
#2997 = VERTEX_POINT('',#2998);
#2998 = CARTESIAN_POINT('',(9.777786312088,-19.75288867811,-11.5));
#2999 = LINE('',#3000,#3001);
#3000 = CARTESIAN_POINT('',(9.777786312088,-19.75288867811,-11.5));
#3001 = VECTOR('',#3002,1.);
#3002 = DIRECTION('',(-0.900968867902,-0.433883739118,0.));
#3003 = ORIENTED_EDGE('',*,*,#3004,.F.);
#3004 = EDGE_CURVE('',#3005,#2997,#3007,.T.);
#3005 = VERTEX_POINT('',#3006);
#3006 = CARTESIAN_POINT('',(9.838795342496,-19.54971904896,-11.5));
#3007 = CIRCLE('',#3008,0.15);
#3008 = AXIS2_PLACEMENT_3D('',#3009,#3010,#3011);
#3009 = CARTESIAN_POINT('',(9.706706012718,-19.62079934833,-11.5));
#3010 = DIRECTION('',(0.,0.,-1.));
#3011 = DIRECTION('',(0.880595531857,0.473868662473,0.));
#3012 = ORIENTED_EDGE('',*,*,#3013,.F.);
#3013 = EDGE_CURVE('',#3014,#3005,#3016,.T.);
#3014 = VERTEX_POINT('',#3015);
#3015 = CARTESIAN_POINT('',(9.79091874144,-19.17802425009,-11.5));
#3016 = CIRCLE('',#3017,1.469292842572);
#3017 = AXIS2_PLACEMENT_3D('',#3018,#3019,#3020);
#3018 = CARTESIAN_POINT('',(11.260211548455,-19.17770100279,-11.5));
#3019 = DIRECTION('',(0.,0.,1.));
#3020 = DIRECTION('',(-0.9999999758,-2.200019563022E-04,0.));
#3021 = ORIENTED_EDGE('',*,*,#3022,.F.);
#3022 = EDGE_CURVE('',#3023,#3014,#3025,.T.);
#3023 = VERTEX_POINT('',#3024);
#3024 = CARTESIAN_POINT('',(10.611678518049,-18.73635458055,-11.5));
#3025 = CIRCLE('',#3026,0.559359353945);
#3026 = AXIS2_PLACEMENT_3D('',#3027,#3028,#3029);
#3027 = CARTESIAN_POINT('',(10.347894333022,-19.22960988015,-11.5));
#3028 = DIRECTION('',(0.,-0.,1.));
#3029 = DIRECTION('',(0.471582683237,0.881821848715,0.));
#3030 = ORIENTED_EDGE('',*,*,#3031,.F.);
#3031 = EDGE_CURVE('',#3032,#3023,#3034,.T.);
#3032 = VERTEX_POINT('',#3033);
#3033 = CARTESIAN_POINT('',(10.895509980724,-18.98107665399,-11.5));
#3034 = CIRCLE('',#3035,1.469292842572);
#3035 = AXIS2_PLACEMENT_3D('',#3036,#3037,#3038);
#3036 = CARTESIAN_POINT('',(9.801979772244,-19.96240898321,-11.5));
#3037 = DIRECTION('',(0.,-0.,1.));
#3038 = DIRECTION('',(0.744256132471,0.667894309962,0.));
#3039 = ORIENTED_EDGE('',*,*,#3040,.F.);
#3040 = EDGE_CURVE('',#3041,#3032,#3043,.T.);
#3041 = VERTEX_POINT('',#3042);
#3042 = CARTESIAN_POINT('',(11.098679609874,-19.0420856844,-11.5));
#3043 = CIRCLE('',#3044,0.15);
#3044 = AXIS2_PLACEMENT_3D('',#3045,#3046,#3047);
#3045 = CARTESIAN_POINT('',(11.027599310503,-18.90999635462,-11.5));
#3046 = DIRECTION('',(0.,-0.,-1.));
#3047 = DIRECTION('',(0.473868662473,-0.880595531857,0.));
#3048 = ORIENTED_EDGE('',*,*,#3049,.F.);
#3049 = EDGE_CURVE('',#3050,#3041,#3052,.T.);
#3050 = VERTEX_POINT('',#3051);
#3051 = CARTESIAN_POINT('',(11.509059108971,-18.79689534792,-11.5));
#3052 = LINE('',#3053,#3054);
#3053 = CARTESIAN_POINT('',(11.509059108971,-18.79689534792,-11.5));
#3054 = VECTOR('',#3055,1.);
#3055 = DIRECTION('',(-0.858448793602,-0.512899277406,0.));
#3056 = ORIENTED_EDGE('',*,*,#3057,.F.);
#3057 = EDGE_CURVE('',#3058,#3050,#3060,.T.);
#3058 = VERTEX_POINT('',#3059);
#3059 = CARTESIAN_POINT('',(11.551610549811,-18.58907481265,-11.5));
#3060 = CIRCLE('',#3061,0.15);
#3061 = AXIS2_PLACEMENT_3D('',#3062,#3063,#3064);
#3062 = CARTESIAN_POINT('',(11.426424561753,-18.67170935987,-11.5));
#3063 = DIRECTION('',(0.,0.,-1.));
#3064 = DIRECTION('',(0.834573253721,0.550896981452,0.));
#3065 = ORIENTED_EDGE('',*,*,#3066,.F.);
#3066 = EDGE_CURVE('',#3067,#3058,#3069,.T.);
#3067 = VERTEX_POINT('',#3068);
#3068 = CARTESIAN_POINT('',(11.470608220983,-18.2231679732,-11.5));
#3069 = CIRCLE('',#3070,1.469292842572);
#3070 = AXIS2_PLACEMENT_3D('',#3071,#3072,#3073);
#3071 = CARTESIAN_POINT('',(12.933957111457,-18.0911396354,-11.5));
#3072 = DIRECTION('',(0.,0.,1.));
#3073 = DIRECTION('',(-0.995954549069,-8.985842302723E-02,0.));
#3074 = ORIENTED_EDGE('',*,*,#3075,.F.);
#3075 = EDGE_CURVE('',#3076,#3067,#3078,.T.);
#3076 = VERTEX_POINT('',#3077);
#3077 = CARTESIAN_POINT('',(12.248472896089,-17.70970399675,-11.5));
#3078 = CIRCLE('',#3079,0.559359353945);
#3079 = AXIS2_PLACEMENT_3D('',#3080,#3081,#3082);
#3080 = CARTESIAN_POINT('',(12.029965692808,-18.22461902757,-11.5));
#3081 = DIRECTION('',(0.,-0.,1.));
#3082 = DIRECTION('',(0.390638328902,0.92054423902,0.));
#3083 = ORIENTED_EDGE('',*,*,#3084,.F.);
#3084 = EDGE_CURVE('',#3085,#3076,#3087,.T.);
#3085 = VERTEX_POINT('',#3086);
#3086 = CARTESIAN_POINT('',(12.553098454277,-17.92799843491,-11.5));
#3087 = CIRCLE('',#3088,1.469292842572);
#3088 = AXIS2_PLACEMENT_3D('',#3089,#3090,#3091);
#3089 = CARTESIAN_POINT('',(11.55193642872,-19.00340350083,-11.5));
#3090 = DIRECTION('',(0.,-0.,1.));
#3091 = DIRECTION('',(0.681390391724,0.73192016919,0.));
#3092 = ORIENTED_EDGE('',*,*,#3093,.F.);
#3093 = EDGE_CURVE('',#3094,#3085,#3096,.T.);
#3094 = VERTEX_POINT('',#3095);
#3095 = CARTESIAN_POINT('',(12.760918989553,-17.97054987575,-11.5));
#3096 = CIRCLE('',#3097,0.15);
#3097 = AXIS2_PLACEMENT_3D('',#3098,#3099,#3100);
#3098 = CARTESIAN_POINT('',(12.678284442335,-17.84536388769,-11.5));
#3099 = DIRECTION('',(0.,-0.,-1.));
#3100 = DIRECTION('',(0.550896981452,-0.834573253721,0.));
#3101 = ORIENTED_EDGE('',*,*,#3102,.F.);
#3102 = EDGE_CURVE('',#3103,#3094,#3105,.T.);
#3103 = VERTEX_POINT('',#3104);
#3104 = CARTESIAN_POINT('',(13.147667729125,-17.68956046879,-11.5));
#3105 = LINE('',#3106,#3107);
#3106 = CARTESIAN_POINT('',(13.147667729125,-17.68956046879,-11.5));
#3107 = VECTOR('',#3108,1.);
#3108 = DIRECTION('',(-0.809016994375,-0.587785252292,0.));
#3109 = ORIENTED_EDGE('',*,*,#3110,.F.);
#3110 = EDGE_CURVE('',#3111,#3103,#3113,.T.);
#3111 = VERTEX_POINT('',#3112);
#3112 = CARTESIAN_POINT('',(13.171418981217,-17.47876227614,-11.5));
#3113 = CIRCLE('',#3114,0.15);
#3114 = AXIS2_PLACEMENT_3D('',#3115,#3116,#3117);
#3115 = CARTESIAN_POINT('',(13.054144258847,-17.57228574642,-11.5));
#3116 = DIRECTION('',(0.,0.,-1.));
#3117 = DIRECTION('',(0.781831482468,0.623489801859,0.));
#3118 = ORIENTED_EDGE('',*,*,#3119,.F.);
#3119 = EDGE_CURVE('',#3120,#3111,#3122,.T.);
#3120 = VERTEX_POINT('',#3121);
#3121 = CARTESIAN_POINT('',(13.057943107739,-17.12158946283,-11.5));
#3122 = CIRCLE('',#3123,1.469292842573);
#3123 = AXIS2_PLACEMENT_3D('',#3124,#3125,#3126);
#3124 = CARTESIAN_POINT('',(14.503566056842,-16.85891904908,-11.5));
#3125 = DIRECTION('',(0.,0.,1.));
#3126 = DIRECTION('',(-0.983890281921,-0.178773356912,0.));
#3127 = ORIENTED_EDGE('',*,*,#3128,.F.);
#3128 = EDGE_CURVE('',#3129,#3120,#3131,.T.);
#3129 = VERTEX_POINT('',#3130);
#3130 = CARTESIAN_POINT('',(13.786649772356,-16.5404652895,-11.5));
#3131 = CIRCLE('',#3132,0.559359353945);
#3132 = AXIS2_PLACEMENT_3D('',#3133,#3134,#3135);
#3133 = CARTESIAN_POINT('',(13.615178842341,-17.07289425848,-11.5));
#3134 = DIRECTION('',(0.,-0.,1.));
#3135 = DIRECTION('',(0.306548784435,0.951854948383,0.));
#3136 = ORIENTED_EDGE('',*,*,#3137,.F.);
#3137 = EDGE_CURVE('',#3138,#3129,#3140,.T.);
#3138 = VERTEX_POINT('',#3139);
#3139 = CARTESIAN_POINT('',(14.109616760178,-16.73057451391,-11.5));
#3140 = CIRCLE('',#3141,1.469292842572);
#3141 = AXIS2_PLACEMENT_3D('',#3142,#3143,#3144);
#3142 = CARTESIAN_POINT('',(13.2088836855,-17.89139378728,-11.5));
#3143 = DIRECTION('',(0.,-0.,1.));
#3144 = DIRECTION('',(0.613038496193,0.790053037577,0.));
#3145 = ORIENTED_EDGE('',*,*,#3146,.F.);
#3146 = EDGE_CURVE('',#3147,#3138,#3149,.T.);
#3147 = VERTEX_POINT('',#3148);
#3148 = CARTESIAN_POINT('',(14.320414952827,-16.75432576601,-11.5));
#3149 = CIRCLE('',#3150,0.15);
#3150 = AXIS2_PLACEMENT_3D('',#3151,#3152,#3153);
#3151 = CARTESIAN_POINT('',(14.226891482549,-16.63705104364,-11.5));
#3152 = DIRECTION('',(0.,-0.,-1.));
#3153 = DIRECTION('',(0.623489801859,-0.781831482468,0.));
#3154 = ORIENTED_EDGE('',*,*,#3155,.F.);
#3155 = EDGE_CURVE('',#3156,#3147,#3158,.T.);
#3156 = VERTEX_POINT('',#3157);
#3157 = CARTESIAN_POINT('',(14.680419059428,-16.43979965006,-11.5));
#3158 = LINE('',#3159,#3160);
#3159 = CARTESIAN_POINT('',(14.680419059428,-16.43979965006,-11.5));
#3160 = VECTOR('',#3161,1.);
#3161 = DIRECTION('',(-0.753071466004,-0.65793872594,0.));
#3162 = ORIENTED_EDGE('',*,*,#3163,.F.);
#3163 = EDGE_CURVE('',#3164,#3156,#3166,.T.);
#3164 = VERTEX_POINT('',#3165);
#3165 = CARTESIAN_POINT('',(14.685178891654,-16.22772102314,-11.5));
#3166 = CIRCLE('',#3167,0.15);
#3167 = AXIS2_PLACEMENT_3D('',#3168,#3169,#3170);
#3168 = CARTESIAN_POINT('',(14.57675966208,-16.33138042049,-11.5));
#3169 = DIRECTION('',(0.,0.,-1.));
#3170 = DIRECTION('',(0.722794863827,0.691062648987,0.));
#3171 = ORIENTED_EDGE('',*,*,#3172,.F.);
#3172 = EDGE_CURVE('',#3173,#3164,#3175,.T.);
#3173 = VERTEX_POINT('',#3174);
#3174 = CARTESIAN_POINT('',(14.540143114537,-15.88215798144,-11.5));
#3175 = CIRCLE('',#3176,1.469292842572);
#3176 = AXIS2_PLACEMENT_3D('',#3177,#3178,#3179);
#3177 = CARTESIAN_POINT('',(15.956400816295,-15.49096035946,-11.5));
#3178 = DIRECTION('',(0.,0.,1.));
#3179 = DIRECTION('',(-0.963904308741,-0.266248912844,0.));
#3180 = ORIENTED_EDGE('',*,*,#3181,.F.);
#3181 = EDGE_CURVE('',#3182,#3173,#3184,.T.);
#3182 = VERTEX_POINT('',#3183);
#3183 = CARTESIAN_POINT('',(15.213824651074,-15.23805248137,-11.5));
#3184 = CIRCLE('',#3185,0.559359353945);
#3185 = AXIS2_PLACEMENT_3D('',#3186,#3187,#3188);
#3186 = CARTESIAN_POINT('',(15.090770577431,-15.78370858352,-11.5));
#3187 = DIRECTION('',(0.,-0.,1.));
#3188 = DIRECTION('',(0.219991089404,0.975501881384,0.));
#3189 = ORIENTED_EDGE('',*,*,#3190,.F.);
#3190 = EDGE_CURVE('',#3191,#3182,#3193,.T.);
#3191 = VERTEX_POINT('',#3192);
#3192 = CARTESIAN_POINT('',(15.552532728247,-15.39844584436,-11.5));
#3193 = CIRCLE('',#3194,1.469292842572);
#3194 = AXIS2_PLACEMENT_3D('',#3195,#3196,#3197);
#3195 = CARTESIAN_POINT('',(14.759480777543,-16.63533309092,-11.5));
#3196 = DIRECTION('',(0.,-0.,1.));
#3197 = DIRECTION('',(0.539750775153,0.84182486345,0.));
#3198 = ORIENTED_EDGE('',*,*,#3199,.F.);
#3199 = EDGE_CURVE('',#3200,#3191,#3202,.T.);
#3200 = VERTEX_POINT('',#3201);
#3201 = CARTESIAN_POINT('',(15.764611355169,-15.40320567658,-11.5));
#3202 = CIRCLE('',#3203,0.15);
#3203 = AXIS2_PLACEMENT_3D('',#3204,#3205,#3206);
#3204 = CARTESIAN_POINT('',(15.660951957821,-15.29478644701,-11.5));
#3205 = DIRECTION('',(0.,-0.,-1.));
#3206 = DIRECTION('',(0.691062648987,-0.722794863827,0.));
#3207 = ORIENTED_EDGE('',*,*,#3208,.F.);
#3208 = EDGE_CURVE('',#3209,#3200,#3211,.T.);
#3209 = VERTEX_POINT('',#3210);
#3210 = CARTESIAN_POINT('',(16.094972287411,-15.05767523099,-11.5));
#3211 = LINE('',#3212,#3213);
#3212 = CARTESIAN_POINT('',(16.094972287411,-15.05767523099,-11.5));
#3213 = VECTOR('',#3214,1.);
#3214 = DIRECTION('',(-0.691062648987,-0.722794863827,0.));
#3215 = ORIENTED_EDGE('',*,*,#3216,.F.);
#3216 = EDGE_CURVE('',#3217,#3209,#3219,.T.);
#3217 = VERTEX_POINT('',#3218);
#3218 = CARTESIAN_POINT('',(16.080702376402,-14.8460237022,-11.5));
#3219 = CIRCLE('',#3220,0.15);
#3220 = AXIS2_PLACEMENT_3D('',#3221,#3222,#3223);
#3221 = CARTESIAN_POINT('',(15.982011567511,-14.9589844221,-11.5));
#3222 = DIRECTION('',(0.,0.,-1.));
#3223 = DIRECTION('',(0.65793872594,0.753071466004,0.));
#3224 = ORIENTED_EDGE('',*,*,#3225,.F.);
#3225 = EDGE_CURVE('',#3226,#3217,#3228,.T.);
#3226 = VERTEX_POINT('',#3227);
#3227 = CARTESIAN_POINT('',(15.905274438443,-14.51485270254,-11.5));
#3228 = CIRCLE('',#3229,1.469292842572);
#3229 = AXIS2_PLACEMENT_3D('',#3230,#3231,#3232);
#3230 = CARTESIAN_POINT('',(17.280764018587,-13.99827756556,-11.5));
#3231 = DIRECTION('',(0.,0.,1.));
#3232 = DIRECTION('',(-0.936157544834,-0.351580789081,0.));
#3233 = ORIENTED_EDGE('',*,*,#3234,.F.);
#3234 = EDGE_CURVE('',#3235,#3226,#3237,.T.);
#3235 = VERTEX_POINT('',#3236);
#3236 = CARTESIAN_POINT('',(16.518506759286,-13.8129518345,-11.5));
#3237 = CIRCLE('',#3238,0.559359353945);
#3238 = AXIS2_PLACEMENT_3D('',#3239,#3240,#3241);
#3239 = CARTESIAN_POINT('',(16.444860301061,-14.36744176771,-11.5));
#3240 = DIRECTION('',(0.,-0.,1.));
#3241 = DIRECTION('',(0.131662155473,0.991294646821,0.));
#3242 = ORIENTED_EDGE('',*,*,#3243,.F.);
#3243 = EDGE_CURVE('',#3244,#3235,#3246,.T.);
#3244 = VERTEX_POINT('',#3245);
#3245 = CARTESIAN_POINT('',(16.870228847529,-13.942337943,-11.5));
#3246 = CIRCLE('',#3247,1.469292842572);
#3247 = AXIS2_PLACEMENT_3D('',#3248,#3249,#3250);
#3248 = CARTESIAN_POINT('',(16.191243208798,-15.24533447393,-11.5));
#3249 = DIRECTION('',(0.,-0.,1.));
#3250 = DIRECTION('',(0.462117298239,0.886818810507,0.));
#3251 = ORIENTED_EDGE('',*,*,#3252,.F.);
#3252 = EDGE_CURVE('',#3253,#3244,#3255,.T.);
#3253 = VERTEX_POINT('',#3254);
#3254 = CARTESIAN_POINT('',(17.081880376321,-13.92806803199,-11.5));
#3255 = CIRCLE('',#3256,0.15);
#3256 = AXIS2_PLACEMENT_3D('',#3257,#3258,#3259);
#3257 = CARTESIAN_POINT('',(16.96891965642,-13.8293772231,-11.5));
#3258 = DIRECTION('',(0.,-0.,-1.));
#3259 = DIRECTION('',(0.753071466004,-0.65793872594,0.));
#3260 = ORIENTED_EDGE('',*,*,#3261,.F.);
#3261 = EDGE_CURVE('',#3262,#3253,#3264,.T.);
#3262 = VERTEX_POINT('',#3263);
#3263 = CARTESIAN_POINT('',(17.379938262226,-13.55431526474,-11.5));
#3264 = LINE('',#3265,#3266);
#3265 = CARTESIAN_POINT('',(17.379938262226,-13.55431526474,-11.5));
#3266 = VECTOR('',#3267,1.);
#3267 = DIRECTION('',(-0.623489801859,-0.781831482468,0.));
#3268 = ORIENTED_EDGE('',*,*,#3269,.F.);
#3269 = EDGE_CURVE('',#3270,#3262,#3272,.T.);
#3270 = VERTEX_POINT('',#3271);
#3271 = CARTESIAN_POINT('',(17.346753500914,-13.34479492774,-11.5));
#3272 = CIRCLE('',#3273,0.15);
#3273 = AXIS2_PLACEMENT_3D('',#3274,#3275,#3276);
#3274 = CARTESIAN_POINT('',(17.25858571307,-13.46614747689,-11.5));
#3275 = DIRECTION('',(0.,0.,-1.));
#3276 = DIRECTION('',(0.587785252293,0.809016994375,0.));
#3277 = ORIENTED_EDGE('',*,*,#3278,.F.);
#3278 = EDGE_CURVE('',#3279,#3270,#3281,.T.);
#3279 = VERTEX_POINT('',#3280);
#3280 = CARTESIAN_POINT('',(17.14234584472,-13.03068236428,-11.5));
#3281 = CIRCLE('',#3282,1.469292842572);
#3282 = AXIS2_PLACEMENT_3D('',#3283,#3284,#3285);
#3283 = CARTESIAN_POINT('',(18.465992669926,-12.39288887156,-11.5));
#3284 = DIRECTION('',(0.,0.,1.));
#3285 = DIRECTION('',(-0.900873390827,-0.434081943531,0.));
#3286 = ORIENTED_EDGE('',*,*,#3287,.F.);
#3287 = EDGE_CURVE('',#3288,#3279,#3290,.T.);
#3288 = VERTEX_POINT('',#3289);
#3289 = CARTESIAN_POINT('',(17.690191563796,-12.27663742134,-11.5));
#3290 = CIRCLE('',#3291,0.559359353945);
#3291 = AXIS2_PLACEMENT_3D('',#3292,#3293,#3294);
#3292 = CARTESIAN_POINT('',(17.666545678968,-12.83549675872,-11.5));
#3293 = DIRECTION('',(0.,-0.,1.));
#3294 = DIRECTION('',(4.227315528219E-02,0.999106090634,0.));
#3295 = ORIENTED_EDGE('',*,*,#3296,.F.);
#3296 = EDGE_CURVE('',#3297,#3288,#3299,.T.);
#3297 = VERTEX_POINT('',#3298);
#3298 = CARTESIAN_POINT('',(18.052095803665,-12.37397453449,-11.5));
#3299 = CIRCLE('',#3300,1.469292842572);
#3300 = AXIS2_PLACEMENT_3D('',#3301,#3302,#3303);
#3301 = CARTESIAN_POINT('',(17.492643270034,-13.73258938787,-11.5));
#3302 = DIRECTION('',(0.,-0.,1.));
#3303 = DIRECTION('',(0.38076312456,0.924672613943,0.));
#3304 = ORIENTED_EDGE('',*,*,#3305,.F.);
#3305 = EDGE_CURVE('',#3306,#3297,#3308,.T.);
#3306 = VERTEX_POINT('',#3307);
#3307 = CARTESIAN_POINT('',(18.261616140665,-12.34078977317,-11.5));
#3308 = CIRCLE('',#3309,0.15);
#3309 = AXIS2_PLACEMENT_3D('',#3310,#3311,#3312);
#3310 = CARTESIAN_POINT('',(18.140263591509,-12.25262198533,-11.5));
#3311 = DIRECTION('',(0.,-0.,-1.));
#3312 = DIRECTION('',(0.809016994375,-0.587785252292,0.));
#3313 = ORIENTED_EDGE('',*,*,#3314,.F.);
#3314 = EDGE_CURVE('',#3315,#3306,#3317,.T.);
#3315 = VERTEX_POINT('',#3316);
#3316 = CARTESIAN_POINT('',(18.524971193392,-11.94182392177,-11.5));
#3317 = LINE('',#3318,#3319);
#3318 = CARTESIAN_POINT('',(18.524971193392,-11.94182392177,-11.5));
#3319 = VECTOR('',#3320,1.);
#3320 = DIRECTION('',(-0.550896981452,-0.834573253721,0.));
#3321 = ORIENTED_EDGE('',*,*,#3322,.F.);
#3322 = EDGE_CURVE('',#3323,#3315,#3325,.T.);
#3323 = VERTEX_POINT('',#3324);
#3324 = CARTESIAN_POINT('',(18.473138765963,-11.73612171112,-11.5));
#3325 = CIRCLE('',#3326,0.15);
#3326 = AXIS2_PLACEMENT_3D('',#3327,#3328,#3329);
#3327 = CARTESIAN_POINT('',(18.396203874352,-11.86488903016,-11.5));
#3328 = DIRECTION('',(0.,0.,-1.));
#3329 = DIRECTION('',(0.512899277406,0.858448793602,0.));
#3330 = ORIENTED_EDGE('',*,*,#3331,.F.);
#3331 = EDGE_CURVE('',#3332,#3323,#3334,.T.);
#3332 = VERTEX_POINT('',#3333);
#3333 = CARTESIAN_POINT('',(18.241397161792,-11.44159663354,-11.5));
#3334 = CIRCLE('',#3335,1.469292842572);
#3335 = AXIS2_PLACEMENT_3D('',#3336,#3337,#3338);
#3336 = CARTESIAN_POINT('',(19.502544006115,-10.68771992327,-11.5));
#3337 = DIRECTION('',(0.,0.,1.));
#3338 = DIRECTION('',(-0.858335933983,-0.513088125408,0.));
#3339 = ORIENTED_EDGE('',*,*,#3340,.F.);
#3340 = EDGE_CURVE('',#3341,#3332,#3343,.T.);
#3341 = VERTEX_POINT('',#3342);
#3342 = CARTESIAN_POINT('',(18.7194453475,-10.6414787422,-11.5));
#3343 = CIRCLE('',#3344,0.559359353945);
#3344 = AXIS2_PLACEMENT_3D('',#3345,#3346,#3347);
#3345 = CARTESIAN_POINT('',(18.745990418829,-11.20020787697,-11.5));
#3346 = DIRECTION('',(0.,0.,1.));
#3347 = DIRECTION('',(-4.745620349853E-02,0.99887331967,0.));
#3348 = ORIENTED_EDGE('',*,*,#3349,.F.);
#3349 = EDGE_CURVE('',#3350,#3341,#3352,.T.);
#3350 = VERTEX_POINT('',#3351);
#3351 = CARTESIAN_POINT('',(19.08861789885,-10.7059831588,-11.5));
#3352 = CIRCLE('',#3353,1.469292842573);
#3353 = AXIS2_PLACEMENT_3D('',#3354,#3355,#3356);
#3354 = CARTESIAN_POINT('',(18.653202853166,-12.10927756669,-11.5));
#3355 = DIRECTION('',(0.,-0.,1.));
#3356 = DIRECTION('',(0.296343270087,0.95508149719,0.));
#3357 = ORIENTED_EDGE('',*,*,#3358,.F.);
#3358 = EDGE_CURVE('',#3359,#3350,#3361,.T.);
#3359 = VERTEX_POINT('',#3360);
#3360 = CARTESIAN_POINT('',(19.294320109501,-10.65415073137,-11.5));
#3361 = CIRCLE('',#3362,0.15);
#3362 = AXIS2_PLACEMENT_3D('',#3363,#3364,#3365);
#3363 = CARTESIAN_POINT('',(19.165552790461,-10.57721583976,-11.5));
#3364 = DIRECTION('',(0.,-0.,-1.));
#3365 = DIRECTION('',(0.858448793602,-0.512899277406,0.));
#3366 = ORIENTED_EDGE('',*,*,#3367,.F.);
#3367 = EDGE_CURVE('',#3368,#3359,#3370,.T.);
#3368 = VERTEX_POINT('',#3369);
#3369 = CARTESIAN_POINT('',(19.520851949016,-10.23318403427,-11.5));
#3370 = LINE('',#3371,#3372);
#3371 = CARTESIAN_POINT('',(19.520851949016,-10.23318403427,-11.5));
#3372 = VECTOR('',#3373,1.);
#3373 = DIRECTION('',(-0.473868662473,-0.880595531857,0.));
#3374 = ORIENTED_EDGE('',*,*,#3375,.F.);
#3375 = EDGE_CURVE('',#3376,#3368,#3378,.T.);
#3376 = VERTEX_POINT('',#3377);
#3377 = CARTESIAN_POINT('',(19.450789179698,-10.03295614322,-11.5));
#3378 = CIRCLE('',#3379,0.15);
#3379 = AXIS2_PLACEMENT_3D('',#3380,#3381,#3382);
#3380 = CARTESIAN_POINT('',(19.38570661883,-10.1681014734,-11.5));
#3381 = DIRECTION('',(0.,0.,-1.));
#3382 = DIRECTION('',(0.433883739118,0.900968867902,0.));
#3383 = ORIENTED_EDGE('',*,*,#3384,.F.);
#3384 = EDGE_CURVE('',#3385,#3376,#3387,.T.);
#3385 = VERTEX_POINT('',#3386);
#3386 = CARTESIAN_POINT('',(19.193579474685,-9.760389894252,-11.5));
#3387 = CIRCLE('',#3388,1.469292842572);
#3388 = AXIS2_PLACEMENT_3D('',#3389,#3390,#3391);
#3389 = CARTESIAN_POINT('',(20.382072325277,-8.896499738431,-11.5));
#3390 = DIRECTION('',(0.,0.,1.));
#3391 = DIRECTION('',(-0.808887660891,-0.587963223389,0.));
#3392 = ORIENTED_EDGE('',*,*,#3393,.F.);
#3393 = EDGE_CURVE('',#3394,#3385,#3396,.T.);
#3394 = VERTEX_POINT('',#3395);
#3395 = CARTESIAN_POINT('',(19.59798116412,-8.920641133329,-11.5));
#3396 = CIRCLE('',#3397,0.559359353945);
#3397 = AXIS2_PLACEMENT_3D('',#3398,#3399,#3400);
#3398 = CARTESIAN_POINT('',(19.674503466301,-9.474741507011,-11.5));
#3399 = DIRECTION('',(0.,0.,1.));
#3400 = DIRECTION('',(-0.136803472832,0.990598208065,0.));
#3401 = ORIENTED_EDGE('',*,*,#3402,.F.);
#3402 = EDGE_CURVE('',#3403,#3394,#3405,.T.);
#3403 = VERTEX_POINT('',#3404);
#3404 = CARTESIAN_POINT('',(19.971449666639,-8.951793501741,-11.5));
#3405 = CIRCLE('',#3406,1.469292842572);
#3406 = AXIS2_PLACEMENT_3D('',#3407,#3408,#3409);
#3407 = CARTESIAN_POINT('',(19.663577814831,-10.38846896269,-11.5));
#3408 = DIRECTION('',(0.,-0.,1.));
#3409 = DIRECTION('',(0.209537433851,0.9778006258,0.));
#3410 = ORIENTED_EDGE('',*,*,#3411,.F.);
#3411 = EDGE_CURVE('',#3412,#3403,#3414,.T.);
#3412 = VERTEX_POINT('',#3413);
#3413 = CARTESIAN_POINT('',(20.171677557692,-8.881730732423,-11.5));
#3414 = CIRCLE('',#3415,0.15);
#3415 = AXIS2_PLACEMENT_3D('',#3416,#3417,#3418);
#3416 = CARTESIAN_POINT('',(20.036532227507,-8.816648171555,-11.5));
#3417 = DIRECTION('',(0.,-0.,-1.));
#3418 = DIRECTION('',(0.900968867902,-0.433883739118,0.));
#3419 = ORIENTED_EDGE('',*,*,#3420,.F.);
#3420 = EDGE_CURVE('',#3421,#3412,#3423,.T.);
#3421 = VERTEX_POINT('',#3422);
#3422 = CARTESIAN_POINT('',(20.359562282821,-8.442152565946,-11.5));
#3423 = LINE('',#3424,#3425);
#3424 = CARTESIAN_POINT('',(20.359562282821,-8.442152565946,-11.5));
#3425 = VECTOR('',#3426,1.);
#3426 = DIRECTION('',(-0.393025031654,-0.919527772551,0.));
#3427 = ORIENTED_EDGE('',*,*,#3428,.F.);
#3428 = EDGE_CURVE('',#3429,#3421,#3431,.T.);
#3429 = VERTEX_POINT('',#3430);
#3430 = CARTESIAN_POINT('',(20.271833275837,-8.249011111738,-11.5));
#3431 = CIRCLE('',#3432,0.15);
#3432 = AXIS2_PLACEMENT_3D('',#3433,#3434,#3435);
#3433 = CARTESIAN_POINT('',(20.219127052225,-8.389446342334,-11.5));
#3434 = DIRECTION('',(0.,0.,-1.));
#3435 = DIRECTION('',(0.351374824081,0.93623487064,0.));
#3436 = ORIENTED_EDGE('',*,*,#3437,.F.);
#3437 = EDGE_CURVE('',#3438,#3429,#3440,.T.);
#3438 = VERTEX_POINT('',#3439);
#3439 = CARTESIAN_POINT('',(19.99122637129,-8.000598234552,-11.5));
#3440 = CIRCLE('',#3441,1.469292842572);
#3441 = AXIS2_PLACEMENT_3D('',#3442,#3443,#3444);
#3442 = CARTESIAN_POINT('',(21.09749618254,-7.033650168755,-11.5));
#3443 = DIRECTION('',(0.,0.,1.));
#3444 = DIRECTION('',(-0.752926699972,-0.658104387213,0.));
#3445 = ORIENTED_EDGE('',*,*,#3446,.F.);
#3446 = EDGE_CURVE('',#3447,#3438,#3449,.T.);
#3447 = VERTEX_POINT('',#3448);
#3448 = CARTESIAN_POINT('',(20.318725559834,-7.127979767298,-11.5));
#3449 = CIRCLE('',#3450,0.559359353945);
#3450 = AXIS2_PLACEMENT_3D('',#3451,#3452,#3453);
#3451 = CARTESIAN_POINT('',(20.444608980284,-7.672990089496,-11.5));
#3452 = DIRECTION('',(0.,0.,1.));
#3453 = DIRECTION('',(-0.225049281042,0.97434738215,0.));
#3454 = ORIENTED_EDGE('',*,*,#3455,.F.);
#3455 = EDGE_CURVE('',#3456,#3447,#3458,.T.);
#3456 = VERTEX_POINT('',#3457);
#3457 = CARTESIAN_POINT('',(20.693483064735,-7.12552926697,-11.5));
#3458 = CIRCLE('',#3459,1.469292842572);
#3459 = AXIS2_PLACEMENT_3D('',#3460,#3461,#3462);
#3460 = CARTESIAN_POINT('',(20.515633209927,-8.584018514918,-11.5));
#3461 = DIRECTION('',(0.,-0.,1.));
#3462 = DIRECTION('',(0.121044525403,0.992647078709,0.));
#3463 = ORIENTED_EDGE('',*,*,#3464,.F.);
#3464 = EDGE_CURVE('',#3465,#3456,#3467,.T.);
#3465 = VERTEX_POINT('',#3466);
#3466 = CARTESIAN_POINT('',(20.886624518943,-7.037800259986,-11.5));
#3467 = CIRCLE('',#3468,0.15);
#3468 = AXIS2_PLACEMENT_3D('',#3469,#3470,#3471);
#3469 = CARTESIAN_POINT('',(20.746189288347,-6.985094036374,-11.5));
#3470 = DIRECTION('',(0.,-0.,-1.));
#3471 = DIRECTION('',(0.93623487064,-0.351374824081,0.));
#3472 = ORIENTED_EDGE('',*,*,#3473,.F.);
#3473 = EDGE_CURVE('',#3474,#3465,#3476,.T.);
#3474 = VERTEX_POINT('',#3475);
#3475 = CARTESIAN_POINT('',(21.034349392353,-6.58314984906,-11.5));
#3476 = LINE('',#3477,#3478);
#3477 = CARTESIAN_POINT('',(21.034349392353,-6.58314984906,-11.5));
#3478 = VECTOR('',#3479,1.);
#3479 = DIRECTION('',(-0.309016994375,-0.951056516295,0.));
#3480 = ORIENTED_EDGE('',*,*,#3481,.F.);
#3481 = EDGE_CURVE('',#3482,#3474,#3484,.T.);
#3482 = VERTEX_POINT('',#3483);
#3483 = CARTESIAN_POINT('',(20.929660490084,-6.39864989312,-11.5));
#3484 = CIRCLE('',#3485,0.15);
#3485 = AXIS2_PLACEMENT_3D('',#3486,#3487,#3488);
#3486 = CARTESIAN_POINT('',(20.889754963249,-6.543244322225,-11.5));
#3487 = DIRECTION('',(0.,0.,-1.));
#3488 = DIRECTION('',(0.266036845567,0.963962860696,0.));
#3489 = ORIENTED_EDGE('',*,*,#3490,.F.);
#3490 = EDGE_CURVE('',#3491,#3482,#3493,.T.);
#3491 = VERTEX_POINT('',#3492);
#3492 = CARTESIAN_POINT('',(20.627915667803,-6.176390462143,-11.5));
#3493 = CIRCLE('',#3494,1.469292842572);
#3494 = AXIS2_PLACEMENT_3D('',#3495,#3496,#3497);
#3495 = CARTESIAN_POINT('',(21.643055405668,-5.11416978364,-11.5));
#3496 = DIRECTION('',(0.,0.,1.));
#3497 = DIRECTION('',(-0.690903615979,-0.72294688147,0.));
#3498 = ORIENTED_EDGE('',*,*,#3499,.F.);
#3499 = EDGE_CURVE('',#3500,#3491,#3502,.T.);
#3500 = VERTEX_POINT('',#3501);
#3501 = CARTESIAN_POINT('',(20.875875524557,-5.277928099365,-11.5));
#3502 = CIRCLE('',#3503,0.559359353945);
#3503 = AXIS2_PLACEMENT_3D('',#3504,#3505,#3506);
#3504 = CARTESIAN_POINT('',(21.050106523992,-5.809460267424,-11.5));
#3505 = DIRECTION('',(0.,0.,1.));
#3506 = DIRECTION('',(-0.311483124768,0.950251684021,0.));
#3507 = ORIENTED_EDGE('',*,*,#3508,.F.);
#3508 = EDGE_CURVE('',#3509,#3500,#3511,.T.);
#3509 = VERTEX_POINT('',#3510);
#3510 = CARTESIAN_POINT('',(21.248904704764,-5.241894460285,-11.5));
#3511 = CIRCLE('',#3512,1.469292842572);
#3512 = AXIS2_PLACEMENT_3D('',#3513,#3514,#3515);
#3513 = CARTESIAN_POINT('',(21.202508789414,-6.710454597383,-11.5));
#3514 = DIRECTION('',(0.,-0.,1.));
#3515 = DIRECTION('',(3.157703760975E-02,0.999501321008,0.));
#3516 = ORIENTED_EDGE('',*,*,#3517,.F.);
#3517 = EDGE_CURVE('',#3518,#3509,#3520,.T.);
#3518 = VERTEX_POINT('',#3519);
#3519 = CARTESIAN_POINT('',(21.433404660703,-5.137205558016,-11.5));
#3520 = CIRCLE('',#3521,0.15);
#3521 = AXIS2_PLACEMENT_3D('',#3522,#3523,#3524);
#3522 = CARTESIAN_POINT('',(21.288810231599,-5.097300031181,-11.5));
#3523 = DIRECTION('',(0.,-0.,-1.));
#3524 = DIRECTION('',(0.963962860696,-0.266036845567,0.));
#3525 = ORIENTED_EDGE('',*,*,#3526,.F.);
#3526 = EDGE_CURVE('',#3527,#3518,#3529,.T.);
#3527 = VERTEX_POINT('',#3528);
#3528 = CARTESIAN_POINT('',(21.539780288576,-4.671143480418,-11.5));
#3529 = LINE('',#3530,#3531);
#3530 = CARTESIAN_POINT('',(21.539780288576,-4.671143480418,-11.5));
#3531 = VECTOR('',#3532,1.);
#3532 = DIRECTION('',(-0.222520933956,-0.974927912182,0.));
#3533 = ORIENTED_EDGE('',*,*,#3534,.F.);
#3534 = EDGE_CURVE('',#3535,#3527,#3537,.T.);
#3535 = VERTEX_POINT('',#3536);
#3536 = CARTESIAN_POINT('',(21.50730843847,-4.548193731285,-11.5));
#3537 = CIRCLE('',#3538,0.15);
#3538 = AXIS2_PLACEMENT_3D('',#3539,#3540,#3541);
#3539 = CARTESIAN_POINT('',(21.392190850286,-4.644359946198,-11.5));
#3540 = DIRECTION('',(0.,0.,-1.));
#3541 = DIRECTION('',(0.178556894799,0.983929588599,0.));
#3542 = ORIENTED_EDGE('',*,*,#3543,.T.);
#3543 = EDGE_CURVE('',#3535,#22,#3544,.T.);
#3544 = CIRCLE('',#3545,5.186254262886);
#3545 = AXIS2_PLACEMENT_3D('',#3546,#3547,#3548);
#3546 = CARTESIAN_POINT('',(18.998648718727,-9.046268397299E-03,-11.5));
#3547 = DIRECTION('',(0.,0.,-1.));
#3548 = DIRECTION('',(1.,0.,0.));
#3549 = ORIENTED_EDGE('',*,*,#21,.T.);
#3550 = PLANE('',#3551);
#3551 = AXIS2_PLACEMENT_3D('',#3552,#3553,#3554);
#3552 = CARTESIAN_POINT('',(2.24E-15,-1.7763568394E-15,-11.5));
#3553 = DIRECTION('',(0.,0.,1.));
#3554 = DIRECTION('',(1.,0.,0.));
#3555 = ADVANCED_FACE('',(#3556),#3576,.T.);
#3556 = FACE_BOUND('',#3557,.F.);
#3557 = EDGE_LOOP('',(#3558,#3559,#3560,#3567,#3568,#3569));
#3558 = ORIENTED_EDGE('',*,*,#63,.F.);
#3559 = ORIENTED_EDGE('',*,*,#49,.F.);
#3560 = ORIENTED_EDGE('',*,*,#3561,.T.);
#3561 = EDGE_CURVE('',#41,#33,#3562,.T.);
#3562 = CIRCLE('',#3563,5.186254262886);
#3563 = AXIS2_PLACEMENT_3D('',#3564,#3565,#3566);
#3564 = CARTESIAN_POINT('',(18.998648718727,-9.046268397299E-03,-17.5));
#3565 = DIRECTION('',(0.,0.,-1.));
#3566 = DIRECTION('',(1.,0.,0.));
#3567 = ORIENTED_EDGE('',*,*,#32,.T.);
#3568 = ORIENTED_EDGE('',*,*,#3543,.F.);
#3569 = ORIENTED_EDGE('',*,*,#3570,.F.);
#3570 = EDGE_CURVE('',#64,#3535,#3571,.T.);
#3571 = CIRCLE('',#3572,5.186254262886);
#3572 = AXIS2_PLACEMENT_3D('',#3573,#3574,#3575);
#3573 = CARTESIAN_POINT('',(18.998648718727,-9.046268397299E-03,-11.5));
#3574 = DIRECTION('',(0.,0.,-1.));
#3575 = DIRECTION('',(1.,0.,0.));
#3576 = CYLINDRICAL_SURFACE('',#3577,5.186254262886);
#3577 = AXIS2_PLACEMENT_3D('',#3578,#3579,#3580);
#3578 = CARTESIAN_POINT('',(18.998648718727,-9.046268397299E-03,-11.5));
#3579 = DIRECTION('',(0.,0.,1.));
#3580 = DIRECTION('',(1.,0.,0.));
#3581 = ADVANCED_FACE('',(#3582,#3586),#3597,.T.);
#3582 = FACE_BOUND('',#3583,.T.);
#3583 = EDGE_LOOP('',(#3584,#3585));
#3584 = ORIENTED_EDGE('',*,*,#40,.T.);
#3585 = ORIENTED_EDGE('',*,*,#3561,.T.);
#3586 = FACE_BOUND('',#3587,.T.);
#3587 = EDGE_LOOP('',(#3588));
#3588 = ORIENTED_EDGE('',*,*,#3589,.F.);
#3589 = EDGE_CURVE('',#3590,#3590,#3592,.T.);
#3590 = VERTEX_POINT('',#3591);
#3591 = CARTESIAN_POINT('',(15.,-1.E-15,-17.5));
#3592 = CIRCLE('',#3593,15.);
#3593 = AXIS2_PLACEMENT_3D('',#3594,#3595,#3596);
#3594 = CARTESIAN_POINT('',(0.,0.,-17.5));
#3595 = DIRECTION('',(0.,0.,-1.));
#3596 = DIRECTION('',(1.,0.,0.));
#3597 = PLANE('',#3598);
#3598 = AXIS2_PLACEMENT_3D('',#3599,#3600,#3601);
#3599 = CARTESIAN_POINT('',(1.824534248077,-8.687579181287E-04,-17.5));
#3600 = DIRECTION('',(0.,2.22044604925E-16,-1.));
#3601 = DIRECTION('',(0.,1.,2.22044604925E-16));
#3602 = ADVANCED_FACE('',(#3603),#3638,.T.);
#3603 = FACE_BOUND('',#3604,.F.);
#3604 = EDGE_LOOP('',(#3605,#3615,#3622,#3623,#3631));
#3605 = ORIENTED_EDGE('',*,*,#3606,.T.);
#3606 = EDGE_CURVE('',#3607,#3609,#3611,.T.);
#3607 = VERTEX_POINT('',#3608);
#3608 = CARTESIAN_POINT('',(21.418974384506,-4.496770507908,-1.));
#3609 = VERTEX_POINT('',#3610);
#3610 = CARTESIAN_POINT('',(21.418974384506,-4.496770507908,-11.5));
#3611 = LINE('',#3612,#3613);
#3612 = CARTESIAN_POINT('',(21.418974384506,-4.496770507908,-1.));
#3613 = VECTOR('',#3614,1.);
#3614 = DIRECTION('',(0.,-2.2E-16,-1.));
#3615 = ORIENTED_EDGE('',*,*,#3616,.T.);
#3616 = EDGE_CURVE('',#3609,#3535,#3617,.T.);
#3617 = CIRCLE('',#3618,0.15);
#3618 = AXIS2_PLACEMENT_3D('',#3619,#3620,#3621);
#3619 = CARTESIAN_POINT('',(21.392190850286,-4.644359946198,-11.5));
#3620 = DIRECTION('',(0.,0.,-1.));
#3621 = DIRECTION('',(0.178556894799,0.983929588599,0.));
#3622 = ORIENTED_EDGE('',*,*,#3534,.T.);
#3623 = ORIENTED_EDGE('',*,*,#3624,.F.);
#3624 = EDGE_CURVE('',#3625,#3527,#3627,.T.);
#3625 = VERTEX_POINT('',#3626);
#3626 = CARTESIAN_POINT('',(21.539780288576,-4.671143480418,-1.));
#3627 = LINE('',#3628,#3629);
#3628 = CARTESIAN_POINT('',(21.539780288576,-4.671143480418,-1.));
#3629 = VECTOR('',#3630,1.);
#3630 = DIRECTION('',(0.,-2.2E-16,-1.));
#3631 = ORIENTED_EDGE('',*,*,#3632,.F.);
#3632 = EDGE_CURVE('',#3607,#3625,#3633,.T.);
#3633 = CIRCLE('',#3634,0.15);
#3634 = AXIS2_PLACEMENT_3D('',#3635,#3636,#3637);
#3635 = CARTESIAN_POINT('',(21.392190850286,-4.644359946198,-1.));
#3636 = DIRECTION('',(0.,0.,-1.));
#3637 = DIRECTION('',(0.178556894799,0.983929588599,0.));
#3638 = CYLINDRICAL_SURFACE('',#3639,0.15);
#3639 = AXIS2_PLACEMENT_3D('',#3640,#3641,#3642);
#3640 = CARTESIAN_POINT('',(21.392190850286,-4.644359946198,-1.));
#3641 = DIRECTION('',(0.,2.2E-16,1.));
#3642 = DIRECTION('',(0.178556894799,0.983929588599,-2.164645094917E-16)
  );
#3643 = ADVANCED_FACE('',(#3644),#3662,.F.);
#3644 = FACE_BOUND('',#3645,.F.);
#3645 = EDGE_LOOP('',(#3646,#3647,#3648,#3656));
#3646 = ORIENTED_EDGE('',*,*,#3624,.T.);
#3647 = ORIENTED_EDGE('',*,*,#3526,.T.);
#3648 = ORIENTED_EDGE('',*,*,#3649,.F.);
#3649 = EDGE_CURVE('',#3650,#3518,#3652,.T.);
#3650 = VERTEX_POINT('',#3651);
#3651 = CARTESIAN_POINT('',(21.433404660703,-5.137205558016,-1.));
#3652 = LINE('',#3653,#3654);
#3653 = CARTESIAN_POINT('',(21.433404660703,-5.137205558016,-1.));
#3654 = VECTOR('',#3655,1.);
#3655 = DIRECTION('',(0.,-2.2E-16,-1.));
#3656 = ORIENTED_EDGE('',*,*,#3657,.F.);
#3657 = EDGE_CURVE('',#3625,#3650,#3658,.T.);
#3658 = LINE('',#3659,#3660);
#3659 = CARTESIAN_POINT('',(21.539780288576,-4.671143480418,-1.));
#3660 = VECTOR('',#3661,1.);
#3661 = DIRECTION('',(-0.222520933956,-0.974927912182,0.));
#3662 = PLANE('',#3663);
#3663 = AXIS2_PLACEMENT_3D('',#3664,#3665,#3666);
#3664 = CARTESIAN_POINT('',(21.539780288576,-4.671143480418,-1.));
#3665 = DIRECTION('',(-0.974927912182,0.222520933956,-5.E-17));
#3666 = DIRECTION('',(-0.222520933956,-0.974927912182,2.2E-16));
#3667 = ADVANCED_FACE('',(#3668),#3687,.T.);
#3668 = FACE_BOUND('',#3669,.F.);
#3669 = EDGE_LOOP('',(#3670,#3671,#3672,#3680));
#3670 = ORIENTED_EDGE('',*,*,#3649,.T.);
#3671 = ORIENTED_EDGE('',*,*,#3517,.T.);
#3672 = ORIENTED_EDGE('',*,*,#3673,.F.);
#3673 = EDGE_CURVE('',#3674,#3509,#3676,.T.);
#3674 = VERTEX_POINT('',#3675);
#3675 = CARTESIAN_POINT('',(21.248904704764,-5.241894460285,-1.));
#3676 = LINE('',#3677,#3678);
#3677 = CARTESIAN_POINT('',(21.248904704764,-5.241894460285,-1.));
#3678 = VECTOR('',#3679,1.);
#3679 = DIRECTION('',(0.,-2.2E-16,-1.));
#3680 = ORIENTED_EDGE('',*,*,#3681,.F.);
#3681 = EDGE_CURVE('',#3650,#3674,#3682,.T.);
#3682 = CIRCLE('',#3683,0.15);
#3683 = AXIS2_PLACEMENT_3D('',#3684,#3685,#3686);
#3684 = CARTESIAN_POINT('',(21.288810231599,-5.097300031181,-1.));
#3685 = DIRECTION('',(0.,-0.,-1.));
#3686 = DIRECTION('',(0.963962860696,-0.266036845567,0.));
#3687 = CYLINDRICAL_SURFACE('',#3688,0.15);
#3688 = AXIS2_PLACEMENT_3D('',#3689,#3690,#3691);
#3689 = CARTESIAN_POINT('',(21.288810231599,-5.097300031181,-1.));
#3690 = DIRECTION('',(0.,2.2E-16,1.));
#3691 = DIRECTION('',(0.963962860696,-0.266036845567,5.852810602467E-17)
  );
#3692 = ADVANCED_FACE('',(#3693),#3712,.F.);
#3693 = FACE_BOUND('',#3694,.F.);
#3694 = EDGE_LOOP('',(#3695,#3696,#3697,#3705));
#3695 = ORIENTED_EDGE('',*,*,#3673,.T.);
#3696 = ORIENTED_EDGE('',*,*,#3508,.T.);
#3697 = ORIENTED_EDGE('',*,*,#3698,.F.);
#3698 = EDGE_CURVE('',#3699,#3500,#3701,.T.);
#3699 = VERTEX_POINT('',#3700);
#3700 = CARTESIAN_POINT('',(20.875875524557,-5.277928099365,-1.));
#3701 = LINE('',#3702,#3703);
#3702 = CARTESIAN_POINT('',(20.875875524557,-5.277928099365,-1.));
#3703 = VECTOR('',#3704,1.);
#3704 = DIRECTION('',(0.,-2.2E-16,-1.));
#3705 = ORIENTED_EDGE('',*,*,#3706,.F.);
#3706 = EDGE_CURVE('',#3674,#3699,#3707,.T.);
#3707 = CIRCLE('',#3708,1.469292842572);
#3708 = AXIS2_PLACEMENT_3D('',#3709,#3710,#3711);
#3709 = CARTESIAN_POINT('',(21.202508789414,-6.710454597383,-1.));
#3710 = DIRECTION('',(0.,-0.,1.));
#3711 = DIRECTION('',(3.157703760975E-02,0.999501321008,0.));
#3712 = CYLINDRICAL_SURFACE('',#3713,1.469292842572);
#3713 = AXIS2_PLACEMENT_3D('',#3714,#3715,#3716);
#3714 = CARTESIAN_POINT('',(21.202508789414,-6.710454597383,-1.));
#3715 = DIRECTION('',(0.,2.2E-16,1.));
#3716 = DIRECTION('',(3.157703760975E-02,0.999501321008,
    -2.198902906217E-16));
#3717 = ADVANCED_FACE('',(#3718),#3737,.F.);
#3718 = FACE_BOUND('',#3719,.F.);
#3719 = EDGE_LOOP('',(#3720,#3721,#3722,#3730));
#3720 = ORIENTED_EDGE('',*,*,#3698,.T.);
#3721 = ORIENTED_EDGE('',*,*,#3499,.T.);
#3722 = ORIENTED_EDGE('',*,*,#3723,.F.);
#3723 = EDGE_CURVE('',#3724,#3491,#3726,.T.);
#3724 = VERTEX_POINT('',#3725);
#3725 = CARTESIAN_POINT('',(20.627915667803,-6.176390462143,-1.));
#3726 = LINE('',#3727,#3728);
#3727 = CARTESIAN_POINT('',(20.627915667803,-6.176390462143,-1.));
#3728 = VECTOR('',#3729,1.);
#3729 = DIRECTION('',(0.,-2.2E-16,-1.));
#3730 = ORIENTED_EDGE('',*,*,#3731,.F.);
#3731 = EDGE_CURVE('',#3699,#3724,#3732,.T.);
#3732 = CIRCLE('',#3733,0.559359353945);
#3733 = AXIS2_PLACEMENT_3D('',#3734,#3735,#3736);
#3734 = CARTESIAN_POINT('',(21.050106523992,-5.809460267424,-1.));
#3735 = DIRECTION('',(0.,0.,1.));
#3736 = DIRECTION('',(-0.311483124768,0.950251684021,0.));
#3737 = CYLINDRICAL_SURFACE('',#3738,0.559359353945);
#3738 = AXIS2_PLACEMENT_3D('',#3739,#3740,#3741);
#3739 = CARTESIAN_POINT('',(21.050106523992,-5.809460267424,-1.));
#3740 = DIRECTION('',(0.,2.2E-16,1.));
#3741 = DIRECTION('',(-0.311483124768,0.950251684021,-2.090553704846E-16
    ));
#3742 = ADVANCED_FACE('',(#3743),#3762,.F.);
#3743 = FACE_BOUND('',#3744,.F.);
#3744 = EDGE_LOOP('',(#3745,#3746,#3747,#3755));
#3745 = ORIENTED_EDGE('',*,*,#3723,.T.);
#3746 = ORIENTED_EDGE('',*,*,#3490,.T.);
#3747 = ORIENTED_EDGE('',*,*,#3748,.F.);
#3748 = EDGE_CURVE('',#3749,#3482,#3751,.T.);
#3749 = VERTEX_POINT('',#3750);
#3750 = CARTESIAN_POINT('',(20.929660490084,-6.39864989312,-1.));
#3751 = LINE('',#3752,#3753);
#3752 = CARTESIAN_POINT('',(20.929660490084,-6.39864989312,-1.));
#3753 = VECTOR('',#3754,1.);
#3754 = DIRECTION('',(0.,-2.2E-16,-1.));
#3755 = ORIENTED_EDGE('',*,*,#3756,.F.);
#3756 = EDGE_CURVE('',#3724,#3749,#3757,.T.);
#3757 = CIRCLE('',#3758,1.469292842572);
#3758 = AXIS2_PLACEMENT_3D('',#3759,#3760,#3761);
#3759 = CARTESIAN_POINT('',(21.643055405668,-5.11416978364,-1.));
#3760 = DIRECTION('',(0.,0.,1.));
#3761 = DIRECTION('',(-0.690903615979,-0.72294688147,0.));
#3762 = CYLINDRICAL_SURFACE('',#3763,1.469292842572);
#3763 = AXIS2_PLACEMENT_3D('',#3764,#3765,#3766);
#3764 = CARTESIAN_POINT('',(21.643055405668,-5.11416978364,-1.));
#3765 = DIRECTION('',(0.,2.2E-16,1.));
#3766 = DIRECTION('',(-0.690903615979,-0.72294688147,1.590483139234E-16)
  );
#3767 = ADVANCED_FACE('',(#3768),#3787,.T.);
#3768 = FACE_BOUND('',#3769,.F.);
#3769 = EDGE_LOOP('',(#3770,#3771,#3772,#3780));
#3770 = ORIENTED_EDGE('',*,*,#3748,.T.);
#3771 = ORIENTED_EDGE('',*,*,#3481,.T.);
#3772 = ORIENTED_EDGE('',*,*,#3773,.F.);
#3773 = EDGE_CURVE('',#3774,#3474,#3776,.T.);
#3774 = VERTEX_POINT('',#3775);
#3775 = CARTESIAN_POINT('',(21.034349392353,-6.58314984906,-1.));
#3776 = LINE('',#3777,#3778);
#3777 = CARTESIAN_POINT('',(21.034349392353,-6.58314984906,-1.));
#3778 = VECTOR('',#3779,1.);
#3779 = DIRECTION('',(0.,-2.2E-16,-1.));
#3780 = ORIENTED_EDGE('',*,*,#3781,.F.);
#3781 = EDGE_CURVE('',#3749,#3774,#3782,.T.);
#3782 = CIRCLE('',#3783,0.15);
#3783 = AXIS2_PLACEMENT_3D('',#3784,#3785,#3786);
#3784 = CARTESIAN_POINT('',(20.889754963249,-6.543244322225,-1.));
#3785 = DIRECTION('',(0.,0.,-1.));
#3786 = DIRECTION('',(0.266036845567,0.963962860696,0.));
#3787 = CYLINDRICAL_SURFACE('',#3788,0.15);
#3788 = AXIS2_PLACEMENT_3D('',#3789,#3790,#3791);
#3789 = CARTESIAN_POINT('',(20.889754963249,-6.543244322225,-1.));
#3790 = DIRECTION('',(0.,2.2E-16,1.));
#3791 = DIRECTION('',(0.266036845567,0.963962860696,-2.120718293531E-16)
  );
#3792 = ADVANCED_FACE('',(#3793),#3811,.F.);
#3793 = FACE_BOUND('',#3794,.F.);
#3794 = EDGE_LOOP('',(#3795,#3796,#3797,#3805));
#3795 = ORIENTED_EDGE('',*,*,#3773,.T.);
#3796 = ORIENTED_EDGE('',*,*,#3473,.T.);
#3797 = ORIENTED_EDGE('',*,*,#3798,.F.);
#3798 = EDGE_CURVE('',#3799,#3465,#3801,.T.);
#3799 = VERTEX_POINT('',#3800);
#3800 = CARTESIAN_POINT('',(20.886624518943,-7.037800259986,-1.));
#3801 = LINE('',#3802,#3803);
#3802 = CARTESIAN_POINT('',(20.886624518943,-7.037800259986,-1.));
#3803 = VECTOR('',#3804,1.);
#3804 = DIRECTION('',(0.,-2.2E-16,-1.));
#3805 = ORIENTED_EDGE('',*,*,#3806,.F.);
#3806 = EDGE_CURVE('',#3774,#3799,#3807,.T.);
#3807 = LINE('',#3808,#3809);
#3808 = CARTESIAN_POINT('',(21.034349392353,-6.58314984906,-1.));
#3809 = VECTOR('',#3810,1.);
#3810 = DIRECTION('',(-0.309016994375,-0.951056516295,0.));
#3811 = PLANE('',#3812);
#3812 = AXIS2_PLACEMENT_3D('',#3813,#3814,#3815);
#3813 = CARTESIAN_POINT('',(21.034349392353,-6.58314984906,-1.));
#3814 = DIRECTION('',(-0.951056516295,0.309016994375,-7.E-17));
#3815 = DIRECTION('',(-0.309016994375,-0.951056516295,2.1E-16));
#3816 = ADVANCED_FACE('',(#3817),#3836,.T.);
#3817 = FACE_BOUND('',#3818,.F.);
#3818 = EDGE_LOOP('',(#3819,#3820,#3821,#3829));
#3819 = ORIENTED_EDGE('',*,*,#3798,.T.);
#3820 = ORIENTED_EDGE('',*,*,#3464,.T.);
#3821 = ORIENTED_EDGE('',*,*,#3822,.F.);
#3822 = EDGE_CURVE('',#3823,#3456,#3825,.T.);
#3823 = VERTEX_POINT('',#3824);
#3824 = CARTESIAN_POINT('',(20.693483064735,-7.12552926697,-1.));
#3825 = LINE('',#3826,#3827);
#3826 = CARTESIAN_POINT('',(20.693483064735,-7.12552926697,-1.));
#3827 = VECTOR('',#3828,1.);
#3828 = DIRECTION('',(0.,-2.2E-16,-1.));
#3829 = ORIENTED_EDGE('',*,*,#3830,.F.);
#3830 = EDGE_CURVE('',#3799,#3823,#3831,.T.);
#3831 = CIRCLE('',#3832,0.15);
#3832 = AXIS2_PLACEMENT_3D('',#3833,#3834,#3835);
#3833 = CARTESIAN_POINT('',(20.746189288347,-6.985094036374,-1.));
#3834 = DIRECTION('',(0.,-0.,-1.));
#3835 = DIRECTION('',(0.93623487064,-0.351374824081,0.));
#3836 = CYLINDRICAL_SURFACE('',#3837,0.15);
#3837 = AXIS2_PLACEMENT_3D('',#3838,#3839,#3840);
#3838 = CARTESIAN_POINT('',(20.746189288347,-6.985094036374,-1.));
#3839 = DIRECTION('',(0.,2.2E-16,1.));
#3840 = DIRECTION('',(0.93623487064,-0.351374824081,7.73024612979E-17));
#3841 = ADVANCED_FACE('',(#3842),#3861,.F.);
#3842 = FACE_BOUND('',#3843,.F.);
#3843 = EDGE_LOOP('',(#3844,#3845,#3846,#3854));
#3844 = ORIENTED_EDGE('',*,*,#3822,.T.);
#3845 = ORIENTED_EDGE('',*,*,#3455,.T.);
#3846 = ORIENTED_EDGE('',*,*,#3847,.F.);
#3847 = EDGE_CURVE('',#3848,#3447,#3850,.T.);
#3848 = VERTEX_POINT('',#3849);
#3849 = CARTESIAN_POINT('',(20.318725559834,-7.127979767298,-1.));
#3850 = LINE('',#3851,#3852);
#3851 = CARTESIAN_POINT('',(20.318725559834,-7.127979767298,-1.));
#3852 = VECTOR('',#3853,1.);
#3853 = DIRECTION('',(0.,-2.2E-16,-1.));
#3854 = ORIENTED_EDGE('',*,*,#3855,.F.);
#3855 = EDGE_CURVE('',#3823,#3848,#3856,.T.);
#3856 = CIRCLE('',#3857,1.469292842572);
#3857 = AXIS2_PLACEMENT_3D('',#3858,#3859,#3860);
#3858 = CARTESIAN_POINT('',(20.515633209927,-8.584018514918,-1.));
#3859 = DIRECTION('',(0.,-0.,1.));
#3860 = DIRECTION('',(0.121044525403,0.992647078709,0.));
#3861 = CYLINDRICAL_SURFACE('',#3862,1.469292842572);
#3862 = AXIS2_PLACEMENT_3D('',#3863,#3864,#3865);
#3863 = CARTESIAN_POINT('',(20.515633209927,-8.584018514918,-1.));
#3864 = DIRECTION('',(0.,2.2E-16,1.));
#3865 = DIRECTION('',(0.121044525403,0.992647078709,-2.18382357316E-16)
  );
#3866 = ADVANCED_FACE('',(#3867),#3886,.F.);
#3867 = FACE_BOUND('',#3868,.F.);
#3868 = EDGE_LOOP('',(#3869,#3870,#3871,#3879));
#3869 = ORIENTED_EDGE('',*,*,#3847,.T.);
#3870 = ORIENTED_EDGE('',*,*,#3446,.T.);
#3871 = ORIENTED_EDGE('',*,*,#3872,.F.);
#3872 = EDGE_CURVE('',#3873,#3438,#3875,.T.);
#3873 = VERTEX_POINT('',#3874);
#3874 = CARTESIAN_POINT('',(19.99122637129,-8.000598234552,-1.));
#3875 = LINE('',#3876,#3877);
#3876 = CARTESIAN_POINT('',(19.99122637129,-8.000598234552,-1.));
#3877 = VECTOR('',#3878,1.);
#3878 = DIRECTION('',(0.,-2.2E-16,-1.));
#3879 = ORIENTED_EDGE('',*,*,#3880,.F.);
#3880 = EDGE_CURVE('',#3848,#3873,#3881,.T.);
#3881 = CIRCLE('',#3882,0.559359353945);
#3882 = AXIS2_PLACEMENT_3D('',#3883,#3884,#3885);
#3883 = CARTESIAN_POINT('',(20.444608980284,-7.672990089496,-1.));
#3884 = DIRECTION('',(0.,0.,1.));
#3885 = DIRECTION('',(-0.225049281042,0.97434738215,0.));
#3886 = CYLINDRICAL_SURFACE('',#3887,0.559359353945);
#3887 = AXIS2_PLACEMENT_3D('',#3888,#3889,#3890);
#3888 = CARTESIAN_POINT('',(20.444608980284,-7.672990089496,-1.));
#3889 = DIRECTION('',(0.,2.2E-16,1.));
#3890 = DIRECTION('',(-0.225049281042,0.97434738215,-2.14356424073E-16)
  );
#3891 = ADVANCED_FACE('',(#3892),#3911,.F.);
#3892 = FACE_BOUND('',#3893,.F.);
#3893 = EDGE_LOOP('',(#3894,#3895,#3896,#3904));
#3894 = ORIENTED_EDGE('',*,*,#3872,.T.);
#3895 = ORIENTED_EDGE('',*,*,#3437,.T.);
#3896 = ORIENTED_EDGE('',*,*,#3897,.F.);
#3897 = EDGE_CURVE('',#3898,#3429,#3900,.T.);
#3898 = VERTEX_POINT('',#3899);
#3899 = CARTESIAN_POINT('',(20.271833275837,-8.249011111738,-1.));
#3900 = LINE('',#3901,#3902);
#3901 = CARTESIAN_POINT('',(20.271833275837,-8.249011111738,-1.));
#3902 = VECTOR('',#3903,1.);
#3903 = DIRECTION('',(0.,-2.2E-16,-1.));
#3904 = ORIENTED_EDGE('',*,*,#3905,.F.);
#3905 = EDGE_CURVE('',#3873,#3898,#3906,.T.);
#3906 = CIRCLE('',#3907,1.469292842572);
#3907 = AXIS2_PLACEMENT_3D('',#3908,#3909,#3910);
#3908 = CARTESIAN_POINT('',(21.09749618254,-7.033650168755,-1.));
#3909 = DIRECTION('',(0.,0.,1.));
#3910 = DIRECTION('',(-0.752926699972,-0.658104387213,0.));
#3911 = CYLINDRICAL_SURFACE('',#3912,1.469292842572);
#3912 = AXIS2_PLACEMENT_3D('',#3913,#3914,#3915);
#3913 = CARTESIAN_POINT('',(21.09749618254,-7.033650168755,-1.));
#3914 = DIRECTION('',(0.,2.2E-16,1.));
#3915 = DIRECTION('',(-0.752926699972,-0.658104387213,1.447829651869E-16
    ));
#3916 = ADVANCED_FACE('',(#3917),#3936,.T.);
#3917 = FACE_BOUND('',#3918,.F.);
#3918 = EDGE_LOOP('',(#3919,#3920,#3921,#3929));
#3919 = ORIENTED_EDGE('',*,*,#3897,.T.);
#3920 = ORIENTED_EDGE('',*,*,#3428,.T.);
#3921 = ORIENTED_EDGE('',*,*,#3922,.F.);
#3922 = EDGE_CURVE('',#3923,#3421,#3925,.T.);
#3923 = VERTEX_POINT('',#3924);
#3924 = CARTESIAN_POINT('',(20.359562282821,-8.442152565946,-1.));
#3925 = LINE('',#3926,#3927);
#3926 = CARTESIAN_POINT('',(20.359562282821,-8.442152565946,-1.));
#3927 = VECTOR('',#3928,1.);
#3928 = DIRECTION('',(0.,-2.2E-16,-1.));
#3929 = ORIENTED_EDGE('',*,*,#3930,.F.);
#3930 = EDGE_CURVE('',#3898,#3923,#3931,.T.);
#3931 = CIRCLE('',#3932,0.15);
#3932 = AXIS2_PLACEMENT_3D('',#3933,#3934,#3935);
#3933 = CARTESIAN_POINT('',(20.219127052225,-8.389446342334,-1.));
#3934 = DIRECTION('',(0.,0.,-1.));
#3935 = DIRECTION('',(0.351374824081,0.93623487064,0.));
#3936 = CYLINDRICAL_SURFACE('',#3937,0.15);
#3937 = AXIS2_PLACEMENT_3D('',#3938,#3939,#3940);
#3938 = CARTESIAN_POINT('',(20.219127052225,-8.389446342334,-1.));
#3939 = DIRECTION('',(0.,2.2E-16,1.));
#3940 = DIRECTION('',(0.351374824081,0.93623487064,-2.059716715407E-16)
  );
#3941 = ADVANCED_FACE('',(#3942),#3960,.F.);
#3942 = FACE_BOUND('',#3943,.F.);
#3943 = EDGE_LOOP('',(#3944,#3945,#3946,#3954));
#3944 = ORIENTED_EDGE('',*,*,#3922,.T.);
#3945 = ORIENTED_EDGE('',*,*,#3420,.T.);
#3946 = ORIENTED_EDGE('',*,*,#3947,.F.);
#3947 = EDGE_CURVE('',#3948,#3412,#3950,.T.);
#3948 = VERTEX_POINT('',#3949);
#3949 = CARTESIAN_POINT('',(20.171677557692,-8.881730732423,-1.));
#3950 = LINE('',#3951,#3952);
#3951 = CARTESIAN_POINT('',(20.171677557692,-8.881730732423,-1.));
#3952 = VECTOR('',#3953,1.);
#3953 = DIRECTION('',(0.,-2.2E-16,-1.));
#3954 = ORIENTED_EDGE('',*,*,#3955,.F.);
#3955 = EDGE_CURVE('',#3923,#3948,#3956,.T.);
#3956 = LINE('',#3957,#3958);
#3957 = CARTESIAN_POINT('',(20.359562282821,-8.442152565946,-1.));
#3958 = VECTOR('',#3959,1.);
#3959 = DIRECTION('',(-0.393025031654,-0.919527772551,0.));
#3960 = PLANE('',#3961);
#3961 = AXIS2_PLACEMENT_3D('',#3962,#3963,#3964);
#3962 = CARTESIAN_POINT('',(20.359562282821,-8.442152565946,-1.));
#3963 = DIRECTION('',(-0.919527772551,0.393025031654,-9.E-17));
#3964 = DIRECTION('',(-0.393025031654,-0.919527772551,2.E-16));
#3965 = ADVANCED_FACE('',(#3966),#3985,.T.);
#3966 = FACE_BOUND('',#3967,.F.);
#3967 = EDGE_LOOP('',(#3968,#3969,#3970,#3978));
#3968 = ORIENTED_EDGE('',*,*,#3947,.T.);
#3969 = ORIENTED_EDGE('',*,*,#3411,.T.);
#3970 = ORIENTED_EDGE('',*,*,#3971,.F.);
#3971 = EDGE_CURVE('',#3972,#3403,#3974,.T.);
#3972 = VERTEX_POINT('',#3973);
#3973 = CARTESIAN_POINT('',(19.971449666639,-8.951793501741,-1.));
#3974 = LINE('',#3975,#3976);
#3975 = CARTESIAN_POINT('',(19.971449666639,-8.951793501741,-1.));
#3976 = VECTOR('',#3977,1.);
#3977 = DIRECTION('',(0.,-2.2E-16,-1.));
#3978 = ORIENTED_EDGE('',*,*,#3979,.F.);
#3979 = EDGE_CURVE('',#3948,#3972,#3980,.T.);
#3980 = CIRCLE('',#3981,0.15);
#3981 = AXIS2_PLACEMENT_3D('',#3982,#3983,#3984);
#3982 = CARTESIAN_POINT('',(20.036532227507,-8.816648171555,-1.));
#3983 = DIRECTION('',(0.,-0.,-1.));
#3984 = DIRECTION('',(0.900968867902,-0.433883739118,0.));
#3985 = CYLINDRICAL_SURFACE('',#3986,0.15);
#3986 = AXIS2_PLACEMENT_3D('',#3987,#3988,#3989);
#3987 = CARTESIAN_POINT('',(20.036532227507,-8.816648171555,-1.));
#3988 = DIRECTION('',(0.,2.2E-16,1.));
#3989 = DIRECTION('',(0.900968867902,-0.433883739118,9.545442260587E-17)
  );
#3990 = ADVANCED_FACE('',(#3991),#4010,.F.);
#3991 = FACE_BOUND('',#3992,.F.);
#3992 = EDGE_LOOP('',(#3993,#3994,#3995,#4003));
#3993 = ORIENTED_EDGE('',*,*,#3971,.T.);
#3994 = ORIENTED_EDGE('',*,*,#3402,.T.);
#3995 = ORIENTED_EDGE('',*,*,#3996,.F.);
#3996 = EDGE_CURVE('',#3997,#3394,#3999,.T.);
#3997 = VERTEX_POINT('',#3998);
#3998 = CARTESIAN_POINT('',(19.59798116412,-8.920641133329,-1.));
#3999 = LINE('',#4000,#4001);
#4000 = CARTESIAN_POINT('',(19.59798116412,-8.920641133329,-1.));
#4001 = VECTOR('',#4002,1.);
#4002 = DIRECTION('',(0.,-2.2E-16,-1.));
#4003 = ORIENTED_EDGE('',*,*,#4004,.F.);
#4004 = EDGE_CURVE('',#3972,#3997,#4005,.T.);
#4005 = CIRCLE('',#4006,1.469292842572);
#4006 = AXIS2_PLACEMENT_3D('',#4007,#4008,#4009);
#4007 = CARTESIAN_POINT('',(19.663577814831,-10.38846896269,-1.));
#4008 = DIRECTION('',(0.,-0.,1.));
#4009 = DIRECTION('',(0.209537433851,0.9778006258,0.));
#4010 = CYLINDRICAL_SURFACE('',#4011,1.469292842572);
#4011 = AXIS2_PLACEMENT_3D('',#4012,#4013,#4014);
#4012 = CARTESIAN_POINT('',(19.663577814831,-10.38846896269,-1.));
#4013 = DIRECTION('',(0.,2.2E-16,1.));
#4014 = DIRECTION('',(0.209537433851,0.9778006258,-2.15116137676E-16));
#4015 = ADVANCED_FACE('',(#4016),#4035,.F.);
#4016 = FACE_BOUND('',#4017,.F.);
#4017 = EDGE_LOOP('',(#4018,#4019,#4020,#4028));
#4018 = ORIENTED_EDGE('',*,*,#3996,.T.);
#4019 = ORIENTED_EDGE('',*,*,#3393,.T.);
#4020 = ORIENTED_EDGE('',*,*,#4021,.F.);
#4021 = EDGE_CURVE('',#4022,#3385,#4024,.T.);
#4022 = VERTEX_POINT('',#4023);
#4023 = CARTESIAN_POINT('',(19.193579474685,-9.760389894252,-1.));
#4024 = LINE('',#4025,#4026);
#4025 = CARTESIAN_POINT('',(19.193579474685,-9.760389894252,-1.));
#4026 = VECTOR('',#4027,1.);
#4027 = DIRECTION('',(0.,-2.2E-16,-1.));
#4028 = ORIENTED_EDGE('',*,*,#4029,.F.);
#4029 = EDGE_CURVE('',#3997,#4022,#4030,.T.);
#4030 = CIRCLE('',#4031,0.559359353945);
#4031 = AXIS2_PLACEMENT_3D('',#4032,#4033,#4034);
#4032 = CARTESIAN_POINT('',(19.674503466301,-9.474741507011,-1.));
#4033 = DIRECTION('',(0.,0.,1.));
#4034 = DIRECTION('',(-0.136803472832,0.990598208065,0.));
#4035 = CYLINDRICAL_SURFACE('',#4036,0.559359353945);
#4036 = AXIS2_PLACEMENT_3D('',#4037,#4038,#4039);
#4037 = CARTESIAN_POINT('',(19.674503466301,-9.474741507011,-1.));
#4038 = DIRECTION('',(0.,2.2E-16,1.));
#4039 = DIRECTION('',(-0.136803472832,0.990598208065,-2.179316057742E-16
    ));
#4040 = ADVANCED_FACE('',(#4041),#4060,.F.);
#4041 = FACE_BOUND('',#4042,.F.);
#4042 = EDGE_LOOP('',(#4043,#4044,#4045,#4053));
#4043 = ORIENTED_EDGE('',*,*,#4021,.T.);
#4044 = ORIENTED_EDGE('',*,*,#3384,.T.);
#4045 = ORIENTED_EDGE('',*,*,#4046,.F.);
#4046 = EDGE_CURVE('',#4047,#3376,#4049,.T.);
#4047 = VERTEX_POINT('',#4048);
#4048 = CARTESIAN_POINT('',(19.450789179698,-10.03295614322,-1.));
#4049 = LINE('',#4050,#4051);
#4050 = CARTESIAN_POINT('',(19.450789179698,-10.03295614322,-1.));
#4051 = VECTOR('',#4052,1.);
#4052 = DIRECTION('',(0.,-2.2E-16,-1.));
#4053 = ORIENTED_EDGE('',*,*,#4054,.F.);
#4054 = EDGE_CURVE('',#4022,#4047,#4055,.T.);
#4055 = CIRCLE('',#4056,1.469292842572);
#4056 = AXIS2_PLACEMENT_3D('',#4057,#4058,#4059);
#4057 = CARTESIAN_POINT('',(20.382072325277,-8.896499738431,-1.));
#4058 = DIRECTION('',(0.,0.,1.));
#4059 = DIRECTION('',(-0.808887660891,-0.587963223389,0.));
#4060 = CYLINDRICAL_SURFACE('',#4061,1.469292842572);
#4061 = AXIS2_PLACEMENT_3D('',#4062,#4063,#4064);
#4062 = CARTESIAN_POINT('',(20.382072325277,-8.896499738431,-1.));
#4063 = DIRECTION('',(0.,2.2E-16,1.));
#4064 = DIRECTION('',(-0.808887660891,-0.587963223389,1.293519091456E-16
    ));
#4065 = ADVANCED_FACE('',(#4066),#4085,.T.);
#4066 = FACE_BOUND('',#4067,.F.);
#4067 = EDGE_LOOP('',(#4068,#4069,#4070,#4078));
#4068 = ORIENTED_EDGE('',*,*,#4046,.T.);
#4069 = ORIENTED_EDGE('',*,*,#3375,.T.);
#4070 = ORIENTED_EDGE('',*,*,#4071,.F.);
#4071 = EDGE_CURVE('',#4072,#3368,#4074,.T.);
#4072 = VERTEX_POINT('',#4073);
#4073 = CARTESIAN_POINT('',(19.520851949016,-10.23318403427,-1.));
#4074 = LINE('',#4075,#4076);
#4075 = CARTESIAN_POINT('',(19.520851949016,-10.23318403427,-1.));
#4076 = VECTOR('',#4077,1.);
#4077 = DIRECTION('',(0.,-2.2E-16,-1.));
#4078 = ORIENTED_EDGE('',*,*,#4079,.F.);
#4079 = EDGE_CURVE('',#4047,#4072,#4080,.T.);
#4080 = CIRCLE('',#4081,0.15);
#4081 = AXIS2_PLACEMENT_3D('',#4082,#4083,#4084);
#4082 = CARTESIAN_POINT('',(19.38570661883,-10.1681014734,-1.));
#4083 = DIRECTION('',(0.,0.,-1.));
#4084 = DIRECTION('',(0.433883739118,0.900968867902,0.));
#4085 = CYLINDRICAL_SURFACE('',#4086,0.15);
#4086 = AXIS2_PLACEMENT_3D('',#4087,#4088,#4089);
#4087 = CARTESIAN_POINT('',(19.38570661883,-10.1681014734,-1.));
#4088 = DIRECTION('',(0.,2.2E-16,1.));
#4089 = DIRECTION('',(0.433883739118,0.900968867902,-1.982131509385E-16)
  );
#4090 = ADVANCED_FACE('',(#4091),#4109,.F.);
#4091 = FACE_BOUND('',#4092,.F.);
#4092 = EDGE_LOOP('',(#4093,#4094,#4095,#4103));
#4093 = ORIENTED_EDGE('',*,*,#4071,.T.);
#4094 = ORIENTED_EDGE('',*,*,#3367,.T.);
#4095 = ORIENTED_EDGE('',*,*,#4096,.F.);
#4096 = EDGE_CURVE('',#4097,#3359,#4099,.T.);
#4097 = VERTEX_POINT('',#4098);
#4098 = CARTESIAN_POINT('',(19.294320109501,-10.65415073137,-1.));
#4099 = LINE('',#4100,#4101);
#4100 = CARTESIAN_POINT('',(19.294320109501,-10.65415073137,-1.));
#4101 = VECTOR('',#4102,1.);
#4102 = DIRECTION('',(0.,-2.2E-16,-1.));
#4103 = ORIENTED_EDGE('',*,*,#4104,.F.);
#4104 = EDGE_CURVE('',#4072,#4097,#4105,.T.);
#4105 = LINE('',#4106,#4107);
#4106 = CARTESIAN_POINT('',(19.520851949016,-10.23318403427,-1.));
#4107 = VECTOR('',#4108,1.);
#4108 = DIRECTION('',(-0.473868662473,-0.880595531857,0.));
#4109 = PLANE('',#4110);
#4110 = AXIS2_PLACEMENT_3D('',#4111,#4112,#4113);
#4111 = CARTESIAN_POINT('',(19.520851949016,-10.23318403427,-1.));
#4112 = DIRECTION('',(-0.880595531857,0.473868662473,-1.1E-16));
#4113 = DIRECTION('',(-0.473868662473,-0.880595531857,2.E-16));
#4114 = ADVANCED_FACE('',(#4115),#4134,.T.);
#4115 = FACE_BOUND('',#4116,.F.);
#4116 = EDGE_LOOP('',(#4117,#4118,#4119,#4127));
#4117 = ORIENTED_EDGE('',*,*,#4096,.T.);
#4118 = ORIENTED_EDGE('',*,*,#3358,.T.);
#4119 = ORIENTED_EDGE('',*,*,#4120,.F.);
#4120 = EDGE_CURVE('',#4121,#3350,#4123,.T.);
#4121 = VERTEX_POINT('',#4122);
#4122 = CARTESIAN_POINT('',(19.08861789885,-10.7059831588,-1.));
#4123 = LINE('',#4124,#4125);
#4124 = CARTESIAN_POINT('',(19.08861789885,-10.7059831588,-1.));
#4125 = VECTOR('',#4126,1.);
#4126 = DIRECTION('',(0.,-2.2E-16,-1.));
#4127 = ORIENTED_EDGE('',*,*,#4128,.F.);
#4128 = EDGE_CURVE('',#4097,#4121,#4129,.T.);
#4129 = CIRCLE('',#4130,0.15);
#4130 = AXIS2_PLACEMENT_3D('',#4131,#4132,#4133);
#4131 = CARTESIAN_POINT('',(19.165552790461,-10.57721583976,-1.));
#4132 = DIRECTION('',(0.,-0.,-1.));
#4133 = DIRECTION('',(0.858448793602,-0.512899277406,0.));
#4134 = CYLINDRICAL_SURFACE('',#4135,0.15);
#4135 = AXIS2_PLACEMENT_3D('',#4136,#4137,#4138);
#4136 = CARTESIAN_POINT('',(19.165552790461,-10.57721583976,-1.));
#4137 = DIRECTION('',(0.,2.2E-16,1.));
#4138 = DIRECTION('',(0.858448793602,-0.512899277406,1.128378410293E-16)
  );
#4139 = ADVANCED_FACE('',(#4140),#4159,.F.);
#4140 = FACE_BOUND('',#4141,.F.);
#4141 = EDGE_LOOP('',(#4142,#4143,#4144,#4152));
#4142 = ORIENTED_EDGE('',*,*,#4120,.T.);
#4143 = ORIENTED_EDGE('',*,*,#3349,.T.);
#4144 = ORIENTED_EDGE('',*,*,#4145,.F.);
#4145 = EDGE_CURVE('',#4146,#3341,#4148,.T.);
#4146 = VERTEX_POINT('',#4147);
#4147 = CARTESIAN_POINT('',(18.7194453475,-10.6414787422,-1.));
#4148 = LINE('',#4149,#4150);
#4149 = CARTESIAN_POINT('',(18.7194453475,-10.6414787422,-1.));
#4150 = VECTOR('',#4151,1.);
#4151 = DIRECTION('',(0.,-2.2E-16,-1.));
#4152 = ORIENTED_EDGE('',*,*,#4153,.F.);
#4153 = EDGE_CURVE('',#4121,#4146,#4154,.T.);
#4154 = CIRCLE('',#4155,1.469292842573);
#4155 = AXIS2_PLACEMENT_3D('',#4156,#4157,#4158);
#4156 = CARTESIAN_POINT('',(18.653202853166,-12.10927756669,-1.));
#4157 = DIRECTION('',(0.,-0.,1.));
#4158 = DIRECTION('',(0.296343270087,0.95508149719,0.));
#4159 = CYLINDRICAL_SURFACE('',#4160,1.469292842573);
#4160 = AXIS2_PLACEMENT_3D('',#4161,#4162,#4163);
#4161 = CARTESIAN_POINT('',(18.653202853166,-12.10927756669,-1.));
#4162 = DIRECTION('',(0.,2.2E-16,1.));
#4163 = DIRECTION('',(0.296343270087,0.95508149719,-2.101179293817E-16)
  );
#4164 = ADVANCED_FACE('',(#4165),#4184,.F.);
#4165 = FACE_BOUND('',#4166,.F.);
#4166 = EDGE_LOOP('',(#4167,#4168,#4169,#4177));
#4167 = ORIENTED_EDGE('',*,*,#4145,.T.);
#4168 = ORIENTED_EDGE('',*,*,#3340,.T.);
#4169 = ORIENTED_EDGE('',*,*,#4170,.F.);
#4170 = EDGE_CURVE('',#4171,#3332,#4173,.T.);
#4171 = VERTEX_POINT('',#4172);
#4172 = CARTESIAN_POINT('',(18.241397161792,-11.44159663354,-1.));
#4173 = LINE('',#4174,#4175);
#4174 = CARTESIAN_POINT('',(18.241397161792,-11.44159663354,-1.));
#4175 = VECTOR('',#4176,1.);
#4176 = DIRECTION('',(0.,-2.2E-16,-1.));
#4177 = ORIENTED_EDGE('',*,*,#4178,.F.);
#4178 = EDGE_CURVE('',#4146,#4171,#4179,.T.);
#4179 = CIRCLE('',#4180,0.559359353945);
#4180 = AXIS2_PLACEMENT_3D('',#4181,#4182,#4183);
#4181 = CARTESIAN_POINT('',(18.745990418829,-11.20020787697,-1.));
#4182 = DIRECTION('',(0.,0.,1.));
#4183 = DIRECTION('',(-4.745620349853E-02,0.99887331967,0.));
#4184 = CYLINDRICAL_SURFACE('',#4185,0.559359353945);
#4185 = AXIS2_PLACEMENT_3D('',#4186,#4187,#4188);
#4186 = CARTESIAN_POINT('',(18.745990418829,-11.20020787697,-1.));
#4187 = DIRECTION('',(0.,2.2E-16,1.));
#4188 = DIRECTION('',(-4.745620349853E-02,0.99887331967,
    -2.197521303275E-16));
#4189 = ADVANCED_FACE('',(#4190),#4209,.F.);
#4190 = FACE_BOUND('',#4191,.F.);
#4191 = EDGE_LOOP('',(#4192,#4193,#4194,#4202));
#4192 = ORIENTED_EDGE('',*,*,#4170,.T.);
#4193 = ORIENTED_EDGE('',*,*,#3331,.T.);
#4194 = ORIENTED_EDGE('',*,*,#4195,.F.);
#4195 = EDGE_CURVE('',#4196,#3323,#4198,.T.);
#4196 = VERTEX_POINT('',#4197);
#4197 = CARTESIAN_POINT('',(18.473138765963,-11.73612171112,-1.));
#4198 = LINE('',#4199,#4200);
#4199 = CARTESIAN_POINT('',(18.473138765963,-11.73612171112,-1.));
#4200 = VECTOR('',#4201,1.);
#4201 = DIRECTION('',(0.,-2.2E-16,-1.));
#4202 = ORIENTED_EDGE('',*,*,#4203,.F.);
#4203 = EDGE_CURVE('',#4171,#4196,#4204,.T.);
#4204 = CIRCLE('',#4205,1.469292842572);
#4205 = AXIS2_PLACEMENT_3D('',#4206,#4207,#4208);
#4206 = CARTESIAN_POINT('',(19.502544006115,-10.68771992327,-1.));
#4207 = DIRECTION('',(0.,0.,1.));
#4208 = DIRECTION('',(-0.858335933983,-0.513088125408,0.));
#4209 = CYLINDRICAL_SURFACE('',#4210,1.469292842572);
#4210 = AXIS2_PLACEMENT_3D('',#4211,#4212,#4213);
#4211 = CARTESIAN_POINT('',(19.502544006115,-10.68771992327,-1.));
#4212 = DIRECTION('',(0.,2.2E-16,1.));
#4213 = DIRECTION('',(-0.858335933983,-0.513088125408,1.128793875897E-16
    ));
#4214 = ADVANCED_FACE('',(#4215),#4234,.T.);
#4215 = FACE_BOUND('',#4216,.F.);
#4216 = EDGE_LOOP('',(#4217,#4218,#4219,#4227));
#4217 = ORIENTED_EDGE('',*,*,#4195,.T.);
#4218 = ORIENTED_EDGE('',*,*,#3322,.T.);
#4219 = ORIENTED_EDGE('',*,*,#4220,.F.);
#4220 = EDGE_CURVE('',#4221,#3315,#4223,.T.);
#4221 = VERTEX_POINT('',#4222);
#4222 = CARTESIAN_POINT('',(18.524971193392,-11.94182392177,-1.));
#4223 = LINE('',#4224,#4225);
#4224 = CARTESIAN_POINT('',(18.524971193392,-11.94182392177,-1.));
#4225 = VECTOR('',#4226,1.);
#4226 = DIRECTION('',(0.,-2.2E-16,-1.));
#4227 = ORIENTED_EDGE('',*,*,#4228,.F.);
#4228 = EDGE_CURVE('',#4196,#4221,#4229,.T.);
#4229 = CIRCLE('',#4230,0.15);
#4230 = AXIS2_PLACEMENT_3D('',#4231,#4232,#4233);
#4231 = CARTESIAN_POINT('',(18.396203874352,-11.86488903016,-1.));
#4232 = DIRECTION('',(0.,0.,-1.));
#4233 = DIRECTION('',(0.512899277406,0.858448793602,0.));
#4234 = CYLINDRICAL_SURFACE('',#4235,0.15);
#4235 = AXIS2_PLACEMENT_3D('',#4236,#4237,#4238);
#4236 = CARTESIAN_POINT('',(18.396203874352,-11.86488903016,-1.));
#4237 = DIRECTION('',(0.,2.2E-16,1.));
#4238 = DIRECTION('',(0.512899277406,0.858448793602,-1.888587345924E-16)
  );
#4239 = ADVANCED_FACE('',(#4240),#4258,.F.);
#4240 = FACE_BOUND('',#4241,.F.);
#4241 = EDGE_LOOP('',(#4242,#4243,#4244,#4252));
#4242 = ORIENTED_EDGE('',*,*,#4220,.T.);
#4243 = ORIENTED_EDGE('',*,*,#3314,.T.);
#4244 = ORIENTED_EDGE('',*,*,#4245,.F.);
#4245 = EDGE_CURVE('',#4246,#3306,#4248,.T.);
#4246 = VERTEX_POINT('',#4247);
#4247 = CARTESIAN_POINT('',(18.261616140665,-12.34078977317,-1.));
#4248 = LINE('',#4249,#4250);
#4249 = CARTESIAN_POINT('',(18.261616140665,-12.34078977317,-1.));
#4250 = VECTOR('',#4251,1.);
#4251 = DIRECTION('',(0.,-2.2E-16,-1.));
#4252 = ORIENTED_EDGE('',*,*,#4253,.F.);
#4253 = EDGE_CURVE('',#4221,#4246,#4254,.T.);
#4254 = LINE('',#4255,#4256);
#4255 = CARTESIAN_POINT('',(18.524971193392,-11.94182392177,-1.));
#4256 = VECTOR('',#4257,1.);
#4257 = DIRECTION('',(-0.550896981452,-0.834573253721,0.));
#4258 = PLANE('',#4259);
#4259 = AXIS2_PLACEMENT_3D('',#4260,#4261,#4262);
#4260 = CARTESIAN_POINT('',(18.524971193392,-11.94182392177,-1.));
#4261 = DIRECTION('',(-0.834573253721,0.550896981452,-1.2E-16));
#4262 = DIRECTION('',(-0.550896981452,-0.834573253721,1.9E-16));
#4263 = ADVANCED_FACE('',(#4264),#4283,.T.);
#4264 = FACE_BOUND('',#4265,.F.);
#4265 = EDGE_LOOP('',(#4266,#4267,#4268,#4276));
#4266 = ORIENTED_EDGE('',*,*,#4245,.T.);
#4267 = ORIENTED_EDGE('',*,*,#3305,.T.);
#4268 = ORIENTED_EDGE('',*,*,#4269,.F.);
#4269 = EDGE_CURVE('',#4270,#3297,#4272,.T.);
#4270 = VERTEX_POINT('',#4271);
#4271 = CARTESIAN_POINT('',(18.052095803665,-12.37397453449,-1.));
#4272 = LINE('',#4273,#4274);
#4273 = CARTESIAN_POINT('',(18.052095803665,-12.37397453449,-1.));
#4274 = VECTOR('',#4275,1.);
#4275 = DIRECTION('',(0.,-2.2E-16,-1.));
#4276 = ORIENTED_EDGE('',*,*,#4277,.F.);
#4277 = EDGE_CURVE('',#4246,#4270,#4278,.T.);
#4278 = CIRCLE('',#4279,0.15);
#4279 = AXIS2_PLACEMENT_3D('',#4280,#4281,#4282);
#4280 = CARTESIAN_POINT('',(18.140263591509,-12.25262198533,-1.));
#4281 = DIRECTION('',(0.,-0.,-1.));
#4282 = DIRECTION('',(0.809016994375,-0.587785252292,0.));
#4283 = CYLINDRICAL_SURFACE('',#4284,0.15);
#4284 = AXIS2_PLACEMENT_3D('',#4285,#4286,#4287);
#4285 = CARTESIAN_POINT('',(18.140263591509,-12.25262198533,-1.));
#4286 = DIRECTION('',(0.,2.2E-16,1.));
#4287 = DIRECTION('',(0.809016994375,-0.587785252292,1.293127555043E-16)
  );
#4288 = ADVANCED_FACE('',(#4289),#4308,.F.);
#4289 = FACE_BOUND('',#4290,.F.);
#4290 = EDGE_LOOP('',(#4291,#4292,#4293,#4301));
#4291 = ORIENTED_EDGE('',*,*,#4269,.T.);
#4292 = ORIENTED_EDGE('',*,*,#3296,.T.);
#4293 = ORIENTED_EDGE('',*,*,#4294,.F.);
#4294 = EDGE_CURVE('',#4295,#3288,#4297,.T.);
#4295 = VERTEX_POINT('',#4296);
#4296 = CARTESIAN_POINT('',(17.690191563796,-12.27663742134,-1.));
#4297 = LINE('',#4298,#4299);
#4298 = CARTESIAN_POINT('',(17.690191563796,-12.27663742134,-1.));
#4299 = VECTOR('',#4300,1.);
#4300 = DIRECTION('',(0.,-2.2E-16,-1.));
#4301 = ORIENTED_EDGE('',*,*,#4302,.F.);
#4302 = EDGE_CURVE('',#4270,#4295,#4303,.T.);
#4303 = CIRCLE('',#4304,1.469292842572);
#4304 = AXIS2_PLACEMENT_3D('',#4305,#4306,#4307);
#4305 = CARTESIAN_POINT('',(17.492643270034,-13.73258938787,-1.));
#4306 = DIRECTION('',(0.,-0.,1.));
#4307 = DIRECTION('',(0.38076312456,0.924672613943,0.));
#4308 = CYLINDRICAL_SURFACE('',#4309,1.469292842572);
#4309 = AXIS2_PLACEMENT_3D('',#4310,#4311,#4312);
#4310 = CARTESIAN_POINT('',(17.492643270034,-13.73258938787,-1.));
#4311 = DIRECTION('',(0.,2.2E-16,1.));
#4312 = DIRECTION('',(0.38076312456,0.924672613943,-2.034279750674E-16)
  );
#4313 = ADVANCED_FACE('',(#4314),#4333,.F.);
#4314 = FACE_BOUND('',#4315,.F.);
#4315 = EDGE_LOOP('',(#4316,#4317,#4318,#4326));
#4316 = ORIENTED_EDGE('',*,*,#4294,.T.);
#4317 = ORIENTED_EDGE('',*,*,#3287,.T.);
#4318 = ORIENTED_EDGE('',*,*,#4319,.F.);
#4319 = EDGE_CURVE('',#4320,#3279,#4322,.T.);
#4320 = VERTEX_POINT('',#4321);
#4321 = CARTESIAN_POINT('',(17.14234584472,-13.03068236428,-1.));
#4322 = LINE('',#4323,#4324);
#4323 = CARTESIAN_POINT('',(17.14234584472,-13.03068236428,-1.));
#4324 = VECTOR('',#4325,1.);
#4325 = DIRECTION('',(0.,-2.2E-16,-1.));
#4326 = ORIENTED_EDGE('',*,*,#4327,.F.);
#4327 = EDGE_CURVE('',#4295,#4320,#4328,.T.);
#4328 = CIRCLE('',#4329,0.559359353945);
#4329 = AXIS2_PLACEMENT_3D('',#4330,#4331,#4332);
#4330 = CARTESIAN_POINT('',(17.666545678968,-12.83549675872,-1.));
#4331 = DIRECTION('',(0.,-0.,1.));
#4332 = DIRECTION('',(4.227315528219E-02,0.999106090634,0.));
#4333 = CYLINDRICAL_SURFACE('',#4334,0.559359353945);
#4334 = AXIS2_PLACEMENT_3D('',#4335,#4336,#4337);
#4335 = CARTESIAN_POINT('',(17.666545678968,-12.83549675872,-1.));
#4336 = DIRECTION('',(0.,2.2E-16,1.));
#4337 = DIRECTION('',(4.227315528219E-02,0.999106090634,
    -2.198033399395E-16));
#4338 = ADVANCED_FACE('',(#4339),#4358,.F.);
#4339 = FACE_BOUND('',#4340,.F.);
#4340 = EDGE_LOOP('',(#4341,#4342,#4343,#4351));
#4341 = ORIENTED_EDGE('',*,*,#4319,.T.);
#4342 = ORIENTED_EDGE('',*,*,#3278,.T.);
#4343 = ORIENTED_EDGE('',*,*,#4344,.F.);
#4344 = EDGE_CURVE('',#4345,#3270,#4347,.T.);
#4345 = VERTEX_POINT('',#4346);
#4346 = CARTESIAN_POINT('',(17.346753500914,-13.34479492774,-1.));
#4347 = LINE('',#4348,#4349);
#4348 = CARTESIAN_POINT('',(17.346753500914,-13.34479492774,-1.));
#4349 = VECTOR('',#4350,1.);
#4350 = DIRECTION('',(0.,-2.2E-16,-1.));
#4351 = ORIENTED_EDGE('',*,*,#4352,.F.);
#4352 = EDGE_CURVE('',#4320,#4345,#4353,.T.);
#4353 = CIRCLE('',#4354,1.469292842572);
#4354 = AXIS2_PLACEMENT_3D('',#4355,#4356,#4357);
#4355 = CARTESIAN_POINT('',(18.465992669926,-12.39288887156,-1.));
#4356 = DIRECTION('',(0.,0.,1.));
#4357 = DIRECTION('',(-0.900873390827,-0.434081943531,0.));
#4358 = CYLINDRICAL_SURFACE('',#4359,1.469292842572);
#4359 = AXIS2_PLACEMENT_3D('',#4360,#4361,#4362);
#4360 = CARTESIAN_POINT('',(18.465992669926,-12.39288887156,-1.));
#4361 = DIRECTION('',(0.,2.2E-16,1.));
#4362 = DIRECTION('',(-0.900873390827,-0.434081943531,9.54980275768E-17)
  );
#4363 = ADVANCED_FACE('',(#4364),#4383,.T.);
#4364 = FACE_BOUND('',#4365,.F.);
#4365 = EDGE_LOOP('',(#4366,#4367,#4368,#4376));
#4366 = ORIENTED_EDGE('',*,*,#4344,.T.);
#4367 = ORIENTED_EDGE('',*,*,#3269,.T.);
#4368 = ORIENTED_EDGE('',*,*,#4369,.F.);
#4369 = EDGE_CURVE('',#4370,#3262,#4372,.T.);
#4370 = VERTEX_POINT('',#4371);
#4371 = CARTESIAN_POINT('',(17.379938262226,-13.55431526474,-1.));
#4372 = LINE('',#4373,#4374);
#4373 = CARTESIAN_POINT('',(17.379938262226,-13.55431526474,-1.));
#4374 = VECTOR('',#4375,1.);
#4375 = DIRECTION('',(0.,-2.2E-16,-1.));
#4376 = ORIENTED_EDGE('',*,*,#4377,.F.);
#4377 = EDGE_CURVE('',#4345,#4370,#4378,.T.);
#4378 = CIRCLE('',#4379,0.15);
#4379 = AXIS2_PLACEMENT_3D('',#4380,#4381,#4382);
#4380 = CARTESIAN_POINT('',(17.25858571307,-13.46614747689,-1.));
#4381 = DIRECTION('',(0.,0.,-1.));
#4382 = DIRECTION('',(0.587785252293,0.809016994375,0.));
#4383 = CYLINDRICAL_SURFACE('',#4384,0.15);
#4384 = AXIS2_PLACEMENT_3D('',#4385,#4386,#4387);
#4385 = CARTESIAN_POINT('',(17.25858571307,-13.46614747689,-1.));
#4386 = DIRECTION('',(0.,2.2E-16,1.));
#4387 = DIRECTION('',(0.587785252293,0.809016994375,-1.779837387625E-16)
  );
#4388 = ADVANCED_FACE('',(#4389),#4407,.F.);
#4389 = FACE_BOUND('',#4390,.F.);
#4390 = EDGE_LOOP('',(#4391,#4392,#4393,#4401));
#4391 = ORIENTED_EDGE('',*,*,#4369,.T.);
#4392 = ORIENTED_EDGE('',*,*,#3261,.T.);
#4393 = ORIENTED_EDGE('',*,*,#4394,.F.);
#4394 = EDGE_CURVE('',#4395,#3253,#4397,.T.);
#4395 = VERTEX_POINT('',#4396);
#4396 = CARTESIAN_POINT('',(17.081880376321,-13.92806803199,-1.));
#4397 = LINE('',#4398,#4399);
#4398 = CARTESIAN_POINT('',(17.081880376321,-13.92806803199,-1.));
#4399 = VECTOR('',#4400,1.);
#4400 = DIRECTION('',(0.,-2.2E-16,-1.));
#4401 = ORIENTED_EDGE('',*,*,#4402,.F.);
#4402 = EDGE_CURVE('',#4370,#4395,#4403,.T.);
#4403 = LINE('',#4404,#4405);
#4404 = CARTESIAN_POINT('',(17.379938262226,-13.55431526474,-1.));
#4405 = VECTOR('',#4406,1.);
#4406 = DIRECTION('',(-0.623489801859,-0.781831482468,0.));
#4407 = PLANE('',#4408);
#4408 = AXIS2_PLACEMENT_3D('',#4409,#4410,#4411);
#4409 = CARTESIAN_POINT('',(17.379938262226,-13.55431526474,-1.));
#4410 = DIRECTION('',(-0.781831482468,0.623489801859,-1.4E-16));
#4411 = DIRECTION('',(-0.623489801859,-0.781831482468,1.7E-16));
#4412 = ADVANCED_FACE('',(#4413),#4432,.T.);
#4413 = FACE_BOUND('',#4414,.F.);
#4414 = EDGE_LOOP('',(#4415,#4416,#4417,#4425));
#4415 = ORIENTED_EDGE('',*,*,#4394,.T.);
#4416 = ORIENTED_EDGE('',*,*,#3252,.T.);
#4417 = ORIENTED_EDGE('',*,*,#4418,.F.);
#4418 = EDGE_CURVE('',#4419,#3244,#4421,.T.);
#4419 = VERTEX_POINT('',#4420);
#4420 = CARTESIAN_POINT('',(16.870228847529,-13.942337943,-1.));
#4421 = LINE('',#4422,#4423);
#4422 = CARTESIAN_POINT('',(16.870228847529,-13.942337943,-1.));
#4423 = VECTOR('',#4424,1.);
#4424 = DIRECTION('',(0.,-2.2E-16,-1.));
#4425 = ORIENTED_EDGE('',*,*,#4426,.F.);
#4426 = EDGE_CURVE('',#4395,#4419,#4427,.T.);
#4427 = CIRCLE('',#4428,0.15);
#4428 = AXIS2_PLACEMENT_3D('',#4429,#4430,#4431);
#4429 = CARTESIAN_POINT('',(16.96891965642,-13.8293772231,-1.));
#4430 = DIRECTION('',(0.,-0.,-1.));
#4431 = DIRECTION('',(0.753071466004,-0.65793872594,0.));
#4432 = CYLINDRICAL_SURFACE('',#4433,0.15);
#4433 = AXIS2_PLACEMENT_3D('',#4434,#4435,#4436);
#4434 = CARTESIAN_POINT('',(16.96891965642,-13.8293772231,-1.));
#4435 = DIRECTION('',(0.,2.2E-16,1.));
#4436 = DIRECTION('',(0.753071466004,-0.65793872594,1.447465197067E-16)
  );
#4437 = ADVANCED_FACE('',(#4438),#4457,.F.);
#4438 = FACE_BOUND('',#4439,.F.);
#4439 = EDGE_LOOP('',(#4440,#4441,#4442,#4450));
#4440 = ORIENTED_EDGE('',*,*,#4418,.T.);
#4441 = ORIENTED_EDGE('',*,*,#3243,.T.);
#4442 = ORIENTED_EDGE('',*,*,#4443,.F.);
#4443 = EDGE_CURVE('',#4444,#3235,#4446,.T.);
#4444 = VERTEX_POINT('',#4445);
#4445 = CARTESIAN_POINT('',(16.518506759286,-13.8129518345,-1.));
#4446 = LINE('',#4447,#4448);
#4447 = CARTESIAN_POINT('',(16.518506759286,-13.8129518345,-1.));
#4448 = VECTOR('',#4449,1.);
#4449 = DIRECTION('',(0.,-2.2E-16,-1.));
#4450 = ORIENTED_EDGE('',*,*,#4451,.F.);
#4451 = EDGE_CURVE('',#4419,#4444,#4452,.T.);
#4452 = CIRCLE('',#4453,1.469292842572);
#4453 = AXIS2_PLACEMENT_3D('',#4454,#4455,#4456);
#4454 = CARTESIAN_POINT('',(16.191243208798,-15.24533447393,-1.));
#4455 = DIRECTION('',(0.,-0.,1.));
#4456 = DIRECTION('',(0.462117298239,0.886818810507,0.));
#4457 = CYLINDRICAL_SURFACE('',#4458,1.469292842572);
#4458 = AXIS2_PLACEMENT_3D('',#4459,#4460,#4461);
#4459 = CARTESIAN_POINT('',(16.191243208798,-15.24533447393,-1.));
#4460 = DIRECTION('',(0.,2.2E-16,1.));
#4461 = DIRECTION('',(0.462117298239,0.886818810507,-1.951001383115E-16)
  );
#4462 = ADVANCED_FACE('',(#4463),#4482,.F.);
#4463 = FACE_BOUND('',#4464,.F.);
#4464 = EDGE_LOOP('',(#4465,#4466,#4467,#4475));
#4465 = ORIENTED_EDGE('',*,*,#4443,.T.);
#4466 = ORIENTED_EDGE('',*,*,#3234,.T.);
#4467 = ORIENTED_EDGE('',*,*,#4468,.F.);
#4468 = EDGE_CURVE('',#4469,#3226,#4471,.T.);
#4469 = VERTEX_POINT('',#4470);
#4470 = CARTESIAN_POINT('',(15.905274438443,-14.51485270254,-1.));
#4471 = LINE('',#4472,#4473);
#4472 = CARTESIAN_POINT('',(15.905274438443,-14.51485270254,-1.));
#4473 = VECTOR('',#4474,1.);
#4474 = DIRECTION('',(0.,-2.2E-16,-1.));
#4475 = ORIENTED_EDGE('',*,*,#4476,.F.);
#4476 = EDGE_CURVE('',#4444,#4469,#4477,.T.);
#4477 = CIRCLE('',#4478,0.559359353945);
#4478 = AXIS2_PLACEMENT_3D('',#4479,#4480,#4481);
#4479 = CARTESIAN_POINT('',(16.444860301061,-14.36744176771,-1.));
#4480 = DIRECTION('',(0.,-0.,1.));
#4481 = DIRECTION('',(0.131662155473,0.991294646821,0.));
#4482 = CYLINDRICAL_SURFACE('',#4483,0.559359353945);
#4483 = AXIS2_PLACEMENT_3D('',#4484,#4485,#4486);
#4484 = CARTESIAN_POINT('',(16.444860301061,-14.36744176771,-1.));
#4485 = DIRECTION('',(0.,2.2E-16,1.));
#4486 = DIRECTION('',(0.131662155473,0.991294646821,-2.180848223007E-16)
  );
#4487 = ADVANCED_FACE('',(#4488),#4507,.F.);
#4488 = FACE_BOUND('',#4489,.F.);
#4489 = EDGE_LOOP('',(#4490,#4491,#4492,#4500));
#4490 = ORIENTED_EDGE('',*,*,#4468,.T.);
#4491 = ORIENTED_EDGE('',*,*,#3225,.T.);
#4492 = ORIENTED_EDGE('',*,*,#4493,.F.);
#4493 = EDGE_CURVE('',#4494,#3217,#4496,.T.);
#4494 = VERTEX_POINT('',#4495);
#4495 = CARTESIAN_POINT('',(16.080702376402,-14.8460237022,-1.));
#4496 = LINE('',#4497,#4498);
#4497 = CARTESIAN_POINT('',(16.080702376402,-14.8460237022,-1.));
#4498 = VECTOR('',#4499,1.);
#4499 = DIRECTION('',(0.,-2.2E-16,-1.));
#4500 = ORIENTED_EDGE('',*,*,#4501,.F.);
#4501 = EDGE_CURVE('',#4469,#4494,#4502,.T.);
#4502 = CIRCLE('',#4503,1.469292842572);
#4503 = AXIS2_PLACEMENT_3D('',#4504,#4505,#4506);
#4504 = CARTESIAN_POINT('',(17.280764018587,-13.99827756556,-1.));
#4505 = DIRECTION('',(0.,0.,1.));
#4506 = DIRECTION('',(-0.936157544834,-0.351580789081,0.));
#4507 = CYLINDRICAL_SURFACE('',#4508,1.469292842572);
#4508 = AXIS2_PLACEMENT_3D('',#4509,#4510,#4511);
#4509 = CARTESIAN_POINT('',(17.280764018587,-13.99827756556,-1.));
#4510 = DIRECTION('',(0.,2.2E-16,1.));
#4511 = DIRECTION('',(-0.936157544834,-0.351580789081,7.734777359783E-17
    ));
#4512 = ADVANCED_FACE('',(#4513),#4532,.T.);
#4513 = FACE_BOUND('',#4514,.F.);
#4514 = EDGE_LOOP('',(#4515,#4516,#4517,#4525));
#4515 = ORIENTED_EDGE('',*,*,#4493,.T.);
#4516 = ORIENTED_EDGE('',*,*,#3216,.T.);
#4517 = ORIENTED_EDGE('',*,*,#4518,.F.);
#4518 = EDGE_CURVE('',#4519,#3209,#4521,.T.);
#4519 = VERTEX_POINT('',#4520);
#4520 = CARTESIAN_POINT('',(16.094972287411,-15.05767523099,-1.));
#4521 = LINE('',#4522,#4523);
#4522 = CARTESIAN_POINT('',(16.094972287411,-15.05767523099,-1.));
#4523 = VECTOR('',#4524,1.);
#4524 = DIRECTION('',(0.,-2.2E-16,-1.));
#4525 = ORIENTED_EDGE('',*,*,#4526,.F.);
#4526 = EDGE_CURVE('',#4494,#4519,#4527,.T.);
#4527 = CIRCLE('',#4528,0.15);
#4528 = AXIS2_PLACEMENT_3D('',#4529,#4530,#4531);
#4529 = CARTESIAN_POINT('',(15.982011567511,-14.9589844221,-1.));
#4530 = DIRECTION('',(0.,0.,-1.));
#4531 = DIRECTION('',(0.65793872594,0.753071466004,0.));
#4532 = CYLINDRICAL_SURFACE('',#4533,0.15);
#4533 = AXIS2_PLACEMENT_3D('',#4534,#4535,#4536);
#4534 = CARTESIAN_POINT('',(15.982011567511,-14.9589844221,-1.));
#4535 = DIRECTION('',(0.,2.2E-16,1.));
#4536 = DIRECTION('',(0.65793872594,0.753071466004,-1.656757225208E-16)
  );
#4537 = ADVANCED_FACE('',(#4538),#4556,.F.);
#4538 = FACE_BOUND('',#4539,.F.);
#4539 = EDGE_LOOP('',(#4540,#4541,#4542,#4550));
#4540 = ORIENTED_EDGE('',*,*,#4518,.T.);
#4541 = ORIENTED_EDGE('',*,*,#3208,.T.);
#4542 = ORIENTED_EDGE('',*,*,#4543,.F.);
#4543 = EDGE_CURVE('',#4544,#3200,#4546,.T.);
#4544 = VERTEX_POINT('',#4545);
#4545 = CARTESIAN_POINT('',(15.764611355169,-15.40320567658,-1.));
#4546 = LINE('',#4547,#4548);
#4547 = CARTESIAN_POINT('',(15.764611355169,-15.40320567658,-1.));
#4548 = VECTOR('',#4549,1.);
#4549 = DIRECTION('',(0.,-2.2E-16,-1.));
#4550 = ORIENTED_EDGE('',*,*,#4551,.F.);
#4551 = EDGE_CURVE('',#4519,#4544,#4552,.T.);
#4552 = LINE('',#4553,#4554);
#4553 = CARTESIAN_POINT('',(16.094972287411,-15.05767523099,-1.));
#4554 = VECTOR('',#4555,1.);
#4555 = DIRECTION('',(-0.691062648987,-0.722794863827,0.));
#4556 = PLANE('',#4557);
#4557 = AXIS2_PLACEMENT_3D('',#4558,#4559,#4560);
#4558 = CARTESIAN_POINT('',(16.094972287411,-15.05767523099,-1.));
#4559 = DIRECTION('',(-0.722794863827,0.691062648987,-1.5E-16));
#4560 = DIRECTION('',(-0.691062648987,-0.722794863827,1.6E-16));
#4561 = ADVANCED_FACE('',(#4562),#4581,.T.);
#4562 = FACE_BOUND('',#4563,.F.);
#4563 = EDGE_LOOP('',(#4564,#4565,#4566,#4574));
#4564 = ORIENTED_EDGE('',*,*,#4543,.T.);
#4565 = ORIENTED_EDGE('',*,*,#3199,.T.);
#4566 = ORIENTED_EDGE('',*,*,#4567,.F.);
#4567 = EDGE_CURVE('',#4568,#3191,#4570,.T.);
#4568 = VERTEX_POINT('',#4569);
#4569 = CARTESIAN_POINT('',(15.552532728247,-15.39844584436,-1.));
#4570 = LINE('',#4571,#4572);
#4571 = CARTESIAN_POINT('',(15.552532728247,-15.39844584436,-1.));
#4572 = VECTOR('',#4573,1.);
#4573 = DIRECTION('',(0.,-2.2E-16,-1.));
#4574 = ORIENTED_EDGE('',*,*,#4575,.F.);
#4575 = EDGE_CURVE('',#4544,#4568,#4576,.T.);
#4576 = CIRCLE('',#4577,0.15);
#4577 = AXIS2_PLACEMENT_3D('',#4578,#4579,#4580);
#4578 = CARTESIAN_POINT('',(15.660951957821,-15.29478644701,-1.));
#4579 = DIRECTION('',(0.,-0.,-1.));
#4580 = DIRECTION('',(0.691062648987,-0.722794863827,0.));
#4581 = CYLINDRICAL_SURFACE('',#4582,0.15);
#4582 = AXIS2_PLACEMENT_3D('',#4583,#4584,#4585);
#4583 = CARTESIAN_POINT('',(15.660951957821,-15.29478644701,-1.));
#4584 = DIRECTION('',(0.,2.2E-16,1.));
#4585 = DIRECTION('',(0.691062648987,-0.722794863827,1.59014870042E-16)
  );
#4586 = ADVANCED_FACE('',(#4587),#4606,.F.);
#4587 = FACE_BOUND('',#4588,.F.);
#4588 = EDGE_LOOP('',(#4589,#4590,#4591,#4599));
#4589 = ORIENTED_EDGE('',*,*,#4567,.T.);
#4590 = ORIENTED_EDGE('',*,*,#3190,.T.);
#4591 = ORIENTED_EDGE('',*,*,#4592,.F.);
#4592 = EDGE_CURVE('',#4593,#3182,#4595,.T.);
#4593 = VERTEX_POINT('',#4594);
#4594 = CARTESIAN_POINT('',(15.213824651074,-15.23805248137,-1.));
#4595 = LINE('',#4596,#4597);
#4596 = CARTESIAN_POINT('',(15.213824651074,-15.23805248137,-1.));
#4597 = VECTOR('',#4598,1.);
#4598 = DIRECTION('',(0.,-2.2E-16,-1.));
#4599 = ORIENTED_EDGE('',*,*,#4600,.F.);
#4600 = EDGE_CURVE('',#4568,#4593,#4601,.T.);
#4601 = CIRCLE('',#4602,1.469292842572);
#4602 = AXIS2_PLACEMENT_3D('',#4603,#4604,#4605);
#4603 = CARTESIAN_POINT('',(14.759480777543,-16.63533309092,-1.));
#4604 = DIRECTION('',(0.,-0.,1.));
#4605 = DIRECTION('',(0.539750775153,0.84182486345,0.));
#4606 = CYLINDRICAL_SURFACE('',#4607,1.469292842572);
#4607 = AXIS2_PLACEMENT_3D('',#4608,#4609,#4610);
#4608 = CARTESIAN_POINT('',(14.759480777543,-16.63533309092,-1.));
#4609 = DIRECTION('',(0.,2.2E-16,1.));
#4610 = DIRECTION('',(0.539750775153,0.84182486345,-1.852014699589E-16)
  );
#4611 = ADVANCED_FACE('',(#4612),#4631,.F.);
#4612 = FACE_BOUND('',#4613,.F.);
#4613 = EDGE_LOOP('',(#4614,#4615,#4616,#4624));
#4614 = ORIENTED_EDGE('',*,*,#4592,.T.);
#4615 = ORIENTED_EDGE('',*,*,#3181,.T.);
#4616 = ORIENTED_EDGE('',*,*,#4617,.F.);
#4617 = EDGE_CURVE('',#4618,#3173,#4620,.T.);
#4618 = VERTEX_POINT('',#4619);
#4619 = CARTESIAN_POINT('',(14.540143114537,-15.88215798144,-1.));
#4620 = LINE('',#4621,#4622);
#4621 = CARTESIAN_POINT('',(14.540143114537,-15.88215798144,-1.));
#4622 = VECTOR('',#4623,1.);
#4623 = DIRECTION('',(0.,-2.2E-16,-1.));
#4624 = ORIENTED_EDGE('',*,*,#4625,.F.);
#4625 = EDGE_CURVE('',#4593,#4618,#4626,.T.);
#4626 = CIRCLE('',#4627,0.559359353945);
#4627 = AXIS2_PLACEMENT_3D('',#4628,#4629,#4630);
#4628 = CARTESIAN_POINT('',(15.090770577431,-15.78370858352,-1.));
#4629 = DIRECTION('',(0.,-0.,1.));
#4630 = DIRECTION('',(0.219991089404,0.975501881384,0.));
#4631 = CYLINDRICAL_SURFACE('',#4632,0.559359353945);
#4632 = AXIS2_PLACEMENT_3D('',#4633,#4634,#4635);
#4633 = CARTESIAN_POINT('',(15.090770577431,-15.78370858352,-1.));
#4634 = DIRECTION('',(0.,2.2E-16,1.));
#4635 = DIRECTION('',(0.219991089404,0.975501881384,-2.146104139044E-16)
  );
#4636 = ADVANCED_FACE('',(#4637),#4656,.F.);
#4637 = FACE_BOUND('',#4638,.F.);
#4638 = EDGE_LOOP('',(#4639,#4640,#4641,#4649));
#4639 = ORIENTED_EDGE('',*,*,#4617,.T.);
#4640 = ORIENTED_EDGE('',*,*,#3172,.T.);
#4641 = ORIENTED_EDGE('',*,*,#4642,.F.);
#4642 = EDGE_CURVE('',#4643,#3164,#4645,.T.);
#4643 = VERTEX_POINT('',#4644);
#4644 = CARTESIAN_POINT('',(14.685178891654,-16.22772102314,-1.));
#4645 = LINE('',#4646,#4647);
#4646 = CARTESIAN_POINT('',(14.685178891654,-16.22772102314,-1.));
#4647 = VECTOR('',#4648,1.);
#4648 = DIRECTION('',(0.,-2.2E-16,-1.));
#4649 = ORIENTED_EDGE('',*,*,#4650,.F.);
#4650 = EDGE_CURVE('',#4618,#4643,#4651,.T.);
#4651 = CIRCLE('',#4652,1.469292842572);
#4652 = AXIS2_PLACEMENT_3D('',#4653,#4654,#4655);
#4653 = CARTESIAN_POINT('',(15.956400816295,-15.49096035946,-1.));
#4654 = DIRECTION('',(0.,0.,1.));
#4655 = DIRECTION('',(-0.963904308741,-0.266248912844,0.));
#4656 = CYLINDRICAL_SURFACE('',#4657,1.469292842572);
#4657 = AXIS2_PLACEMENT_3D('',#4658,#4659,#4660);
#4658 = CARTESIAN_POINT('',(15.956400816295,-15.49096035946,-1.));
#4659 = DIRECTION('',(0.,2.2E-16,1.));
#4660 = DIRECTION('',(-0.963904308741,-0.266248912844,5.85747608256E-17)
  );
#4661 = ADVANCED_FACE('',(#4662),#4681,.T.);
#4662 = FACE_BOUND('',#4663,.F.);
#4663 = EDGE_LOOP('',(#4664,#4665,#4666,#4674));
#4664 = ORIENTED_EDGE('',*,*,#4642,.T.);
#4665 = ORIENTED_EDGE('',*,*,#3163,.T.);
#4666 = ORIENTED_EDGE('',*,*,#4667,.F.);
#4667 = EDGE_CURVE('',#4668,#3156,#4670,.T.);
#4668 = VERTEX_POINT('',#4669);
#4669 = CARTESIAN_POINT('',(14.680419059428,-16.43979965006,-1.));
#4670 = LINE('',#4671,#4672);
#4671 = CARTESIAN_POINT('',(14.680419059428,-16.43979965006,-1.));
#4672 = VECTOR('',#4673,1.);
#4673 = DIRECTION('',(0.,-2.2E-16,-1.));
#4674 = ORIENTED_EDGE('',*,*,#4675,.F.);
#4675 = EDGE_CURVE('',#4643,#4668,#4676,.T.);
#4676 = CIRCLE('',#4677,0.15);
#4677 = AXIS2_PLACEMENT_3D('',#4678,#4679,#4680);
#4678 = CARTESIAN_POINT('',(14.57675966208,-16.33138042049,-1.));
#4679 = DIRECTION('',(0.,0.,-1.));
#4680 = DIRECTION('',(0.722794863827,0.691062648987,0.));
#4681 = CYLINDRICAL_SURFACE('',#4682,0.15);
#4682 = AXIS2_PLACEMENT_3D('',#4683,#4684,#4685);
#4683 = CARTESIAN_POINT('',(14.57675966208,-16.33138042049,-1.));
#4684 = DIRECTION('',(0.,2.2E-16,1.));
#4685 = DIRECTION('',(0.722794863827,0.691062648987,-1.520337827771E-16)
  );
#4686 = ADVANCED_FACE('',(#4687),#4705,.F.);
#4687 = FACE_BOUND('',#4688,.F.);
#4688 = EDGE_LOOP('',(#4689,#4690,#4691,#4699));
#4689 = ORIENTED_EDGE('',*,*,#4667,.T.);
#4690 = ORIENTED_EDGE('',*,*,#3155,.T.);
#4691 = ORIENTED_EDGE('',*,*,#4692,.F.);
#4692 = EDGE_CURVE('',#4693,#3147,#4695,.T.);
#4693 = VERTEX_POINT('',#4694);
#4694 = CARTESIAN_POINT('',(14.320414952827,-16.75432576601,-1.));
#4695 = LINE('',#4696,#4697);
#4696 = CARTESIAN_POINT('',(14.320414952827,-16.75432576601,-1.));
#4697 = VECTOR('',#4698,1.);
#4698 = DIRECTION('',(0.,-2.2E-16,-1.));
#4699 = ORIENTED_EDGE('',*,*,#4700,.F.);
#4700 = EDGE_CURVE('',#4668,#4693,#4701,.T.);
#4701 = LINE('',#4702,#4703);
#4702 = CARTESIAN_POINT('',(14.680419059428,-16.43979965006,-1.));
#4703 = VECTOR('',#4704,1.);
#4704 = DIRECTION('',(-0.753071466004,-0.65793872594,0.));
#4705 = PLANE('',#4706);
#4706 = AXIS2_PLACEMENT_3D('',#4707,#4708,#4709);
#4707 = CARTESIAN_POINT('',(14.680419059428,-16.43979965006,-1.));
#4708 = DIRECTION('',(-0.65793872594,0.753071466004,-1.7E-16));
#4709 = DIRECTION('',(-0.753071466004,-0.65793872594,1.5E-16));
#4710 = ADVANCED_FACE('',(#4711),#4730,.T.);
#4711 = FACE_BOUND('',#4712,.F.);
#4712 = EDGE_LOOP('',(#4713,#4714,#4715,#4723));
#4713 = ORIENTED_EDGE('',*,*,#4692,.T.);
#4714 = ORIENTED_EDGE('',*,*,#3146,.T.);
#4715 = ORIENTED_EDGE('',*,*,#4716,.F.);
#4716 = EDGE_CURVE('',#4717,#3138,#4719,.T.);
#4717 = VERTEX_POINT('',#4718);
#4718 = CARTESIAN_POINT('',(14.109616760178,-16.73057451391,-1.));
#4719 = LINE('',#4720,#4721);
#4720 = CARTESIAN_POINT('',(14.109616760178,-16.73057451391,-1.));
#4721 = VECTOR('',#4722,1.);
#4722 = DIRECTION('',(0.,-2.2E-16,-1.));
#4723 = ORIENTED_EDGE('',*,*,#4724,.F.);
#4724 = EDGE_CURVE('',#4693,#4717,#4725,.T.);
#4725 = CIRCLE('',#4726,0.15);
#4726 = AXIS2_PLACEMENT_3D('',#4727,#4728,#4729);
#4727 = CARTESIAN_POINT('',(14.226891482549,-16.63705104364,-1.));
#4728 = DIRECTION('',(0.,-0.,-1.));
#4729 = DIRECTION('',(0.623489801859,-0.781831482468,0.));
#4730 = CYLINDRICAL_SURFACE('',#4731,0.15);
#4731 = AXIS2_PLACEMENT_3D('',#4732,#4733,#4734);
#4732 = CARTESIAN_POINT('',(14.226891482549,-16.63705104364,-1.));
#4733 = DIRECTION('',(0.,2.2E-16,1.));
#4734 = DIRECTION('',(0.623489801859,-0.781831482468,1.72002926143E-16)
  );
#4735 = ADVANCED_FACE('',(#4736),#4755,.F.);
#4736 = FACE_BOUND('',#4737,.F.);
#4737 = EDGE_LOOP('',(#4738,#4739,#4740,#4748));
#4738 = ORIENTED_EDGE('',*,*,#4716,.T.);
#4739 = ORIENTED_EDGE('',*,*,#3137,.T.);
#4740 = ORIENTED_EDGE('',*,*,#4741,.F.);
#4741 = EDGE_CURVE('',#4742,#3129,#4744,.T.);
#4742 = VERTEX_POINT('',#4743);
#4743 = CARTESIAN_POINT('',(13.786649772356,-16.5404652895,-1.));
#4744 = LINE('',#4745,#4746);
#4745 = CARTESIAN_POINT('',(13.786649772356,-16.5404652895,-1.));
#4746 = VECTOR('',#4747,1.);
#4747 = DIRECTION('',(0.,-2.2E-16,-1.));
#4748 = ORIENTED_EDGE('',*,*,#4749,.F.);
#4749 = EDGE_CURVE('',#4717,#4742,#4750,.T.);
#4750 = CIRCLE('',#4751,1.469292842572);
#4751 = AXIS2_PLACEMENT_3D('',#4752,#4753,#4754);
#4752 = CARTESIAN_POINT('',(13.2088836855,-17.89139378728,-1.));
#4753 = DIRECTION('',(0.,-0.,1.));
#4754 = DIRECTION('',(0.613038496193,0.790053037577,0.));
#4755 = CYLINDRICAL_SURFACE('',#4756,1.469292842572);
#4756 = AXIS2_PLACEMENT_3D('',#4757,#4758,#4759);
#4757 = CARTESIAN_POINT('',(13.2088836855,-17.89139378728,-1.));
#4758 = DIRECTION('',(0.,2.2E-16,1.));
#4759 = DIRECTION('',(0.613038496193,0.790053037577,-1.73811668267E-16)
  );
#4760 = ADVANCED_FACE('',(#4761),#4780,.F.);
#4761 = FACE_BOUND('',#4762,.F.);
#4762 = EDGE_LOOP('',(#4763,#4764,#4765,#4773));
#4763 = ORIENTED_EDGE('',*,*,#4741,.T.);
#4764 = ORIENTED_EDGE('',*,*,#3128,.T.);
#4765 = ORIENTED_EDGE('',*,*,#4766,.F.);
#4766 = EDGE_CURVE('',#4767,#3120,#4769,.T.);
#4767 = VERTEX_POINT('',#4768);
#4768 = CARTESIAN_POINT('',(13.057943107739,-17.12158946283,-1.));
#4769 = LINE('',#4770,#4771);
#4770 = CARTESIAN_POINT('',(13.057943107739,-17.12158946283,-1.));
#4771 = VECTOR('',#4772,1.);
#4772 = DIRECTION('',(0.,-2.2E-16,-1.));
#4773 = ORIENTED_EDGE('',*,*,#4774,.F.);
#4774 = EDGE_CURVE('',#4742,#4767,#4775,.T.);
#4775 = CIRCLE('',#4776,0.559359353945);
#4776 = AXIS2_PLACEMENT_3D('',#4777,#4778,#4779);
#4777 = CARTESIAN_POINT('',(13.615178842341,-17.07289425848,-1.));
#4778 = DIRECTION('',(0.,-0.,1.));
#4779 = DIRECTION('',(0.306548784435,0.951854948383,0.));
#4780 = CYLINDRICAL_SURFACE('',#4781,0.559359353945);
#4781 = AXIS2_PLACEMENT_3D('',#4782,#4783,#4784);
#4782 = CARTESIAN_POINT('',(13.615178842341,-17.07289425848,-1.));
#4783 = DIRECTION('',(0.,2.2E-16,1.));
#4784 = DIRECTION('',(0.306548784435,0.951854948383,-2.094080886443E-16)
  );
#4785 = ADVANCED_FACE('',(#4786),#4805,.F.);
#4786 = FACE_BOUND('',#4787,.F.);
#4787 = EDGE_LOOP('',(#4788,#4789,#4790,#4798));
#4788 = ORIENTED_EDGE('',*,*,#4766,.T.);
#4789 = ORIENTED_EDGE('',*,*,#3119,.T.);
#4790 = ORIENTED_EDGE('',*,*,#4791,.F.);
#4791 = EDGE_CURVE('',#4792,#3111,#4794,.T.);
#4792 = VERTEX_POINT('',#4793);
#4793 = CARTESIAN_POINT('',(13.171418981217,-17.47876227614,-1.));
#4794 = LINE('',#4795,#4796);
#4795 = CARTESIAN_POINT('',(13.171418981217,-17.47876227614,-1.));
#4796 = VECTOR('',#4797,1.);
#4797 = DIRECTION('',(0.,-2.2E-16,-1.));
#4798 = ORIENTED_EDGE('',*,*,#4799,.F.);
#4799 = EDGE_CURVE('',#4767,#4792,#4800,.T.);
#4800 = CIRCLE('',#4801,1.469292842573);
#4801 = AXIS2_PLACEMENT_3D('',#4802,#4803,#4804);
#4802 = CARTESIAN_POINT('',(14.503566056842,-16.85891904908,-1.));
#4803 = DIRECTION('',(0.,0.,1.));
#4804 = DIRECTION('',(-0.983890281921,-0.178773356912,0.));
#4805 = CYLINDRICAL_SURFACE('',#4806,1.469292842573);
#4806 = AXIS2_PLACEMENT_3D('',#4807,#4808,#4809);
#4807 = CARTESIAN_POINT('',(14.503566056842,-16.85891904908,-1.));
#4808 = DIRECTION('',(0.,2.2E-16,1.));
#4809 = DIRECTION('',(-0.983890281921,-0.178773356912,3.933013852061E-17
    ));
#4810 = ADVANCED_FACE('',(#4811),#4830,.T.);
#4811 = FACE_BOUND('',#4812,.F.);
#4812 = EDGE_LOOP('',(#4813,#4814,#4815,#4823));
#4813 = ORIENTED_EDGE('',*,*,#4791,.T.);
#4814 = ORIENTED_EDGE('',*,*,#3110,.T.);
#4815 = ORIENTED_EDGE('',*,*,#4816,.F.);
#4816 = EDGE_CURVE('',#4817,#3103,#4819,.T.);
#4817 = VERTEX_POINT('',#4818);
#4818 = CARTESIAN_POINT('',(13.147667729125,-17.68956046879,-1.));
#4819 = LINE('',#4820,#4821);
#4820 = CARTESIAN_POINT('',(13.147667729125,-17.68956046879,-1.));
#4821 = VECTOR('',#4822,1.);
#4822 = DIRECTION('',(0.,-2.2E-16,-1.));
#4823 = ORIENTED_EDGE('',*,*,#4824,.F.);
#4824 = EDGE_CURVE('',#4792,#4817,#4825,.T.);
#4825 = CIRCLE('',#4826,0.15);
#4826 = AXIS2_PLACEMENT_3D('',#4827,#4828,#4829);
#4827 = CARTESIAN_POINT('',(13.054144258847,-17.57228574642,-1.));
#4828 = DIRECTION('',(0.,0.,-1.));
#4829 = DIRECTION('',(0.781831482468,0.623489801859,0.));
#4830 = CYLINDRICAL_SURFACE('',#4831,0.15);
#4831 = AXIS2_PLACEMENT_3D('',#4832,#4833,#4834);
#4832 = CARTESIAN_POINT('',(13.054144258847,-17.57228574642,-1.));
#4833 = DIRECTION('',(0.,2.2E-16,1.));
#4834 = DIRECTION('',(0.781831482468,0.623489801859,-1.371677564089E-16)
  );
#4835 = ADVANCED_FACE('',(#4836),#4854,.F.);
#4836 = FACE_BOUND('',#4837,.F.);
#4837 = EDGE_LOOP('',(#4838,#4839,#4840,#4848));
#4838 = ORIENTED_EDGE('',*,*,#4816,.T.);
#4839 = ORIENTED_EDGE('',*,*,#3102,.T.);
#4840 = ORIENTED_EDGE('',*,*,#4841,.F.);
#4841 = EDGE_CURVE('',#4842,#3094,#4844,.T.);
#4842 = VERTEX_POINT('',#4843);
#4843 = CARTESIAN_POINT('',(12.760918989553,-17.97054987575,-1.));
#4844 = LINE('',#4845,#4846);
#4845 = CARTESIAN_POINT('',(12.760918989553,-17.97054987575,-1.));
#4846 = VECTOR('',#4847,1.);
#4847 = DIRECTION('',(0.,-2.2E-16,-1.));
#4848 = ORIENTED_EDGE('',*,*,#4849,.F.);
#4849 = EDGE_CURVE('',#4817,#4842,#4850,.T.);
#4850 = LINE('',#4851,#4852);
#4851 = CARTESIAN_POINT('',(13.147667729125,-17.68956046879,-1.));
#4852 = VECTOR('',#4853,1.);
#4853 = DIRECTION('',(-0.809016994375,-0.587785252292,0.));
#4854 = PLANE('',#4855);
#4855 = AXIS2_PLACEMENT_3D('',#4856,#4857,#4858);
#4856 = CARTESIAN_POINT('',(13.147667729125,-17.68956046879,-1.));
#4857 = DIRECTION('',(-0.587785252292,0.809016994375,-1.8E-16));
#4858 = DIRECTION('',(-0.809016994375,-0.587785252292,1.3E-16));
#4859 = ADVANCED_FACE('',(#4860),#4879,.T.);
#4860 = FACE_BOUND('',#4861,.F.);
#4861 = EDGE_LOOP('',(#4862,#4863,#4864,#4872));
#4862 = ORIENTED_EDGE('',*,*,#4841,.T.);
#4863 = ORIENTED_EDGE('',*,*,#3093,.T.);
#4864 = ORIENTED_EDGE('',*,*,#4865,.F.);
#4865 = EDGE_CURVE('',#4866,#3085,#4868,.T.);
#4866 = VERTEX_POINT('',#4867);
#4867 = CARTESIAN_POINT('',(12.553098454277,-17.92799843491,-1.));
#4868 = LINE('',#4869,#4870);
#4869 = CARTESIAN_POINT('',(12.553098454277,-17.92799843491,-1.));
#4870 = VECTOR('',#4871,1.);
#4871 = DIRECTION('',(0.,-2.2E-16,-1.));
#4872 = ORIENTED_EDGE('',*,*,#4873,.F.);
#4873 = EDGE_CURVE('',#4842,#4866,#4874,.T.);
#4874 = CIRCLE('',#4875,0.15);
#4875 = AXIS2_PLACEMENT_3D('',#4876,#4877,#4878);
#4876 = CARTESIAN_POINT('',(12.678284442335,-17.84536388769,-1.));
#4877 = DIRECTION('',(0.,-0.,-1.));
#4878 = DIRECTION('',(0.550896981452,-0.834573253721,0.));
#4879 = CYLINDRICAL_SURFACE('',#4880,0.15);
#4880 = AXIS2_PLACEMENT_3D('',#4881,#4882,#4883);
#4881 = CARTESIAN_POINT('',(12.678284442335,-17.84536388769,-1.));
#4882 = DIRECTION('',(0.,2.2E-16,1.));
#4883 = DIRECTION('',(0.550896981452,-0.834573253721,1.836061158187E-16)
  );
#4884 = ADVANCED_FACE('',(#4885),#4904,.F.);
#4885 = FACE_BOUND('',#4886,.F.);
#4886 = EDGE_LOOP('',(#4887,#4888,#4889,#4897));
#4887 = ORIENTED_EDGE('',*,*,#4865,.T.);
#4888 = ORIENTED_EDGE('',*,*,#3084,.T.);
#4889 = ORIENTED_EDGE('',*,*,#4890,.F.);
#4890 = EDGE_CURVE('',#4891,#3076,#4893,.T.);
#4891 = VERTEX_POINT('',#4892);
#4892 = CARTESIAN_POINT('',(12.248472896089,-17.70970399675,-1.));
#4893 = LINE('',#4894,#4895);
#4894 = CARTESIAN_POINT('',(12.248472896089,-17.70970399675,-1.));
#4895 = VECTOR('',#4896,1.);
#4896 = DIRECTION('',(0.,-2.2E-16,-1.));
#4897 = ORIENTED_EDGE('',*,*,#4898,.F.);
#4898 = EDGE_CURVE('',#4866,#4891,#4899,.T.);
#4899 = CIRCLE('',#4900,1.469292842572);
#4900 = AXIS2_PLACEMENT_3D('',#4901,#4902,#4903);
#4901 = CARTESIAN_POINT('',(11.55193642872,-19.00340350083,-1.));
#4902 = DIRECTION('',(0.,-0.,1.));
#4903 = DIRECTION('',(0.681390391724,0.73192016919,0.));
#4904 = CYLINDRICAL_SURFACE('',#4905,1.469292842572);
#4905 = AXIS2_PLACEMENT_3D('',#4906,#4907,#4908);
#4906 = CARTESIAN_POINT('',(11.55193642872,-19.00340350083,-1.));
#4907 = DIRECTION('',(0.,2.2E-16,1.));
#4908 = DIRECTION('',(0.681390391724,0.73192016919,-1.610224372217E-16)
  );
#4909 = ADVANCED_FACE('',(#4910),#4929,.F.);
#4910 = FACE_BOUND('',#4911,.F.);
#4911 = EDGE_LOOP('',(#4912,#4913,#4914,#4922));
#4912 = ORIENTED_EDGE('',*,*,#4890,.T.);
#4913 = ORIENTED_EDGE('',*,*,#3075,.T.);
#4914 = ORIENTED_EDGE('',*,*,#4915,.F.);
#4915 = EDGE_CURVE('',#4916,#3067,#4918,.T.);
#4916 = VERTEX_POINT('',#4917);
#4917 = CARTESIAN_POINT('',(11.470608220983,-18.2231679732,-1.));
#4918 = LINE('',#4919,#4920);
#4919 = CARTESIAN_POINT('',(11.470608220983,-18.2231679732,-1.));
#4920 = VECTOR('',#4921,1.);
#4921 = DIRECTION('',(0.,-2.2E-16,-1.));
#4922 = ORIENTED_EDGE('',*,*,#4923,.F.);
#4923 = EDGE_CURVE('',#4891,#4916,#4924,.T.);
#4924 = CIRCLE('',#4925,0.559359353945);
#4925 = AXIS2_PLACEMENT_3D('',#4926,#4927,#4928);
#4926 = CARTESIAN_POINT('',(12.029965692808,-18.22461902757,-1.));
#4927 = DIRECTION('',(0.,-0.,1.));
#4928 = DIRECTION('',(0.390638328902,0.92054423902,0.));
#4929 = CYLINDRICAL_SURFACE('',#4930,0.559359353945);
#4930 = AXIS2_PLACEMENT_3D('',#4931,#4932,#4933);
#4931 = CARTESIAN_POINT('',(12.029965692808,-18.22461902757,-1.));
#4932 = DIRECTION('',(0.,2.2E-16,1.));
#4933 = DIRECTION('',(0.390638328902,0.92054423902,-2.025197325843E-16)
  );
#4934 = ADVANCED_FACE('',(#4935),#4954,.F.);
#4935 = FACE_BOUND('',#4936,.F.);
#4936 = EDGE_LOOP('',(#4937,#4938,#4939,#4947));
#4937 = ORIENTED_EDGE('',*,*,#4915,.T.);
#4938 = ORIENTED_EDGE('',*,*,#3066,.T.);
#4939 = ORIENTED_EDGE('',*,*,#4940,.F.);
#4940 = EDGE_CURVE('',#4941,#3058,#4943,.T.);
#4941 = VERTEX_POINT('',#4942);
#4942 = CARTESIAN_POINT('',(11.551610549811,-18.58907481265,-1.));
#4943 = LINE('',#4944,#4945);
#4944 = CARTESIAN_POINT('',(11.551610549811,-18.58907481265,-1.));
#4945 = VECTOR('',#4946,1.);
#4946 = DIRECTION('',(0.,-2.2E-16,-1.));
#4947 = ORIENTED_EDGE('',*,*,#4948,.F.);
#4948 = EDGE_CURVE('',#4916,#4941,#4949,.T.);
#4949 = CIRCLE('',#4950,1.469292842572);
#4950 = AXIS2_PLACEMENT_3D('',#4951,#4952,#4953);
#4951 = CARTESIAN_POINT('',(12.933957111457,-18.0911396354,-1.));
#4952 = DIRECTION('',(0.,0.,1.));
#4953 = DIRECTION('',(-0.995954549069,-8.985842302723E-02,0.));
#4954 = CYLINDRICAL_SURFACE('',#4955,1.469292842572);
#4955 = AXIS2_PLACEMENT_3D('',#4956,#4957,#4958);
#4956 = CARTESIAN_POINT('',(12.933957111457,-18.0911396354,-1.));
#4957 = DIRECTION('',(0.,2.2E-16,1.));
#4958 = DIRECTION('',(-0.995954549069,-8.985842302723E-02,
    1.976885306599E-17));
#4959 = ADVANCED_FACE('',(#4960),#4979,.T.);
#4960 = FACE_BOUND('',#4961,.F.);
#4961 = EDGE_LOOP('',(#4962,#4963,#4964,#4972));
#4962 = ORIENTED_EDGE('',*,*,#4940,.T.);
#4963 = ORIENTED_EDGE('',*,*,#3057,.T.);
#4964 = ORIENTED_EDGE('',*,*,#4965,.F.);
#4965 = EDGE_CURVE('',#4966,#3050,#4968,.T.);
#4966 = VERTEX_POINT('',#4967);
#4967 = CARTESIAN_POINT('',(11.509059108971,-18.79689534792,-1.));
#4968 = LINE('',#4969,#4970);
#4969 = CARTESIAN_POINT('',(11.509059108971,-18.79689534792,-1.));
#4970 = VECTOR('',#4971,1.);
#4971 = DIRECTION('',(0.,-2.2E-16,-1.));
#4972 = ORIENTED_EDGE('',*,*,#4973,.F.);
#4973 = EDGE_CURVE('',#4941,#4966,#4974,.T.);
#4974 = CIRCLE('',#4975,0.15);
#4975 = AXIS2_PLACEMENT_3D('',#4976,#4977,#4978);
#4976 = CARTESIAN_POINT('',(11.426424561753,-18.67170935987,-1.));
#4977 = DIRECTION('',(0.,0.,-1.));
#4978 = DIRECTION('',(0.834573253721,0.550896981452,0.));
#4979 = CYLINDRICAL_SURFACE('',#4980,0.15);
#4980 = AXIS2_PLACEMENT_3D('',#4981,#4982,#4983);
#4981 = CARTESIAN_POINT('',(11.426424561753,-18.67170935987,-1.));
#4982 = DIRECTION('',(0.,2.2E-16,1.));
#4983 = DIRECTION('',(0.834573253721,0.550896981452,-1.211973359195E-16)
  );
#4984 = ADVANCED_FACE('',(#4985),#5003,.F.);
#4985 = FACE_BOUND('',#4986,.F.);
#4986 = EDGE_LOOP('',(#4987,#4988,#4989,#4997));
#4987 = ORIENTED_EDGE('',*,*,#4965,.T.);
#4988 = ORIENTED_EDGE('',*,*,#3049,.T.);
#4989 = ORIENTED_EDGE('',*,*,#4990,.F.);
#4990 = EDGE_CURVE('',#4991,#3041,#4993,.T.);
#4991 = VERTEX_POINT('',#4992);
#4992 = CARTESIAN_POINT('',(11.098679609874,-19.0420856844,-1.));
#4993 = LINE('',#4994,#4995);
#4994 = CARTESIAN_POINT('',(11.098679609874,-19.0420856844,-1.));
#4995 = VECTOR('',#4996,1.);
#4996 = DIRECTION('',(0.,-2.2E-16,-1.));
#4997 = ORIENTED_EDGE('',*,*,#4998,.F.);
#4998 = EDGE_CURVE('',#4966,#4991,#4999,.T.);
#4999 = LINE('',#5000,#5001);
#5000 = CARTESIAN_POINT('',(11.509059108971,-18.79689534792,-1.));
#5001 = VECTOR('',#5002,1.);
#5002 = DIRECTION('',(-0.858448793602,-0.512899277406,0.));
#5003 = PLANE('',#5004);
#5004 = AXIS2_PLACEMENT_3D('',#5005,#5006,#5007);
#5005 = CARTESIAN_POINT('',(11.509059108971,-18.79689534792,-1.));
#5006 = DIRECTION('',(-0.512899277406,0.858448793602,-1.9E-16));
#5007 = DIRECTION('',(-0.858448793602,-0.512899277406,1.1E-16));
#5008 = ADVANCED_FACE('',(#5009),#5028,.T.);
#5009 = FACE_BOUND('',#5010,.F.);
#5010 = EDGE_LOOP('',(#5011,#5012,#5013,#5021));
#5011 = ORIENTED_EDGE('',*,*,#4990,.T.);
#5012 = ORIENTED_EDGE('',*,*,#3040,.T.);
#5013 = ORIENTED_EDGE('',*,*,#5014,.F.);
#5014 = EDGE_CURVE('',#5015,#3032,#5017,.T.);
#5015 = VERTEX_POINT('',#5016);
#5016 = CARTESIAN_POINT('',(10.895509980724,-18.98107665399,-1.));
#5017 = LINE('',#5018,#5019);
#5018 = CARTESIAN_POINT('',(10.895509980724,-18.98107665399,-1.));
#5019 = VECTOR('',#5020,1.);
#5020 = DIRECTION('',(0.,-2.2E-16,-1.));
#5021 = ORIENTED_EDGE('',*,*,#5022,.F.);
#5022 = EDGE_CURVE('',#4991,#5015,#5023,.T.);
#5023 = CIRCLE('',#5024,0.15);
#5024 = AXIS2_PLACEMENT_3D('',#5025,#5026,#5027);
#5025 = CARTESIAN_POINT('',(11.027599310503,-18.90999635462,-1.));
#5026 = DIRECTION('',(0.,-0.,-1.));
#5027 = DIRECTION('',(0.473868662473,-0.880595531857,0.));
#5028 = CYLINDRICAL_SURFACE('',#5029,0.15);
#5029 = AXIS2_PLACEMENT_3D('',#5030,#5031,#5032);
#5030 = CARTESIAN_POINT('',(11.027599310503,-18.90999635462,-1.));
#5031 = DIRECTION('',(0.,2.2E-16,1.));
#5032 = DIRECTION('',(0.473868662473,-0.880595531857,1.937310170085E-16)
  );
#5033 = ADVANCED_FACE('',(#5034),#5053,.F.);
#5034 = FACE_BOUND('',#5035,.F.);
#5035 = EDGE_LOOP('',(#5036,#5037,#5038,#5046));
#5036 = ORIENTED_EDGE('',*,*,#5014,.T.);
#5037 = ORIENTED_EDGE('',*,*,#3031,.T.);
#5038 = ORIENTED_EDGE('',*,*,#5039,.F.);
#5039 = EDGE_CURVE('',#5040,#3023,#5042,.T.);
#5040 = VERTEX_POINT('',#5041);
#5041 = CARTESIAN_POINT('',(10.611678518049,-18.73635458055,-1.));
#5042 = LINE('',#5043,#5044);
#5043 = CARTESIAN_POINT('',(10.611678518049,-18.73635458055,-1.));
#5044 = VECTOR('',#5045,1.);
#5045 = DIRECTION('',(0.,-2.2E-16,-1.));
#5046 = ORIENTED_EDGE('',*,*,#5047,.F.);
#5047 = EDGE_CURVE('',#5015,#5040,#5048,.T.);
#5048 = CIRCLE('',#5049,1.469292842572);
#5049 = AXIS2_PLACEMENT_3D('',#5050,#5051,#5052);
#5050 = CARTESIAN_POINT('',(9.801979772244,-19.96240898321,-1.));
#5051 = DIRECTION('',(0.,-0.,1.));
#5052 = DIRECTION('',(0.744256132471,0.667894309962,0.));
#5053 = CYLINDRICAL_SURFACE('',#5054,1.469292842572);
#5054 = AXIS2_PLACEMENT_3D('',#5055,#5056,#5057);
#5055 = CARTESIAN_POINT('',(9.801979772244,-19.96240898321,-1.));
#5056 = DIRECTION('',(0.,2.2E-16,1.));
#5057 = DIRECTION('',(0.744256132471,0.667894309962,-1.469367481917E-16)
  );
#5058 = ADVANCED_FACE('',(#5059),#5078,.F.);
#5059 = FACE_BOUND('',#5060,.F.);
#5060 = EDGE_LOOP('',(#5061,#5062,#5063,#5071));
#5061 = ORIENTED_EDGE('',*,*,#5039,.T.);
#5062 = ORIENTED_EDGE('',*,*,#3022,.T.);
#5063 = ORIENTED_EDGE('',*,*,#5064,.F.);
#5064 = EDGE_CURVE('',#5065,#3014,#5067,.T.);
#5065 = VERTEX_POINT('',#5066);
#5066 = CARTESIAN_POINT('',(9.79091874144,-19.17802425009,-1.));
#5067 = LINE('',#5068,#5069);
#5068 = CARTESIAN_POINT('',(9.79091874144,-19.17802425009,-1.));
#5069 = VECTOR('',#5070,1.);
#5070 = DIRECTION('',(0.,-2.2E-16,-1.));
#5071 = ORIENTED_EDGE('',*,*,#5072,.F.);
#5072 = EDGE_CURVE('',#5040,#5065,#5073,.T.);
#5073 = CIRCLE('',#5074,0.559359353945);
#5074 = AXIS2_PLACEMENT_3D('',#5075,#5076,#5077);
#5075 = CARTESIAN_POINT('',(10.347894333022,-19.22960988015,-1.));
#5076 = DIRECTION('',(0.,-0.,1.));
#5077 = DIRECTION('',(0.471582683237,0.881821848715,0.));
#5078 = CYLINDRICAL_SURFACE('',#5079,0.559359353945);
#5079 = AXIS2_PLACEMENT_3D('',#5080,#5081,#5082);
#5080 = CARTESIAN_POINT('',(10.347894333022,-19.22960988015,-1.));
#5081 = DIRECTION('',(0.,2.2E-16,1.));
#5082 = DIRECTION('',(0.471582683237,0.881821848715,-1.940008067173E-16)
  );
#5083 = ADVANCED_FACE('',(#5084),#5103,.F.);
#5084 = FACE_BOUND('',#5085,.F.);
#5085 = EDGE_LOOP('',(#5086,#5087,#5088,#5096));
#5086 = ORIENTED_EDGE('',*,*,#5064,.T.);
#5087 = ORIENTED_EDGE('',*,*,#3013,.T.);
#5088 = ORIENTED_EDGE('',*,*,#5089,.F.);
#5089 = EDGE_CURVE('',#5090,#3005,#5092,.T.);
#5090 = VERTEX_POINT('',#5091);
#5091 = CARTESIAN_POINT('',(9.838795342496,-19.54971904896,-1.));
#5092 = LINE('',#5093,#5094);
#5093 = CARTESIAN_POINT('',(9.838795342496,-19.54971904896,-1.));
#5094 = VECTOR('',#5095,1.);
#5095 = DIRECTION('',(0.,-2.2E-16,-1.));
#5096 = ORIENTED_EDGE('',*,*,#5097,.F.);
#5097 = EDGE_CURVE('',#5065,#5090,#5098,.T.);
#5098 = CIRCLE('',#5099,1.469292842572);
#5099 = AXIS2_PLACEMENT_3D('',#5100,#5101,#5102);
#5100 = CARTESIAN_POINT('',(11.260211548455,-19.17770100279,-1.));
#5101 = DIRECTION('',(0.,0.,1.));
#5102 = DIRECTION('',(-0.9999999758,-2.200019563022E-04,0.));
#5103 = CYLINDRICAL_SURFACE('',#5104,1.469292842572);
#5104 = AXIS2_PLACEMENT_3D('',#5105,#5106,#5107);
#5105 = CARTESIAN_POINT('',(11.260211548455,-19.17770100279,-1.));
#5106 = DIRECTION('',(0.,2.2E-16,1.));
#5107 = DIRECTION('',(-0.9999999758,-2.200019563022E-04,
    4.840043038648E-20));
#5108 = ADVANCED_FACE('',(#5109),#5128,.T.);
#5109 = FACE_BOUND('',#5110,.F.);
#5110 = EDGE_LOOP('',(#5111,#5112,#5113,#5121));
#5111 = ORIENTED_EDGE('',*,*,#5089,.T.);
#5112 = ORIENTED_EDGE('',*,*,#3004,.T.);
#5113 = ORIENTED_EDGE('',*,*,#5114,.F.);
#5114 = EDGE_CURVE('',#5115,#2997,#5117,.T.);
#5115 = VERTEX_POINT('',#5116);
#5116 = CARTESIAN_POINT('',(9.777786312088,-19.75288867811,-1.));
#5117 = LINE('',#5118,#5119);
#5118 = CARTESIAN_POINT('',(9.777786312088,-19.75288867811,-1.));
#5119 = VECTOR('',#5120,1.);
#5120 = DIRECTION('',(0.,-2.2E-16,-1.));
#5121 = ORIENTED_EDGE('',*,*,#5122,.F.);
#5122 = EDGE_CURVE('',#5090,#5115,#5123,.T.);
#5123 = CIRCLE('',#5124,0.15);
#5124 = AXIS2_PLACEMENT_3D('',#5125,#5126,#5127);
#5125 = CARTESIAN_POINT('',(9.706706012718,-19.62079934833,-1.));
#5126 = DIRECTION('',(0.,0.,-1.));
#5127 = DIRECTION('',(0.880595531857,0.473868662473,0.));
#5128 = CYLINDRICAL_SURFACE('',#5129,0.15);
#5129 = AXIS2_PLACEMENT_3D('',#5130,#5131,#5132);
#5130 = CARTESIAN_POINT('',(9.706706012718,-19.62079934833,-1.));
#5131 = DIRECTION('',(0.,2.2E-16,1.));
#5132 = DIRECTION('',(0.880595531857,0.473868662473,-1.042511057441E-16)
  );
#5133 = ADVANCED_FACE('',(#5134),#5152,.F.);
#5134 = FACE_BOUND('',#5135,.F.);
#5135 = EDGE_LOOP('',(#5136,#5137,#5138,#5146));
#5136 = ORIENTED_EDGE('',*,*,#5114,.T.);
#5137 = ORIENTED_EDGE('',*,*,#2996,.T.);
#5138 = ORIENTED_EDGE('',*,*,#5139,.F.);
#5139 = EDGE_CURVE('',#5140,#2988,#5142,.T.);
#5140 = VERTEX_POINT('',#5141);
#5141 = CARTESIAN_POINT('',(9.347080187893,-19.96030581569,-1.));
#5142 = LINE('',#5143,#5144);
#5143 = CARTESIAN_POINT('',(9.347080187893,-19.96030581569,-1.));
#5144 = VECTOR('',#5145,1.);
#5145 = DIRECTION('',(0.,-2.2E-16,-1.));
#5146 = ORIENTED_EDGE('',*,*,#5147,.F.);
#5147 = EDGE_CURVE('',#5115,#5140,#5148,.T.);
#5148 = LINE('',#5149,#5150);
#5149 = CARTESIAN_POINT('',(9.777786312088,-19.75288867811,-1.));
#5150 = VECTOR('',#5151,1.);
#5151 = DIRECTION('',(-0.900968867902,-0.433883739118,0.));
#5152 = PLANE('',#5153);
#5153 = AXIS2_PLACEMENT_3D('',#5154,#5155,#5156);
#5154 = CARTESIAN_POINT('',(9.777786312088,-19.75288867811,-1.));
#5155 = DIRECTION('',(-0.433883739118,0.900968867902,-2.E-16));
#5156 = DIRECTION('',(-0.900968867902,-0.433883739118,1.E-16));
#5157 = ADVANCED_FACE('',(#5158),#5177,.T.);
#5158 = FACE_BOUND('',#5159,.F.);
#5159 = EDGE_LOOP('',(#5160,#5161,#5162,#5170));
#5160 = ORIENTED_EDGE('',*,*,#5139,.T.);
#5161 = ORIENTED_EDGE('',*,*,#2987,.T.);
#5162 = ORIENTED_EDGE('',*,*,#5163,.F.);
#5163 = EDGE_CURVE('',#5164,#2979,#5166,.T.);
#5164 = VERTEX_POINT('',#5165);
#5165 = CARTESIAN_POINT('',(9.150197267263,-19.88133040455,-1.));
#5166 = LINE('',#5167,#5168);
#5167 = CARTESIAN_POINT('',(9.150197267263,-19.88133040455,-1.));
#5168 = VECTOR('',#5169,1.);
#5169 = DIRECTION('',(0.,-2.2E-16,-1.));
#5170 = ORIENTED_EDGE('',*,*,#5171,.F.);
#5171 = EDGE_CURVE('',#5140,#5164,#5172,.T.);
#5172 = CIRCLE('',#5173,0.15);
#5173 = AXIS2_PLACEMENT_3D('',#5174,#5175,#5176);
#5174 = CARTESIAN_POINT('',(9.288126433145,-19.8223766498,-1.));
#5175 = DIRECTION('',(0.,-0.,-1.));
#5176 = DIRECTION('',(0.393025031654,-0.919527772551,0.));
#5177 = CYLINDRICAL_SURFACE('',#5178,0.15);
#5178 = AXIS2_PLACEMENT_3D('',#5179,#5180,#5181);
#5179 = CARTESIAN_POINT('',(9.288126433145,-19.8223766498,-1.));
#5180 = DIRECTION('',(0.,2.2E-16,1.));
#5181 = DIRECTION('',(0.393025031654,-0.919527772551,2.022961099613E-16)
  );
#5182 = ADVANCED_FACE('',(#5183),#5202,.F.);
#5183 = FACE_BOUND('',#5184,.F.);
#5184 = EDGE_LOOP('',(#5185,#5186,#5187,#5195));
#5185 = ORIENTED_EDGE('',*,*,#5163,.T.);
#5186 = ORIENTED_EDGE('',*,*,#2978,.T.);
#5187 = ORIENTED_EDGE('',*,*,#5188,.F.);
#5188 = EDGE_CURVE('',#5189,#2970,#5191,.T.);
#5189 = VERTEX_POINT('',#5190);
#5190 = CARTESIAN_POINT('',(8.889445144147,-19.61215105408,-1.));
#5191 = LINE('',#5192,#5193);
#5192 = CARTESIAN_POINT('',(8.889445144147,-19.61215105408,-1.));
#5193 = VECTOR('',#5194,1.);
#5194 = DIRECTION('',(0.,-2.2E-16,-1.));
#5195 = ORIENTED_EDGE('',*,*,#5196,.F.);
#5196 = EDGE_CURVE('',#5164,#5189,#5197,.T.);
#5197 = CIRCLE('',#5198,1.469292842572);
#5198 = AXIS2_PLACEMENT_3D('',#5199,#5200,#5201);
#5199 = CARTESIAN_POINT('',(7.973103338113,-20.76068888617,-1.));
#5200 = DIRECTION('',(0.,-0.,1.));
#5201 = DIRECTION('',(0.801129560455,0.598490958466,0.));
#5202 = CYLINDRICAL_SURFACE('',#5203,1.469292842572);
#5203 = AXIS2_PLACEMENT_3D('',#5204,#5205,#5206);
#5204 = CARTESIAN_POINT('',(7.973103338113,-20.76068888617,-1.));
#5205 = DIRECTION('',(0.,2.2E-16,1.));
#5206 = DIRECTION('',(0.801129560455,0.598490958466,-1.316680108626E-16)
  );
#5207 = ADVANCED_FACE('',(#5208),#5227,.F.);
#5208 = FACE_BOUND('',#5209,.F.);
#5209 = EDGE_LOOP('',(#5210,#5211,#5212,#5220));
#5210 = ORIENTED_EDGE('',*,*,#5188,.T.);
#5211 = ORIENTED_EDGE('',*,*,#2969,.T.);
#5212 = ORIENTED_EDGE('',*,*,#5213,.F.);
#5213 = EDGE_CURVE('',#5214,#2961,#5216,.T.);
#5214 = VERTEX_POINT('',#5215);
#5215 = CARTESIAN_POINT('',(8.032398541159,-19.97847035222,-1.));
#5216 = LINE('',#5217,#5218);
#5217 = CARTESIAN_POINT('',(8.032398541159,-19.97847035222,-1.));
#5218 = VECTOR('',#5219,1.);
#5219 = DIRECTION('',(0.,-2.2E-16,-1.));
#5220 = ORIENTED_EDGE('',*,*,#5221,.F.);
#5221 = EDGE_CURVE('',#5189,#5214,#5222,.T.);
#5222 = CIRCLE('',#5223,0.559359353945);
#5223 = AXIS2_PLACEMENT_3D('',#5224,#5225,#5226);
#5224 = CARTESIAN_POINT('',(8.582507812529,-20.0797752208,-1.));
#5225 = DIRECTION('',(0.,-0.,1.));
#5226 = DIRECTION('',(0.548730131092,0.835999547387,0.));
#5227 = CYLINDRICAL_SURFACE('',#5228,0.559359353945);
#5228 = AXIS2_PLACEMENT_3D('',#5229,#5230,#5231);
#5229 = CARTESIAN_POINT('',(8.582507812529,-20.0797752208,-1.));
#5230 = DIRECTION('',(0.,2.2E-16,1.));
#5231 = DIRECTION('',(0.548730131092,0.835999547387,-1.839199004252E-16)
  );
#5232 = ADVANCED_FACE('',(#5233),#5252,.F.);
#5233 = FACE_BOUND('',#5234,.F.);
#5234 = EDGE_LOOP('',(#5235,#5236,#5237,#5245));
#5235 = ORIENTED_EDGE('',*,*,#5213,.T.);
#5236 = ORIENTED_EDGE('',*,*,#2960,.T.);
#5237 = ORIENTED_EDGE('',*,*,#5238,.F.);
#5238 = EDGE_CURVE('',#5239,#2952,#5241,.T.);
#5239 = VERTEX_POINT('',#5240);
#5240 = CARTESIAN_POINT('',(8.046763940201,-20.35296044254,-1.));
#5241 = LINE('',#5242,#5243);
#5242 = CARTESIAN_POINT('',(8.046763940201,-20.35296044254,-1.));
#5243 = VECTOR('',#5244,1.);
#5244 = DIRECTION('',(0.,-2.2E-16,-1.));
#5245 = ORIENTED_EDGE('',*,*,#5246,.F.);
#5246 = EDGE_CURVE('',#5214,#5239,#5247,.T.);
#5247 = CIRCLE('',#5248,1.469292842572);
#5248 = AXIS2_PLACEMENT_3D('',#5249,#5250,#5251);
#5249 = CARTESIAN_POINT('',(9.495805382962,-20.10985479802,-1.));
#5250 = DIRECTION('',(0.,0.,1.));
#5251 = DIRECTION('',(-0.995993990716,8.942019044101E-02,0.));
#5252 = CYLINDRICAL_SURFACE('',#5253,1.469292842572);
#5253 = AXIS2_PLACEMENT_3D('',#5254,#5255,#5256);
#5254 = CARTESIAN_POINT('',(9.495805382962,-20.10985479802,-1.));
#5255 = DIRECTION('',(0.,2.2E-16,1.));
#5256 = DIRECTION('',(-0.995993990716,8.942019044101E-02,
    -1.967244189702E-17));
#5257 = ADVANCED_FACE('',(#5258),#5277,.T.);
#5258 = FACE_BOUND('',#5259,.F.);
#5259 = EDGE_LOOP('',(#5260,#5261,#5262,#5270));
#5260 = ORIENTED_EDGE('',*,*,#5238,.T.);
#5261 = ORIENTED_EDGE('',*,*,#2951,.T.);
#5262 = ORIENTED_EDGE('',*,*,#5263,.F.);
#5263 = EDGE_CURVE('',#5264,#2944,#5266,.T.);
#5264 = VERTEX_POINT('',#5265);
#5265 = CARTESIAN_POINT('',(7.967788529066,-20.54984336317,-1.));
#5266 = LINE('',#5267,#5268);
#5267 = CARTESIAN_POINT('',(7.967788529066,-20.54984336317,-1.));
#5268 = VECTOR('',#5269,1.);
#5269 = DIRECTION('',(0.,-2.2E-16,-1.));
#5270 = ORIENTED_EDGE('',*,*,#5271,.F.);
#5271 = EDGE_CURVE('',#5239,#5264,#5272,.T.);
#5272 = CIRCLE('',#5273,0.15);
#5273 = AXIS2_PLACEMENT_3D('',#5274,#5275,#5276);
#5274 = CARTESIAN_POINT('',(7.908834774318,-20.41191419728,-1.));
#5275 = DIRECTION('',(0.,0.,-1.));
#5276 = DIRECTION('',(0.919527772551,0.393025031654,0.));
#5277 = CYLINDRICAL_SURFACE('',#5278,0.15);
#5278 = AXIS2_PLACEMENT_3D('',#5279,#5280,#5281);
#5279 = CARTESIAN_POINT('',(7.908834774318,-20.41191419728,-1.));
#5280 = DIRECTION('',(0.,2.2E-16,1.));
#5281 = DIRECTION('',(0.919527772551,0.393025031654,-8.646550696386E-17)
  );
#5282 = ADVANCED_FACE('',(#5283),#5301,.F.);
#5283 = FACE_BOUND('',#5284,.F.);
#5284 = EDGE_LOOP('',(#5285,#5286,#5287,#5295));
#5285 = ORIENTED_EDGE('',*,*,#5263,.T.);
#5286 = ORIENTED_EDGE('',*,*,#2943,.T.);
#5287 = ORIENTED_EDGE('',*,*,#5288,.F.);
#5288 = EDGE_CURVE('',#5289,#2935,#5291,.T.);
#5289 = VERTEX_POINT('',#5290);
#5290 = CARTESIAN_POINT('',(7.520223572234,-20.71781730101,-1.));
#5291 = LINE('',#5292,#5293);
#5292 = CARTESIAN_POINT('',(7.520223572234,-20.71781730101,-1.));
#5293 = VECTOR('',#5294,1.);
#5294 = DIRECTION('',(0.,-2.2E-16,-1.));
#5295 = ORIENTED_EDGE('',*,*,#5296,.F.);
#5296 = EDGE_CURVE('',#5264,#5289,#5297,.T.);
#5297 = LINE('',#5298,#5299);
#5298 = CARTESIAN_POINT('',(7.967788529066,-20.54984336317,-1.));
#5299 = VECTOR('',#5300,1.);
#5300 = DIRECTION('',(-0.93623487064,-0.351374824081,0.));
#5301 = PLANE('',#5302);
#5302 = AXIS2_PLACEMENT_3D('',#5303,#5304,#5305);
#5303 = CARTESIAN_POINT('',(7.967788529066,-20.54984336317,-1.));
#5304 = DIRECTION('',(-0.351374824081,0.93623487064,-2.1E-16));
#5305 = DIRECTION('',(-0.93623487064,-0.351374824081,8.E-17));
#5306 = ADVANCED_FACE('',(#5307),#5326,.T.);
#5307 = FACE_BOUND('',#5308,.F.);
#5308 = EDGE_LOOP('',(#5309,#5310,#5311,#5319));
#5309 = ORIENTED_EDGE('',*,*,#5288,.T.);
#5310 = ORIENTED_EDGE('',*,*,#2934,.T.);
#5311 = ORIENTED_EDGE('',*,*,#5312,.F.);
#5312 = EDGE_CURVE('',#5313,#2926,#5315,.T.);
#5313 = VERTEX_POINT('',#5314);
#5314 = CARTESIAN_POINT('',(7.331212545634,-20.62151137273,-1.));
#5315 = LINE('',#5316,#5317);
#5316 = CARTESIAN_POINT('',(7.331212545634,-20.62151137273,-1.));
#5317 = VECTOR('',#5318,1.);
#5318 = DIRECTION('',(0.,-2.2E-16,-1.));
#5319 = ORIENTED_EDGE('',*,*,#5320,.F.);
#5320 = EDGE_CURVE('',#5289,#5313,#5321,.T.);
#5321 = CIRCLE('',#5322,0.15);
#5322 = AXIS2_PLACEMENT_3D('',#5323,#5324,#5325);
#5323 = CARTESIAN_POINT('',(7.473871023078,-20.57515882357,-1.));
#5324 = DIRECTION('',(0.,-0.,-1.));
#5325 = DIRECTION('',(0.309016994375,-0.951056516295,0.));
#5326 = CYLINDRICAL_SURFACE('',#5327,0.15);
#5327 = AXIS2_PLACEMENT_3D('',#5328,#5329,#5330);
#5328 = CARTESIAN_POINT('',(7.473871023078,-20.57515882357,-1.));
#5329 = DIRECTION('',(0.,2.2E-16,1.));
#5330 = DIRECTION('',(0.309016994375,-0.951056516295,2.092324335849E-16)
  );
#5331 = ADVANCED_FACE('',(#5332),#5351,.F.);
#5332 = FACE_BOUND('',#5333,.F.);
#5333 = EDGE_LOOP('',(#5334,#5335,#5336,#5344));
#5334 = ORIENTED_EDGE('',*,*,#5312,.T.);
#5335 = ORIENTED_EDGE('',*,*,#2925,.T.);
#5336 = ORIENTED_EDGE('',*,*,#5337,.F.);
#5337 = EDGE_CURVE('',#5338,#2917,#5340,.T.);
#5338 = VERTEX_POINT('',#5339);
#5339 = CARTESIAN_POINT('',(7.095639184854,-20.33004201907,-1.));
#5340 = LINE('',#5341,#5342);
#5341 = CARTESIAN_POINT('',(7.095639184854,-20.33004201907,-1.));
#5342 = VECTOR('',#5343,1.);
#5343 = DIRECTION('',(0.,-2.2E-16,-1.));
#5344 = ORIENTED_EDGE('',*,*,#5345,.F.);
#5345 = EDGE_CURVE('',#5313,#5338,#5346,.T.);
#5346 = CIRCLE('',#5347,1.469292842572);
#5347 = AXIS2_PLACEMENT_3D('',#5348,#5349,#5350);
#5348 = CARTESIAN_POINT('',(6.080032164013,-21.3918159293,-1.));
#5349 = DIRECTION('',(0.,-0.,1.));
#5350 = DIRECTION('',(0.851552764274,0.52426890968,0.));
#5351 = CYLINDRICAL_SURFACE('',#5352,1.469292842572);
#5352 = AXIS2_PLACEMENT_3D('',#5353,#5354,#5355);
#5353 = CARTESIAN_POINT('',(6.080032164013,-21.3918159293,-1.));
#5354 = DIRECTION('',(0.,2.2E-16,1.));
#5355 = DIRECTION('',(0.851552764274,0.52426890968,-1.153391601295E-16)
  );
#5356 = ADVANCED_FACE('',(#5357),#5376,.F.);
#5357 = FACE_BOUND('',#5358,.F.);
#5358 = EDGE_LOOP('',(#5359,#5360,#5361,#5369));
#5359 = ORIENTED_EDGE('',*,*,#5337,.T.);
#5360 = ORIENTED_EDGE('',*,*,#2916,.T.);
#5361 = ORIENTED_EDGE('',*,*,#5362,.F.);
#5362 = EDGE_CURVE('',#5363,#2908,#5365,.T.);
#5363 = VERTEX_POINT('',#5364);
#5364 = CARTESIAN_POINT('',(6.209206190797,-20.61806155823,-1.));
#5365 = LINE('',#5366,#5367);
#5366 = CARTESIAN_POINT('',(6.209206190797,-20.61806155823,-1.));
#5367 = VECTOR('',#5368,1.);
#5368 = DIRECTION('',(0.,-2.2E-16,-1.));
#5369 = ORIENTED_EDGE('',*,*,#5370,.F.);
#5370 = EDGE_CURVE('',#5338,#5363,#5371,.T.);
#5371 = CIRCLE('',#5372,0.559359353945);
#5372 = AXIS2_PLACEMENT_3D('',#5373,#5374,#5375);
#5373 = CARTESIAN_POINT('',(6.748019985563,-20.76827001809,-1.));
#5374 = DIRECTION('',(0.,-0.,1.));
#5375 = DIRECTION('',(0.62145952658,0.783446269264,0.));
#5376 = CYLINDRICAL_SURFACE('',#5377,0.559359353945);
#5377 = AXIS2_PLACEMENT_3D('',#5378,#5379,#5380);
#5378 = CARTESIAN_POINT('',(6.748019985563,-20.76827001809,-1.));
#5379 = DIRECTION('',(0.,2.2E-16,1.));
#5380 = DIRECTION('',(0.62145952658,0.783446269264,-1.723581792381E-16)
  );
#5381 = ADVANCED_FACE('',(#5382),#5401,.F.);
#5382 = FACE_BOUND('',#5383,.F.);
#5383 = EDGE_LOOP('',(#5384,#5385,#5386,#5394));
#5384 = ORIENTED_EDGE('',*,*,#5362,.T.);
#5385 = ORIENTED_EDGE('',*,*,#2907,.T.);
#5386 = ORIENTED_EDGE('',*,*,#5387,.F.);
#5387 = EDGE_CURVE('',#5388,#2899,#5390,.T.);
#5388 = VERTEX_POINT('',#5389);
#5389 = CARTESIAN_POINT('',(6.18994472608,-20.99233176598,-1.));
#5390 = LINE('',#5391,#5392);
#5391 = CARTESIAN_POINT('',(6.18994472608,-20.99233176598,-1.));
#5392 = VECTOR('',#5393,1.);
#5393 = DIRECTION('',(0.,-2.2E-16,-1.));
#5394 = ORIENTED_EDGE('',*,*,#5395,.F.);
#5395 = EDGE_CURVE('',#5363,#5388,#5396,.T.);
#5396 = CIRCLE('',#5397,1.469292842572);
#5397 = AXIS2_PLACEMENT_3D('',#5398,#5399,#5400);
#5398 = CARTESIAN_POINT('',(7.654944575968,-20.88009586682,-1.));
#5399 = DIRECTION('',(0.,0.,1.));
#5400 = DIRECTION('',(-0.983968847653,0.178340424043,0.));
#5401 = CYLINDRICAL_SURFACE('',#5402,1.469292842572);
#5402 = AXIS2_PLACEMENT_3D('',#5403,#5404,#5405);
#5403 = CARTESIAN_POINT('',(7.654944575968,-20.88009586682,-1.));
#5404 = DIRECTION('',(0.,2.2E-16,1.));
#5405 = DIRECTION('',(-0.983968847653,0.178340424043,-3.923489328949E-17
    ));
#5406 = ADVANCED_FACE('',(#5407),#5426,.T.);
#5407 = FACE_BOUND('',#5408,.F.);
#5408 = EDGE_LOOP('',(#5409,#5410,#5411,#5419));
#5409 = ORIENTED_EDGE('',*,*,#5387,.T.);
#5410 = ORIENTED_EDGE('',*,*,#2898,.T.);
#5411 = ORIENTED_EDGE('',*,*,#5412,.F.);
#5412 = EDGE_CURVE('',#5413,#2891,#5415,.T.);
#5413 = VERTEX_POINT('',#5414);
#5414 = CARTESIAN_POINT('',(6.093638797792,-21.18134279258,-1.));
#5415 = LINE('',#5416,#5417);
#5416 = CARTESIAN_POINT('',(6.093638797792,-21.18134279258,-1.));
#5417 = VECTOR('',#5418,1.);
#5418 = DIRECTION('',(0.,-2.2E-16,-1.));
#5419 = ORIENTED_EDGE('',*,*,#5420,.F.);
#5420 = EDGE_CURVE('',#5388,#5413,#5421,.T.);
#5421 = CIRCLE('',#5422,0.15);
#5422 = AXIS2_PLACEMENT_3D('',#5423,#5424,#5425);
#5423 = CARTESIAN_POINT('',(6.047286248635,-21.03868431513,-1.));
#5424 = DIRECTION('',(0.,0.,-1.));
#5425 = DIRECTION('',(0.951056516295,0.309016994375,0.));
#5426 = CYLINDRICAL_SURFACE('',#5427,0.15);
#5427 = AXIS2_PLACEMENT_3D('',#5428,#5429,#5430);
#5428 = CARTESIAN_POINT('',(6.047286248635,-21.03868431513,-1.));
#5429 = DIRECTION('',(0.,2.2E-16,1.));
#5430 = DIRECTION('',(0.951056516295,0.309016994375,-6.798373876249E-17)
  );
#5431 = ADVANCED_FACE('',(#5432),#5450,.F.);
#5432 = FACE_BOUND('',#5433,.F.);
#5433 = EDGE_LOOP('',(#5434,#5435,#5436,#5444));
#5434 = ORIENTED_EDGE('',*,*,#5412,.T.);
#5435 = ORIENTED_EDGE('',*,*,#2890,.T.);
#5436 = ORIENTED_EDGE('',*,*,#5437,.F.);
#5437 = EDGE_CURVE('',#5438,#2882,#5440,.T.);
#5438 = VERTEX_POINT('',#5439);
#5439 = CARTESIAN_POINT('',(5.632818538192,-21.30852110331,-1.));
#5440 = LINE('',#5441,#5442);
#5441 = CARTESIAN_POINT('',(5.632818538192,-21.30852110331,-1.));
#5442 = VECTOR('',#5443,1.);
#5443 = DIRECTION('',(0.,-2.2E-16,-1.));
#5444 = ORIENTED_EDGE('',*,*,#5445,.F.);
#5445 = EDGE_CURVE('',#5413,#5438,#5446,.T.);
#5446 = LINE('',#5447,#5448);
#5447 = CARTESIAN_POINT('',(6.093638797792,-21.18134279258,-1.));
#5448 = VECTOR('',#5449,1.);
#5449 = DIRECTION('',(-0.963962860696,-0.266036845567,0.));
#5450 = PLANE('',#5451);
#5451 = AXIS2_PLACEMENT_3D('',#5452,#5453,#5454);
#5452 = CARTESIAN_POINT('',(6.093638797792,-21.18134279258,-1.));
#5453 = DIRECTION('',(-0.266036845567,0.963962860696,-2.1E-16));
#5454 = DIRECTION('',(-0.963962860696,-0.266036845567,6.E-17));
#5455 = ADVANCED_FACE('',(#5456),#5475,.T.);
#5456 = FACE_BOUND('',#5457,.F.);
#5457 = EDGE_LOOP('',(#5458,#5459,#5460,#5468));
#5458 = ORIENTED_EDGE('',*,*,#5437,.T.);
#5459 = ORIENTED_EDGE('',*,*,#2881,.T.);
#5460 = ORIENTED_EDGE('',*,*,#5461,.F.);
#5461 = EDGE_CURVE('',#5462,#2873,#5464,.T.);
#5462 = VERTEX_POINT('',#5463);
#5463 = CARTESIAN_POINT('',(5.453201211271,-21.19566005658,-1.));
#5464 = LINE('',#5465,#5466);
#5465 = CARTESIAN_POINT('',(5.453201211271,-21.19566005658,-1.));
#5466 = VECTOR('',#5467,1.);
#5467 = DIRECTION('',(0.,-2.2E-16,-1.));
#5468 = ORIENTED_EDGE('',*,*,#5469,.F.);
#5469 = EDGE_CURVE('',#5438,#5462,#5470,.T.);
#5470 = CIRCLE('',#5471,0.15);
#5471 = AXIS2_PLACEMENT_3D('',#5472,#5473,#5474);
#5472 = CARTESIAN_POINT('',(5.599440398098,-21.16228191649,-1.));
#5473 = DIRECTION('',(0.,-0.,-1.));
#5474 = DIRECTION('',(0.222520933956,-0.974927912182,0.));
#5475 = CYLINDRICAL_SURFACE('',#5476,0.15);
#5476 = AXIS2_PLACEMENT_3D('',#5477,#5478,#5479);
#5477 = CARTESIAN_POINT('',(5.599440398098,-21.16228191649,-1.));
#5478 = DIRECTION('',(0.,2.2E-16,1.));
#5479 = DIRECTION('',(0.222520933956,-0.974927912182,2.1448414068E-16));
#5480 = ADVANCED_FACE('',(#5481),#5500,.F.);
#5481 = FACE_BOUND('',#5482,.F.);
#5482 = EDGE_LOOP('',(#5483,#5484,#5485,#5493));
#5483 = ORIENTED_EDGE('',*,*,#5461,.T.);
#5484 = ORIENTED_EDGE('',*,*,#2872,.T.);
#5485 = ORIENTED_EDGE('',*,*,#5486,.F.);
#5486 = EDGE_CURVE('',#5487,#2864,#5489,.T.);
#5487 = VERTEX_POINT('',#5488);
#5488 = CARTESIAN_POINT('',(5.244703311012,-20.88424743959,-1.));
#5489 = LINE('',#5490,#5491);
#5490 = CARTESIAN_POINT('',(5.244703311012,-20.88424743959,-1.));
#5491 = VECTOR('',#5492,1.);
#5492 = DIRECTION('',(0.,-2.2E-16,-1.));
#5493 = ORIENTED_EDGE('',*,*,#5494,.F.);
#5494 = EDGE_CURVE('',#5462,#5487,#5495,.T.);
#5495 = CIRCLE('',#5496,1.469292842572);
#5496 = AXIS2_PLACEMENT_3D('',#5497,#5498,#5499);
#5497 = CARTESIAN_POINT('',(4.138008145929,-21.85070864875,-1.));
#5498 = DIRECTION('',(0.,-0.,1.));
#5499 = DIRECTION('',(0.895119765941,0.445825755897,0.));
#5500 = CYLINDRICAL_SURFACE('',#5501,1.469292842572);
#5501 = AXIS2_PLACEMENT_3D('',#5502,#5503,#5504);
#5502 = CARTESIAN_POINT('',(4.138008145929,-21.85070864875,-1.));
#5503 = DIRECTION('',(0.,2.2E-16,1.));
#5504 = DIRECTION('',(0.895119765941,0.445825755897,-9.808166629743E-17)
  );
#5505 = ADVANCED_FACE('',(#5506),#5525,.F.);
#5506 = FACE_BOUND('',#5507,.F.);
#5507 = EDGE_LOOP('',(#5508,#5509,#5510,#5518));
#5508 = ORIENTED_EDGE('',*,*,#5486,.T.);
#5509 = ORIENTED_EDGE('',*,*,#2863,.T.);
#5510 = ORIENTED_EDGE('',*,*,#5511,.F.);
#5511 = EDGE_CURVE('',#5512,#2855,#5514,.T.);
#5512 = VERTEX_POINT('',#5513);
#5513 = CARTESIAN_POINT('',(4.336020963142,-21.09164825579,-1.));
#5514 = LINE('',#5515,#5516);
#5515 = CARTESIAN_POINT('',(4.336020963142,-21.09164825579,-1.));
#5516 = VECTOR('',#5517,1.);
#5517 = DIRECTION('',(0.,-2.2E-16,-1.));
#5518 = ORIENTED_EDGE('',*,*,#5519,.F.);
#5519 = EDGE_CURVE('',#5487,#5512,#5520,.T.);
#5520 = CIRCLE('',#5521,0.559359353945);
#5521 = AXIS2_PLACEMENT_3D('',#5522,#5523,#5524);
#5522 = CARTESIAN_POINT('',(4.859201069445,-21.28955091675,-1.));
#5523 = DIRECTION('',(0.,-0.,1.));
#5524 = DIRECTION('',(0.689185295371,0.724585142439,0.));
#5525 = CYLINDRICAL_SURFACE('',#5526,0.559359353945);
#5526 = AXIS2_PLACEMENT_3D('',#5527,#5528,#5529);
#5527 = CARTESIAN_POINT('',(4.859201069445,-21.28955091675,-1.));
#5528 = DIRECTION('',(0.,2.2E-16,1.));
#5529 = DIRECTION('',(0.689185295371,0.724585142439,-1.594087313366E-16)
  );
#5530 = ADVANCED_FACE('',(#5531),#5550,.F.);
#5531 = FACE_BOUND('',#5532,.F.);
#5532 = EDGE_LOOP('',(#5533,#5534,#5535,#5543));
#5533 = ORIENTED_EDGE('',*,*,#5511,.T.);
#5534 = ORIENTED_EDGE('',*,*,#2854,.T.);
#5535 = ORIENTED_EDGE('',*,*,#5536,.F.);
#5536 = EDGE_CURVE('',#5537,#2846,#5539,.T.);
#5537 = VERTEX_POINT('',#5538);
#5538 = CARTESIAN_POINT('',(4.283287716653,-21.46268517733,-1.));
#5539 = LINE('',#5540,#5541);
#5540 = CARTESIAN_POINT('',(4.283287716653,-21.46268517733,-1.));
#5541 = VECTOR('',#5542,1.);
#5542 = DIRECTION('',(0.,-2.2E-16,-1.));
#5543 = ORIENTED_EDGE('',*,*,#5544,.F.);
#5544 = EDGE_CURVE('',#5512,#5537,#5545,.T.);
#5545 = CIRCLE('',#5546,1.469292842572);
#5546 = AXIS2_PLACEMENT_3D('',#5547,#5548,#5549);
#5547 = CARTESIAN_POINT('',(5.752450656284,-21.48222268099,-1.));
#5548 = DIRECTION('',(0.,0.,1.));
#5549 = DIRECTION('',(-0.964021365994,0.265824765413,0.));
#5550 = CYLINDRICAL_SURFACE('',#5551,1.469292842572);
#5551 = AXIS2_PLACEMENT_3D('',#5552,#5553,#5554);
#5552 = CARTESIAN_POINT('',(5.752450656284,-21.48222268099,-1.));
#5553 = DIRECTION('',(0.,2.2E-16,1.));
#5554 = DIRECTION('',(-0.964021365994,0.265824765413,-5.848144839093E-17
    ));
#5555 = ADVANCED_FACE('',(#5556),#5575,.T.);
#5556 = FACE_BOUND('',#5557,.F.);
#5557 = EDGE_LOOP('',(#5558,#5559,#5560,#5568));
#5558 = ORIENTED_EDGE('',*,*,#5536,.T.);
#5559 = ORIENTED_EDGE('',*,*,#2845,.T.);
#5560 = ORIENTED_EDGE('',*,*,#5561,.F.);
#5561 = EDGE_CURVE('',#5562,#2838,#5564,.T.);
#5562 = VERTEX_POINT('',#5563);
#5563 = CARTESIAN_POINT('',(4.170426669919,-21.64230250425,-1.));
#5564 = LINE('',#5565,#5566);
#5565 = CARTESIAN_POINT('',(4.170426669919,-21.64230250425,-1.));
#5566 = VECTOR('',#5567,1.);
#5567 = DIRECTION('',(0.,-2.2E-16,-1.));
#5568 = ORIENTED_EDGE('',*,*,#5569,.F.);
#5569 = EDGE_CURVE('',#5537,#5562,#5570,.T.);
#5570 = CIRCLE('',#5571,0.15);
#5571 = AXIS2_PLACEMENT_3D('',#5572,#5573,#5574);
#5572 = CARTESIAN_POINT('',(4.137048529825,-21.49606331742,-1.));
#5573 = DIRECTION('',(0.,0.,-1.));
#5574 = DIRECTION('',(0.974927912182,0.222520933956,0.));
#5575 = CYLINDRICAL_SURFACE('',#5576,0.15);
#5576 = AXIS2_PLACEMENT_3D('',#5577,#5578,#5579);
#5577 = CARTESIAN_POINT('',(4.137048529825,-21.49606331742,-1.));
#5578 = DIRECTION('',(0.,2.2E-16,1.));
#5579 = DIRECTION('',(0.974927912182,0.222520933956,-4.895460547038E-17)
  );
#5580 = ADVANCED_FACE('',(#5581),#5599,.F.);
#5581 = FACE_BOUND('',#5582,.F.);
#5582 = EDGE_LOOP('',(#5583,#5584,#5585,#5593));
#5583 = ORIENTED_EDGE('',*,*,#5561,.T.);
#5584 = ORIENTED_EDGE('',*,*,#2837,.T.);
#5585 = ORIENTED_EDGE('',*,*,#5586,.F.);
#5586 = EDGE_CURVE('',#5587,#2829,#5589,.T.);
#5587 = VERTEX_POINT('',#5588);
#5588 = CARTESIAN_POINT('',(3.700061361323,-21.7276612229,-1.));
#5589 = LINE('',#5590,#5591);
#5590 = CARTESIAN_POINT('',(3.700061361323,-21.7276612229,-1.));
#5591 = VECTOR('',#5592,1.);
#5592 = DIRECTION('',(0.,-2.2E-16,-1.));
#5593 = ORIENTED_EDGE('',*,*,#5594,.F.);
#5594 = EDGE_CURVE('',#5562,#5587,#5595,.T.);
#5595 = LINE('',#5596,#5597);
#5596 = CARTESIAN_POINT('',(4.170426669919,-21.64230250425,-1.));
#5597 = VECTOR('',#5598,1.);
#5598 = DIRECTION('',(-0.983929588599,-0.178556894799,0.));
#5599 = PLANE('',#5600);
#5600 = AXIS2_PLACEMENT_3D('',#5601,#5602,#5603);
#5601 = CARTESIAN_POINT('',(4.170426669919,-21.64230250425,-1.));
#5602 = DIRECTION('',(-0.178556894799,0.983929588599,-2.2E-16));
#5603 = DIRECTION('',(-0.983929588599,-0.178556894799,4.E-17));
#5604 = ADVANCED_FACE('',(#5605),#5624,.T.);
#5605 = FACE_BOUND('',#5606,.F.);
#5606 = EDGE_LOOP('',(#5607,#5608,#5609,#5617));
#5607 = ORIENTED_EDGE('',*,*,#5586,.T.);
#5608 = ORIENTED_EDGE('',*,*,#2828,.T.);
#5609 = ORIENTED_EDGE('',*,*,#5610,.F.);
#5610 = EDGE_CURVE('',#5611,#2820,#5613,.T.);
#5611 = VERTEX_POINT('',#5612);
#5612 = CARTESIAN_POINT('',(3.531283907185,-21.59915374851,-1.));
#5613 = LINE('',#5614,#5615);
#5614 = CARTESIAN_POINT('',(3.531283907185,-21.59915374851,-1.));
#5615 = VECTOR('',#5616,1.);
#5616 = DIRECTION('',(0.,-2.2E-16,-1.));
#5617 = ORIENTED_EDGE('',*,*,#5618,.F.);
#5618 = EDGE_CURVE('',#5587,#5611,#5619,.T.);
#5619 = CIRCLE('',#5620,0.15);
#5620 = AXIS2_PLACEMENT_3D('',#5621,#5622,#5623);
#5621 = CARTESIAN_POINT('',(3.67992637145,-21.57901875863,-1.));
#5622 = DIRECTION('',(0.,-0.,-1.));
#5623 = DIRECTION('',(0.134233265818,-0.990949761768,0.));
#5624 = CYLINDRICAL_SURFACE('',#5625,0.15);
#5625 = AXIS2_PLACEMENT_3D('',#5626,#5627,#5628);
#5626 = CARTESIAN_POINT('',(3.67992637145,-21.57901875863,-1.));
#5627 = DIRECTION('',(0.,2.2E-16,1.));
#5628 = DIRECTION('',(0.134233265818,-0.990949761768,2.180089475889E-16)
  );
#5629 = ADVANCED_FACE('',(#5630),#5649,.F.);
#5630 = FACE_BOUND('',#5631,.F.);
#5631 = EDGE_LOOP('',(#5632,#5633,#5634,#5642));
#5632 = ORIENTED_EDGE('',*,*,#5610,.T.);
#5633 = ORIENTED_EDGE('',*,*,#2819,.T.);
#5634 = ORIENTED_EDGE('',*,*,#5635,.F.);
#5635 = EDGE_CURVE('',#5636,#2811,#5638,.T.);
#5636 = VERTEX_POINT('',#5637);
#5637 = CARTESIAN_POINT('',(3.351540169946,-21.27030517947,-1.));
#5638 = LINE('',#5639,#5640);
#5639 = CARTESIAN_POINT('',(3.351540169946,-21.27030517947,-1.));
#5640 = VECTOR('',#5641,1.);
#5641 = DIRECTION('',(0.,-2.2E-16,-1.));
#5642 = ORIENTED_EDGE('',*,*,#5643,.F.);
#5643 = EDGE_CURVE('',#5611,#5636,#5644,.T.);
#5644 = CIRCLE('',#5645,1.469292842572);
#5645 = AXIS2_PLACEMENT_3D('',#5646,#5647,#5648);
#5646 = CARTESIAN_POINT('',(2.162667319363,-22.13367231018,-1.));
#5647 = DIRECTION('',(0.,-0.,1.));
#5648 = DIRECTION('',(0.931479789574,0.36379307527,0.));
#5649 = CYLINDRICAL_SURFACE('',#5650,1.469292842572);
#5650 = AXIS2_PLACEMENT_3D('',#5651,#5652,#5653);
#5651 = CARTESIAN_POINT('',(2.162667319363,-22.13367231018,-1.));
#5652 = DIRECTION('',(0.,2.2E-16,1.));
#5653 = DIRECTION('',(0.931479789574,0.36379307527,-8.003447655941E-17)
  );
#5654 = ADVANCED_FACE('',(#5655),#5674,.F.);
#5655 = FACE_BOUND('',#5656,.F.);
#5656 = EDGE_LOOP('',(#5657,#5658,#5659,#5667));
#5657 = ORIENTED_EDGE('',*,*,#5635,.T.);
#5658 = ORIENTED_EDGE('',*,*,#2810,.T.);
#5659 = ORIENTED_EDGE('',*,*,#5660,.F.);
#5660 = EDGE_CURVE('',#5661,#2802,#5663,.T.);
#5661 = VERTEX_POINT('',#5662);
#5662 = CARTESIAN_POINT('',(2.42792464423,-21.39541740328,-1.));
#5663 = LINE('',#5664,#5665);
#5664 = CARTESIAN_POINT('',(2.42792464423,-21.39541740328,-1.));
#5665 = VECTOR('',#5666,1.);
#5666 = DIRECTION('',(0.,-2.2E-16,-1.));
#5667 = ORIENTED_EDGE('',*,*,#5668,.F.);
#5668 = EDGE_CURVE('',#5636,#5661,#5669,.T.);
#5669 = CIRCLE('',#5670,0.559359353945);
#5670 = AXIS2_PLACEMENT_3D('',#5671,#5672,#5673);
#5671 = CARTESIAN_POINT('',(2.931258723479,-21.63942086947,-1.));
#5672 = DIRECTION('',(0.,-0.,1.));
#5673 = DIRECTION('',(0.751362149399,0.659890082097,0.));
#5674 = CYLINDRICAL_SURFACE('',#5675,0.559359353945);
#5675 = AXIS2_PLACEMENT_3D('',#5676,#5677,#5678);
#5676 = CARTESIAN_POINT('',(2.931258723479,-21.63942086947,-1.));
#5677 = DIRECTION('',(0.,2.2E-16,1.));
#5678 = DIRECTION('',(0.751362149399,0.659890082097,-1.451758180613E-16)
  );
#5679 = ADVANCED_FACE('',(#5680),#5699,.F.);
#5680 = FACE_BOUND('',#5681,.F.);
#5681 = EDGE_LOOP('',(#5682,#5683,#5684,#5692));
#5682 = ORIENTED_EDGE('',*,*,#5660,.T.);
#5683 = ORIENTED_EDGE('',*,*,#2801,.T.);
#5684 = ORIENTED_EDGE('',*,*,#5685,.F.);
#5685 = EDGE_CURVE('',#5686,#2793,#5688,.T.);
#5686 = VERTEX_POINT('',#5687);
#5687 = CARTESIAN_POINT('',(2.342144193064,-21.76023366749,-1.));
#5688 = LINE('',#5689,#5690);
#5689 = CARTESIAN_POINT('',(2.342144193064,-21.76023366749,-1.));
#5690 = VECTOR('',#5691,1.);
#5691 = DIRECTION('',(0.,-2.2E-16,-1.));
#5692 = ORIENTED_EDGE('',*,*,#5693,.F.);
#5693 = EDGE_CURVE('',#5661,#5686,#5694,.T.);
#5694 = CIRCLE('',#5695,1.469292842572);
#5695 = AXIS2_PLACEMENT_3D('',#5696,#5697,#5698);
#5696 = CARTESIAN_POINT('',(3.803641386301,-21.91138726948,-1.));
#5697 = DIRECTION('',(0.,0.,1.));
#5698 = DIRECTION('',(-0.936312151131,0.351168842075,0.));
#5699 = CYLINDRICAL_SURFACE('',#5700,1.469292842572);
#5700 = AXIS2_PLACEMENT_3D('',#5701,#5702,#5703);
#5701 = CARTESIAN_POINT('',(3.803641386301,-21.91138726948,-1.));
#5702 = DIRECTION('',(0.,2.2E-16,1.));
#5703 = DIRECTION('',(-0.936312151131,0.351168842075,-7.725714525646E-17
    ));
#5704 = ADVANCED_FACE('',(#5705),#5724,.T.);
#5705 = FACE_BOUND('',#5706,.F.);
#5706 = EDGE_LOOP('',(#5707,#5708,#5709,#5717));
#5707 = ORIENTED_EDGE('',*,*,#5685,.T.);
#5708 = ORIENTED_EDGE('',*,*,#2792,.T.);
#5709 = ORIENTED_EDGE('',*,*,#5710,.F.);
#5710 = EDGE_CURVE('',#5711,#2785,#5713,.T.);
#5711 = VERTEX_POINT('',#5712);
#5712 = CARTESIAN_POINT('',(2.213636718671,-21.92901112162,-1.));
#5713 = LINE('',#5714,#5715);
#5714 = CARTESIAN_POINT('',(2.213636718671,-21.92901112162,-1.));
#5715 = VECTOR('',#5716,1.);
#5716 = DIRECTION('',(0.,-2.2E-16,-1.));
#5717 = ORIENTED_EDGE('',*,*,#5718,.F.);
#5718 = EDGE_CURVE('',#5686,#5711,#5719,.T.);
#5719 = CIRCLE('',#5720,0.15);
#5720 = AXIS2_PLACEMENT_3D('',#5721,#5722,#5723);
#5721 = CARTESIAN_POINT('',(2.193501728798,-21.78036865736,-1.));
#5722 = DIRECTION('',(0.,0.,-1.));
#5723 = DIRECTION('',(0.990949761768,0.134233265818,0.));
#5724 = CYLINDRICAL_SURFACE('',#5725,0.15);
#5725 = AXIS2_PLACEMENT_3D('',#5726,#5727,#5728);
#5726 = CARTESIAN_POINT('',(2.193501728798,-21.78036865736,-1.));
#5727 = DIRECTION('',(0.,2.2E-16,1.));
#5728 = DIRECTION('',(0.990949761768,0.134233265818,-2.953131847988E-17)
  );
#5729 = ADVANCED_FACE('',(#5730),#5748,.F.);
#5730 = FACE_BOUND('',#5731,.F.);
#5731 = EDGE_LOOP('',(#5732,#5733,#5734,#5742));
#5732 = ORIENTED_EDGE('',*,*,#5710,.T.);
#5733 = ORIENTED_EDGE('',*,*,#2784,.T.);
#5734 = ORIENTED_EDGE('',*,*,#5735,.F.);
#5735 = EDGE_CURVE('',#5736,#2776,#5738,.T.);
#5736 = VERTEX_POINT('',#5737);
#5737 = CARTESIAN_POINT('',(1.737513465974,-21.97186298997,-1.));
#5738 = LINE('',#5739,#5740);
#5739 = CARTESIAN_POINT('',(1.737513465974,-21.97186298997,-1.));
#5740 = VECTOR('',#5741,1.);
#5741 = DIRECTION('',(0.,-2.2E-16,-1.));
#5742 = ORIENTED_EDGE('',*,*,#5743,.F.);
#5743 = EDGE_CURVE('',#5711,#5736,#5744,.T.);
#5744 = LINE('',#5745,#5746);
#5745 = CARTESIAN_POINT('',(2.213636718671,-21.92901112162,-1.));
#5746 = VECTOR('',#5747,1.);
#5747 = DIRECTION('',(-0.995974293995,-8.963930890342E-02,0.));
#5748 = PLANE('',#5749);
#5749 = AXIS2_PLACEMENT_3D('',#5750,#5751,#5752);
#5750 = CARTESIAN_POINT('',(2.213636718671,-21.92901112162,-1.));
#5751 = DIRECTION('',(-8.963930890342E-02,0.995974293995,-2.2E-16));
#5752 = DIRECTION('',(-0.995974293995,-8.963930890342E-02,2.E-17));
#5753 = ADVANCED_FACE('',(#5754),#5773,.T.);
#5754 = FACE_BOUND('',#5755,.F.);
#5755 = EDGE_LOOP('',(#5756,#5757,#5758,#5766));
#5756 = ORIENTED_EDGE('',*,*,#5735,.T.);
#5757 = ORIENTED_EDGE('',*,*,#2775,.T.);
#5758 = ORIENTED_EDGE('',*,*,#5759,.F.);
#5759 = EDGE_CURVE('',#5760,#2767,#5762,.T.);
#5760 = VERTEX_POINT('',#5761);
#5761 = CARTESIAN_POINT('',(1.58093478144,-21.82874375454,-1.));
#5762 = LINE('',#5763,#5764);
#5763 = CARTESIAN_POINT('',(1.58093478144,-21.82874375454,-1.));
#5764 = VECTOR('',#5765,1.);
#5765 = DIRECTION('',(0.,-2.2E-16,-1.));
#5766 = ORIENTED_EDGE('',*,*,#5767,.F.);
#5767 = EDGE_CURVE('',#5736,#5760,#5768,.T.);
#5768 = CIRCLE('',#5769,0.15);
#5769 = AXIS2_PLACEMENT_3D('',#5770,#5771,#5772);
#5770 = CARTESIAN_POINT('',(1.730783741421,-21.82201402999,-1.));
#5771 = DIRECTION('',(0.,-0.,-1.));
#5772 = DIRECTION('',(4.48648303505E-02,-0.998993066541,0.));
#5773 = CYLINDRICAL_SURFACE('',#5774,0.15);
#5774 = AXIS2_PLACEMENT_3D('',#5775,#5776,#5777);
#5775 = CARTESIAN_POINT('',(1.730783741421,-21.82201402999,-1.));
#5776 = DIRECTION('',(0.,2.2E-16,1.));
#5777 = DIRECTION('',(4.48648303505E-02,-0.998993066541,
    2.197784746391E-16));
#5778 = ADVANCED_FACE('',(#5779),#5798,.F.);
#5779 = FACE_BOUND('',#5780,.F.);
#5780 = EDGE_LOOP('',(#5781,#5782,#5783,#5791));
#5781 = ORIENTED_EDGE('',*,*,#5759,.T.);
#5782 = ORIENTED_EDGE('',*,*,#2766,.T.);
#5783 = ORIENTED_EDGE('',*,*,#5784,.F.);
#5784 = EDGE_CURVE('',#5785,#2758,#5787,.T.);
#5785 = VERTEX_POINT('',#5786);
#5786 = CARTESIAN_POINT('',(1.431392398105,-21.48510692878,-1.));
#5787 = LINE('',#5788,#5789);
#5788 = CARTESIAN_POINT('',(1.431392398105,-21.48510692878,-1.));
#5789 = VECTOR('',#5790,1.);
#5790 = DIRECTION('',(0.,-2.2E-16,-1.));
#5791 = ORIENTED_EDGE('',*,*,#5792,.F.);
#5792 = EDGE_CURVE('',#5760,#5785,#5793,.T.);
#5793 = CIRCLE('',#5794,1.469292842572);
#5794 = AXIS2_PLACEMENT_3D('',#5795,#5796,#5797);
#5795 = CARTESIAN_POINT('',(0.169913967169,-22.23842865655,-1.));
#5796 = DIRECTION('',(0.,-0.,1.));
#5797 = DIRECTION('',(0.960340085643,0.278831346707,0.));
#5798 = CYLINDRICAL_SURFACE('',#5799,1.469292842572);
#5799 = AXIS2_PLACEMENT_3D('',#5800,#5801,#5802);
#5800 = CARTESIAN_POINT('',(0.169913967169,-22.23842865655,-1.));
#5801 = DIRECTION('',(0.,2.2E-16,1.));
#5802 = DIRECTION('',(0.960340085643,0.278831346707,-6.134289627565E-17)
  );
#5803 = ADVANCED_FACE('',(#5804),#5823,.F.);
#5804 = FACE_BOUND('',#5805,.F.);
#5805 = EDGE_LOOP('',(#5806,#5807,#5808,#5816));
#5806 = ORIENTED_EDGE('',*,*,#5784,.T.);
#5807 = ORIENTED_EDGE('',*,*,#2757,.T.);
#5808 = ORIENTED_EDGE('',*,*,#5809,.F.);
#5809 = EDGE_CURVE('',#5810,#2749,#5812,.T.);
#5810 = VERTEX_POINT('',#5811);
#5811 = CARTESIAN_POINT('',(0.50028010368,-21.52692323014,-1.));
#5812 = LINE('',#5813,#5814);
#5813 = CARTESIAN_POINT('',(0.50028010368,-21.52692323014,-1.));
#5814 = VECTOR('',#5815,1.);
#5815 = DIRECTION('',(0.,-2.2E-16,-1.));
#5816 = ORIENTED_EDGE('',*,*,#5817,.F.);
#5817 = EDGE_CURVE('',#5785,#5810,#5818,.T.);
#5818 = CIRCLE('',#5819,0.559359353945);
#5819 = AXIS2_PLACEMENT_3D('',#5820,#5821,#5822);
#5820 = CARTESIAN_POINT('',(0.979715605825,-21.81506292913,-1.));
#5821 = DIRECTION('',(0.,-0.,1.));
#5822 = DIRECTION('',(0.807489477194,0.589881974823,0.));
#5823 = CYLINDRICAL_SURFACE('',#5824,0.559359353945);
#5824 = AXIS2_PLACEMENT_3D('',#5825,#5826,#5827);
#5825 = CARTESIAN_POINT('',(0.979715605825,-21.81506292913,-1.));
#5826 = DIRECTION('',(0.,2.2E-16,1.));
#5827 = DIRECTION('',(0.807489477194,0.589881974823,-1.29774034461E-16)
  );
#5828 = ADVANCED_FACE('',(#5829),#5848,.F.);
#5829 = FACE_BOUND('',#5830,.F.);
#5830 = EDGE_LOOP('',(#5831,#5832,#5833,#5841));
#5831 = ORIENTED_EDGE('',*,*,#5809,.T.);
#5832 = ORIENTED_EDGE('',*,*,#2748,.T.);
#5833 = ORIENTED_EDGE('',*,*,#5834,.F.);
#5834 = EDGE_CURVE('',#5835,#2740,#5837,.T.);
#5835 = VERTEX_POINT('',#5836);
#5836 = CARTESIAN_POINT('',(0.382143101591,-21.88258155096,-1.));
#5837 = LINE('',#5838,#5839);
#5838 = CARTESIAN_POINT('',(0.382143101591,-21.88258155096,-1.));
#5839 = VECTOR('',#5840,1.);
#5840 = DIRECTION('',(0.,-2.2E-16,-1.));
#5841 = ORIENTED_EDGE('',*,*,#5842,.F.);
#5842 = EDGE_CURVE('',#5810,#5835,#5843,.T.);
#5843 = CIRCLE('',#5844,1.469292842572);
#5844 = AXIS2_PLACEMENT_3D('',#5845,#5846,#5847);
#5845 = CARTESIAN_POINT('',(1.82420743238,-22.16413425136,-1.));
#5846 = DIRECTION('',(0.,0.,1.));
#5847 = DIRECTION('',(-0.90106430137,0.433685513704,0.));
#5848 = CYLINDRICAL_SURFACE('',#5849,1.469292842572);
#5849 = AXIS2_PLACEMENT_3D('',#5850,#5851,#5852);
#5850 = CARTESIAN_POINT('',(1.82420743238,-22.16413425136,-1.));
#5851 = DIRECTION('',(0.,2.2E-16,1.));
#5852 = DIRECTION('',(-0.90106430137,0.433685513704,-9.541081301485E-17)
  );
#5853 = ADVANCED_FACE('',(#5854),#5873,.T.);
#5854 = FACE_BOUND('',#5855,.F.);
#5855 = EDGE_LOOP('',(#5856,#5857,#5858,#5866));
#5856 = ORIENTED_EDGE('',*,*,#5834,.T.);
#5857 = ORIENTED_EDGE('',*,*,#2739,.T.);
#5858 = ORIENTED_EDGE('',*,*,#5859,.F.);
#5859 = EDGE_CURVE('',#5860,#2732,#5862,.T.);
#5860 = VERTEX_POINT('',#5861);
#5861 = CARTESIAN_POINT('',(0.239023866162,-22.0391602355,-1.));
#5862 = LINE('',#5863,#5864);
#5863 = CARTESIAN_POINT('',(0.239023866162,-22.0391602355,-1.));
#5864 = VECTOR('',#5865,1.);
#5865 = DIRECTION('',(0.,-2.2E-16,-1.));
#5866 = ORIENTED_EDGE('',*,*,#5867,.F.);
#5867 = EDGE_CURVE('',#5835,#5860,#5868,.T.);
#5868 = CIRCLE('',#5869,0.15);
#5869 = AXIS2_PLACEMENT_3D('',#5870,#5871,#5872);
#5870 = CARTESIAN_POINT('',(0.232294141609,-21.88931127552,-1.));
#5871 = DIRECTION('',(0.,0.,-1.));
#5872 = DIRECTION('',(0.998993066541,4.486483035052E-02,0.));
#5873 = CYLINDRICAL_SURFACE('',#5874,0.15);
#5874 = AXIS2_PLACEMENT_3D('',#5875,#5876,#5877);
#5875 = CARTESIAN_POINT('',(0.232294141609,-21.88931127552,-1.));
#5876 = DIRECTION('',(0.,2.2E-16,1.));
#5877 = DIRECTION('',(0.998993066541,4.486483035052E-02,
    -9.870262677114E-18));
#5878 = ADVANCED_FACE('',(#5879),#5897,.F.);
#5879 = FACE_BOUND('',#5880,.F.);
#5880 = EDGE_LOOP('',(#5881,#5882,#5883,#5891));
#5881 = ORIENTED_EDGE('',*,*,#5859,.T.);
#5882 = ORIENTED_EDGE('',*,*,#2731,.T.);
#5883 = ORIENTED_EDGE('',*,*,#5884,.F.);
#5884 = EDGE_CURVE('',#5885,#2723,#5887,.T.);
#5885 = VERTEX_POINT('',#5886);
#5886 = CARTESIAN_POINT('',(-0.239023866162,-22.0391602355,-1.));
#5887 = LINE('',#5888,#5889);
#5888 = CARTESIAN_POINT('',(-0.239023866162,-22.0391602355,-1.));
#5889 = VECTOR('',#5890,1.);
#5890 = DIRECTION('',(0.,-2.2E-16,-1.));
#5891 = ORIENTED_EDGE('',*,*,#5892,.F.);
#5892 = EDGE_CURVE('',#5860,#5885,#5893,.T.);
#5893 = LINE('',#5894,#5895);
#5894 = CARTESIAN_POINT('',(0.239023866162,-22.0391602355,-1.));
#5895 = VECTOR('',#5896,1.);
#5896 = DIRECTION('',(-1.,7.43E-15,0.));
#5897 = PLANE('',#5898);
#5898 = AXIS2_PLACEMENT_3D('',#5899,#5900,#5901);
#5899 = CARTESIAN_POINT('',(0.239023866162,-22.0391602355,-1.));
#5900 = DIRECTION('',(7.43E-15,1.,-2.2E-16));
#5901 = DIRECTION('',(-1.,7.43E-15,0.));
#5902 = ADVANCED_FACE('',(#5903),#5922,.T.);
#5903 = FACE_BOUND('',#5904,.F.);
#5904 = EDGE_LOOP('',(#5905,#5906,#5907,#5915));
#5905 = ORIENTED_EDGE('',*,*,#5884,.T.);
#5906 = ORIENTED_EDGE('',*,*,#2722,.T.);
#5907 = ORIENTED_EDGE('',*,*,#5908,.F.);
#5908 = EDGE_CURVE('',#5909,#2714,#5911,.T.);
#5909 = VERTEX_POINT('',#5910);
#5910 = CARTESIAN_POINT('',(-0.382143101591,-21.88258155096,-1.));
#5911 = LINE('',#5912,#5913);
#5912 = CARTESIAN_POINT('',(-0.382143101591,-21.88258155096,-1.));
#5913 = VECTOR('',#5914,1.);
#5914 = DIRECTION('',(0.,-2.2E-16,-1.));
#5915 = ORIENTED_EDGE('',*,*,#5916,.F.);
#5916 = EDGE_CURVE('',#5885,#5909,#5917,.T.);
#5917 = CIRCLE('',#5918,0.15);
#5918 = AXIS2_PLACEMENT_3D('',#5919,#5920,#5921);
#5919 = CARTESIAN_POINT('',(-0.232294141609,-21.88931127552,-1.));
#5920 = DIRECTION('',(-0.,0.,-1.));
#5921 = DIRECTION('',(-4.486483035052E-02,-0.998993066541,0.));
#5922 = CYLINDRICAL_SURFACE('',#5923,0.15);
#5923 = AXIS2_PLACEMENT_3D('',#5924,#5925,#5926);
#5924 = CARTESIAN_POINT('',(-0.232294141609,-21.88931127552,-1.));
#5925 = DIRECTION('',(0.,2.2E-16,1.));
#5926 = DIRECTION('',(-4.486483035052E-02,-0.998993066541,
    2.197784746391E-16));
#5927 = ADVANCED_FACE('',(#5928),#5947,.F.);
#5928 = FACE_BOUND('',#5929,.F.);
#5929 = EDGE_LOOP('',(#5930,#5931,#5932,#5940));
#5930 = ORIENTED_EDGE('',*,*,#5908,.T.);
#5931 = ORIENTED_EDGE('',*,*,#2713,.T.);
#5932 = ORIENTED_EDGE('',*,*,#5933,.F.);
#5933 = EDGE_CURVE('',#5934,#2705,#5936,.T.);
#5934 = VERTEX_POINT('',#5935);
#5935 = CARTESIAN_POINT('',(-0.50028010368,-21.52692323014,-1.));
#5936 = LINE('',#5937,#5938);
#5937 = CARTESIAN_POINT('',(-0.50028010368,-21.52692323014,-1.));
#5938 = VECTOR('',#5939,1.);
#5939 = DIRECTION('',(0.,-2.2E-16,-1.));
#5940 = ORIENTED_EDGE('',*,*,#5941,.F.);
#5941 = EDGE_CURVE('',#5909,#5934,#5942,.T.);
#5942 = CIRCLE('',#5943,1.469292842572);
#5943 = AXIS2_PLACEMENT_3D('',#5944,#5945,#5946);
#5944 = CARTESIAN_POINT('',(-1.82420743238,-22.16413425136,-1.));
#5945 = DIRECTION('',(0.,-0.,1.));
#5946 = DIRECTION('',(0.981468288013,0.191624632091,0.));
#5947 = CYLINDRICAL_SURFACE('',#5948,1.469292842572);
#5948 = AXIS2_PLACEMENT_3D('',#5949,#5950,#5951);
#5949 = CARTESIAN_POINT('',(-1.82420743238,-22.16413425136,-1.));
#5950 = DIRECTION('',(0.,2.2E-16,1.));
#5951 = DIRECTION('',(0.981468288013,0.191624632091,-4.215741906011E-17)
  );
#5952 = ADVANCED_FACE('',(#5953),#5972,.F.);
#5953 = FACE_BOUND('',#5954,.F.);
#5954 = EDGE_LOOP('',(#5955,#5956,#5957,#5965));
#5955 = ORIENTED_EDGE('',*,*,#5933,.T.);
#5956 = ORIENTED_EDGE('',*,*,#2704,.T.);
#5957 = ORIENTED_EDGE('',*,*,#5958,.F.);
#5958 = EDGE_CURVE('',#5959,#2696,#5961,.T.);
#5959 = VERTEX_POINT('',#5960);
#5960 = CARTESIAN_POINT('',(-1.431392398105,-21.48510692878,-1.));
#5961 = LINE('',#5962,#5963);
#5962 = CARTESIAN_POINT('',(-1.431392398105,-21.48510692878,-1.));
#5963 = VECTOR('',#5964,1.);
#5964 = DIRECTION('',(0.,-2.2E-16,-1.));
#5965 = ORIENTED_EDGE('',*,*,#5966,.F.);
#5966 = EDGE_CURVE('',#5934,#5959,#5967,.T.);
#5967 = CIRCLE('',#5968,0.559359353945);
#5968 = AXIS2_PLACEMENT_3D('',#5969,#5970,#5971);
#5969 = CARTESIAN_POINT('',(-0.979715605825,-21.81506292913,-1.));
#5970 = DIRECTION('',(0.,-0.,1.));
#5971 = DIRECTION('',(0.857115374515,0.515124484732,0.));
#5972 = CYLINDRICAL_SURFACE('',#5973,0.559359353945);
#5973 = AXIS2_PLACEMENT_3D('',#5974,#5975,#5976);
#5974 = CARTESIAN_POINT('',(-0.979715605825,-21.81506292913,-1.));
#5975 = DIRECTION('',(0.,2.2E-16,1.));
#5976 = DIRECTION('',(0.857115374515,0.515124484732,-1.13327386641E-16)
  );
#5977 = ADVANCED_FACE('',(#5978),#5997,.F.);
#5978 = FACE_BOUND('',#5979,.F.);
#5979 = EDGE_LOOP('',(#5980,#5981,#5982,#5990));
#5980 = ORIENTED_EDGE('',*,*,#5958,.T.);
#5981 = ORIENTED_EDGE('',*,*,#2695,.T.);
#5982 = ORIENTED_EDGE('',*,*,#5983,.F.);
#5983 = EDGE_CURVE('',#5984,#2687,#5986,.T.);
#5984 = VERTEX_POINT('',#5985);
#5985 = CARTESIAN_POINT('',(-1.58093478144,-21.82874375454,-1.));
#5986 = LINE('',#5987,#5988);
#5987 = CARTESIAN_POINT('',(-1.58093478144,-21.82874375454,-1.));
#5988 = VECTOR('',#5989,1.);
#5989 = DIRECTION('',(0.,-2.2E-16,-1.));
#5990 = ORIENTED_EDGE('',*,*,#5991,.F.);
#5991 = EDGE_CURVE('',#5959,#5984,#5992,.T.);
#5992 = CIRCLE('',#5993,1.469292842572);
#5993 = AXIS2_PLACEMENT_3D('',#5994,#5995,#5996);
#5994 = CARTESIAN_POINT('',(-0.169913967169,-22.23842865655,-1.));
#5995 = DIRECTION('',(0.,0.,1.));
#5996 = DIRECTION('',(-0.858561611671,0.51271040458,0.));
#5997 = CYLINDRICAL_SURFACE('',#5998,1.469292842572);
#5998 = AXIS2_PLACEMENT_3D('',#5999,#6000,#6001);
#5999 = CARTESIAN_POINT('',(-0.169913967169,-22.23842865655,-1.));
#6000 = DIRECTION('',(0.,2.2E-16,1.));
#6001 = DIRECTION('',(-0.858561611671,0.51271040458,-1.127962890075E-16)
  );
#6002 = ADVANCED_FACE('',(#6003),#6022,.T.);
#6003 = FACE_BOUND('',#6004,.F.);
#6004 = EDGE_LOOP('',(#6005,#6006,#6007,#6015));
#6005 = ORIENTED_EDGE('',*,*,#5983,.T.);
#6006 = ORIENTED_EDGE('',*,*,#2686,.T.);
#6007 = ORIENTED_EDGE('',*,*,#6008,.F.);
#6008 = EDGE_CURVE('',#6009,#2679,#6011,.T.);
#6009 = VERTEX_POINT('',#6010);
#6010 = CARTESIAN_POINT('',(-1.737513465974,-21.97186298997,-1.));
#6011 = LINE('',#6012,#6013);
#6012 = CARTESIAN_POINT('',(-1.737513465974,-21.97186298997,-1.));
#6013 = VECTOR('',#6014,1.);
#6014 = DIRECTION('',(0.,-2.2E-16,-1.));
#6015 = ORIENTED_EDGE('',*,*,#6016,.F.);
#6016 = EDGE_CURVE('',#5984,#6009,#6017,.T.);
#6017 = CIRCLE('',#6018,0.15);
#6018 = AXIS2_PLACEMENT_3D('',#6019,#6020,#6021);
#6019 = CARTESIAN_POINT('',(-1.730783741421,-21.82201402999,-1.));
#6020 = DIRECTION('',(0.,-0.,-1.));
#6021 = DIRECTION('',(0.998993066541,-4.48648303505E-02,0.));
#6022 = CYLINDRICAL_SURFACE('',#6023,0.15);
#6023 = AXIS2_PLACEMENT_3D('',#6024,#6025,#6026);
#6024 = CARTESIAN_POINT('',(-1.730783741421,-21.82201402999,-1.));
#6025 = DIRECTION('',(0.,2.2E-16,1.));
#6026 = DIRECTION('',(0.998993066541,-4.48648303505E-02,
    9.870262677109E-18));
#6027 = ADVANCED_FACE('',(#6028),#6046,.F.);
#6028 = FACE_BOUND('',#6029,.F.);
#6029 = EDGE_LOOP('',(#6030,#6031,#6032,#6040));
#6030 = ORIENTED_EDGE('',*,*,#6008,.T.);
#6031 = ORIENTED_EDGE('',*,*,#2678,.T.);
#6032 = ORIENTED_EDGE('',*,*,#6033,.F.);
#6033 = EDGE_CURVE('',#6034,#2670,#6036,.T.);
#6034 = VERTEX_POINT('',#6035);
#6035 = CARTESIAN_POINT('',(-2.213636718671,-21.92901112162,-1.));
#6036 = LINE('',#6037,#6038);
#6037 = CARTESIAN_POINT('',(-2.213636718671,-21.92901112162,-1.));
#6038 = VECTOR('',#6039,1.);
#6039 = DIRECTION('',(0.,-2.2E-16,-1.));
#6040 = ORIENTED_EDGE('',*,*,#6041,.F.);
#6041 = EDGE_CURVE('',#6009,#6034,#6042,.T.);
#6042 = LINE('',#6043,#6044);
#6043 = CARTESIAN_POINT('',(-1.737513465974,-21.97186298997,-1.));
#6044 = VECTOR('',#6045,1.);
#6045 = DIRECTION('',(-0.995974293995,8.963930890343E-02,0.));
#6046 = PLANE('',#6047);
#6047 = AXIS2_PLACEMENT_3D('',#6048,#6049,#6050);
#6048 = CARTESIAN_POINT('',(-1.737513465974,-21.97186298997,-1.));
#6049 = DIRECTION('',(8.963930890343E-02,0.995974293995,-2.2E-16));
#6050 = DIRECTION('',(-0.995974293995,8.963930890343E-02,-2.E-17));
#6051 = ADVANCED_FACE('',(#6052),#6071,.T.);
#6052 = FACE_BOUND('',#6053,.F.);
#6053 = EDGE_LOOP('',(#6054,#6055,#6056,#6064));
#6054 = ORIENTED_EDGE('',*,*,#6033,.T.);
#6055 = ORIENTED_EDGE('',*,*,#2669,.T.);
#6056 = ORIENTED_EDGE('',*,*,#6057,.F.);
#6057 = EDGE_CURVE('',#6058,#2661,#6060,.T.);
#6058 = VERTEX_POINT('',#6059);
#6059 = CARTESIAN_POINT('',(-2.342144193064,-21.76023366749,-1.));
#6060 = LINE('',#6061,#6062);
#6061 = CARTESIAN_POINT('',(-2.342144193064,-21.76023366749,-1.));
#6062 = VECTOR('',#6063,1.);
#6063 = DIRECTION('',(0.,-2.2E-16,-1.));
#6064 = ORIENTED_EDGE('',*,*,#6065,.F.);
#6065 = EDGE_CURVE('',#6034,#6058,#6066,.T.);
#6066 = CIRCLE('',#6067,0.15);
#6067 = AXIS2_PLACEMENT_3D('',#6068,#6069,#6070);
#6068 = CARTESIAN_POINT('',(-2.193501728798,-21.78036865736,-1.));
#6069 = DIRECTION('',(-0.,0.,-1.));
#6070 = DIRECTION('',(-0.134233265818,-0.990949761768,0.));
#6071 = CYLINDRICAL_SURFACE('',#6072,0.15);
#6072 = AXIS2_PLACEMENT_3D('',#6073,#6074,#6075);
#6073 = CARTESIAN_POINT('',(-2.193501728798,-21.78036865736,-1.));
#6074 = DIRECTION('',(0.,2.2E-16,1.));
#6075 = DIRECTION('',(-0.134233265818,-0.990949761768,2.180089475889E-16
    ));
#6076 = ADVANCED_FACE('',(#6077),#6096,.F.);
#6077 = FACE_BOUND('',#6078,.F.);
#6078 = EDGE_LOOP('',(#6079,#6080,#6081,#6089));
#6079 = ORIENTED_EDGE('',*,*,#6057,.T.);
#6080 = ORIENTED_EDGE('',*,*,#2660,.T.);
#6081 = ORIENTED_EDGE('',*,*,#6082,.F.);
#6082 = EDGE_CURVE('',#6083,#2652,#6085,.T.);
#6083 = VERTEX_POINT('',#6084);
#6084 = CARTESIAN_POINT('',(-2.42792464423,-21.39541740328,-1.));
#6085 = LINE('',#6086,#6087);
#6086 = CARTESIAN_POINT('',(-2.42792464423,-21.39541740328,-1.));
#6087 = VECTOR('',#6088,1.);
#6088 = DIRECTION('',(0.,-2.2E-16,-1.));
#6089 = ORIENTED_EDGE('',*,*,#6090,.F.);
#6090 = EDGE_CURVE('',#6058,#6083,#6091,.T.);
#6091 = CIRCLE('',#6092,1.469292842572);
#6092 = AXIS2_PLACEMENT_3D('',#6093,#6094,#6095);
#6093 = CARTESIAN_POINT('',(-3.803641386301,-21.91138726948,-1.));
#6094 = DIRECTION('',(0.,-0.,1.));
#6095 = DIRECTION('',(0.994694284822,0.102875068611,0.));
#6096 = CYLINDRICAL_SURFACE('',#6097,1.469292842572);
#6097 = AXIS2_PLACEMENT_3D('',#6098,#6099,#6100);
#6098 = CARTESIAN_POINT('',(-3.803641386301,-21.91138726948,-1.));
#6099 = DIRECTION('',(0.,2.2E-16,1.));
#6100 = DIRECTION('',(0.994694284822,0.102875068611,-2.263251509446E-17)
  );
#6101 = ADVANCED_FACE('',(#6102),#6121,.F.);
#6102 = FACE_BOUND('',#6103,.F.);
#6103 = EDGE_LOOP('',(#6104,#6105,#6106,#6114));
#6104 = ORIENTED_EDGE('',*,*,#6082,.T.);
#6105 = ORIENTED_EDGE('',*,*,#2651,.T.);
#6106 = ORIENTED_EDGE('',*,*,#6107,.F.);
#6107 = EDGE_CURVE('',#6108,#2643,#6110,.T.);
#6108 = VERTEX_POINT('',#6109);
#6109 = CARTESIAN_POINT('',(-3.351540169946,-21.27030517947,-1.));
#6110 = LINE('',#6111,#6112);
#6111 = CARTESIAN_POINT('',(-3.351540169946,-21.27030517947,-1.));
#6112 = VECTOR('',#6113,1.);
#6113 = DIRECTION('',(0.,-2.2E-16,-1.));
#6114 = ORIENTED_EDGE('',*,*,#6115,.F.);
#6115 = EDGE_CURVE('',#6083,#6108,#6116,.T.);
#6116 = CIRCLE('',#6117,0.559359353945);
#6117 = AXIS2_PLACEMENT_3D('',#6118,#6119,#6120);
#6118 = CARTESIAN_POINT('',(-2.93125872348,-21.63942086947,-1.));
#6119 = DIRECTION('',(0.,-0.,1.));
#6120 = DIRECTION('',(0.899840282815,0.436219515179,0.));
#6121 = CYLINDRICAL_SURFACE('',#6122,0.559359353945);
#6122 = AXIS2_PLACEMENT_3D('',#6123,#6124,#6125);
#6123 = CARTESIAN_POINT('',(-2.93125872348,-21.63942086947,-1.));
#6124 = DIRECTION('',(0.,2.2E-16,1.));
#6125 = DIRECTION('',(0.899840282815,0.436219515179,-9.596829333927E-17)
  );
#6126 = ADVANCED_FACE('',(#6127),#6146,.F.);
#6127 = FACE_BOUND('',#6128,.F.);
#6128 = EDGE_LOOP('',(#6129,#6130,#6131,#6139));
#6129 = ORIENTED_EDGE('',*,*,#6107,.T.);
#6130 = ORIENTED_EDGE('',*,*,#2642,.T.);
#6131 = ORIENTED_EDGE('',*,*,#6132,.F.);
#6132 = EDGE_CURVE('',#6133,#2634,#6135,.T.);
#6133 = VERTEX_POINT('',#6134);
#6134 = CARTESIAN_POINT('',(-3.531283907185,-21.59915374851,-1.));
#6135 = LINE('',#6136,#6137);
#6136 = CARTESIAN_POINT('',(-3.531283907185,-21.59915374851,-1.));
#6137 = VECTOR('',#6138,1.);
#6138 = DIRECTION('',(0.,-2.2E-16,-1.));
#6139 = ORIENTED_EDGE('',*,*,#6140,.F.);
#6140 = EDGE_CURVE('',#6108,#6133,#6141,.T.);
#6141 = CIRCLE('',#6142,1.469292842572);
#6142 = AXIS2_PLACEMENT_3D('',#6143,#6144,#6145);
#6143 = CARTESIAN_POINT('',(-2.162667319363,-22.13367231018,-1.));
#6144 = DIRECTION('',(0.,0.,1.));
#6145 = DIRECTION('',(-0.809146288702,0.587607252746,0.));
#6146 = CYLINDRICAL_SURFACE('',#6147,1.469292842572);
#6147 = AXIS2_PLACEMENT_3D('',#6148,#6149,#6150);
#6148 = CARTESIAN_POINT('',(-2.162667319363,-22.13367231018,-1.));
#6149 = DIRECTION('',(0.,2.2E-16,1.));
#6150 = DIRECTION('',(-0.809146288702,0.587607252746,-1.292735956042E-16
    ));
#6151 = ADVANCED_FACE('',(#6152),#6171,.T.);
#6152 = FACE_BOUND('',#6153,.F.);
#6153 = EDGE_LOOP('',(#6154,#6155,#6156,#6164));
#6154 = ORIENTED_EDGE('',*,*,#6132,.T.);
#6155 = ORIENTED_EDGE('',*,*,#2633,.T.);
#6156 = ORIENTED_EDGE('',*,*,#6157,.F.);
#6157 = EDGE_CURVE('',#6158,#2626,#6160,.T.);
#6158 = VERTEX_POINT('',#6159);
#6159 = CARTESIAN_POINT('',(-3.700061361323,-21.7276612229,-1.));
#6160 = LINE('',#6161,#6162);
#6161 = CARTESIAN_POINT('',(-3.700061361323,-21.7276612229,-1.));
#6162 = VECTOR('',#6163,1.);
#6163 = DIRECTION('',(0.,-2.2E-16,-1.));
#6164 = ORIENTED_EDGE('',*,*,#6165,.F.);
#6165 = EDGE_CURVE('',#6133,#6158,#6166,.T.);
#6166 = CIRCLE('',#6167,0.15);
#6167 = AXIS2_PLACEMENT_3D('',#6168,#6169,#6170);
#6168 = CARTESIAN_POINT('',(-3.67992637145,-21.57901875863,-1.));
#6169 = DIRECTION('',(0.,-0.,-1.));
#6170 = DIRECTION('',(0.990949761768,-0.134233265818,0.));
#6171 = CYLINDRICAL_SURFACE('',#6172,0.15);
#6172 = AXIS2_PLACEMENT_3D('',#6173,#6174,#6175);
#6173 = CARTESIAN_POINT('',(-3.67992637145,-21.57901875863,-1.));
#6174 = DIRECTION('',(0.,2.2E-16,1.));
#6175 = DIRECTION('',(0.990949761768,-0.134233265818,2.953131847988E-17)
  );
#6176 = ADVANCED_FACE('',(#6177),#6195,.F.);
#6177 = FACE_BOUND('',#6178,.F.);
#6178 = EDGE_LOOP('',(#6179,#6180,#6181,#6189));
#6179 = ORIENTED_EDGE('',*,*,#6157,.T.);
#6180 = ORIENTED_EDGE('',*,*,#2625,.T.);
#6181 = ORIENTED_EDGE('',*,*,#6182,.F.);
#6182 = EDGE_CURVE('',#6183,#2617,#6185,.T.);
#6183 = VERTEX_POINT('',#6184);
#6184 = CARTESIAN_POINT('',(-4.170426669919,-21.64230250425,-1.));
#6185 = LINE('',#6186,#6187);
#6186 = CARTESIAN_POINT('',(-4.170426669919,-21.64230250425,-1.));
#6187 = VECTOR('',#6188,1.);
#6188 = DIRECTION('',(0.,-2.2E-16,-1.));
#6189 = ORIENTED_EDGE('',*,*,#6190,.F.);
#6190 = EDGE_CURVE('',#6158,#6183,#6191,.T.);
#6191 = LINE('',#6192,#6193);
#6192 = CARTESIAN_POINT('',(-3.700061361323,-21.7276612229,-1.));
#6193 = VECTOR('',#6194,1.);
#6194 = DIRECTION('',(-0.983929588599,0.178556894799,0.));
#6195 = PLANE('',#6196);
#6196 = AXIS2_PLACEMENT_3D('',#6197,#6198,#6199);
#6197 = CARTESIAN_POINT('',(-3.700061361323,-21.7276612229,-1.));
#6198 = DIRECTION('',(0.178556894799,0.983929588599,-2.2E-16));
#6199 = DIRECTION('',(-0.983929588599,0.178556894799,-4.E-17));
#6200 = ADVANCED_FACE('',(#6201),#6220,.T.);
#6201 = FACE_BOUND('',#6202,.F.);
#6202 = EDGE_LOOP('',(#6203,#6204,#6205,#6213));
#6203 = ORIENTED_EDGE('',*,*,#6182,.T.);
#6204 = ORIENTED_EDGE('',*,*,#2616,.T.);
#6205 = ORIENTED_EDGE('',*,*,#6206,.F.);
#6206 = EDGE_CURVE('',#6207,#2608,#6209,.T.);
#6207 = VERTEX_POINT('',#6208);
#6208 = CARTESIAN_POINT('',(-4.283287716653,-21.46268517733,-1.));
#6209 = LINE('',#6210,#6211);
#6210 = CARTESIAN_POINT('',(-4.283287716653,-21.46268517733,-1.));
#6211 = VECTOR('',#6212,1.);
#6212 = DIRECTION('',(0.,-2.2E-16,-1.));
#6213 = ORIENTED_EDGE('',*,*,#6214,.F.);
#6214 = EDGE_CURVE('',#6183,#6207,#6215,.T.);
#6215 = CIRCLE('',#6216,0.15);
#6216 = AXIS2_PLACEMENT_3D('',#6217,#6218,#6219);
#6217 = CARTESIAN_POINT('',(-4.137048529825,-21.49606331742,-1.));
#6218 = DIRECTION('',(-0.,0.,-1.));
#6219 = DIRECTION('',(-0.222520933956,-0.974927912182,0.));
#6220 = CYLINDRICAL_SURFACE('',#6221,0.15);
#6221 = AXIS2_PLACEMENT_3D('',#6222,#6223,#6224);
#6222 = CARTESIAN_POINT('',(-4.137048529825,-21.49606331742,-1.));
#6223 = DIRECTION('',(0.,2.2E-16,1.));
#6224 = DIRECTION('',(-0.222520933956,-0.974927912182,2.1448414068E-16)
  );
#6225 = ADVANCED_FACE('',(#6226),#6245,.F.);
#6226 = FACE_BOUND('',#6227,.F.);
#6227 = EDGE_LOOP('',(#6228,#6229,#6230,#6238));
#6228 = ORIENTED_EDGE('',*,*,#6206,.T.);
#6229 = ORIENTED_EDGE('',*,*,#2607,.T.);
#6230 = ORIENTED_EDGE('',*,*,#6231,.F.);
#6231 = EDGE_CURVE('',#6232,#2599,#6234,.T.);
#6232 = VERTEX_POINT('',#6233);
#6233 = CARTESIAN_POINT('',(-4.336020963142,-21.09164825579,-1.));
#6234 = LINE('',#6235,#6236);
#6235 = CARTESIAN_POINT('',(-4.336020963142,-21.09164825579,-1.));
#6236 = VECTOR('',#6237,1.);
#6237 = DIRECTION('',(0.,-2.2E-16,-1.));
#6238 = ORIENTED_EDGE('',*,*,#6239,.F.);
#6239 = EDGE_CURVE('',#6207,#6232,#6240,.T.);
#6240 = CIRCLE('',#6241,1.469292842572);
#6241 = AXIS2_PLACEMENT_3D('',#6242,#6243,#6244);
#6242 = CARTESIAN_POINT('',(-5.752450656284,-21.48222268099,-1.));
#6243 = DIRECTION('',(0.,-0.,1.));
#6244 = DIRECTION('',(0.999911588121,1.329721556806E-02,0.));
#6245 = CYLINDRICAL_SURFACE('',#6246,1.469292842572);
#6246 = AXIS2_PLACEMENT_3D('',#6247,#6248,#6249);
#6247 = CARTESIAN_POINT('',(-5.752450656284,-21.48222268099,-1.));
#6248 = DIRECTION('',(0.,2.2E-16,1.));
#6249 = DIRECTION('',(0.999911588121,1.329721556806E-02,
    -2.925387424973E-18));
#6250 = ADVANCED_FACE('',(#6251),#6270,.F.);
#6251 = FACE_BOUND('',#6252,.F.);
#6252 = EDGE_LOOP('',(#6253,#6254,#6255,#6263));
#6253 = ORIENTED_EDGE('',*,*,#6231,.T.);
#6254 = ORIENTED_EDGE('',*,*,#2598,.T.);
#6255 = ORIENTED_EDGE('',*,*,#6256,.F.);
#6256 = EDGE_CURVE('',#6257,#2590,#6259,.T.);
#6257 = VERTEX_POINT('',#6258);
#6258 = CARTESIAN_POINT('',(-5.244703311012,-20.88424743959,-1.));
#6259 = LINE('',#6260,#6261);
#6260 = CARTESIAN_POINT('',(-5.244703311012,-20.88424743959,-1.));
#6261 = VECTOR('',#6262,1.);
#6262 = DIRECTION('',(0.,-2.2E-16,-1.));
#6263 = ORIENTED_EDGE('',*,*,#6264,.F.);
#6264 = EDGE_CURVE('',#6232,#6257,#6265,.T.);
#6265 = CIRCLE('',#6266,0.559359353945);
#6266 = AXIS2_PLACEMENT_3D('',#6267,#6268,#6269);
#6267 = CARTESIAN_POINT('',(-4.859201069445,-21.28955091675,-1.));
#6268 = DIRECTION('',(0.,-0.,1.));
#6269 = DIRECTION('',(0.935320206256,0.353802362582,0.));
#6270 = CYLINDRICAL_SURFACE('',#6271,0.559359353945);
#6271 = AXIS2_PLACEMENT_3D('',#6272,#6273,#6274);
#6272 = CARTESIAN_POINT('',(-4.859201069445,-21.28955091675,-1.));
#6273 = DIRECTION('',(0.,2.2E-16,1.));
#6274 = DIRECTION('',(0.935320206256,0.353802362582,-7.7836519768E-17));
#6275 = ADVANCED_FACE('',(#6276),#6295,.F.);
#6276 = FACE_BOUND('',#6277,.F.);
#6277 = EDGE_LOOP('',(#6278,#6279,#6280,#6288));
#6278 = ORIENTED_EDGE('',*,*,#6256,.T.);
#6279 = ORIENTED_EDGE('',*,*,#2589,.T.);
#6280 = ORIENTED_EDGE('',*,*,#6281,.F.);
#6281 = EDGE_CURVE('',#6282,#2581,#6284,.T.);
#6282 = VERTEX_POINT('',#6283);
#6283 = CARTESIAN_POINT('',(-5.453201211271,-21.19566005658,-1.));
#6284 = LINE('',#6285,#6286);
#6285 = CARTESIAN_POINT('',(-5.453201211271,-21.19566005658,-1.));
#6286 = VECTOR('',#6287,1.);
#6287 = DIRECTION('',(0.,-2.2E-16,-1.));
#6288 = ORIENTED_EDGE('',*,*,#6289,.F.);
#6289 = EDGE_CURVE('',#6257,#6282,#6290,.T.);
#6290 = CIRCLE('',#6291,1.469292842572);
#6291 = AXIS2_PLACEMENT_3D('',#6292,#6293,#6294);
#6292 = CARTESIAN_POINT('',(-4.138008145929,-21.85070864875,-1.));
#6293 = DIRECTION('',(0.,0.,1.));
#6294 = DIRECTION('',(-0.753216195586,0.657773032822,0.));
#6295 = CYLINDRICAL_SURFACE('',#6296,1.469292842572);
#6296 = AXIS2_PLACEMENT_3D('',#6297,#6298,#6299);
#6297 = CARTESIAN_POINT('',(-4.138008145929,-21.85070864875,-1.));
#6298 = DIRECTION('',(0.,2.2E-16,1.));
#6299 = DIRECTION('',(-0.753216195586,0.657773032822,-1.447100672207E-16
    ));
#6300 = ADVANCED_FACE('',(#6301),#6320,.T.);
#6301 = FACE_BOUND('',#6302,.F.);
#6302 = EDGE_LOOP('',(#6303,#6304,#6305,#6313));
#6303 = ORIENTED_EDGE('',*,*,#6281,.T.);
#6304 = ORIENTED_EDGE('',*,*,#2580,.T.);
#6305 = ORIENTED_EDGE('',*,*,#6306,.F.);
#6306 = EDGE_CURVE('',#6307,#2573,#6309,.T.);
#6307 = VERTEX_POINT('',#6308);
#6308 = CARTESIAN_POINT('',(-5.632818538192,-21.30852110331,-1.));
#6309 = LINE('',#6310,#6311);
#6310 = CARTESIAN_POINT('',(-5.632818538192,-21.30852110331,-1.));
#6311 = VECTOR('',#6312,1.);
#6312 = DIRECTION('',(0.,-2.2E-16,-1.));
#6313 = ORIENTED_EDGE('',*,*,#6314,.F.);
#6314 = EDGE_CURVE('',#6282,#6307,#6315,.T.);
#6315 = CIRCLE('',#6316,0.15);
#6316 = AXIS2_PLACEMENT_3D('',#6317,#6318,#6319);
#6317 = CARTESIAN_POINT('',(-5.599440398098,-21.16228191649,-1.));
#6318 = DIRECTION('',(0.,-0.,-1.));
#6319 = DIRECTION('',(0.974927912182,-0.222520933956,0.));
#6320 = CYLINDRICAL_SURFACE('',#6321,0.15);
#6321 = AXIS2_PLACEMENT_3D('',#6322,#6323,#6324);
#6322 = CARTESIAN_POINT('',(-5.599440398098,-21.16228191649,-1.));
#6323 = DIRECTION('',(0.,2.2E-16,1.));
#6324 = DIRECTION('',(0.974927912182,-0.222520933956,4.895460547039E-17)
  );
#6325 = ADVANCED_FACE('',(#6326),#6344,.F.);
#6326 = FACE_BOUND('',#6327,.F.);
#6327 = EDGE_LOOP('',(#6328,#6329,#6330,#6338));
#6328 = ORIENTED_EDGE('',*,*,#6306,.T.);
#6329 = ORIENTED_EDGE('',*,*,#2572,.T.);
#6330 = ORIENTED_EDGE('',*,*,#6331,.F.);
#6331 = EDGE_CURVE('',#6332,#2564,#6334,.T.);
#6332 = VERTEX_POINT('',#6333);
#6333 = CARTESIAN_POINT('',(-6.093638797792,-21.18134279258,-1.));
#6334 = LINE('',#6335,#6336);
#6335 = CARTESIAN_POINT('',(-6.093638797792,-21.18134279258,-1.));
#6336 = VECTOR('',#6337,1.);
#6337 = DIRECTION('',(0.,-2.2E-16,-1.));
#6338 = ORIENTED_EDGE('',*,*,#6339,.F.);
#6339 = EDGE_CURVE('',#6307,#6332,#6340,.T.);
#6340 = LINE('',#6341,#6342);
#6341 = CARTESIAN_POINT('',(-5.632818538192,-21.30852110331,-1.));
#6342 = VECTOR('',#6343,1.);
#6343 = DIRECTION('',(-0.963962860696,0.266036845567,0.));
#6344 = PLANE('',#6345);
#6345 = AXIS2_PLACEMENT_3D('',#6346,#6347,#6348);
#6346 = CARTESIAN_POINT('',(-5.632818538192,-21.30852110331,-1.));
#6347 = DIRECTION('',(0.266036845567,0.963962860696,-2.1E-16));
#6348 = DIRECTION('',(-0.963962860696,0.266036845567,-6.E-17));
#6349 = ADVANCED_FACE('',(#6350),#6369,.T.);
#6350 = FACE_BOUND('',#6351,.F.);
#6351 = EDGE_LOOP('',(#6352,#6353,#6354,#6362));
#6352 = ORIENTED_EDGE('',*,*,#6331,.T.);
#6353 = ORIENTED_EDGE('',*,*,#2563,.T.);
#6354 = ORIENTED_EDGE('',*,*,#6355,.F.);
#6355 = EDGE_CURVE('',#6356,#2555,#6358,.T.);
#6356 = VERTEX_POINT('',#6357);
#6357 = CARTESIAN_POINT('',(-6.18994472608,-20.99233176598,-1.));
#6358 = LINE('',#6359,#6360);
#6359 = CARTESIAN_POINT('',(-6.18994472608,-20.99233176598,-1.));
#6360 = VECTOR('',#6361,1.);
#6361 = DIRECTION('',(0.,-2.2E-16,-1.));
#6362 = ORIENTED_EDGE('',*,*,#6363,.F.);
#6363 = EDGE_CURVE('',#6332,#6356,#6364,.T.);
#6364 = CIRCLE('',#6365,0.15);
#6365 = AXIS2_PLACEMENT_3D('',#6366,#6367,#6368);
#6366 = CARTESIAN_POINT('',(-6.047286248635,-21.03868431513,-1.));
#6367 = DIRECTION('',(-0.,0.,-1.));
#6368 = DIRECTION('',(-0.309016994375,-0.951056516295,0.));
#6369 = CYLINDRICAL_SURFACE('',#6370,0.15);
#6370 = AXIS2_PLACEMENT_3D('',#6371,#6372,#6373);
#6371 = CARTESIAN_POINT('',(-6.047286248635,-21.03868431513,-1.));
#6372 = DIRECTION('',(0.,2.2E-16,1.));
#6373 = DIRECTION('',(-0.309016994375,-0.951056516295,2.092324335849E-16
    ));
#6374 = ADVANCED_FACE('',(#6375),#6394,.F.);
#6375 = FACE_BOUND('',#6376,.F.);
#6376 = EDGE_LOOP('',(#6377,#6378,#6379,#6387));
#6377 = ORIENTED_EDGE('',*,*,#6355,.T.);
#6378 = ORIENTED_EDGE('',*,*,#2554,.T.);
#6379 = ORIENTED_EDGE('',*,*,#6380,.F.);
#6380 = EDGE_CURVE('',#6381,#2546,#6383,.T.);
#6381 = VERTEX_POINT('',#6382);
#6382 = CARTESIAN_POINT('',(-6.209206190797,-20.61806155823,-1.));
#6383 = LINE('',#6384,#6385);
#6384 = CARTESIAN_POINT('',(-6.209206190797,-20.61806155823,-1.));
#6385 = VECTOR('',#6386,1.);
#6386 = DIRECTION('',(0.,-2.2E-16,-1.));
#6387 = ORIENTED_EDGE('',*,*,#6388,.F.);
#6388 = EDGE_CURVE('',#6356,#6381,#6389,.T.);
#6389 = CIRCLE('',#6390,1.469292842572);
#6390 = AXIS2_PLACEMENT_3D('',#6391,#6392,#6393);
#6391 = CARTESIAN_POINT('',(-7.654944575968,-20.88009586682,-1.));
#6392 = DIRECTION('',(-0.,0.,1.));
#6393 = DIRECTION('',(0.99707819125,-7.638769883618E-02,0.));
#6394 = CYLINDRICAL_SURFACE('',#6395,1.469292842572);
#6395 = AXIS2_PLACEMENT_3D('',#6396,#6397,#6398);
#6396 = CARTESIAN_POINT('',(-7.654944575968,-20.88009586682,-1.));
#6397 = DIRECTION('',(0.,2.2E-16,1.));
#6398 = DIRECTION('',(0.99707819125,-7.638769883618E-02,
    1.680529374396E-17));
#6399 = ADVANCED_FACE('',(#6400),#6419,.F.);
#6400 = FACE_BOUND('',#6401,.F.);
#6401 = EDGE_LOOP('',(#6402,#6403,#6404,#6412));
#6402 = ORIENTED_EDGE('',*,*,#6380,.T.);
#6403 = ORIENTED_EDGE('',*,*,#2545,.T.);
#6404 = ORIENTED_EDGE('',*,*,#6405,.F.);
#6405 = EDGE_CURVE('',#6406,#2537,#6408,.T.);
#6406 = VERTEX_POINT('',#6407);
#6407 = CARTESIAN_POINT('',(-7.095639184854,-20.33004201907,-1.));
#6408 = LINE('',#6409,#6410);
#6409 = CARTESIAN_POINT('',(-7.095639184854,-20.33004201907,-1.));
#6410 = VECTOR('',#6411,1.);
#6411 = DIRECTION('',(0.,-2.2E-16,-1.));
#6412 = ORIENTED_EDGE('',*,*,#6413,.F.);
#6413 = EDGE_CURVE('',#6381,#6406,#6414,.T.);
#6414 = CIRCLE('',#6415,0.559359353945);
#6415 = AXIS2_PLACEMENT_3D('',#6416,#6417,#6418);
#6416 = CARTESIAN_POINT('',(-6.748019985563,-20.76827001809,-1.));
#6417 = DIRECTION('',(0.,-0.,1.));
#6418 = DIRECTION('',(0.963269481356,0.268536601394,0.));
#6419 = CYLINDRICAL_SURFACE('',#6420,0.559359353945);
#6420 = AXIS2_PLACEMENT_3D('',#6421,#6422,#6423);
#6421 = CARTESIAN_POINT('',(-6.748019985563,-20.76827001809,-1.));
#6422 = DIRECTION('',(0.,2.2E-16,1.));
#6423 = DIRECTION('',(0.963269481356,0.268536601394,-5.907805230668E-17)
  );
#6424 = ADVANCED_FACE('',(#6425),#6444,.F.);
#6425 = FACE_BOUND('',#6426,.F.);
#6426 = EDGE_LOOP('',(#6427,#6428,#6429,#6437));
#6427 = ORIENTED_EDGE('',*,*,#6405,.T.);
#6428 = ORIENTED_EDGE('',*,*,#2536,.T.);
#6429 = ORIENTED_EDGE('',*,*,#6430,.F.);
#6430 = EDGE_CURVE('',#6431,#2528,#6433,.T.);
#6431 = VERTEX_POINT('',#6432);
#6432 = CARTESIAN_POINT('',(-7.331212545634,-20.62151137273,-1.));
#6433 = LINE('',#6434,#6435);
#6434 = CARTESIAN_POINT('',(-7.331212545634,-20.62151137273,-1.));
#6435 = VECTOR('',#6436,1.);
#6436 = DIRECTION('',(0.,-2.2E-16,-1.));
#6437 = ORIENTED_EDGE('',*,*,#6438,.F.);
#6438 = EDGE_CURVE('',#6406,#6431,#6439,.T.);
#6439 = CIRCLE('',#6440,1.469292842572);
#6440 = AXIS2_PLACEMENT_3D('',#6441,#6442,#6443);
#6441 = CARTESIAN_POINT('',(-6.080032164013,-21.3918159293,-1.));
#6442 = DIRECTION('',(0.,0.,1.));
#6443 = DIRECTION('',(-0.691221648547,0.722642811201,0.));
#6444 = CYLINDRICAL_SURFACE('',#6445,1.469292842572);
#6445 = AXIS2_PLACEMENT_3D('',#6446,#6447,#6448);
#6446 = CARTESIAN_POINT('',(-6.080032164013,-21.3918159293,-1.));
#6447 = DIRECTION('',(0.,2.2E-16,1.));
#6448 = DIRECTION('',(-0.691221648547,0.722642811201,-1.589814184642E-16
    ));
#6449 = ADVANCED_FACE('',(#6450),#6469,.T.);
#6450 = FACE_BOUND('',#6451,.F.);
#6451 = EDGE_LOOP('',(#6452,#6453,#6454,#6462));
#6452 = ORIENTED_EDGE('',*,*,#6430,.T.);
#6453 = ORIENTED_EDGE('',*,*,#2527,.T.);
#6454 = ORIENTED_EDGE('',*,*,#6455,.F.);
#6455 = EDGE_CURVE('',#6456,#2520,#6458,.T.);
#6456 = VERTEX_POINT('',#6457);
#6457 = CARTESIAN_POINT('',(-7.520223572234,-20.71781730101,-1.));
#6458 = LINE('',#6459,#6460);
#6459 = CARTESIAN_POINT('',(-7.520223572234,-20.71781730101,-1.));
#6460 = VECTOR('',#6461,1.);
#6461 = DIRECTION('',(0.,-2.2E-16,-1.));
#6462 = ORIENTED_EDGE('',*,*,#6463,.F.);
#6463 = EDGE_CURVE('',#6431,#6456,#6464,.T.);
#6464 = CIRCLE('',#6465,0.15);
#6465 = AXIS2_PLACEMENT_3D('',#6466,#6467,#6468);
#6466 = CARTESIAN_POINT('',(-7.473871023078,-20.57515882357,-1.));
#6467 = DIRECTION('',(0.,-0.,-1.));
#6468 = DIRECTION('',(0.951056516295,-0.309016994375,0.));
#6469 = CYLINDRICAL_SURFACE('',#6470,0.15);
#6470 = AXIS2_PLACEMENT_3D('',#6471,#6472,#6473);
#6471 = CARTESIAN_POINT('',(-7.473871023078,-20.57515882357,-1.));
#6472 = DIRECTION('',(0.,2.2E-16,1.));
#6473 = DIRECTION('',(0.951056516295,-0.309016994375,6.798373876248E-17)
  );
#6474 = ADVANCED_FACE('',(#6475),#6493,.F.);
#6475 = FACE_BOUND('',#6476,.F.);
#6476 = EDGE_LOOP('',(#6477,#6478,#6479,#6487));
#6477 = ORIENTED_EDGE('',*,*,#6455,.T.);
#6478 = ORIENTED_EDGE('',*,*,#2519,.T.);
#6479 = ORIENTED_EDGE('',*,*,#6480,.F.);
#6480 = EDGE_CURVE('',#6481,#2511,#6483,.T.);
#6481 = VERTEX_POINT('',#6482);
#6482 = CARTESIAN_POINT('',(-7.967788529066,-20.54984336317,-1.));
#6483 = LINE('',#6484,#6485);
#6484 = CARTESIAN_POINT('',(-7.967788529066,-20.54984336317,-1.));
#6485 = VECTOR('',#6486,1.);
#6486 = DIRECTION('',(0.,-2.2E-16,-1.));
#6487 = ORIENTED_EDGE('',*,*,#6488,.F.);
#6488 = EDGE_CURVE('',#6456,#6481,#6489,.T.);
#6489 = LINE('',#6490,#6491);
#6490 = CARTESIAN_POINT('',(-7.520223572234,-20.71781730101,-1.));
#6491 = VECTOR('',#6492,1.);
#6492 = DIRECTION('',(-0.93623487064,0.351374824081,0.));
#6493 = PLANE('',#6494);
#6494 = AXIS2_PLACEMENT_3D('',#6495,#6496,#6497);
#6495 = CARTESIAN_POINT('',(-7.520223572234,-20.71781730101,-1.));
#6496 = DIRECTION('',(0.351374824081,0.93623487064,-2.1E-16));
#6497 = DIRECTION('',(-0.93623487064,0.351374824081,-8.E-17));
#6498 = ADVANCED_FACE('',(#6499),#6518,.T.);
#6499 = FACE_BOUND('',#6500,.F.);
#6500 = EDGE_LOOP('',(#6501,#6502,#6503,#6511));
#6501 = ORIENTED_EDGE('',*,*,#6480,.T.);
#6502 = ORIENTED_EDGE('',*,*,#2510,.T.);
#6503 = ORIENTED_EDGE('',*,*,#6504,.F.);
#6504 = EDGE_CURVE('',#6505,#2502,#6507,.T.);
#6505 = VERTEX_POINT('',#6506);
#6506 = CARTESIAN_POINT('',(-8.046763940201,-20.35296044254,-1.));
#6507 = LINE('',#6508,#6509);
#6508 = CARTESIAN_POINT('',(-8.046763940201,-20.35296044254,-1.));
#6509 = VECTOR('',#6510,1.);
#6510 = DIRECTION('',(0.,-2.2E-16,-1.));
#6511 = ORIENTED_EDGE('',*,*,#6512,.F.);
#6512 = EDGE_CURVE('',#6481,#6505,#6513,.T.);
#6513 = CIRCLE('',#6514,0.15);
#6514 = AXIS2_PLACEMENT_3D('',#6515,#6516,#6517);
#6515 = CARTESIAN_POINT('',(-7.908834774318,-20.41191419728,-1.));
#6516 = DIRECTION('',(-0.,0.,-1.));
#6517 = DIRECTION('',(-0.393025031654,-0.919527772551,0.));
#6518 = CYLINDRICAL_SURFACE('',#6519,0.15);
#6519 = AXIS2_PLACEMENT_3D('',#6520,#6521,#6522);
#6520 = CARTESIAN_POINT('',(-7.908834774318,-20.41191419728,-1.));
#6521 = DIRECTION('',(0.,2.2E-16,1.));
#6522 = DIRECTION('',(-0.393025031654,-0.919527772551,2.022961099613E-16
    ));
#6523 = ADVANCED_FACE('',(#6524),#6543,.F.);
#6524 = FACE_BOUND('',#6525,.F.);
#6525 = EDGE_LOOP('',(#6526,#6527,#6528,#6536));
#6526 = ORIENTED_EDGE('',*,*,#6504,.T.);
#6527 = ORIENTED_EDGE('',*,*,#2501,.T.);
#6528 = ORIENTED_EDGE('',*,*,#6529,.F.);
#6529 = EDGE_CURVE('',#6530,#2493,#6532,.T.);
#6530 = VERTEX_POINT('',#6531);
#6531 = CARTESIAN_POINT('',(-8.032398541159,-19.97847035222,-1.));
#6532 = LINE('',#6533,#6534);
#6533 = CARTESIAN_POINT('',(-8.032398541159,-19.97847035222,-1.));
#6534 = VECTOR('',#6535,1.);
#6535 = DIRECTION('',(0.,-2.2E-16,-1.));
#6536 = ORIENTED_EDGE('',*,*,#6537,.F.);
#6537 = EDGE_CURVE('',#6505,#6530,#6538,.T.);
#6538 = CIRCLE('',#6539,1.469292842572);
#6539 = AXIS2_PLACEMENT_3D('',#6540,#6541,#6542);
#6540 = CARTESIAN_POINT('',(-9.495805382962,-20.10985479802,-1.));
#6541 = DIRECTION('',(-0.,0.,1.));
#6542 = DIRECTION('',(0.986216907056,-0.165457584405,0.));
#6543 = CYLINDRICAL_SURFACE('',#6544,1.469292842572);
#6544 = AXIS2_PLACEMENT_3D('',#6545,#6546,#6547);
#6545 = CARTESIAN_POINT('',(-9.495805382962,-20.10985479802,-1.));
#6546 = DIRECTION('',(0.,2.2E-16,1.));
#6547 = DIRECTION('',(0.986216907056,-0.165457584405,3.640066856902E-17)
  );
#6548 = ADVANCED_FACE('',(#6549),#6568,.F.);
#6549 = FACE_BOUND('',#6550,.F.);
#6550 = EDGE_LOOP('',(#6551,#6552,#6553,#6561));
#6551 = ORIENTED_EDGE('',*,*,#6529,.T.);
#6552 = ORIENTED_EDGE('',*,*,#2492,.T.);
#6553 = ORIENTED_EDGE('',*,*,#6554,.F.);
#6554 = EDGE_CURVE('',#6555,#2484,#6557,.T.);
#6555 = VERTEX_POINT('',#6556);
#6556 = CARTESIAN_POINT('',(-8.889445144147,-19.61215105408,-1.));
#6557 = LINE('',#6558,#6559);
#6558 = CARTESIAN_POINT('',(-8.889445144147,-19.61215105408,-1.));
#6559 = VECTOR('',#6560,1.);
#6560 = DIRECTION('',(0.,-2.2E-16,-1.));
#6561 = ORIENTED_EDGE('',*,*,#6562,.F.);
#6562 = EDGE_CURVE('',#6530,#6555,#6563,.T.);
#6563 = CIRCLE('',#6564,0.559359353945);
#6564 = AXIS2_PLACEMENT_3D('',#6565,#6566,#6567);
#6565 = CARTESIAN_POINT('',(-8.582507812529,-20.0797752208,-1.));
#6566 = DIRECTION('',(0.,-0.,1.));
#6567 = DIRECTION('',(0.983463076985,0.181108741389,0.));
#6568 = CYLINDRICAL_SURFACE('',#6569,0.559359353945);
#6569 = AXIS2_PLACEMENT_3D('',#6570,#6571,#6572);
#6570 = CARTESIAN_POINT('',(-8.582507812529,-20.0797752208,-1.));
#6571 = DIRECTION('',(0.,2.2E-16,1.));
#6572 = DIRECTION('',(0.983463076985,0.181108741389,-3.984392310553E-17)
  );
#6573 = ADVANCED_FACE('',(#6574),#6593,.F.);
#6574 = FACE_BOUND('',#6575,.F.);
#6575 = EDGE_LOOP('',(#6576,#6577,#6578,#6586));
#6576 = ORIENTED_EDGE('',*,*,#6554,.T.);
#6577 = ORIENTED_EDGE('',*,*,#2483,.T.);
#6578 = ORIENTED_EDGE('',*,*,#6579,.F.);
#6579 = EDGE_CURVE('',#6580,#2475,#6582,.T.);
#6580 = VERTEX_POINT('',#6581);
#6581 = CARTESIAN_POINT('',(-9.150197267263,-19.88133040455,-1.));
#6582 = LINE('',#6583,#6584);
#6583 = CARTESIAN_POINT('',(-9.150197267263,-19.88133040455,-1.));
#6584 = VECTOR('',#6585,1.);
#6585 = DIRECTION('',(0.,-2.2E-16,-1.));
#6586 = ORIENTED_EDGE('',*,*,#6587,.F.);
#6587 = EDGE_CURVE('',#6555,#6580,#6588,.T.);
#6588 = CIRCLE('',#6589,1.469292842572);
#6589 = AXIS2_PLACEMENT_3D('',#6590,#6591,#6592);
#6590 = CARTESIAN_POINT('',(-7.973103338113,-20.76068888617,-1.));
#6591 = DIRECTION('',(0.,0.,1.));
#6592 = DIRECTION('',(-0.623661791226,0.781694294571,0.));
#6593 = CYLINDRICAL_SURFACE('',#6594,1.469292842572);
#6594 = AXIS2_PLACEMENT_3D('',#6595,#6596,#6597);
#6595 = CARTESIAN_POINT('',(-7.973103338113,-20.76068888617,-1.));
#6596 = DIRECTION('',(0.,2.2E-16,1.));
#6597 = DIRECTION('',(-0.623661791226,0.781694294571,-1.719727448057E-16
    ));
#6598 = ADVANCED_FACE('',(#6599),#6618,.T.);
#6599 = FACE_BOUND('',#6600,.F.);
#6600 = EDGE_LOOP('',(#6601,#6602,#6603,#6611));
#6601 = ORIENTED_EDGE('',*,*,#6579,.T.);
#6602 = ORIENTED_EDGE('',*,*,#2474,.T.);
#6603 = ORIENTED_EDGE('',*,*,#6604,.F.);
#6604 = EDGE_CURVE('',#6605,#2467,#6607,.T.);
#6605 = VERTEX_POINT('',#6606);
#6606 = CARTESIAN_POINT('',(-9.347080187893,-19.96030581569,-1.));
#6607 = LINE('',#6608,#6609);
#6608 = CARTESIAN_POINT('',(-9.347080187893,-19.96030581569,-1.));
#6609 = VECTOR('',#6610,1.);
#6610 = DIRECTION('',(0.,-2.2E-16,-1.));
#6611 = ORIENTED_EDGE('',*,*,#6612,.F.);
#6612 = EDGE_CURVE('',#6580,#6605,#6613,.T.);
#6613 = CIRCLE('',#6614,0.15);
#6614 = AXIS2_PLACEMENT_3D('',#6615,#6616,#6617);
#6615 = CARTESIAN_POINT('',(-9.288126433145,-19.8223766498,-1.));
#6616 = DIRECTION('',(0.,-0.,-1.));
#6617 = DIRECTION('',(0.919527772551,-0.393025031654,0.));
#6618 = CYLINDRICAL_SURFACE('',#6619,0.15);
#6619 = AXIS2_PLACEMENT_3D('',#6620,#6621,#6622);
#6620 = CARTESIAN_POINT('',(-9.288126433145,-19.8223766498,-1.));
#6621 = DIRECTION('',(0.,2.2E-16,1.));
#6622 = DIRECTION('',(0.919527772551,-0.393025031654,8.646550696386E-17)
  );
#6623 = ADVANCED_FACE('',(#6624),#6642,.F.);
#6624 = FACE_BOUND('',#6625,.F.);
#6625 = EDGE_LOOP('',(#6626,#6627,#6628,#6636));
#6626 = ORIENTED_EDGE('',*,*,#6604,.T.);
#6627 = ORIENTED_EDGE('',*,*,#2466,.T.);
#6628 = ORIENTED_EDGE('',*,*,#6629,.F.);
#6629 = EDGE_CURVE('',#6630,#2458,#6632,.T.);
#6630 = VERTEX_POINT('',#6631);
#6631 = CARTESIAN_POINT('',(-9.777786312088,-19.75288867811,-1.));
#6632 = LINE('',#6633,#6634);
#6633 = CARTESIAN_POINT('',(-9.777786312088,-19.75288867811,-1.));
#6634 = VECTOR('',#6635,1.);
#6635 = DIRECTION('',(0.,-2.2E-16,-1.));
#6636 = ORIENTED_EDGE('',*,*,#6637,.F.);
#6637 = EDGE_CURVE('',#6605,#6630,#6638,.T.);
#6638 = LINE('',#6639,#6640);
#6639 = CARTESIAN_POINT('',(-9.347080187893,-19.96030581569,-1.));
#6640 = VECTOR('',#6641,1.);
#6641 = DIRECTION('',(-0.900968867902,0.433883739118,0.));
#6642 = PLANE('',#6643);
#6643 = AXIS2_PLACEMENT_3D('',#6644,#6645,#6646);
#6644 = CARTESIAN_POINT('',(-9.347080187893,-19.96030581569,-1.));
#6645 = DIRECTION('',(0.433883739118,0.900968867902,-2.E-16));
#6646 = DIRECTION('',(-0.900968867902,0.433883739118,-1.E-16));
#6647 = ADVANCED_FACE('',(#6648),#6667,.T.);
#6648 = FACE_BOUND('',#6649,.F.);
#6649 = EDGE_LOOP('',(#6650,#6651,#6652,#6660));
#6650 = ORIENTED_EDGE('',*,*,#6629,.T.);
#6651 = ORIENTED_EDGE('',*,*,#2457,.T.);
#6652 = ORIENTED_EDGE('',*,*,#6653,.F.);
#6653 = EDGE_CURVE('',#6654,#2449,#6656,.T.);
#6654 = VERTEX_POINT('',#6655);
#6655 = CARTESIAN_POINT('',(-9.838795342496,-19.54971904896,-1.));
#6656 = LINE('',#6657,#6658);
#6657 = CARTESIAN_POINT('',(-9.838795342496,-19.54971904896,-1.));
#6658 = VECTOR('',#6659,1.);
#6659 = DIRECTION('',(0.,-2.2E-16,-1.));
#6660 = ORIENTED_EDGE('',*,*,#6661,.F.);
#6661 = EDGE_CURVE('',#6630,#6654,#6662,.T.);
#6662 = CIRCLE('',#6663,0.15);
#6663 = AXIS2_PLACEMENT_3D('',#6664,#6665,#6666);
#6664 = CARTESIAN_POINT('',(-9.706706012718,-19.62079934833,-1.));
#6665 = DIRECTION('',(-0.,0.,-1.));
#6666 = DIRECTION('',(-0.473868662473,-0.880595531857,0.));
#6667 = CYLINDRICAL_SURFACE('',#6668,0.15);
#6668 = AXIS2_PLACEMENT_3D('',#6669,#6670,#6671);
#6669 = CARTESIAN_POINT('',(-9.706706012718,-19.62079934833,-1.));
#6670 = DIRECTION('',(0.,2.2E-16,1.));
#6671 = DIRECTION('',(-0.473868662473,-0.880595531857,1.937310170085E-16
    ));
#6672 = ADVANCED_FACE('',(#6673),#6692,.F.);
#6673 = FACE_BOUND('',#6674,.F.);
#6674 = EDGE_LOOP('',(#6675,#6676,#6677,#6685));
#6675 = ORIENTED_EDGE('',*,*,#6653,.T.);
#6676 = ORIENTED_EDGE('',*,*,#2448,.T.);
#6677 = ORIENTED_EDGE('',*,*,#6678,.F.);
#6678 = EDGE_CURVE('',#6679,#2440,#6681,.T.);
#6679 = VERTEX_POINT('',#6680);
#6680 = CARTESIAN_POINT('',(-9.79091874144,-19.17802425009,-1.));
#6681 = LINE('',#6682,#6683);
#6682 = CARTESIAN_POINT('',(-9.79091874144,-19.17802425009,-1.));
#6683 = VECTOR('',#6684,1.);
#6684 = DIRECTION('',(0.,-2.2E-16,-1.));
#6685 = ORIENTED_EDGE('',*,*,#6686,.F.);
#6686 = EDGE_CURVE('',#6654,#6679,#6687,.T.);
#6687 = CIRCLE('',#6688,1.469292842572);
#6688 = AXIS2_PLACEMENT_3D('',#6689,#6690,#6691);
#6689 = CARTESIAN_POINT('',(-11.26021154845,-19.17770100279,-1.));
#6690 = DIRECTION('',(-0.,0.,1.));
#6691 = DIRECTION('',(0.967415184212,-0.253195302791,0.));
#6692 = CYLINDRICAL_SURFACE('',#6693,1.469292842572);
#6693 = AXIS2_PLACEMENT_3D('',#6694,#6695,#6696);
#6694 = CARTESIAN_POINT('',(-11.26021154845,-19.17770100279,-1.));
#6695 = DIRECTION('',(0.,2.2E-16,1.));
#6696 = DIRECTION('',(0.967415184212,-0.253195302791,5.570296661401E-17)
  );
#6697 = ADVANCED_FACE('',(#6698),#6717,.F.);
#6698 = FACE_BOUND('',#6699,.F.);
#6699 = EDGE_LOOP('',(#6700,#6701,#6702,#6710));
#6700 = ORIENTED_EDGE('',*,*,#6678,.T.);
#6701 = ORIENTED_EDGE('',*,*,#2439,.T.);
#6702 = ORIENTED_EDGE('',*,*,#6703,.F.);
#6703 = EDGE_CURVE('',#6704,#2431,#6706,.T.);
#6704 = VERTEX_POINT('',#6705);
#6705 = CARTESIAN_POINT('',(-10.61167851804,-18.73635458055,-1.));
#6706 = LINE('',#6707,#6708);
#6707 = CARTESIAN_POINT('',(-10.61167851804,-18.73635458055,-1.));
#6708 = VECTOR('',#6709,1.);
#6709 = DIRECTION('',(0.,-2.2E-16,-1.));
#6710 = ORIENTED_EDGE('',*,*,#6711,.F.);
#6711 = EDGE_CURVE('',#6679,#6704,#6712,.T.);
#6712 = CIRCLE('',#6713,0.559359353945);
#6713 = AXIS2_PLACEMENT_3D('',#6714,#6715,#6716);
#6714 = CARTESIAN_POINT('',(-10.34789433302,-19.22960988015,-1.));
#6715 = DIRECTION('',(0.,-0.,1.));
#6716 = DIRECTION('',(0.995738406185,9.222270028809E-02,0.));
#6717 = CYLINDRICAL_SURFACE('',#6718,0.559359353945);
#6718 = AXIS2_PLACEMENT_3D('',#6719,#6720,#6721);
#6719 = CARTESIAN_POINT('',(-10.34789433302,-19.22960988015,-1.));
#6720 = DIRECTION('',(0.,2.2E-16,1.));
#6721 = DIRECTION('',(0.995738406185,9.222270028809E-02,
    -2.028899406338E-17));
#6722 = ADVANCED_FACE('',(#6723),#6742,.F.);
#6723 = FACE_BOUND('',#6724,.F.);
#6724 = EDGE_LOOP('',(#6725,#6726,#6727,#6735));
#6725 = ORIENTED_EDGE('',*,*,#6703,.T.);
#6726 = ORIENTED_EDGE('',*,*,#2430,.T.);
#6727 = ORIENTED_EDGE('',*,*,#6728,.F.);
#6728 = EDGE_CURVE('',#6729,#2422,#6731,.T.);
#6729 = VERTEX_POINT('',#6730);
#6730 = CARTESIAN_POINT('',(-10.89550998072,-18.98107665399,-1.));
#6731 = LINE('',#6732,#6733);
#6732 = CARTESIAN_POINT('',(-10.89550998072,-18.98107665399,-1.));
#6733 = VECTOR('',#6734,1.);
#6734 = DIRECTION('',(0.,-2.2E-16,-1.));
#6735 = ORIENTED_EDGE('',*,*,#6736,.F.);
#6736 = EDGE_CURVE('',#6704,#6729,#6737,.T.);
#6737 = CIRCLE('',#6738,1.469292842572);
#6738 = AXIS2_PLACEMENT_3D('',#6739,#6740,#6741);
#6739 = CARTESIAN_POINT('',(-9.801979772244,-19.96240898321,-1.));
#6740 = DIRECTION('',(0.,0.,1.));
#6741 = DIRECTION('',(-0.551080575869,0.834452035111,0.));
#6742 = CYLINDRICAL_SURFACE('',#6743,1.469292842572);
#6743 = AXIS2_PLACEMENT_3D('',#6744,#6745,#6746);
#6744 = CARTESIAN_POINT('',(-9.801979772244,-19.96240898321,-1.));
#6745 = DIRECTION('',(0.,2.2E-16,1.));
#6746 = DIRECTION('',(-0.551080575869,0.834452035111,-1.835794477243E-16
    ));
#6747 = ADVANCED_FACE('',(#6748),#6767,.T.);
#6748 = FACE_BOUND('',#6749,.F.);
#6749 = EDGE_LOOP('',(#6750,#6751,#6752,#6760));
#6750 = ORIENTED_EDGE('',*,*,#6728,.T.);
#6751 = ORIENTED_EDGE('',*,*,#2421,.T.);
#6752 = ORIENTED_EDGE('',*,*,#6753,.F.);
#6753 = EDGE_CURVE('',#6754,#2414,#6756,.T.);
#6754 = VERTEX_POINT('',#6755);
#6755 = CARTESIAN_POINT('',(-11.09867960987,-19.0420856844,-1.));
#6756 = LINE('',#6757,#6758);
#6757 = CARTESIAN_POINT('',(-11.09867960987,-19.0420856844,-1.));
#6758 = VECTOR('',#6759,1.);
#6759 = DIRECTION('',(0.,-2.2E-16,-1.));
#6760 = ORIENTED_EDGE('',*,*,#6761,.F.);
#6761 = EDGE_CURVE('',#6729,#6754,#6762,.T.);
#6762 = CIRCLE('',#6763,0.15);
#6763 = AXIS2_PLACEMENT_3D('',#6764,#6765,#6766);
#6764 = CARTESIAN_POINT('',(-11.0275993105,-18.90999635462,-1.));
#6765 = DIRECTION('',(0.,-0.,-1.));
#6766 = DIRECTION('',(0.880595531857,-0.473868662473,0.));
#6767 = CYLINDRICAL_SURFACE('',#6768,0.15);
#6768 = AXIS2_PLACEMENT_3D('',#6769,#6770,#6771);
#6769 = CARTESIAN_POINT('',(-11.0275993105,-18.90999635462,-1.));
#6770 = DIRECTION('',(0.,2.2E-16,1.));
#6771 = DIRECTION('',(0.880595531857,-0.473868662473,1.042511057441E-16)
  );
#6772 = ADVANCED_FACE('',(#6773),#6791,.F.);
#6773 = FACE_BOUND('',#6774,.F.);
#6774 = EDGE_LOOP('',(#6775,#6776,#6777,#6785));
#6775 = ORIENTED_EDGE('',*,*,#6753,.T.);
#6776 = ORIENTED_EDGE('',*,*,#2413,.T.);
#6777 = ORIENTED_EDGE('',*,*,#6778,.F.);
#6778 = EDGE_CURVE('',#6779,#2405,#6781,.T.);
#6779 = VERTEX_POINT('',#6780);
#6780 = CARTESIAN_POINT('',(-11.50905910897,-18.79689534792,-1.));
#6781 = LINE('',#6782,#6783);
#6782 = CARTESIAN_POINT('',(-11.50905910897,-18.79689534792,-1.));
#6783 = VECTOR('',#6784,1.);
#6784 = DIRECTION('',(0.,-2.2E-16,-1.));
#6785 = ORIENTED_EDGE('',*,*,#6786,.F.);
#6786 = EDGE_CURVE('',#6754,#6779,#6787,.T.);
#6787 = LINE('',#6788,#6789);
#6788 = CARTESIAN_POINT('',(-11.09867960987,-19.0420856844,-1.));
#6789 = VECTOR('',#6790,1.);
#6790 = DIRECTION('',(-0.858448793602,0.512899277406,0.));
#6791 = PLANE('',#6792);
#6792 = AXIS2_PLACEMENT_3D('',#6793,#6794,#6795);
#6793 = CARTESIAN_POINT('',(-11.09867960987,-19.0420856844,-1.));
#6794 = DIRECTION('',(0.512899277406,0.858448793602,-1.9E-16));
#6795 = DIRECTION('',(-0.858448793602,0.512899277406,-1.1E-16));
#6796 = ADVANCED_FACE('',(#6797),#6816,.T.);
#6797 = FACE_BOUND('',#6798,.F.);
#6798 = EDGE_LOOP('',(#6799,#6800,#6801,#6809));
#6799 = ORIENTED_EDGE('',*,*,#6778,.T.);
#6800 = ORIENTED_EDGE('',*,*,#2404,.T.);
#6801 = ORIENTED_EDGE('',*,*,#6802,.F.);
#6802 = EDGE_CURVE('',#6803,#2396,#6805,.T.);
#6803 = VERTEX_POINT('',#6804);
#6804 = CARTESIAN_POINT('',(-11.55161054981,-18.58907481265,-1.));
#6805 = LINE('',#6806,#6807);
#6806 = CARTESIAN_POINT('',(-11.55161054981,-18.58907481265,-1.));
#6807 = VECTOR('',#6808,1.);
#6808 = DIRECTION('',(0.,-2.2E-16,-1.));
#6809 = ORIENTED_EDGE('',*,*,#6810,.F.);
#6810 = EDGE_CURVE('',#6779,#6803,#6811,.T.);
#6811 = CIRCLE('',#6812,0.15);
#6812 = AXIS2_PLACEMENT_3D('',#6813,#6814,#6815);
#6813 = CARTESIAN_POINT('',(-11.42642456175,-18.67170935987,-1.));
#6814 = DIRECTION('',(-0.,0.,-1.));
#6815 = DIRECTION('',(-0.550896981452,-0.834573253721,0.));
#6816 = CYLINDRICAL_SURFACE('',#6817,0.15);
#6817 = AXIS2_PLACEMENT_3D('',#6818,#6819,#6820);
#6818 = CARTESIAN_POINT('',(-11.42642456175,-18.67170935987,-1.));
#6819 = DIRECTION('',(0.,2.2E-16,1.));
#6820 = DIRECTION('',(-0.550896981452,-0.834573253721,1.836061158187E-16
    ));
#6821 = ADVANCED_FACE('',(#6822),#6841,.F.);
#6822 = FACE_BOUND('',#6823,.F.);
#6823 = EDGE_LOOP('',(#6824,#6825,#6826,#6834));
#6824 = ORIENTED_EDGE('',*,*,#6802,.T.);
#6825 = ORIENTED_EDGE('',*,*,#2395,.T.);
#6826 = ORIENTED_EDGE('',*,*,#6827,.F.);
#6827 = EDGE_CURVE('',#6828,#2387,#6830,.T.);
#6828 = VERTEX_POINT('',#6829);
#6829 = CARTESIAN_POINT('',(-11.47060822098,-18.2231679732,-1.));
#6830 = LINE('',#6831,#6832);
#6831 = CARTESIAN_POINT('',(-11.47060822098,-18.2231679732,-1.));
#6832 = VECTOR('',#6833,1.);
#6833 = DIRECTION('',(0.,-2.2E-16,-1.));
#6834 = ORIENTED_EDGE('',*,*,#6835,.F.);
#6835 = EDGE_CURVE('',#6803,#6828,#6836,.T.);
#6836 = CIRCLE('',#6837,1.469292842572);
#6837 = AXIS2_PLACEMENT_3D('',#6838,#6839,#6840);
#6838 = CARTESIAN_POINT('',(-12.93395711145,-18.0911396354,-1.));
#6839 = DIRECTION('',(-0.,0.,1.));
#6840 = DIRECTION('',(0.940824403136,-0.338894441476,0.));
#6841 = CYLINDRICAL_SURFACE('',#6842,1.469292842572);
#6842 = AXIS2_PLACEMENT_3D('',#6843,#6844,#6845);
#6843 = CARTESIAN_POINT('',(-12.93395711145,-18.0911396354,-1.));
#6844 = DIRECTION('',(0.,2.2E-16,1.));
#6845 = DIRECTION('',(0.940824403136,-0.338894441476,7.455677712463E-17)
  );
#6846 = ADVANCED_FACE('',(#6847),#6866,.F.);
#6847 = FACE_BOUND('',#6848,.F.);
#6848 = EDGE_LOOP('',(#6849,#6850,#6851,#6859));
#6849 = ORIENTED_EDGE('',*,*,#6827,.T.);
#6850 = ORIENTED_EDGE('',*,*,#2386,.T.);
#6851 = ORIENTED_EDGE('',*,*,#6852,.F.);
#6852 = EDGE_CURVE('',#6853,#2378,#6855,.T.);
#6853 = VERTEX_POINT('',#6854);
#6854 = CARTESIAN_POINT('',(-12.24847289608,-17.70970399675,-1.));
#6855 = LINE('',#6856,#6857);
#6856 = CARTESIAN_POINT('',(-12.24847289608,-17.70970399675,-1.));
#6857 = VECTOR('',#6858,1.);
#6858 = DIRECTION('',(0.,-2.2E-16,-1.));
#6859 = ORIENTED_EDGE('',*,*,#6860,.F.);
#6860 = EDGE_CURVE('',#6828,#6853,#6861,.T.);
#6861 = CIRCLE('',#6862,0.559359353945);
#6862 = AXIS2_PLACEMENT_3D('',#6863,#6864,#6865);
#6863 = CARTESIAN_POINT('',(-12.0299656928,-18.22461902757,-1.));
#6864 = DIRECTION('',(0.,-0.,1.));
#6865 = DIRECTION('',(0.999996635223,2.59413623074E-03,0.));
#6866 = CYLINDRICAL_SURFACE('',#6867,0.559359353945);
#6867 = AXIS2_PLACEMENT_3D('',#6868,#6869,#6870);
#6868 = CARTESIAN_POINT('',(-12.0299656928,-18.22461902757,-1.));
#6869 = DIRECTION('',(0.,2.2E-16,1.));
#6870 = DIRECTION('',(0.999996635223,2.59413623074E-03,
    -5.707099707629E-19));
#6871 = ADVANCED_FACE('',(#6872),#6891,.F.);
#6872 = FACE_BOUND('',#6873,.F.);
#6873 = EDGE_LOOP('',(#6874,#6875,#6876,#6884));
#6874 = ORIENTED_EDGE('',*,*,#6852,.T.);
#6875 = ORIENTED_EDGE('',*,*,#2377,.T.);
#6876 = ORIENTED_EDGE('',*,*,#6877,.F.);
#6877 = EDGE_CURVE('',#6878,#2369,#6880,.T.);
#6878 = VERTEX_POINT('',#6879);
#6879 = CARTESIAN_POINT('',(-12.55309845427,-17.92799843491,-1.));
#6880 = LINE('',#6881,#6882);
#6881 = CARTESIAN_POINT('',(-12.55309845427,-17.92799843491,-1.));
#6882 = VECTOR('',#6883,1.);
#6883 = DIRECTION('',(0.,-2.2E-16,-1.));
#6884 = ORIENTED_EDGE('',*,*,#6885,.F.);
#6885 = EDGE_CURVE('',#6853,#6878,#6886,.T.);
#6886 = CIRCLE('',#6887,1.469292842572);
#6887 = AXIS2_PLACEMENT_3D('',#6888,#6889,#6890);
#6888 = CARTESIAN_POINT('',(-11.55193642872,-19.00340350083,-1.));
#6889 = DIRECTION('',(0.,0.,1.));
#6890 = DIRECTION('',(-0.474062383745,0.880491258513,0.));
#6891 = CYLINDRICAL_SURFACE('',#6892,1.469292842572);
#6892 = AXIS2_PLACEMENT_3D('',#6893,#6894,#6895);
#6893 = CARTESIAN_POINT('',(-11.55193642872,-19.00340350083,-1.));
#6894 = DIRECTION('',(0.,2.2E-16,1.));
#6895 = DIRECTION('',(-0.474062383745,0.880491258513,-1.937080768729E-16
    ));
#6896 = ADVANCED_FACE('',(#6897),#6916,.T.);
#6897 = FACE_BOUND('',#6898,.F.);
#6898 = EDGE_LOOP('',(#6899,#6900,#6901,#6909));
#6899 = ORIENTED_EDGE('',*,*,#6877,.T.);
#6900 = ORIENTED_EDGE('',*,*,#2368,.T.);
#6901 = ORIENTED_EDGE('',*,*,#6902,.F.);
#6902 = EDGE_CURVE('',#6903,#2361,#6905,.T.);
#6903 = VERTEX_POINT('',#6904);
#6904 = CARTESIAN_POINT('',(-12.76091898955,-17.97054987575,-1.));
#6905 = LINE('',#6906,#6907);
#6906 = CARTESIAN_POINT('',(-12.76091898955,-17.97054987575,-1.));
#6907 = VECTOR('',#6908,1.);
#6908 = DIRECTION('',(0.,-2.2E-16,-1.));
#6909 = ORIENTED_EDGE('',*,*,#6910,.F.);
#6910 = EDGE_CURVE('',#6878,#6903,#6911,.T.);
#6911 = CIRCLE('',#6912,0.15);
#6912 = AXIS2_PLACEMENT_3D('',#6913,#6914,#6915);
#6913 = CARTESIAN_POINT('',(-12.67828444233,-17.84536388769,-1.));
#6914 = DIRECTION('',(0.,-0.,-1.));
#6915 = DIRECTION('',(0.834573253721,-0.550896981452,0.));
#6916 = CYLINDRICAL_SURFACE('',#6917,0.15);
#6917 = AXIS2_PLACEMENT_3D('',#6918,#6919,#6920);
#6918 = CARTESIAN_POINT('',(-12.67828444233,-17.84536388769,-1.));
#6919 = DIRECTION('',(0.,2.2E-16,1.));
#6920 = DIRECTION('',(0.834573253721,-0.550896981452,1.211973359195E-16)
  );
#6921 = ADVANCED_FACE('',(#6922),#6940,.F.);
#6922 = FACE_BOUND('',#6923,.F.);
#6923 = EDGE_LOOP('',(#6924,#6925,#6926,#6934));
#6924 = ORIENTED_EDGE('',*,*,#6902,.T.);
#6925 = ORIENTED_EDGE('',*,*,#2360,.T.);
#6926 = ORIENTED_EDGE('',*,*,#6927,.F.);
#6927 = EDGE_CURVE('',#6928,#2352,#6930,.T.);
#6928 = VERTEX_POINT('',#6929);
#6929 = CARTESIAN_POINT('',(-13.14766772912,-17.68956046879,-1.));
#6930 = LINE('',#6931,#6932);
#6931 = CARTESIAN_POINT('',(-13.14766772912,-17.68956046879,-1.));
#6932 = VECTOR('',#6933,1.);
#6933 = DIRECTION('',(0.,-2.2E-16,-1.));
#6934 = ORIENTED_EDGE('',*,*,#6935,.F.);
#6935 = EDGE_CURVE('',#6903,#6928,#6936,.T.);
#6936 = LINE('',#6937,#6938);
#6937 = CARTESIAN_POINT('',(-12.76091898955,-17.97054987575,-1.));
#6938 = VECTOR('',#6939,1.);
#6939 = DIRECTION('',(-0.809016994375,0.587785252292,0.));
#6940 = PLANE('',#6941);
#6941 = AXIS2_PLACEMENT_3D('',#6942,#6943,#6944);
#6942 = CARTESIAN_POINT('',(-12.76091898955,-17.97054987575,-1.));
#6943 = DIRECTION('',(0.587785252292,0.809016994375,-1.8E-16));
#6944 = DIRECTION('',(-0.809016994375,0.587785252292,-1.3E-16));
#6945 = ADVANCED_FACE('',(#6946),#6965,.T.);
#6946 = FACE_BOUND('',#6947,.F.);
#6947 = EDGE_LOOP('',(#6948,#6949,#6950,#6958));
#6948 = ORIENTED_EDGE('',*,*,#6927,.T.);
#6949 = ORIENTED_EDGE('',*,*,#2351,.T.);
#6950 = ORIENTED_EDGE('',*,*,#6951,.F.);
#6951 = EDGE_CURVE('',#6952,#2343,#6954,.T.);
#6952 = VERTEX_POINT('',#6953);
#6953 = CARTESIAN_POINT('',(-13.17141898121,-17.47876227614,-1.));
#6954 = LINE('',#6955,#6956);
#6955 = CARTESIAN_POINT('',(-13.17141898121,-17.47876227614,-1.));
#6956 = VECTOR('',#6957,1.);
#6957 = DIRECTION('',(0.,-2.2E-16,-1.));
#6958 = ORIENTED_EDGE('',*,*,#6959,.F.);
#6959 = EDGE_CURVE('',#6928,#6952,#6960,.T.);
#6960 = CIRCLE('',#6961,0.15);
#6961 = AXIS2_PLACEMENT_3D('',#6962,#6963,#6964);
#6962 = CARTESIAN_POINT('',(-13.05414425884,-17.57228574642,-1.));
#6963 = DIRECTION('',(-0.,0.,-1.));
#6964 = DIRECTION('',(-0.623489801859,-0.781831482468,0.));
#6965 = CYLINDRICAL_SURFACE('',#6966,0.15);
#6966 = AXIS2_PLACEMENT_3D('',#6967,#6968,#6969);
#6967 = CARTESIAN_POINT('',(-13.05414425884,-17.57228574642,-1.));
#6968 = DIRECTION('',(0.,2.2E-16,1.));
#6969 = DIRECTION('',(-0.623489801859,-0.781831482468,1.72002926143E-16)
  );
#6970 = ADVANCED_FACE('',(#6971),#6990,.F.);
#6971 = FACE_BOUND('',#6972,.F.);
#6972 = EDGE_LOOP('',(#6973,#6974,#6975,#6983));
#6973 = ORIENTED_EDGE('',*,*,#6951,.T.);
#6974 = ORIENTED_EDGE('',*,*,#2342,.T.);
#6975 = ORIENTED_EDGE('',*,*,#6976,.F.);
#6976 = EDGE_CURVE('',#6977,#2334,#6979,.T.);
#6977 = VERTEX_POINT('',#6978);
#6978 = CARTESIAN_POINT('',(-13.05794310773,-17.12158946283,-1.));
#6979 = LINE('',#6980,#6981);
#6980 = CARTESIAN_POINT('',(-13.05794310773,-17.12158946283,-1.));
#6981 = VECTOR('',#6982,1.);
#6982 = DIRECTION('',(0.,-2.2E-16,-1.));
#6983 = ORIENTED_EDGE('',*,*,#6984,.F.);
#6984 = EDGE_CURVE('',#6952,#6977,#6985,.T.);
#6985 = CIRCLE('',#6986,1.469292842573);
#6986 = AXIS2_PLACEMENT_3D('',#6987,#6988,#6989);
#6987 = CARTESIAN_POINT('',(-14.50356605684,-16.85891904908,-1.));
#6988 = DIRECTION('',(-0.,0.,1.));
#6989 = DIRECTION('',(0.906658657162,-0.421865001384,0.));
#6990 = CYLINDRICAL_SURFACE('',#6991,1.469292842573);
#6991 = AXIS2_PLACEMENT_3D('',#6992,#6993,#6994);
#6992 = CARTESIAN_POINT('',(-14.50356605684,-16.85891904908,-1.));
#6993 = DIRECTION('',(0.,2.2E-16,1.));
#6994 = DIRECTION('',(0.906658657162,-0.421865001384,9.281030030452E-17)
  );
#6995 = ADVANCED_FACE('',(#6996),#7015,.F.);
#6996 = FACE_BOUND('',#6997,.F.);
#6997 = EDGE_LOOP('',(#6998,#6999,#7000,#7008));
#6998 = ORIENTED_EDGE('',*,*,#6976,.T.);
#6999 = ORIENTED_EDGE('',*,*,#2333,.T.);
#7000 = ORIENTED_EDGE('',*,*,#7001,.F.);
#7001 = EDGE_CURVE('',#7002,#2325,#7004,.T.);
#7002 = VERTEX_POINT('',#7003);
#7003 = CARTESIAN_POINT('',(-13.78664977235,-16.5404652895,-1.));
#7004 = LINE('',#7005,#7006);
#7005 = CARTESIAN_POINT('',(-13.78664977235,-16.5404652895,-1.));
#7006 = VECTOR('',#7007,1.);
#7007 = DIRECTION('',(0.,-2.2E-16,-1.));
#7008 = ORIENTED_EDGE('',*,*,#7009,.F.);
#7009 = EDGE_CURVE('',#6977,#7002,#7010,.T.);
#7010 = CIRCLE('',#7011,0.559359353945);
#7011 = AXIS2_PLACEMENT_3D('',#7012,#7013,#7014);
#7012 = CARTESIAN_POINT('',(-13.61517884234,-17.07289425848,-1.));
#7013 = DIRECTION('',(-0.,0.,1.));
#7014 = DIRECTION('',(0.996203479343,-8.705531428621E-02,0.));
#7015 = CYLINDRICAL_SURFACE('',#7016,0.559359353945);
#7016 = AXIS2_PLACEMENT_3D('',#7017,#7018,#7019);
#7017 = CARTESIAN_POINT('',(-13.61517884234,-17.07289425848,-1.));
#7018 = DIRECTION('',(0.,2.2E-16,1.));
#7019 = DIRECTION('',(0.996203479343,-8.705531428621E-02,
    1.915216914297E-17));
#7020 = ADVANCED_FACE('',(#7021),#7040,.F.);
#7021 = FACE_BOUND('',#7022,.F.);
#7022 = EDGE_LOOP('',(#7023,#7024,#7025,#7033));
#7023 = ORIENTED_EDGE('',*,*,#7001,.T.);
#7024 = ORIENTED_EDGE('',*,*,#2324,.T.);
#7025 = ORIENTED_EDGE('',*,*,#7026,.F.);
#7026 = EDGE_CURVE('',#7027,#2316,#7029,.T.);
#7027 = VERTEX_POINT('',#7028);
#7028 = CARTESIAN_POINT('',(-14.10961676017,-16.73057451391,-1.));
#7029 = LINE('',#7030,#7031);
#7030 = CARTESIAN_POINT('',(-14.10961676017,-16.73057451391,-1.));
#7031 = VECTOR('',#7032,1.);
#7032 = DIRECTION('',(0.,-2.2E-16,-1.));
#7033 = ORIENTED_EDGE('',*,*,#7034,.F.);
#7034 = EDGE_CURVE('',#7002,#7027,#7035,.T.);
#7035 = CIRCLE('',#7036,1.469292842572);
#7036 = AXIS2_PLACEMENT_3D('',#7037,#7038,#7039);
#7037 = CARTESIAN_POINT('',(-13.2088836855,-17.89139378728,-1.));
#7038 = DIRECTION('',(0.,0.,1.));
#7039 = DIRECTION('',(-0.393227320051,0.919441284023,0.));
#7040 = CYLINDRICAL_SURFACE('',#7041,1.469292842572);
#7041 = AXIS2_PLACEMENT_3D('',#7042,#7043,#7044);
#7042 = CARTESIAN_POINT('',(-13.2088836855,-17.89139378728,-1.));
#7043 = DIRECTION('',(0.,2.2E-16,1.));
#7044 = DIRECTION('',(-0.393227320051,0.919441284023,-2.02277082485E-16)
  );
#7045 = ADVANCED_FACE('',(#7046),#7065,.T.);
#7046 = FACE_BOUND('',#7047,.F.);
#7047 = EDGE_LOOP('',(#7048,#7049,#7050,#7058));
#7048 = ORIENTED_EDGE('',*,*,#7026,.T.);
#7049 = ORIENTED_EDGE('',*,*,#2315,.T.);
#7050 = ORIENTED_EDGE('',*,*,#7051,.F.);
#7051 = EDGE_CURVE('',#7052,#2308,#7054,.T.);
#7052 = VERTEX_POINT('',#7053);
#7053 = CARTESIAN_POINT('',(-14.32041495282,-16.75432576601,-1.));
#7054 = LINE('',#7055,#7056);
#7055 = CARTESIAN_POINT('',(-14.32041495282,-16.75432576601,-1.));
#7056 = VECTOR('',#7057,1.);
#7057 = DIRECTION('',(0.,-2.2E-16,-1.));
#7058 = ORIENTED_EDGE('',*,*,#7059,.F.);
#7059 = EDGE_CURVE('',#7027,#7052,#7060,.T.);
#7060 = CIRCLE('',#7061,0.15);
#7061 = AXIS2_PLACEMENT_3D('',#7062,#7063,#7064);
#7062 = CARTESIAN_POINT('',(-14.22689148254,-16.63705104364,-1.));
#7063 = DIRECTION('',(0.,-0.,-1.));
#7064 = DIRECTION('',(0.781831482468,-0.623489801859,0.));
#7065 = CYLINDRICAL_SURFACE('',#7066,0.15);
#7066 = AXIS2_PLACEMENT_3D('',#7067,#7068,#7069);
#7067 = CARTESIAN_POINT('',(-14.22689148254,-16.63705104364,-1.));
#7068 = DIRECTION('',(0.,2.2E-16,1.));
#7069 = DIRECTION('',(0.781831482468,-0.623489801859,1.371677564089E-16)
  );
#7070 = ADVANCED_FACE('',(#7071),#7089,.F.);
#7071 = FACE_BOUND('',#7072,.F.);
#7072 = EDGE_LOOP('',(#7073,#7074,#7075,#7083));
#7073 = ORIENTED_EDGE('',*,*,#7051,.T.);
#7074 = ORIENTED_EDGE('',*,*,#2307,.T.);
#7075 = ORIENTED_EDGE('',*,*,#7076,.F.);
#7076 = EDGE_CURVE('',#7077,#2299,#7079,.T.);
#7077 = VERTEX_POINT('',#7078);
#7078 = CARTESIAN_POINT('',(-14.68041905942,-16.43979965006,-1.));
#7079 = LINE('',#7080,#7081);
#7080 = CARTESIAN_POINT('',(-14.68041905942,-16.43979965006,-1.));
#7081 = VECTOR('',#7082,1.);
#7082 = DIRECTION('',(0.,-2.2E-16,-1.));
#7083 = ORIENTED_EDGE('',*,*,#7084,.F.);
#7084 = EDGE_CURVE('',#7052,#7077,#7085,.T.);
#7085 = LINE('',#7086,#7087);
#7086 = CARTESIAN_POINT('',(-14.32041495282,-16.75432576601,-1.));
#7087 = VECTOR('',#7088,1.);
#7088 = DIRECTION('',(-0.753071466004,0.65793872594,0.));
#7089 = PLANE('',#7090);
#7090 = AXIS2_PLACEMENT_3D('',#7091,#7092,#7093);
#7091 = CARTESIAN_POINT('',(-14.32041495282,-16.75432576601,-1.));
#7092 = DIRECTION('',(0.65793872594,0.753071466004,-1.7E-16));
#7093 = DIRECTION('',(-0.753071466004,0.65793872594,-1.5E-16));
#7094 = ADVANCED_FACE('',(#7095),#7114,.T.);
#7095 = FACE_BOUND('',#7096,.F.);
#7096 = EDGE_LOOP('',(#7097,#7098,#7099,#7107));
#7097 = ORIENTED_EDGE('',*,*,#7076,.T.);
#7098 = ORIENTED_EDGE('',*,*,#2298,.T.);
#7099 = ORIENTED_EDGE('',*,*,#7100,.F.);
#7100 = EDGE_CURVE('',#7101,#2290,#7103,.T.);
#7101 = VERTEX_POINT('',#7102);
#7102 = CARTESIAN_POINT('',(-14.68517889165,-16.22772102314,-1.));
#7103 = LINE('',#7104,#7105);
#7104 = CARTESIAN_POINT('',(-14.68517889165,-16.22772102314,-1.));
#7105 = VECTOR('',#7106,1.);
#7106 = DIRECTION('',(0.,-2.2E-16,-1.));
#7107 = ORIENTED_EDGE('',*,*,#7108,.F.);
#7108 = EDGE_CURVE('',#7077,#7101,#7109,.T.);
#7109 = CIRCLE('',#7110,0.15);
#7110 = AXIS2_PLACEMENT_3D('',#7111,#7112,#7113);
#7111 = CARTESIAN_POINT('',(-14.57675966208,-16.33138042049,-1.));
#7112 = DIRECTION('',(-0.,0.,-1.));
#7113 = DIRECTION('',(-0.691062648987,-0.722794863827,0.));
#7114 = CYLINDRICAL_SURFACE('',#7115,0.15);
#7115 = AXIS2_PLACEMENT_3D('',#7116,#7117,#7118);
#7116 = CARTESIAN_POINT('',(-14.57675966208,-16.33138042049,-1.));
#7117 = DIRECTION('',(0.,2.2E-16,1.));
#7118 = DIRECTION('',(-0.691062648987,-0.722794863827,1.59014870042E-16)
  );
#7119 = ADVANCED_FACE('',(#7120),#7139,.F.);
#7120 = FACE_BOUND('',#7121,.F.);
#7121 = EDGE_LOOP('',(#7122,#7123,#7124,#7132));
#7122 = ORIENTED_EDGE('',*,*,#7100,.T.);
#7123 = ORIENTED_EDGE('',*,*,#2289,.T.);
#7124 = ORIENTED_EDGE('',*,*,#7125,.F.);
#7125 = EDGE_CURVE('',#7126,#2281,#7128,.T.);
#7126 = VERTEX_POINT('',#7127);
#7127 = CARTESIAN_POINT('',(-14.54014311453,-15.88215798144,-1.));
#7128 = LINE('',#7129,#7130);
#7129 = CARTESIAN_POINT('',(-14.54014311453,-15.88215798144,-1.));
#7130 = VECTOR('',#7131,1.);
#7131 = DIRECTION('',(0.,-2.2E-16,-1.));
#7132 = ORIENTED_EDGE('',*,*,#7133,.F.);
#7133 = EDGE_CURVE('',#7101,#7126,#7134,.T.);
#7134 = CIRCLE('',#7135,1.469292842572);
#7135 = AXIS2_PLACEMENT_3D('',#7136,#7137,#7138);
#7136 = CARTESIAN_POINT('',(-15.95640081629,-15.49096035946,-1.));
#7137 = DIRECTION('',(-0.,0.,1.));
#7138 = DIRECTION('',(0.865193028787,-0.501438952354,0.));
#7139 = CYLINDRICAL_SURFACE('',#7140,1.469292842572);
#7140 = AXIS2_PLACEMENT_3D('',#7141,#7142,#7143);
#7141 = CARTESIAN_POINT('',(-15.95640081629,-15.49096035946,-1.));
#7142 = DIRECTION('',(0.,2.2E-16,1.));
#7143 = DIRECTION('',(0.865193028787,-0.501438952354,1.103165695179E-16)
  );
#7144 = ADVANCED_FACE('',(#7145),#7164,.F.);
#7145 = FACE_BOUND('',#7146,.F.);
#7146 = EDGE_LOOP('',(#7147,#7148,#7149,#7157));
#7147 = ORIENTED_EDGE('',*,*,#7125,.T.);
#7148 = ORIENTED_EDGE('',*,*,#2280,.T.);
#7149 = ORIENTED_EDGE('',*,*,#7150,.F.);
#7150 = EDGE_CURVE('',#7151,#2272,#7153,.T.);
#7151 = VERTEX_POINT('',#7152);
#7152 = CARTESIAN_POINT('',(-15.21382465107,-15.23805248137,-1.));
#7153 = LINE('',#7154,#7155);
#7154 = CARTESIAN_POINT('',(-15.21382465107,-15.23805248137,-1.));
#7155 = VECTOR('',#7156,1.);
#7156 = DIRECTION('',(0.,-2.2E-16,-1.));
#7157 = ORIENTED_EDGE('',*,*,#7158,.F.);
#7158 = EDGE_CURVE('',#7126,#7151,#7159,.T.);
#7159 = CIRCLE('',#7160,0.559359353945);
#7160 = AXIS2_PLACEMENT_3D('',#7161,#7162,#7163);
#7161 = CARTESIAN_POINT('',(-15.09077057743,-15.78370858352,-1.));
#7162 = DIRECTION('',(-0.,0.,1.));
#7163 = DIRECTION('',(0.984389478805,-0.1760038466,0.));
#7164 = CYLINDRICAL_SURFACE('',#7165,0.559359353945);
#7165 = AXIS2_PLACEMENT_3D('',#7166,#7167,#7168);
#7166 = CARTESIAN_POINT('',(-15.09077057743,-15.78370858352,-1.));
#7167 = DIRECTION('',(0.,2.2E-16,1.));
#7168 = DIRECTION('',(0.984389478805,-0.1760038466,3.872084625205E-17));
#7169 = ADVANCED_FACE('',(#7170),#7189,.F.);
#7170 = FACE_BOUND('',#7171,.F.);
#7171 = EDGE_LOOP('',(#7172,#7173,#7174,#7182));
#7172 = ORIENTED_EDGE('',*,*,#7150,.T.);
#7173 = ORIENTED_EDGE('',*,*,#2271,.T.);
#7174 = ORIENTED_EDGE('',*,*,#7175,.F.);
#7175 = EDGE_CURVE('',#7176,#2263,#7178,.T.);
#7176 = VERTEX_POINT('',#7177);
#7177 = CARTESIAN_POINT('',(-15.55253272824,-15.39844584436,-1.));
#7178 = LINE('',#7179,#7180);
#7179 = CARTESIAN_POINT('',(-15.55253272824,-15.39844584436,-1.));
#7180 = VECTOR('',#7181,1.);
#7181 = DIRECTION('',(0.,-2.2E-16,-1.));
#7182 = ORIENTED_EDGE('',*,*,#7183,.F.);
#7183 = EDGE_CURVE('',#7151,#7176,#7184,.T.);
#7184 = CIRCLE('',#7185,1.469292842572);
#7185 = AXIS2_PLACEMENT_3D('',#7186,#7187,#7188);
#7186 = CARTESIAN_POINT('',(-14.75948077754,-16.63533309092,-1.));
#7187 = DIRECTION('',(0.,0.,1.));
#7188 = DIRECTION('',(-0.309226221191,0.950988508936,0.));
#7189 = CYLINDRICAL_SURFACE('',#7190,1.469292842572);
#7190 = AXIS2_PLACEMENT_3D('',#7191,#7192,#7193);
#7191 = CARTESIAN_POINT('',(-14.75948077754,-16.63533309092,-1.));
#7192 = DIRECTION('',(0.,2.2E-16,1.));
#7193 = DIRECTION('',(-0.309226221191,0.950988508936,-2.092174719659E-16
    ));
#7194 = ADVANCED_FACE('',(#7195),#7214,.T.);
#7195 = FACE_BOUND('',#7196,.F.);
#7196 = EDGE_LOOP('',(#7197,#7198,#7199,#7207));
#7197 = ORIENTED_EDGE('',*,*,#7175,.T.);
#7198 = ORIENTED_EDGE('',*,*,#2262,.T.);
#7199 = ORIENTED_EDGE('',*,*,#7200,.F.);
#7200 = EDGE_CURVE('',#7201,#2255,#7203,.T.);
#7201 = VERTEX_POINT('',#7202);
#7202 = CARTESIAN_POINT('',(-15.76461135516,-15.40320567658,-1.));
#7203 = LINE('',#7204,#7205);
#7204 = CARTESIAN_POINT('',(-15.76461135516,-15.40320567658,-1.));
#7205 = VECTOR('',#7206,1.);
#7206 = DIRECTION('',(0.,-2.2E-16,-1.));
#7207 = ORIENTED_EDGE('',*,*,#7208,.F.);
#7208 = EDGE_CURVE('',#7176,#7201,#7209,.T.);
#7209 = CIRCLE('',#7210,0.15);
#7210 = AXIS2_PLACEMENT_3D('',#7211,#7212,#7213);
#7211 = CARTESIAN_POINT('',(-15.66095195782,-15.29478644701,-1.));
#7212 = DIRECTION('',(0.,-0.,-1.));
#7213 = DIRECTION('',(0.722794863827,-0.691062648987,0.));
#7214 = CYLINDRICAL_SURFACE('',#7215,0.15);
#7215 = AXIS2_PLACEMENT_3D('',#7216,#7217,#7218);
#7216 = CARTESIAN_POINT('',(-15.66095195782,-15.29478644701,-1.));
#7217 = DIRECTION('',(0.,2.2E-16,1.));
#7218 = DIRECTION('',(0.722794863827,-0.691062648987,1.520337827771E-16)
  );
#7219 = ADVANCED_FACE('',(#7220),#7238,.F.);
#7220 = FACE_BOUND('',#7221,.F.);
#7221 = EDGE_LOOP('',(#7222,#7223,#7224,#7232));
#7222 = ORIENTED_EDGE('',*,*,#7200,.T.);
#7223 = ORIENTED_EDGE('',*,*,#2254,.T.);
#7224 = ORIENTED_EDGE('',*,*,#7225,.F.);
#7225 = EDGE_CURVE('',#7226,#2246,#7228,.T.);
#7226 = VERTEX_POINT('',#7227);
#7227 = CARTESIAN_POINT('',(-16.09497228741,-15.05767523099,-1.));
#7228 = LINE('',#7229,#7230);
#7229 = CARTESIAN_POINT('',(-16.09497228741,-15.05767523099,-1.));
#7230 = VECTOR('',#7231,1.);
#7231 = DIRECTION('',(0.,-2.2E-16,-1.));
#7232 = ORIENTED_EDGE('',*,*,#7233,.F.);
#7233 = EDGE_CURVE('',#7201,#7226,#7234,.T.);
#7234 = LINE('',#7235,#7236);
#7235 = CARTESIAN_POINT('',(-15.76461135516,-15.40320567658,-1.));
#7236 = VECTOR('',#7237,1.);
#7237 = DIRECTION('',(-0.691062648987,0.722794863827,0.));
#7238 = PLANE('',#7239);
#7239 = AXIS2_PLACEMENT_3D('',#7240,#7241,#7242);
#7240 = CARTESIAN_POINT('',(-15.76461135516,-15.40320567658,-1.));
#7241 = DIRECTION('',(0.722794863827,0.691062648987,-1.5E-16));
#7242 = DIRECTION('',(-0.691062648987,0.722794863827,-1.6E-16));
#7243 = ADVANCED_FACE('',(#7244),#7263,.T.);
#7244 = FACE_BOUND('',#7245,.F.);
#7245 = EDGE_LOOP('',(#7246,#7247,#7248,#7256));
#7246 = ORIENTED_EDGE('',*,*,#7225,.T.);
#7247 = ORIENTED_EDGE('',*,*,#2245,.T.);
#7248 = ORIENTED_EDGE('',*,*,#7249,.F.);
#7249 = EDGE_CURVE('',#7250,#2237,#7252,.T.);
#7250 = VERTEX_POINT('',#7251);
#7251 = CARTESIAN_POINT('',(-16.0807023764,-14.8460237022,-1.));
#7252 = LINE('',#7253,#7254);
#7253 = CARTESIAN_POINT('',(-16.0807023764,-14.8460237022,-1.));
#7254 = VECTOR('',#7255,1.);
#7255 = DIRECTION('',(0.,-2.2E-16,-1.));
#7256 = ORIENTED_EDGE('',*,*,#7257,.F.);
#7257 = EDGE_CURVE('',#7226,#7250,#7258,.T.);
#7258 = CIRCLE('',#7259,0.15);
#7259 = AXIS2_PLACEMENT_3D('',#7260,#7261,#7262);
#7260 = CARTESIAN_POINT('',(-15.98201156751,-14.9589844221,-1.));
#7261 = DIRECTION('',(-0.,0.,-1.));
#7262 = DIRECTION('',(-0.753071466004,-0.65793872594,0.));
#7263 = CYLINDRICAL_SURFACE('',#7264,0.15);
#7264 = AXIS2_PLACEMENT_3D('',#7265,#7266,#7267);
#7265 = CARTESIAN_POINT('',(-15.98201156751,-14.9589844221,-1.));
#7266 = DIRECTION('',(0.,2.2E-16,1.));
#7267 = DIRECTION('',(-0.753071466004,-0.65793872594,1.447465197067E-16)
  );
#7268 = ADVANCED_FACE('',(#7269),#7288,.F.);
#7269 = FACE_BOUND('',#7270,.F.);
#7270 = EDGE_LOOP('',(#7271,#7272,#7273,#7281));
#7271 = ORIENTED_EDGE('',*,*,#7249,.T.);
#7272 = ORIENTED_EDGE('',*,*,#2236,.T.);
#7273 = ORIENTED_EDGE('',*,*,#7274,.F.);
#7274 = EDGE_CURVE('',#7275,#2228,#7277,.T.);
#7275 = VERTEX_POINT('',#7276);
#7276 = CARTESIAN_POINT('',(-15.90527443844,-14.51485270254,-1.));
#7277 = LINE('',#7278,#7279);
#7278 = CARTESIAN_POINT('',(-15.90527443844,-14.51485270254,-1.));
#7279 = VECTOR('',#7280,1.);
#7280 = DIRECTION('',(0.,-2.2E-16,-1.));
#7281 = ORIENTED_EDGE('',*,*,#7282,.F.);
#7282 = EDGE_CURVE('',#7250,#7275,#7283,.T.);
#7283 = CIRCLE('',#7284,1.469292842572);
#7284 = AXIS2_PLACEMENT_3D('',#7285,#7286,#7287);
#7285 = CARTESIAN_POINT('',(-17.28076401858,-13.99827756556,-1.));
#7286 = DIRECTION('',(-0.,0.,1.));
#7287 = DIRECTION('',(0.81676137487,-0.576975611721,0.));
#7288 = CYLINDRICAL_SURFACE('',#7289,1.469292842572);
#7289 = AXIS2_PLACEMENT_3D('',#7290,#7291,#7292);
#7290 = CARTESIAN_POINT('',(-17.28076401858,-13.99827756556,-1.));
#7291 = DIRECTION('',(0.,2.2E-16,1.));
#7292 = DIRECTION('',(0.81676137487,-0.576975611721,1.269346345787E-16)
  );
#7293 = ADVANCED_FACE('',(#7294),#7313,.F.);
#7294 = FACE_BOUND('',#7295,.F.);
#7295 = EDGE_LOOP('',(#7296,#7297,#7298,#7306));
#7296 = ORIENTED_EDGE('',*,*,#7274,.T.);
#7297 = ORIENTED_EDGE('',*,*,#2227,.T.);
#7298 = ORIENTED_EDGE('',*,*,#7299,.F.);
#7299 = EDGE_CURVE('',#7300,#2219,#7302,.T.);
#7300 = VERTEX_POINT('',#7301);
#7301 = CARTESIAN_POINT('',(-16.51850675928,-13.8129518345,-1.));
#7302 = LINE('',#7303,#7304);
#7303 = CARTESIAN_POINT('',(-16.51850675928,-13.8129518345,-1.));
#7304 = VECTOR('',#7305,1.);
#7305 = DIRECTION('',(0.,-2.2E-16,-1.));
#7306 = ORIENTED_EDGE('',*,*,#7307,.F.);
#7307 = EDGE_CURVE('',#7275,#7300,#7308,.T.);
#7308 = CIRCLE('',#7309,0.559359353945);
#7309 = AXIS2_PLACEMENT_3D('',#7310,#7311,#7312);
#7310 = CARTESIAN_POINT('',(-16.44486030106,-14.36744176771,-1.));
#7311 = DIRECTION('',(-0.,0.,1.));
#7312 = DIRECTION('',(0.964649752996,-0.26353529943,0.));
#7313 = CYLINDRICAL_SURFACE('',#7314,0.559359353945);
#7314 = AXIS2_PLACEMENT_3D('',#7315,#7316,#7317);
#7315 = CARTESIAN_POINT('',(-16.44486030106,-14.36744176771,-1.));
#7316 = DIRECTION('',(0.,2.2E-16,1.));
#7317 = DIRECTION('',(0.964649752996,-0.26353529943,5.79777658746E-17));
#7318 = ADVANCED_FACE('',(#7319),#7338,.F.);
#7319 = FACE_BOUND('',#7320,.F.);
#7320 = EDGE_LOOP('',(#7321,#7322,#7323,#7331));
#7321 = ORIENTED_EDGE('',*,*,#7299,.T.);
#7322 = ORIENTED_EDGE('',*,*,#2218,.T.);
#7323 = ORIENTED_EDGE('',*,*,#7324,.F.);
#7324 = EDGE_CURVE('',#7325,#2210,#7327,.T.);
#7325 = VERTEX_POINT('',#7326);
#7326 = CARTESIAN_POINT('',(-16.87022884752,-13.942337943,-1.));
#7327 = LINE('',#7328,#7329);
#7328 = CARTESIAN_POINT('',(-16.87022884752,-13.942337943,-1.));
#7329 = VECTOR('',#7330,1.);
#7330 = DIRECTION('',(0.,-2.2E-16,-1.));
#7331 = ORIENTED_EDGE('',*,*,#7332,.F.);
#7332 = EDGE_CURVE('',#7300,#7325,#7333,.T.);
#7333 = CIRCLE('',#7334,1.469292842572);
#7334 = AXIS2_PLACEMENT_3D('',#7335,#7336,#7337);
#7335 = CARTESIAN_POINT('',(-16.19124320879,-15.24533447393,-1.));
#7336 = DIRECTION('',(0.,0.,1.));
#7337 = DIRECTION('',(-0.222735414619,0.974878933547,0.));
#7338 = CYLINDRICAL_SURFACE('',#7339,1.469292842572);
#7339 = AXIS2_PLACEMENT_3D('',#7340,#7341,#7342);
#7340 = CARTESIAN_POINT('',(-16.19124320879,-15.24533447393,-1.));
#7341 = DIRECTION('',(0.,2.2E-16,1.));
#7342 = DIRECTION('',(-0.222735414619,0.974878933547,-2.144733653804E-16
    ));
#7343 = ADVANCED_FACE('',(#7344),#7363,.T.);
#7344 = FACE_BOUND('',#7345,.F.);
#7345 = EDGE_LOOP('',(#7346,#7347,#7348,#7356));
#7346 = ORIENTED_EDGE('',*,*,#7324,.T.);
#7347 = ORIENTED_EDGE('',*,*,#2209,.T.);
#7348 = ORIENTED_EDGE('',*,*,#7349,.F.);
#7349 = EDGE_CURVE('',#7350,#2202,#7352,.T.);
#7350 = VERTEX_POINT('',#7351);
#7351 = CARTESIAN_POINT('',(-17.08188037632,-13.92806803199,-1.));
#7352 = LINE('',#7353,#7354);
#7353 = CARTESIAN_POINT('',(-17.08188037632,-13.92806803199,-1.));
#7354 = VECTOR('',#7355,1.);
#7355 = DIRECTION('',(0.,-2.2E-16,-1.));
#7356 = ORIENTED_EDGE('',*,*,#7357,.F.);
#7357 = EDGE_CURVE('',#7325,#7350,#7358,.T.);
#7358 = CIRCLE('',#7359,0.15);
#7359 = AXIS2_PLACEMENT_3D('',#7360,#7361,#7362);
#7360 = CARTESIAN_POINT('',(-16.96891965642,-13.8293772231,-1.));
#7361 = DIRECTION('',(0.,-0.,-1.));
#7362 = DIRECTION('',(0.65793872594,-0.753071466004,0.));
#7363 = CYLINDRICAL_SURFACE('',#7364,0.15);
#7364 = AXIS2_PLACEMENT_3D('',#7365,#7366,#7367);
#7365 = CARTESIAN_POINT('',(-16.96891965642,-13.8293772231,-1.));
#7366 = DIRECTION('',(0.,2.2E-16,1.));
#7367 = DIRECTION('',(0.65793872594,-0.753071466004,1.656757225208E-16)
  );
#7368 = ADVANCED_FACE('',(#7369),#7387,.F.);
#7369 = FACE_BOUND('',#7370,.F.);
#7370 = EDGE_LOOP('',(#7371,#7372,#7373,#7381));
#7371 = ORIENTED_EDGE('',*,*,#7349,.T.);
#7372 = ORIENTED_EDGE('',*,*,#2201,.T.);
#7373 = ORIENTED_EDGE('',*,*,#7374,.F.);
#7374 = EDGE_CURVE('',#7375,#2193,#7377,.T.);
#7375 = VERTEX_POINT('',#7376);
#7376 = CARTESIAN_POINT('',(-17.37993826222,-13.55431526474,-1.));
#7377 = LINE('',#7378,#7379);
#7378 = CARTESIAN_POINT('',(-17.37993826222,-13.55431526474,-1.));
#7379 = VECTOR('',#7380,1.);
#7380 = DIRECTION('',(0.,-2.2E-16,-1.));
#7381 = ORIENTED_EDGE('',*,*,#7382,.F.);
#7382 = EDGE_CURVE('',#7350,#7375,#7383,.T.);
#7383 = LINE('',#7384,#7385);
#7384 = CARTESIAN_POINT('',(-17.08188037632,-13.92806803199,-1.));
#7385 = VECTOR('',#7386,1.);
#7386 = DIRECTION('',(-0.623489801859,0.781831482468,0.));
#7387 = PLANE('',#7388);
#7388 = AXIS2_PLACEMENT_3D('',#7389,#7390,#7391);
#7389 = CARTESIAN_POINT('',(-17.08188037632,-13.92806803199,-1.));
#7390 = DIRECTION('',(0.781831482468,0.623489801859,-1.4E-16));
#7391 = DIRECTION('',(-0.623489801859,0.781831482468,-1.7E-16));
#7392 = ADVANCED_FACE('',(#7393),#7412,.T.);
#7393 = FACE_BOUND('',#7394,.F.);
#7394 = EDGE_LOOP('',(#7395,#7396,#7397,#7405));
#7395 = ORIENTED_EDGE('',*,*,#7374,.T.);
#7396 = ORIENTED_EDGE('',*,*,#2192,.T.);
#7397 = ORIENTED_EDGE('',*,*,#7398,.F.);
#7398 = EDGE_CURVE('',#7399,#2184,#7401,.T.);
#7399 = VERTEX_POINT('',#7400);
#7400 = CARTESIAN_POINT('',(-17.34675350091,-13.34479492774,-1.));
#7401 = LINE('',#7402,#7403);
#7402 = CARTESIAN_POINT('',(-17.34675350091,-13.34479492774,-1.));
#7403 = VECTOR('',#7404,1.);
#7404 = DIRECTION('',(0.,-2.2E-16,-1.));
#7405 = ORIENTED_EDGE('',*,*,#7406,.F.);
#7406 = EDGE_CURVE('',#7375,#7399,#7407,.T.);
#7407 = CIRCLE('',#7408,0.15);
#7408 = AXIS2_PLACEMENT_3D('',#7409,#7410,#7411);
#7409 = CARTESIAN_POINT('',(-17.25858571307,-13.46614747689,-1.));
#7410 = DIRECTION('',(-0.,0.,-1.));
#7411 = DIRECTION('',(-0.809016994375,-0.587785252292,0.));
#7412 = CYLINDRICAL_SURFACE('',#7413,0.15);
#7413 = AXIS2_PLACEMENT_3D('',#7414,#7415,#7416);
#7414 = CARTESIAN_POINT('',(-17.25858571307,-13.46614747689,-1.));
#7415 = DIRECTION('',(0.,2.2E-16,1.));
#7416 = DIRECTION('',(-0.809016994375,-0.587785252292,1.293127555043E-16
    ));
#7417 = ADVANCED_FACE('',(#7418),#7437,.F.);
#7418 = FACE_BOUND('',#7419,.F.);
#7419 = EDGE_LOOP('',(#7420,#7421,#7422,#7430));
#7420 = ORIENTED_EDGE('',*,*,#7398,.T.);
#7421 = ORIENTED_EDGE('',*,*,#2183,.T.);
#7422 = ORIENTED_EDGE('',*,*,#7423,.F.);
#7423 = EDGE_CURVE('',#7424,#2175,#7426,.T.);
#7424 = VERTEX_POINT('',#7425);
#7425 = CARTESIAN_POINT('',(-17.14234584472,-13.03068236428,-1.));
#7426 = LINE('',#7427,#7428);
#7427 = CARTESIAN_POINT('',(-17.14234584472,-13.03068236428,-1.));
#7428 = VECTOR('',#7429,1.);
#7429 = DIRECTION('',(0.,-2.2E-16,-1.));
#7430 = ORIENTED_EDGE('',*,*,#7431,.F.);
#7431 = EDGE_CURVE('',#7399,#7424,#7432,.T.);
#7432 = CIRCLE('',#7433,1.469292842572);
#7433 = AXIS2_PLACEMENT_3D('',#7434,#7435,#7436);
#7434 = CARTESIAN_POINT('',(-18.46599266992,-12.39288887156,-1.));
#7435 = DIRECTION('',(-0.,0.,1.));
#7436 = DIRECTION('',(0.761753638609,-0.647866802719,0.));
#7437 = CYLINDRICAL_SURFACE('',#7438,1.469292842572);
#7438 = AXIS2_PLACEMENT_3D('',#7439,#7440,#7441);
#7439 = CARTESIAN_POINT('',(-18.46599266992,-12.39288887156,-1.));
#7440 = DIRECTION('',(0.,2.2E-16,1.));
#7441 = DIRECTION('',(0.761753638609,-0.647866802719,1.425306965982E-16)
  );
#7442 = ADVANCED_FACE('',(#7443),#7462,.F.);
#7443 = FACE_BOUND('',#7444,.F.);
#7444 = EDGE_LOOP('',(#7445,#7446,#7447,#7455));
#7445 = ORIENTED_EDGE('',*,*,#7423,.T.);
#7446 = ORIENTED_EDGE('',*,*,#2174,.T.);
#7447 = ORIENTED_EDGE('',*,*,#7448,.F.);
#7448 = EDGE_CURVE('',#7449,#2166,#7451,.T.);
#7449 = VERTEX_POINT('',#7450);
#7450 = CARTESIAN_POINT('',(-17.69019156379,-12.27663742134,-1.));
#7451 = LINE('',#7452,#7453);
#7452 = CARTESIAN_POINT('',(-17.69019156379,-12.27663742134,-1.));
#7453 = VECTOR('',#7454,1.);
#7454 = DIRECTION('',(0.,-2.2E-16,-1.));
#7455 = ORIENTED_EDGE('',*,*,#7456,.F.);
#7456 = EDGE_CURVE('',#7424,#7449,#7457,.T.);
#7457 = CIRCLE('',#7458,0.559359353945);
#7458 = AXIS2_PLACEMENT_3D('',#7459,#7460,#7461);
#7459 = CARTESIAN_POINT('',(-17.66654567896,-12.83549675872,-1.));
#7460 = DIRECTION('',(-0.,0.,1.));
#7461 = DIRECTION('',(0.93714323458,-0.348944920985,0.));
#7462 = CYLINDRICAL_SURFACE('',#7463,0.559359353945);
#7463 = AXIS2_PLACEMENT_3D('',#7464,#7465,#7466);
#7464 = CARTESIAN_POINT('',(-17.66654567896,-12.83549675872,-1.));
#7465 = DIRECTION('',(0.,2.2E-16,1.));
#7466 = DIRECTION('',(0.93714323458,-0.348944920985,7.67678826167E-17));
#7467 = ADVANCED_FACE('',(#7468),#7487,.F.);
#7468 = FACE_BOUND('',#7469,.F.);
#7469 = EDGE_LOOP('',(#7470,#7471,#7472,#7480));
#7470 = ORIENTED_EDGE('',*,*,#7448,.T.);
#7471 = ORIENTED_EDGE('',*,*,#2165,.T.);
#7472 = ORIENTED_EDGE('',*,*,#7473,.F.);
#7473 = EDGE_CURVE('',#7474,#2157,#7476,.T.);
#7474 = VERTEX_POINT('',#7475);
#7475 = CARTESIAN_POINT('',(-18.05209580366,-12.37397453449,-1.));
#7476 = LINE('',#7477,#7478);
#7477 = CARTESIAN_POINT('',(-18.05209580366,-12.37397453449,-1.));
#7478 = VECTOR('',#7479,1.);
#7479 = DIRECTION('',(0.,-2.2E-16,-1.));
#7480 = ORIENTED_EDGE('',*,*,#7481,.F.);
#7481 = EDGE_CURVE('',#7449,#7474,#7482,.T.);
#7482 = CIRCLE('',#7483,1.469292842572);
#7483 = AXIS2_PLACEMENT_3D('',#7484,#7485,#7486);
#7484 = CARTESIAN_POINT('',(-17.49264327003,-13.73258938787,-1.));
#7485 = DIRECTION('',(0.,0.,1.));
#7486 = DIRECTION('',(-0.134451273455,0.990920206205,0.));
#7487 = CYLINDRICAL_SURFACE('',#7488,1.469292842572);
#7488 = AXIS2_PLACEMENT_3D('',#7489,#7490,#7491);
#7489 = CARTESIAN_POINT('',(-17.49264327003,-13.73258938787,-1.));
#7490 = DIRECTION('',(0.,2.2E-16,1.));
#7491 = DIRECTION('',(-0.134451273455,0.990920206205,-2.180024453652E-16
    ));
#7492 = ADVANCED_FACE('',(#7493),#7512,.T.);
#7493 = FACE_BOUND('',#7494,.F.);
#7494 = EDGE_LOOP('',(#7495,#7496,#7497,#7505));
#7495 = ORIENTED_EDGE('',*,*,#7473,.T.);
#7496 = ORIENTED_EDGE('',*,*,#2156,.T.);
#7497 = ORIENTED_EDGE('',*,*,#7498,.F.);
#7498 = EDGE_CURVE('',#7499,#2149,#7501,.T.);
#7499 = VERTEX_POINT('',#7500);
#7500 = CARTESIAN_POINT('',(-18.26161614066,-12.34078977317,-1.));
#7501 = LINE('',#7502,#7503);
#7502 = CARTESIAN_POINT('',(-18.26161614066,-12.34078977317,-1.));
#7503 = VECTOR('',#7504,1.);
#7504 = DIRECTION('',(0.,-2.2E-16,-1.));
#7505 = ORIENTED_EDGE('',*,*,#7506,.F.);
#7506 = EDGE_CURVE('',#7474,#7499,#7507,.T.);
#7507 = CIRCLE('',#7508,0.15);
#7508 = AXIS2_PLACEMENT_3D('',#7509,#7510,#7511);
#7509 = CARTESIAN_POINT('',(-18.1402635915,-12.25262198533,-1.));
#7510 = DIRECTION('',(0.,-0.,-1.));
#7511 = DIRECTION('',(0.587785252292,-0.809016994375,0.));
#7512 = CYLINDRICAL_SURFACE('',#7513,0.15);
#7513 = AXIS2_PLACEMENT_3D('',#7514,#7515,#7516);
#7514 = CARTESIAN_POINT('',(-18.1402635915,-12.25262198533,-1.));
#7515 = DIRECTION('',(0.,2.2E-16,1.));
#7516 = DIRECTION('',(0.587785252292,-0.809016994375,1.779837387625E-16)
  );
#7517 = ADVANCED_FACE('',(#7518),#7536,.F.);
#7518 = FACE_BOUND('',#7519,.F.);
#7519 = EDGE_LOOP('',(#7520,#7521,#7522,#7530));
#7520 = ORIENTED_EDGE('',*,*,#7498,.T.);
#7521 = ORIENTED_EDGE('',*,*,#2148,.T.);
#7522 = ORIENTED_EDGE('',*,*,#7523,.F.);
#7523 = EDGE_CURVE('',#7524,#2140,#7526,.T.);
#7524 = VERTEX_POINT('',#7525);
#7525 = CARTESIAN_POINT('',(-18.52497119339,-11.94182392177,-1.));
#7526 = LINE('',#7527,#7528);
#7527 = CARTESIAN_POINT('',(-18.52497119339,-11.94182392177,-1.));
#7528 = VECTOR('',#7529,1.);
#7529 = DIRECTION('',(0.,-2.2E-16,-1.));
#7530 = ORIENTED_EDGE('',*,*,#7531,.F.);
#7531 = EDGE_CURVE('',#7499,#7524,#7532,.T.);
#7532 = LINE('',#7533,#7534);
#7533 = CARTESIAN_POINT('',(-18.26161614066,-12.34078977317,-1.));
#7534 = VECTOR('',#7535,1.);
#7535 = DIRECTION('',(-0.550896981452,0.834573253721,0.));
#7536 = PLANE('',#7537);
#7537 = AXIS2_PLACEMENT_3D('',#7538,#7539,#7540);
#7538 = CARTESIAN_POINT('',(-18.26161614066,-12.34078977317,-1.));
#7539 = DIRECTION('',(0.834573253721,0.550896981452,-1.2E-16));
#7540 = DIRECTION('',(-0.550896981452,0.834573253721,-1.9E-16));
#7541 = ADVANCED_FACE('',(#7542),#7561,.T.);
#7542 = FACE_BOUND('',#7543,.F.);
#7543 = EDGE_LOOP('',(#7544,#7545,#7546,#7554));
#7544 = ORIENTED_EDGE('',*,*,#7523,.T.);
#7545 = ORIENTED_EDGE('',*,*,#2139,.T.);
#7546 = ORIENTED_EDGE('',*,*,#7547,.F.);
#7547 = EDGE_CURVE('',#7548,#2131,#7550,.T.);
#7548 = VERTEX_POINT('',#7549);
#7549 = CARTESIAN_POINT('',(-18.47313876596,-11.73612171112,-1.));
#7550 = LINE('',#7551,#7552);
#7551 = CARTESIAN_POINT('',(-18.47313876596,-11.73612171112,-1.));
#7552 = VECTOR('',#7553,1.);
#7553 = DIRECTION('',(0.,-2.2E-16,-1.));
#7554 = ORIENTED_EDGE('',*,*,#7555,.F.);
#7555 = EDGE_CURVE('',#7524,#7548,#7556,.T.);
#7556 = CIRCLE('',#7557,0.15);
#7557 = AXIS2_PLACEMENT_3D('',#7558,#7559,#7560);
#7558 = CARTESIAN_POINT('',(-18.39620387435,-11.86488903016,-1.));
#7559 = DIRECTION('',(-0.,0.,-1.));
#7560 = DIRECTION('',(-0.858448793602,-0.512899277406,0.));
#7561 = CYLINDRICAL_SURFACE('',#7562,0.15);
#7562 = AXIS2_PLACEMENT_3D('',#7563,#7564,#7565);
#7563 = CARTESIAN_POINT('',(-18.39620387435,-11.86488903016,-1.));
#7564 = DIRECTION('',(0.,2.2E-16,1.));
#7565 = DIRECTION('',(-0.858448793602,-0.512899277406,1.128378410293E-16
    ));
#7566 = ADVANCED_FACE('',(#7567),#7586,.F.);
#7567 = FACE_BOUND('',#7568,.F.);
#7568 = EDGE_LOOP('',(#7569,#7570,#7571,#7579));
#7569 = ORIENTED_EDGE('',*,*,#7547,.T.);
#7570 = ORIENTED_EDGE('',*,*,#2130,.T.);
#7571 = ORIENTED_EDGE('',*,*,#7572,.F.);
#7572 = EDGE_CURVE('',#7573,#2122,#7575,.T.);
#7573 = VERTEX_POINT('',#7574);
#7574 = CARTESIAN_POINT('',(-18.24139716179,-11.44159663354,-1.));
#7575 = LINE('',#7576,#7577);
#7576 = CARTESIAN_POINT('',(-18.24139716179,-11.44159663354,-1.));
#7577 = VECTOR('',#7578,1.);
#7578 = DIRECTION('',(0.,-2.2E-16,-1.));
#7579 = ORIENTED_EDGE('',*,*,#7580,.F.);
#7580 = EDGE_CURVE('',#7548,#7573,#7581,.T.);
#7581 = CIRCLE('',#7582,1.469292842572);
#7582 = AXIS2_PLACEMENT_3D('',#7583,#7584,#7585);
#7583 = CARTESIAN_POINT('',(-19.50254400611,-10.68771992327,-1.));
#7584 = DIRECTION('',(-0.,0.,1.));
#7585 = DIRECTION('',(0.700612709955,-0.713541751161,0.));
#7586 = CYLINDRICAL_SURFACE('',#7587,1.469292842572);
#7587 = AXIS2_PLACEMENT_3D('',#7588,#7589,#7590);
#7588 = CARTESIAN_POINT('',(-19.50254400611,-10.68771992327,-1.));
#7589 = DIRECTION('',(0.,2.2E-16,1.));
#7590 = DIRECTION('',(0.700612709955,-0.713541751161,1.569791852553E-16)
  );
#7591 = ADVANCED_FACE('',(#7592),#7611,.F.);
#7592 = FACE_BOUND('',#7593,.F.);
#7593 = EDGE_LOOP('',(#7594,#7595,#7596,#7604));
#7594 = ORIENTED_EDGE('',*,*,#7572,.T.);
#7595 = ORIENTED_EDGE('',*,*,#2121,.T.);
#7596 = ORIENTED_EDGE('',*,*,#7597,.F.);
#7597 = EDGE_CURVE('',#7598,#2113,#7600,.T.);
#7598 = VERTEX_POINT('',#7599);
#7599 = CARTESIAN_POINT('',(-18.7194453475,-10.6414787422,-1.));
#7600 = LINE('',#7601,#7602);
#7601 = CARTESIAN_POINT('',(-18.7194453475,-10.6414787422,-1.));
#7602 = VECTOR('',#7603,1.);
#7603 = DIRECTION('',(0.,-2.2E-16,-1.));
#7604 = ORIENTED_EDGE('',*,*,#7605,.F.);
#7605 = EDGE_CURVE('',#7573,#7598,#7606,.T.);
#7606 = CIRCLE('',#7607,0.559359353945);
#7607 = AXIS2_PLACEMENT_3D('',#7608,#7609,#7610);
#7608 = CARTESIAN_POINT('',(-18.74599041882,-11.20020787697,-1.));
#7609 = DIRECTION('',(-0.,0.,1.));
#7610 = DIRECTION('',(0.902091389871,-0.431545043213,0.));
#7611 = CYLINDRICAL_SURFACE('',#7612,0.559359353945);
#7612 = AXIS2_PLACEMENT_3D('',#7613,#7614,#7615);
#7613 = CARTESIAN_POINT('',(-18.74599041882,-11.20020787697,-1.));
#7614 = DIRECTION('',(0.,2.2E-16,1.));
#7615 = DIRECTION('',(0.902091389871,-0.431545043213,9.493990950676E-17)
  );
#7616 = ADVANCED_FACE('',(#7617),#7636,.F.);
#7617 = FACE_BOUND('',#7618,.F.);
#7618 = EDGE_LOOP('',(#7619,#7620,#7621,#7629));
#7619 = ORIENTED_EDGE('',*,*,#7597,.T.);
#7620 = ORIENTED_EDGE('',*,*,#2112,.T.);
#7621 = ORIENTED_EDGE('',*,*,#7622,.F.);
#7622 = EDGE_CURVE('',#7623,#2104,#7625,.T.);
#7623 = VERTEX_POINT('',#7624);
#7624 = CARTESIAN_POINT('',(-19.08861789885,-10.7059831588,-1.));
#7625 = LINE('',#7626,#7627);
#7626 = CARTESIAN_POINT('',(-19.08861789885,-10.7059831588,-1.));
#7627 = VECTOR('',#7628,1.);
#7628 = DIRECTION('',(0.,-2.2E-16,-1.));
#7629 = ORIENTED_EDGE('',*,*,#7630,.F.);
#7630 = EDGE_CURVE('',#7598,#7623,#7631,.T.);
#7631 = CIRCLE('',#7632,1.469292842573);
#7632 = AXIS2_PLACEMENT_3D('',#7633,#7634,#7635);
#7633 = CARTESIAN_POINT('',(-18.65320285316,-12.10927756669,-1.));
#7634 = DIRECTION('',(0.,0.,1.));
#7635 = DIRECTION('',(-4.508460969376E-02,0.998983172015,0.));
#7636 = CYLINDRICAL_SURFACE('',#7637,1.469292842573);
#7637 = AXIS2_PLACEMENT_3D('',#7638,#7639,#7640);
#7638 = CARTESIAN_POINT('',(-18.65320285316,-12.10927756669,-1.));
#7639 = DIRECTION('',(0.,2.2E-16,1.));
#7640 = DIRECTION('',(-4.508460969376E-02,0.998983172015,
    -2.197762978433E-16));
#7641 = ADVANCED_FACE('',(#7642),#7661,.T.);
#7642 = FACE_BOUND('',#7643,.F.);
#7643 = EDGE_LOOP('',(#7644,#7645,#7646,#7654));
#7644 = ORIENTED_EDGE('',*,*,#7622,.T.);
#7645 = ORIENTED_EDGE('',*,*,#2103,.T.);
#7646 = ORIENTED_EDGE('',*,*,#7647,.F.);
#7647 = EDGE_CURVE('',#7648,#2096,#7650,.T.);
#7648 = VERTEX_POINT('',#7649);
#7649 = CARTESIAN_POINT('',(-19.2943201095,-10.65415073137,-1.));
#7650 = LINE('',#7651,#7652);
#7651 = CARTESIAN_POINT('',(-19.2943201095,-10.65415073137,-1.));
#7652 = VECTOR('',#7653,1.);
#7653 = DIRECTION('',(0.,-2.2E-16,-1.));
#7654 = ORIENTED_EDGE('',*,*,#7655,.F.);
#7655 = EDGE_CURVE('',#7623,#7648,#7656,.T.);
#7656 = CIRCLE('',#7657,0.15);
#7657 = AXIS2_PLACEMENT_3D('',#7658,#7659,#7660);
#7658 = CARTESIAN_POINT('',(-19.16555279046,-10.57721583976,-1.));
#7659 = DIRECTION('',(0.,-0.,-1.));
#7660 = DIRECTION('',(0.512899277406,-0.858448793602,0.));
#7661 = CYLINDRICAL_SURFACE('',#7662,0.15);
#7662 = AXIS2_PLACEMENT_3D('',#7663,#7664,#7665);
#7663 = CARTESIAN_POINT('',(-19.16555279046,-10.57721583976,-1.));
#7664 = DIRECTION('',(0.,2.2E-16,1.));
#7665 = DIRECTION('',(0.512899277406,-0.858448793602,1.888587345924E-16)
  );
#7666 = ADVANCED_FACE('',(#7667),#7685,.F.);
#7667 = FACE_BOUND('',#7668,.F.);
#7668 = EDGE_LOOP('',(#7669,#7670,#7671,#7679));
#7669 = ORIENTED_EDGE('',*,*,#7647,.T.);
#7670 = ORIENTED_EDGE('',*,*,#2095,.T.);
#7671 = ORIENTED_EDGE('',*,*,#7672,.F.);
#7672 = EDGE_CURVE('',#7673,#2087,#7675,.T.);
#7673 = VERTEX_POINT('',#7674);
#7674 = CARTESIAN_POINT('',(-19.52085194901,-10.23318403427,-1.));
#7675 = LINE('',#7676,#7677);
#7676 = CARTESIAN_POINT('',(-19.52085194901,-10.23318403427,-1.));
#7677 = VECTOR('',#7678,1.);
#7678 = DIRECTION('',(0.,-2.2E-16,-1.));
#7679 = ORIENTED_EDGE('',*,*,#7680,.F.);
#7680 = EDGE_CURVE('',#7648,#7673,#7681,.T.);
#7681 = LINE('',#7682,#7683);
#7682 = CARTESIAN_POINT('',(-19.2943201095,-10.65415073137,-1.));
#7683 = VECTOR('',#7684,1.);
#7684 = DIRECTION('',(-0.473868662473,0.880595531857,0.));
#7685 = PLANE('',#7686);
#7686 = AXIS2_PLACEMENT_3D('',#7687,#7688,#7689);
#7687 = CARTESIAN_POINT('',(-19.2943201095,-10.65415073137,-1.));
#7688 = DIRECTION('',(0.880595531857,0.473868662473,-1.1E-16));
#7689 = DIRECTION('',(-0.473868662473,0.880595531857,-2.E-16));
#7690 = ADVANCED_FACE('',(#7691),#7710,.T.);
#7691 = FACE_BOUND('',#7692,.F.);
#7692 = EDGE_LOOP('',(#7693,#7694,#7695,#7703));
#7693 = ORIENTED_EDGE('',*,*,#7672,.T.);
#7694 = ORIENTED_EDGE('',*,*,#2086,.T.);
#7695 = ORIENTED_EDGE('',*,*,#7696,.F.);
#7696 = EDGE_CURVE('',#7697,#2078,#7699,.T.);
#7697 = VERTEX_POINT('',#7698);
#7698 = CARTESIAN_POINT('',(-19.45078917969,-10.03295614322,-1.));
#7699 = LINE('',#7700,#7701);
#7700 = CARTESIAN_POINT('',(-19.45078917969,-10.03295614322,-1.));
#7701 = VECTOR('',#7702,1.);
#7702 = DIRECTION('',(0.,-2.2E-16,-1.));
#7703 = ORIENTED_EDGE('',*,*,#7704,.F.);
#7704 = EDGE_CURVE('',#7673,#7697,#7705,.T.);
#7705 = CIRCLE('',#7706,0.15);
#7706 = AXIS2_PLACEMENT_3D('',#7707,#7708,#7709);
#7707 = CARTESIAN_POINT('',(-19.38570661883,-10.1681014734,-1.));
#7708 = DIRECTION('',(-0.,0.,-1.));
#7709 = DIRECTION('',(-0.900968867902,-0.433883739118,0.));
#7710 = CYLINDRICAL_SURFACE('',#7711,0.15);
#7711 = AXIS2_PLACEMENT_3D('',#7712,#7713,#7714);
#7712 = CARTESIAN_POINT('',(-19.38570661883,-10.1681014734,-1.));
#7713 = DIRECTION('',(0.,2.2E-16,1.));
#7714 = DIRECTION('',(-0.900968867902,-0.433883739118,9.545442260587E-17
    ));
#7715 = ADVANCED_FACE('',(#7716),#7735,.F.);
#7716 = FACE_BOUND('',#7717,.F.);
#7717 = EDGE_LOOP('',(#7718,#7719,#7720,#7728));
#7718 = ORIENTED_EDGE('',*,*,#7696,.T.);
#7719 = ORIENTED_EDGE('',*,*,#2077,.T.);
#7720 = ORIENTED_EDGE('',*,*,#7721,.F.);
#7721 = EDGE_CURVE('',#7722,#2069,#7724,.T.);
#7722 = VERTEX_POINT('',#7723);
#7723 = CARTESIAN_POINT('',(-19.19357947468,-9.760389894252,-1.));
#7724 = LINE('',#7725,#7726);
#7725 = CARTESIAN_POINT('',(-19.19357947468,-9.760389894252,-1.));
#7726 = VECTOR('',#7727,1.);
#7727 = DIRECTION('',(0.,-2.2E-16,-1.));
#7728 = ORIENTED_EDGE('',*,*,#7729,.F.);
#7729 = EDGE_CURVE('',#7697,#7722,#7730,.T.);
#7730 = CIRCLE('',#7731,1.469292842572);
#7731 = AXIS2_PLACEMENT_3D('',#7732,#7733,#7734);
#7732 = CARTESIAN_POINT('',(-20.38207232527,-8.896499738431,-1.));
#7733 = DIRECTION('',(-0.,0.,1.));
#7734 = DIRECTION('',(0.633830859714,-0.773471680978,0.));
#7735 = CYLINDRICAL_SURFACE('',#7736,1.469292842572);
#7736 = AXIS2_PLACEMENT_3D('',#7737,#7738,#7739);
#7737 = CARTESIAN_POINT('',(-20.38207232527,-8.896499738431,-1.));
#7738 = DIRECTION('',(0.,2.2E-16,1.));
#7739 = DIRECTION('',(0.633830859714,-0.773471680978,1.701637698151E-16)
  );
#7740 = ADVANCED_FACE('',(#7741),#7760,.F.);
#7741 = FACE_BOUND('',#7742,.F.);
#7742 = EDGE_LOOP('',(#7743,#7744,#7745,#7753));
#7743 = ORIENTED_EDGE('',*,*,#7721,.T.);
#7744 = ORIENTED_EDGE('',*,*,#2068,.T.);
#7745 = ORIENTED_EDGE('',*,*,#7746,.F.);
#7746 = EDGE_CURVE('',#7747,#2060,#7749,.T.);
#7747 = VERTEX_POINT('',#7748);
#7748 = CARTESIAN_POINT('',(-19.59798116412,-8.920641133329,-1.));
#7749 = LINE('',#7750,#7751);
#7750 = CARTESIAN_POINT('',(-19.59798116412,-8.920641133329,-1.));
#7751 = VECTOR('',#7752,1.);
#7752 = DIRECTION('',(0.,-2.2E-16,-1.));
#7753 = ORIENTED_EDGE('',*,*,#7754,.F.);
#7754 = EDGE_CURVE('',#7722,#7747,#7755,.T.);
#7755 = CIRCLE('',#7756,0.559359353945);
#7756 = AXIS2_PLACEMENT_3D('',#7757,#7758,#7759);
#7757 = CARTESIAN_POINT('',(-19.6745034663,-9.474741507011,-1.));
#7758 = DIRECTION('',(-0.,0.,1.));
#7759 = DIRECTION('',(0.859776435711,-0.510670618496,0.));
#7760 = CYLINDRICAL_SURFACE('',#7761,0.559359353945);
#7761 = AXIS2_PLACEMENT_3D('',#7762,#7763,#7764);
#7762 = CARTESIAN_POINT('',(-19.6745034663,-9.474741507011,-1.));
#7763 = DIRECTION('',(0.,2.2E-16,1.));
#7764 = DIRECTION('',(0.859776435711,-0.510670618496,1.123475360692E-16)
  );
#7765 = ADVANCED_FACE('',(#7766),#7785,.F.);
#7766 = FACE_BOUND('',#7767,.F.);
#7767 = EDGE_LOOP('',(#7768,#7769,#7770,#7778));
#7768 = ORIENTED_EDGE('',*,*,#7746,.T.);
#7769 = ORIENTED_EDGE('',*,*,#2059,.T.);
#7770 = ORIENTED_EDGE('',*,*,#7771,.F.);
#7771 = EDGE_CURVE('',#7772,#2051,#7774,.T.);
#7772 = VERTEX_POINT('',#7773);
#7773 = CARTESIAN_POINT('',(-19.97144966663,-8.951793501741,-1.));
#7774 = LINE('',#7775,#7776);
#7775 = CARTESIAN_POINT('',(-19.97144966663,-8.951793501741,-1.));
#7776 = VECTOR('',#7777,1.);
#7777 = DIRECTION('',(0.,-2.2E-16,-1.));
#7778 = ORIENTED_EDGE('',*,*,#7779,.F.);
#7779 = EDGE_CURVE('',#7747,#7772,#7780,.T.);
#7780 = CIRCLE('',#7781,1.469292842572);
#7781 = AXIS2_PLACEMENT_3D('',#7782,#7783,#7784);
#7782 = CARTESIAN_POINT('',(-19.66357781483,-10.38846896269,-1.));
#7783 = DIRECTION('',(0.,-0.,1.));
#7784 = DIRECTION('',(4.464504883579E-02,0.999002912716,0.));
#7785 = CYLINDRICAL_SURFACE('',#7786,1.469292842572);
#7786 = AXIS2_PLACEMENT_3D('',#7787,#7788,#7789);
#7787 = CARTESIAN_POINT('',(-19.66357781483,-10.38846896269,-1.));
#7788 = DIRECTION('',(0.,2.2E-16,1.));
#7789 = DIRECTION('',(4.464504883579E-02,0.999002912716,
    -2.197806407975E-16));
#7790 = ADVANCED_FACE('',(#7791),#7810,.T.);
#7791 = FACE_BOUND('',#7792,.F.);
#7792 = EDGE_LOOP('',(#7793,#7794,#7795,#7803));
#7793 = ORIENTED_EDGE('',*,*,#7771,.T.);
#7794 = ORIENTED_EDGE('',*,*,#2050,.T.);
#7795 = ORIENTED_EDGE('',*,*,#7796,.F.);
#7796 = EDGE_CURVE('',#7797,#2043,#7799,.T.);
#7797 = VERTEX_POINT('',#7798);
#7798 = CARTESIAN_POINT('',(-20.17167755769,-8.881730732423,-1.));
#7799 = LINE('',#7800,#7801);
#7800 = CARTESIAN_POINT('',(-20.17167755769,-8.881730732423,-1.));
#7801 = VECTOR('',#7802,1.);
#7802 = DIRECTION('',(0.,-2.2E-16,-1.));
#7803 = ORIENTED_EDGE('',*,*,#7804,.F.);
#7804 = EDGE_CURVE('',#7772,#7797,#7805,.T.);
#7805 = CIRCLE('',#7806,0.15);
#7806 = AXIS2_PLACEMENT_3D('',#7807,#7808,#7809);
#7807 = CARTESIAN_POINT('',(-20.0365322275,-8.816648171555,-1.));
#7808 = DIRECTION('',(0.,-0.,-1.));
#7809 = DIRECTION('',(0.433883739118,-0.900968867902,0.));
#7810 = CYLINDRICAL_SURFACE('',#7811,0.15);
#7811 = AXIS2_PLACEMENT_3D('',#7812,#7813,#7814);
#7812 = CARTESIAN_POINT('',(-20.0365322275,-8.816648171555,-1.));
#7813 = DIRECTION('',(0.,2.2E-16,1.));
#7814 = DIRECTION('',(0.433883739118,-0.900968867902,1.982131509385E-16)
  );
#7815 = ADVANCED_FACE('',(#7816),#7834,.F.);
#7816 = FACE_BOUND('',#7817,.F.);
#7817 = EDGE_LOOP('',(#7818,#7819,#7820,#7828));
#7818 = ORIENTED_EDGE('',*,*,#7796,.T.);
#7819 = ORIENTED_EDGE('',*,*,#2042,.T.);
#7820 = ORIENTED_EDGE('',*,*,#7821,.F.);
#7821 = EDGE_CURVE('',#7822,#2034,#7824,.T.);
#7822 = VERTEX_POINT('',#7823);
#7823 = CARTESIAN_POINT('',(-20.35956228282,-8.442152565946,-1.));
#7824 = LINE('',#7825,#7826);
#7825 = CARTESIAN_POINT('',(-20.35956228282,-8.442152565946,-1.));
#7826 = VECTOR('',#7827,1.);
#7827 = DIRECTION('',(0.,-2.2E-16,-1.));
#7828 = ORIENTED_EDGE('',*,*,#7829,.F.);
#7829 = EDGE_CURVE('',#7797,#7822,#7830,.T.);
#7830 = LINE('',#7831,#7832);
#7831 = CARTESIAN_POINT('',(-20.17167755769,-8.881730732423,-1.));
#7832 = VECTOR('',#7833,1.);
#7833 = DIRECTION('',(-0.393025031654,0.919527772551,0.));
#7834 = PLANE('',#7835);
#7835 = AXIS2_PLACEMENT_3D('',#7836,#7837,#7838);
#7836 = CARTESIAN_POINT('',(-20.17167755769,-8.881730732423,-1.));
#7837 = DIRECTION('',(0.919527772551,0.393025031654,-9.E-17));
#7838 = DIRECTION('',(-0.393025031654,0.919527772551,-2.E-16));
#7839 = ADVANCED_FACE('',(#7840),#7859,.T.);
#7840 = FACE_BOUND('',#7841,.F.);
#7841 = EDGE_LOOP('',(#7842,#7843,#7844,#7852));
#7842 = ORIENTED_EDGE('',*,*,#7821,.T.);
#7843 = ORIENTED_EDGE('',*,*,#2033,.T.);
#7844 = ORIENTED_EDGE('',*,*,#7845,.F.);
#7845 = EDGE_CURVE('',#7846,#2025,#7848,.T.);
#7846 = VERTEX_POINT('',#7847);
#7847 = CARTESIAN_POINT('',(-20.27183327583,-8.249011111738,-1.));
#7848 = LINE('',#7849,#7850);
#7849 = CARTESIAN_POINT('',(-20.27183327583,-8.249011111738,-1.));
#7850 = VECTOR('',#7851,1.);
#7851 = DIRECTION('',(0.,-2.2E-16,-1.));
#7852 = ORIENTED_EDGE('',*,*,#7853,.F.);
#7853 = EDGE_CURVE('',#7822,#7846,#7854,.T.);
#7854 = CIRCLE('',#7855,0.15);
#7855 = AXIS2_PLACEMENT_3D('',#7856,#7857,#7858);
#7856 = CARTESIAN_POINT('',(-20.21912705222,-8.389446342334,-1.));
#7857 = DIRECTION('',(-0.,0.,-1.));
#7858 = DIRECTION('',(-0.93623487064,-0.351374824081,0.));
#7859 = CYLINDRICAL_SURFACE('',#7860,0.15);
#7860 = AXIS2_PLACEMENT_3D('',#7861,#7862,#7863);
#7861 = CARTESIAN_POINT('',(-20.21912705222,-8.389446342334,-1.));
#7862 = DIRECTION('',(0.,2.2E-16,1.));
#7863 = DIRECTION('',(-0.93623487064,-0.351374824081,7.730246129789E-17)
  );
#7864 = ADVANCED_FACE('',(#7865),#7884,.F.);
#7865 = FACE_BOUND('',#7866,.F.);
#7866 = EDGE_LOOP('',(#7867,#7868,#7869,#7877));
#7867 = ORIENTED_EDGE('',*,*,#7845,.T.);
#7868 = ORIENTED_EDGE('',*,*,#2024,.T.);
#7869 = ORIENTED_EDGE('',*,*,#7870,.F.);
#7870 = EDGE_CURVE('',#7871,#2016,#7873,.T.);
#7871 = VERTEX_POINT('',#7872);
#7872 = CARTESIAN_POINT('',(-19.99122637129,-8.000598234552,-1.));
#7873 = LINE('',#7874,#7875);
#7874 = CARTESIAN_POINT('',(-19.99122637129,-8.000598234552,-1.));
#7875 = VECTOR('',#7876,1.);
#7876 = DIRECTION('',(0.,-2.2E-16,-1.));
#7877 = ORIENTED_EDGE('',*,*,#7878,.F.);
#7878 = EDGE_CURVE('',#7846,#7871,#7879,.T.);
#7879 = CIRCLE('',#7880,1.469292842572);
#7880 = AXIS2_PLACEMENT_3D('',#7881,#7882,#7883);
#7881 = CARTESIAN_POINT('',(-21.09749618254,-7.033650168755,-1.));
#7882 = DIRECTION('',(-0.,0.,1.));
#7883 = DIRECTION('',(0.561945776077,-0.827174071613,0.));
#7884 = CYLINDRICAL_SURFACE('',#7885,1.469292842572);
#7885 = AXIS2_PLACEMENT_3D('',#7886,#7887,#7888);
#7886 = CARTESIAN_POINT('',(-21.09749618254,-7.033650168755,-1.));
#7887 = DIRECTION('',(0.,2.2E-16,1.));
#7888 = DIRECTION('',(0.561945776077,-0.827174071613,1.819782957549E-16)
  );
#7889 = ADVANCED_FACE('',(#7890),#7909,.F.);
#7890 = FACE_BOUND('',#7891,.F.);
#7891 = EDGE_LOOP('',(#7892,#7893,#7894,#7902));
#7892 = ORIENTED_EDGE('',*,*,#7870,.T.);
#7893 = ORIENTED_EDGE('',*,*,#2015,.T.);
#7894 = ORIENTED_EDGE('',*,*,#7895,.F.);
#7895 = EDGE_CURVE('',#7896,#2007,#7898,.T.);
#7896 = VERTEX_POINT('',#7897);
#7897 = CARTESIAN_POINT('',(-20.31872555983,-7.127979767298,-1.));
#7898 = LINE('',#7899,#7900);
#7899 = CARTESIAN_POINT('',(-20.31872555983,-7.127979767298,-1.));
#7900 = VECTOR('',#7901,1.);
#7901 = DIRECTION('',(0.,-2.2E-16,-1.));
#7902 = ORIENTED_EDGE('',*,*,#7903,.F.);
#7903 = EDGE_CURVE('',#7871,#7896,#7904,.T.);
#7904 = CIRCLE('',#7905,0.559359353945);
#7905 = AXIS2_PLACEMENT_3D('',#7906,#7907,#7908);
#7906 = CARTESIAN_POINT('',(-20.44460898028,-7.672990089496,-1.));
#7907 = DIRECTION('',(-0.,0.,1.));
#7908 = DIRECTION('',(0.810539067232,-0.58568457423,0.));
#7909 = CYLINDRICAL_SURFACE('',#7910,0.559359353945);
#7910 = AXIS2_PLACEMENT_3D('',#7911,#7912,#7913);
#7911 = CARTESIAN_POINT('',(-20.44460898028,-7.672990089496,-1.));
#7912 = DIRECTION('',(0.,2.2E-16,1.));
#7913 = DIRECTION('',(0.810539067232,-0.58568457423,1.288506063305E-16)
  );
#7914 = ADVANCED_FACE('',(#7915),#7934,.F.);
#7915 = FACE_BOUND('',#7916,.F.);
#7916 = EDGE_LOOP('',(#7917,#7918,#7919,#7927));
#7917 = ORIENTED_EDGE('',*,*,#7895,.T.);
#7918 = ORIENTED_EDGE('',*,*,#2006,.T.);
#7919 = ORIENTED_EDGE('',*,*,#7920,.F.);
#7920 = EDGE_CURVE('',#7921,#1998,#7923,.T.);
#7921 = VERTEX_POINT('',#7922);
#7922 = CARTESIAN_POINT('',(-20.69348306473,-7.12552926697,-1.));
#7923 = LINE('',#7924,#7925);
#7924 = CARTESIAN_POINT('',(-20.69348306473,-7.12552926697,-1.));
#7925 = VECTOR('',#7926,1.);
#7926 = DIRECTION('',(0.,-2.2E-16,-1.));
#7927 = ORIENTED_EDGE('',*,*,#7928,.F.);
#7928 = EDGE_CURVE('',#7896,#7921,#7929,.T.);
#7929 = CIRCLE('',#7930,1.469292842572);
#7930 = AXIS2_PLACEMENT_3D('',#7931,#7932,#7933);
#7931 = CARTESIAN_POINT('',(-20.51563320992,-8.584018514918,-1.));
#7932 = DIRECTION('',(0.,-0.,1.));
#7933 = DIRECTION('',(0.134015251683,0.990979269368,0.));
#7934 = CYLINDRICAL_SURFACE('',#7935,1.469292842572);
#7935 = AXIS2_PLACEMENT_3D('',#7936,#7937,#7938);
#7936 = CARTESIAN_POINT('',(-20.51563320992,-8.584018514918,-1.));
#7937 = DIRECTION('',(0.,2.2E-16,1.));
#7938 = DIRECTION('',(0.134015251683,0.990979269368,-2.180154392609E-16)
  );
#7939 = ADVANCED_FACE('',(#7940),#7959,.T.);
#7940 = FACE_BOUND('',#7941,.F.);
#7941 = EDGE_LOOP('',(#7942,#7943,#7944,#7952));
#7942 = ORIENTED_EDGE('',*,*,#7920,.T.);
#7943 = ORIENTED_EDGE('',*,*,#1997,.T.);
#7944 = ORIENTED_EDGE('',*,*,#7945,.F.);
#7945 = EDGE_CURVE('',#7946,#1990,#7948,.T.);
#7946 = VERTEX_POINT('',#7947);
#7947 = CARTESIAN_POINT('',(-20.88662451894,-7.037800259986,-1.));
#7948 = LINE('',#7949,#7950);
#7949 = CARTESIAN_POINT('',(-20.88662451894,-7.037800259986,-1.));
#7950 = VECTOR('',#7951,1.);
#7951 = DIRECTION('',(0.,-2.2E-16,-1.));
#7952 = ORIENTED_EDGE('',*,*,#7953,.F.);
#7953 = EDGE_CURVE('',#7921,#7946,#7954,.T.);
#7954 = CIRCLE('',#7955,0.15);
#7955 = AXIS2_PLACEMENT_3D('',#7956,#7957,#7958);
#7956 = CARTESIAN_POINT('',(-20.74618928834,-6.985094036374,-1.));
#7957 = DIRECTION('',(0.,-0.,-1.));
#7958 = DIRECTION('',(0.351374824081,-0.93623487064,0.));
#7959 = CYLINDRICAL_SURFACE('',#7960,0.15);
#7960 = AXIS2_PLACEMENT_3D('',#7961,#7962,#7963);
#7961 = CARTESIAN_POINT('',(-20.74618928834,-6.985094036374,-1.));
#7962 = DIRECTION('',(0.,2.2E-16,1.));
#7963 = DIRECTION('',(0.351374824081,-0.93623487064,2.059716715407E-16)
  );
#7964 = ADVANCED_FACE('',(#7965),#7983,.F.);
#7965 = FACE_BOUND('',#7966,.F.);
#7966 = EDGE_LOOP('',(#7967,#7968,#7969,#7977));
#7967 = ORIENTED_EDGE('',*,*,#7945,.T.);
#7968 = ORIENTED_EDGE('',*,*,#1989,.T.);
#7969 = ORIENTED_EDGE('',*,*,#7970,.F.);
#7970 = EDGE_CURVE('',#7971,#1981,#7973,.T.);
#7971 = VERTEX_POINT('',#7972);
#7972 = CARTESIAN_POINT('',(-21.03434939235,-6.58314984906,-1.));
#7973 = LINE('',#7974,#7975);
#7974 = CARTESIAN_POINT('',(-21.03434939235,-6.58314984906,-1.));
#7975 = VECTOR('',#7976,1.);
#7976 = DIRECTION('',(0.,-2.2E-16,-1.));
#7977 = ORIENTED_EDGE('',*,*,#7978,.F.);
#7978 = EDGE_CURVE('',#7946,#7971,#7979,.T.);
#7979 = LINE('',#7980,#7981);
#7980 = CARTESIAN_POINT('',(-20.88662451894,-7.037800259986,-1.));
#7981 = VECTOR('',#7982,1.);
#7982 = DIRECTION('',(-0.309016994375,0.951056516295,0.));
#7983 = PLANE('',#7984);
#7984 = AXIS2_PLACEMENT_3D('',#7985,#7986,#7987);
#7985 = CARTESIAN_POINT('',(-20.88662451894,-7.037800259986,-1.));
#7986 = DIRECTION('',(0.951056516295,0.309016994375,-7.E-17));
#7987 = DIRECTION('',(-0.309016994375,0.951056516295,-2.1E-16));
#7988 = ADVANCED_FACE('',(#7989),#8008,.T.);
#7989 = FACE_BOUND('',#7990,.F.);
#7990 = EDGE_LOOP('',(#7991,#7992,#7993,#8001));
#7991 = ORIENTED_EDGE('',*,*,#7970,.T.);
#7992 = ORIENTED_EDGE('',*,*,#1980,.T.);
#7993 = ORIENTED_EDGE('',*,*,#7994,.F.);
#7994 = EDGE_CURVE('',#7995,#1972,#7997,.T.);
#7995 = VERTEX_POINT('',#7996);
#7996 = CARTESIAN_POINT('',(-20.92966049008,-6.39864989312,-1.));
#7997 = LINE('',#7998,#7999);
#7998 = CARTESIAN_POINT('',(-20.92966049008,-6.39864989312,-1.));
#7999 = VECTOR('',#8000,1.);
#8000 = DIRECTION('',(0.,-2.2E-16,-1.));
#8001 = ORIENTED_EDGE('',*,*,#8002,.F.);
#8002 = EDGE_CURVE('',#7971,#7995,#8003,.T.);
#8003 = CIRCLE('',#8004,0.15);
#8004 = AXIS2_PLACEMENT_3D('',#8005,#8006,#8007);
#8005 = CARTESIAN_POINT('',(-20.88975496324,-6.543244322225,-1.));
#8006 = DIRECTION('',(-0.,0.,-1.));
#8007 = DIRECTION('',(-0.963962860696,-0.266036845567,0.));
#8008 = CYLINDRICAL_SURFACE('',#8009,0.15);
#8009 = AXIS2_PLACEMENT_3D('',#8010,#8011,#8012);
#8010 = CARTESIAN_POINT('',(-20.88975496324,-6.543244322225,-1.));
#8011 = DIRECTION('',(0.,2.2E-16,1.));
#8012 = DIRECTION('',(-0.963962860696,-0.266036845567,5.852810602467E-17
    ));
#8013 = ADVANCED_FACE('',(#8014),#8033,.F.);
#8014 = FACE_BOUND('',#8015,.F.);
#8015 = EDGE_LOOP('',(#8016,#8017,#8018,#8026));
#8016 = ORIENTED_EDGE('',*,*,#7994,.T.);
#8017 = ORIENTED_EDGE('',*,*,#1971,.T.);
#8018 = ORIENTED_EDGE('',*,*,#8019,.F.);
#8019 = EDGE_CURVE('',#8020,#1963,#8022,.T.);
#8020 = VERTEX_POINT('',#8021);
#8021 = CARTESIAN_POINT('',(-20.6279156678,-6.176390462143,-1.));
#8022 = LINE('',#8023,#8024);
#8023 = CARTESIAN_POINT('',(-20.6279156678,-6.176390462143,-1.));
#8024 = VECTOR('',#8025,1.);
#8025 = DIRECTION('',(0.,-2.2E-16,-1.));
#8026 = ORIENTED_EDGE('',*,*,#8027,.F.);
#8027 = EDGE_CURVE('',#7995,#8020,#8028,.T.);
#8028 = CIRCLE('',#8029,1.469292842572);
#8029 = AXIS2_PLACEMENT_3D('',#8030,#8031,#8032);
#8030 = CARTESIAN_POINT('',(-21.64305540566,-5.114169783639,-1.));
#8031 = DIRECTION('',(-0.,0.,1.));
#8032 = DIRECTION('',(0.485536235469,-0.874216542995,0.));
#8033 = CYLINDRICAL_SURFACE('',#8034,1.469292842572);
#8034 = AXIS2_PLACEMENT_3D('',#8035,#8036,#8037);
#8035 = CARTESIAN_POINT('',(-21.64305540566,-5.114169783639,-1.));
#8036 = DIRECTION('',(0.,2.2E-16,1.));
#8037 = DIRECTION('',(0.485536235469,-0.874216542995,1.923276394589E-16)
  );
#8038 = ADVANCED_FACE('',(#8039),#8058,.F.);
#8039 = FACE_BOUND('',#8040,.F.);
#8040 = EDGE_LOOP('',(#8041,#8042,#8043,#8051));
#8041 = ORIENTED_EDGE('',*,*,#8019,.T.);
#8042 = ORIENTED_EDGE('',*,*,#1962,.T.);
#8043 = ORIENTED_EDGE('',*,*,#8044,.F.);
#8044 = EDGE_CURVE('',#8045,#1954,#8047,.T.);
#8045 = VERTEX_POINT('',#8046);
#8046 = CARTESIAN_POINT('',(-20.87587552455,-5.277928099365,-1.));
#8047 = LINE('',#8048,#8049);
#8048 = CARTESIAN_POINT('',(-20.87587552455,-5.277928099365,-1.));
#8049 = VECTOR('',#8050,1.);
#8050 = DIRECTION('',(0.,-2.2E-16,-1.));
#8051 = ORIENTED_EDGE('',*,*,#8052,.F.);
#8052 = EDGE_CURVE('',#8020,#8045,#8053,.T.);
#8053 = CIRCLE('',#8054,0.559359353945);
#8054 = AXIS2_PLACEMENT_3D('',#8055,#8056,#8057);
#8055 = CARTESIAN_POINT('',(-21.05010652399,-5.809460267424,-1.));
#8056 = DIRECTION('',(-0.,0.,1.));
#8057 = DIRECTION('',(0.754775714773,-0.655982942148,0.));
#8058 = CYLINDRICAL_SURFACE('',#8059,0.559359353945);
#8059 = AXIS2_PLACEMENT_3D('',#8060,#8061,#8062);
#8060 = CARTESIAN_POINT('',(-21.05010652399,-5.809460267424,-1.));
#8061 = DIRECTION('',(0.,2.2E-16,1.));
#8062 = DIRECTION('',(0.754775714773,-0.655982942148,1.443162472726E-16)
  );
#8063 = ADVANCED_FACE('',(#8064),#8083,.F.);
#8064 = FACE_BOUND('',#8065,.F.);
#8065 = EDGE_LOOP('',(#8066,#8067,#8068,#8076));
#8066 = ORIENTED_EDGE('',*,*,#8044,.T.);
#8067 = ORIENTED_EDGE('',*,*,#1953,.T.);
#8068 = ORIENTED_EDGE('',*,*,#8069,.F.);
#8069 = EDGE_CURVE('',#8070,#1945,#8072,.T.);
#8070 = VERTEX_POINT('',#8071);
#8071 = CARTESIAN_POINT('',(-21.24890470476,-5.241894460285,-1.));
#8072 = LINE('',#8073,#8074);
#8073 = CARTESIAN_POINT('',(-21.24890470476,-5.241894460285,-1.));
#8074 = VECTOR('',#8075,1.);
#8075 = DIRECTION('',(0.,-2.2E-16,-1.));
#8076 = ORIENTED_EDGE('',*,*,#8077,.F.);
#8077 = EDGE_CURVE('',#8045,#8070,#8078,.T.);
#8078 = CIRCLE('',#8079,1.469292842572);
#8079 = AXIS2_PLACEMENT_3D('',#8080,#8081,#8082);
#8080 = CARTESIAN_POINT('',(-21.20250878941,-6.710454597383,-1.));
#8081 = DIRECTION('',(0.,-0.,1.));
#8082 = DIRECTION('',(0.222306442523,0.974976843629,0.));
#8083 = CYLINDRICAL_SURFACE('',#8084,1.469292842572);
#8084 = AXIS2_PLACEMENT_3D('',#8085,#8086,#8087);
#8085 = CARTESIAN_POINT('',(-21.20250878941,-6.710454597383,-1.));
#8086 = DIRECTION('',(0.,2.2E-16,1.));
#8087 = DIRECTION('',(0.222306442523,0.974976843629,-2.144949055984E-16)
  );
#8088 = ADVANCED_FACE('',(#8089),#8108,.T.);
#8089 = FACE_BOUND('',#8090,.F.);
#8090 = EDGE_LOOP('',(#8091,#8092,#8093,#8101));
#8091 = ORIENTED_EDGE('',*,*,#8069,.T.);
#8092 = ORIENTED_EDGE('',*,*,#1944,.T.);
#8093 = ORIENTED_EDGE('',*,*,#8094,.F.);
#8094 = EDGE_CURVE('',#8095,#1937,#8097,.T.);
#8095 = VERTEX_POINT('',#8096);
#8096 = CARTESIAN_POINT('',(-21.4334046607,-5.137205558016,-1.));
#8097 = LINE('',#8098,#8099);
#8098 = CARTESIAN_POINT('',(-21.4334046607,-5.137205558016,-1.));
#8099 = VECTOR('',#8100,1.);
#8100 = DIRECTION('',(0.,-2.2E-16,-1.));
#8101 = ORIENTED_EDGE('',*,*,#8102,.F.);
#8102 = EDGE_CURVE('',#8070,#8095,#8103,.T.);
#8103 = CIRCLE('',#8104,0.15);
#8104 = AXIS2_PLACEMENT_3D('',#8105,#8106,#8107);
#8105 = CARTESIAN_POINT('',(-21.28881023159,-5.097300031181,-1.));
#8106 = DIRECTION('',(0.,-0.,-1.));
#8107 = DIRECTION('',(0.266036845567,-0.963962860696,0.));
#8108 = CYLINDRICAL_SURFACE('',#8109,0.15);
#8109 = AXIS2_PLACEMENT_3D('',#8110,#8111,#8112);
#8110 = CARTESIAN_POINT('',(-21.28881023159,-5.097300031181,-1.));
#8111 = DIRECTION('',(0.,2.2E-16,1.));
#8112 = DIRECTION('',(0.266036845567,-0.963962860696,2.120718293531E-16)
  );
#8113 = ADVANCED_FACE('',(#8114),#8132,.F.);
#8114 = FACE_BOUND('',#8115,.F.);
#8115 = EDGE_LOOP('',(#8116,#8117,#8118,#8126));
#8116 = ORIENTED_EDGE('',*,*,#8094,.T.);
#8117 = ORIENTED_EDGE('',*,*,#1936,.T.);
#8118 = ORIENTED_EDGE('',*,*,#8119,.F.);
#8119 = EDGE_CURVE('',#8120,#1928,#8122,.T.);
#8120 = VERTEX_POINT('',#8121);
#8121 = CARTESIAN_POINT('',(-21.53978028857,-4.671143480418,-1.));
#8122 = LINE('',#8123,#8124);
#8123 = CARTESIAN_POINT('',(-21.53978028857,-4.671143480418,-1.));
#8124 = VECTOR('',#8125,1.);
#8125 = DIRECTION('',(0.,-2.2E-16,-1.));
#8126 = ORIENTED_EDGE('',*,*,#8127,.F.);
#8127 = EDGE_CURVE('',#8095,#8120,#8128,.T.);
#8128 = LINE('',#8129,#8130);
#8129 = CARTESIAN_POINT('',(-21.4334046607,-5.137205558016,-1.));
#8130 = VECTOR('',#8131,1.);
#8131 = DIRECTION('',(-0.222520933956,0.974927912182,0.));
#8132 = PLANE('',#8133);
#8133 = AXIS2_PLACEMENT_3D('',#8134,#8135,#8136);
#8134 = CARTESIAN_POINT('',(-21.4334046607,-5.137205558016,-1.));
#8135 = DIRECTION('',(0.974927912182,0.222520933956,-5.E-17));
#8136 = DIRECTION('',(-0.222520933956,0.974927912182,-2.2E-16));
#8137 = ADVANCED_FACE('',(#8138),#8157,.T.);
#8138 = FACE_BOUND('',#8139,.F.);
#8139 = EDGE_LOOP('',(#8140,#8141,#8142,#8150));
#8140 = ORIENTED_EDGE('',*,*,#8119,.T.);
#8141 = ORIENTED_EDGE('',*,*,#1927,.T.);
#8142 = ORIENTED_EDGE('',*,*,#8143,.F.);
#8143 = EDGE_CURVE('',#8144,#1919,#8146,.T.);
#8144 = VERTEX_POINT('',#8145);
#8145 = CARTESIAN_POINT('',(-21.4189743845,-4.496770507908,-1.));
#8146 = LINE('',#8147,#8148);
#8147 = CARTESIAN_POINT('',(-21.4189743845,-4.496770507908,-1.));
#8148 = VECTOR('',#8149,1.);
#8149 = DIRECTION('',(0.,-2.2E-16,-1.));
#8150 = ORIENTED_EDGE('',*,*,#8151,.F.);
#8151 = EDGE_CURVE('',#8120,#8144,#8152,.T.);
#8152 = CIRCLE('',#8153,0.15);
#8153 = AXIS2_PLACEMENT_3D('',#8154,#8155,#8156);
#8154 = CARTESIAN_POINT('',(-21.39219085028,-4.644359946198,-1.));
#8155 = DIRECTION('',(-0.,0.,-1.));
#8156 = DIRECTION('',(-0.983929588599,-0.178556894799,0.));
#8157 = CYLINDRICAL_SURFACE('',#8158,0.15);
#8158 = AXIS2_PLACEMENT_3D('',#8159,#8160,#8161);
#8159 = CARTESIAN_POINT('',(-21.39219085028,-4.644359946198,-1.));
#8160 = DIRECTION('',(0.,2.2E-16,1.));
#8161 = DIRECTION('',(-0.983929588599,-0.178556894799,3.92825168557E-17)
  );
#8162 = ADVANCED_FACE('',(#8163),#8182,.F.);
#8163 = FACE_BOUND('',#8164,.F.);
#8164 = EDGE_LOOP('',(#8165,#8166,#8167,#8175));
#8165 = ORIENTED_EDGE('',*,*,#8143,.T.);
#8166 = ORIENTED_EDGE('',*,*,#1918,.T.);
#8167 = ORIENTED_EDGE('',*,*,#8168,.F.);
#8168 = EDGE_CURVE('',#8169,#1910,#8171,.T.);
#8169 = VERTEX_POINT('',#8170);
#8170 = CARTESIAN_POINT('',(-21.09852111637,-4.302454025392,-1.));
#8171 = LINE('',#8172,#8173);
#8172 = CARTESIAN_POINT('',(-21.09852111637,-4.302454025392,-1.));
#8173 = VECTOR('',#8174,1.);
#8174 = DIRECTION('',(0.,-2.2E-16,-1.));
#8175 = ORIENTED_EDGE('',*,*,#8176,.F.);
#8176 = EDGE_CURVE('',#8144,#8169,#8177,.T.);
#8177 = CIRCLE('',#8178,1.469292842572);
#8178 = AXIS2_PLACEMENT_3D('',#8179,#8180,#8181);
#8179 = CARTESIAN_POINT('',(-22.01435747258,-3.153513110509,-1.));
#8180 = DIRECTION('',(-0.,0.,1.));
#8181 = DIRECTION('',(0.405217442585,-0.914220336804,0.));
#8182 = CYLINDRICAL_SURFACE('',#8183,1.469292842572);
#8183 = AXIS2_PLACEMENT_3D('',#8184,#8185,#8186);
#8184 = CARTESIAN_POINT('',(-22.01435747258,-3.153513110509,-1.));
#8185 = DIRECTION('',(0.,2.2E-16,1.));
#8186 = DIRECTION('',(0.405217442585,-0.914220336804,2.011284740968E-16)
  );
#8187 = ADVANCED_FACE('',(#8188),#8207,.F.);
#8188 = FACE_BOUND('',#8189,.F.);
#8189 = EDGE_LOOP('',(#8190,#8191,#8192,#8200));
#8190 = ORIENTED_EDGE('',*,*,#8168,.T.);
#8191 = ORIENTED_EDGE('',*,*,#1909,.T.);
#8192 = ORIENTED_EDGE('',*,*,#8193,.F.);
#8193 = EDGE_CURVE('',#8194,#1901,#8196,.T.);
#8194 = VERTEX_POINT('',#8195);
#8195 = CARTESIAN_POINT('',(-21.26494521437,-3.385381657748,-1.));
#8196 = LINE('',#8197,#8198);
#8197 = CARTESIAN_POINT('',(-21.26494521437,-3.385381657748,-1.));
#8198 = VECTOR('',#8199,1.);
#8199 = DIRECTION('',(0.,-2.2E-16,-1.));
#8200 = ORIENTED_EDGE('',*,*,#8201,.F.);
#8201 = EDGE_CURVE('',#8169,#8194,#8202,.T.);
#8202 = CIRCLE('',#8203,0.559359353945);
#8203 = AXIS2_PLACEMENT_3D('',#8204,#8205,#8206);
#8204 = CARTESIAN_POINT('',(-21.48612098723,-3.899156087187,-1.));
#8205 = DIRECTION('',(-0.,0.,1.));
#8206 = DIRECTION('',(0.692935352059,-0.720999721128,0.));
#8207 = CYLINDRICAL_SURFACE('',#8208,0.559359353945);
#8208 = AXIS2_PLACEMENT_3D('',#8209,#8210,#8211);
#8209 = CARTESIAN_POINT('',(-21.48612098723,-3.899156087187,-1.));
#8210 = DIRECTION('',(0.,2.2E-16,1.));
#8211 = DIRECTION('',(0.692935352059,-0.720999721128,1.586199386482E-16)
  );
#8212 = ADVANCED_FACE('',(#8213),#8232,.F.);
#8213 = FACE_BOUND('',#8214,.F.);
#8214 = EDGE_LOOP('',(#8215,#8216,#8217,#8225));
#8215 = ORIENTED_EDGE('',*,*,#8193,.T.);
#8216 = ORIENTED_EDGE('',*,*,#1900,.T.);
#8217 = ORIENTED_EDGE('',*,*,#8218,.F.);
#8218 = EDGE_CURVE('',#8219,#1892,#8221,.T.);
#8219 = VERTEX_POINT('',#8220);
#8220 = CARTESIAN_POINT('',(-21.63324265826,-3.31605500159,-1.));
#8221 = LINE('',#8222,#8223);
#8222 = CARTESIAN_POINT('',(-21.63324265826,-3.31605500159,-1.));
#8223 = VECTOR('',#8224,1.);
#8224 = DIRECTION('',(0.,-2.2E-16,-1.));
#8225 = ORIENTED_EDGE('',*,*,#8226,.F.);
#8226 = EDGE_CURVE('',#8194,#8219,#8227,.T.);
#8227 = CIRCLE('',#8228,1.469292842572);
#8228 = AXIS2_PLACEMENT_3D('',#8229,#8230,#8231);
#8229 = CARTESIAN_POINT('',(-21.718674235,-4.782862045114,-1.));
#8230 = DIRECTION('',(0.,-0.,1.));
#8231 = DIRECTION('',(0.308807752602,0.951124477622,0.));
#8232 = CYLINDRICAL_SURFACE('',#8233,1.469292842572);
#8233 = AXIS2_PLACEMENT_3D('',#8234,#8235,#8236);
#8234 = CARTESIAN_POINT('',(-21.718674235,-4.782862045114,-1.));
#8235 = DIRECTION('',(0.,2.2E-16,1.));
#8236 = DIRECTION('',(0.308807752602,0.951124477622,-2.092473850769E-16)
  );
#8237 = ADVANCED_FACE('',(#8238),#8257,.T.);
#8238 = FACE_BOUND('',#8239,.F.);
#8239 = EDGE_LOOP('',(#8240,#8241,#8242,#8250));
#8240 = ORIENTED_EDGE('',*,*,#8218,.T.);
#8241 = ORIENTED_EDGE('',*,*,#1891,.T.);
#8242 = ORIENTED_EDGE('',*,*,#8243,.F.);
#8243 = EDGE_CURVE('',#8244,#1884,#8246,.T.);
#8244 = VERTEX_POINT('',#8245);
#8245 = CARTESIAN_POINT('',(-21.80761563077,-3.19524909752,-1.));
#8246 = LINE('',#8247,#8248);
#8247 = CARTESIAN_POINT('',(-21.80761563077,-3.19524909752,-1.));
#8248 = VECTOR('',#8249,1.);
#8249 = DIRECTION('',(0.,-2.2E-16,-1.));
#8250 = ORIENTED_EDGE('',*,*,#8251,.F.);
#8251 = EDGE_CURVE('',#8219,#8244,#8252,.T.);
#8252 = CIRCLE('',#8253,0.15);
#8253 = AXIS2_PLACEMENT_3D('',#8254,#8255,#8256);
#8254 = CARTESIAN_POINT('',(-21.66002619248,-3.1684655633,-1.));
#8255 = DIRECTION('',(0.,-0.,-1.));
#8256 = DIRECTION('',(0.178556894799,-0.983929588599,0.));
#8257 = CYLINDRICAL_SURFACE('',#8258,0.15);
#8258 = AXIS2_PLACEMENT_3D('',#8259,#8260,#8261);
#8259 = CARTESIAN_POINT('',(-21.66002619248,-3.1684655633,-1.));
#8260 = DIRECTION('',(0.,2.2E-16,1.));
#8261 = DIRECTION('',(0.178556894799,-0.983929588599,2.164645094917E-16)
  );
#8262 = ADVANCED_FACE('',(#8263),#8281,.F.);
#8263 = FACE_BOUND('',#8264,.F.);
#8264 = EDGE_LOOP('',(#8265,#8266,#8267,#8275));
#8265 = ORIENTED_EDGE('',*,*,#8243,.T.);
#8266 = ORIENTED_EDGE('',*,*,#1883,.T.);
#8267 = ORIENTED_EDGE('',*,*,#8268,.F.);
#8268 = EDGE_CURVE('',#8269,#1875,#8271,.T.);
#8269 = VERTEX_POINT('',#8270);
#8270 = CARTESIAN_POINT('',(-21.8717855391,-2.72152781106,-1.));
#8271 = LINE('',#8272,#8273);
#8272 = CARTESIAN_POINT('',(-21.8717855391,-2.72152781106,-1.));
#8273 = VECTOR('',#8274,1.);
#8274 = DIRECTION('',(0.,-2.2E-16,-1.));
#8275 = ORIENTED_EDGE('',*,*,#8276,.F.);
#8276 = EDGE_CURVE('',#8244,#8269,#8277,.T.);
#8277 = LINE('',#8278,#8279);
#8278 = CARTESIAN_POINT('',(-21.80761563077,-3.19524909752,-1.));
#8279 = VECTOR('',#8280,1.);
#8280 = DIRECTION('',(-0.134233265818,0.990949761768,0.));
#8281 = PLANE('',#8282);
#8282 = AXIS2_PLACEMENT_3D('',#8283,#8284,#8285);
#8283 = CARTESIAN_POINT('',(-21.80761563077,-3.19524909752,-1.));
#8284 = DIRECTION('',(0.990949761768,0.134233265818,-3.E-17));
#8285 = DIRECTION('',(-0.134233265818,0.990949761768,-2.2E-16));
#8286 = ADVANCED_FACE('',(#8287),#8306,.T.);
#8287 = FACE_BOUND('',#8288,.F.);
#8288 = EDGE_LOOP('',(#8289,#8290,#8291,#8299));
#8289 = ORIENTED_EDGE('',*,*,#8268,.T.);
#8290 = ORIENTED_EDGE('',*,*,#1874,.T.);
#8291 = ORIENTED_EDGE('',*,*,#8292,.F.);
#8292 = EDGE_CURVE('',#8293,#1866,#8295,.T.);
#8293 = VERTEX_POINT('',#8294);
#8294 = CARTESIAN_POINT('',(-21.73583529133,-2.558685770625,-1.));
#8295 = LINE('',#8296,#8297);
#8296 = CARTESIAN_POINT('',(-21.73583529133,-2.558685770625,-1.));
#8297 = VECTOR('',#8298,1.);
#8298 = DIRECTION('',(0.,-2.2E-16,-1.));
#8299 = ORIENTED_EDGE('',*,*,#8300,.F.);
#8300 = EDGE_CURVE('',#8269,#8293,#8301,.T.);
#8301 = CIRCLE('',#8302,0.15);
#8302 = AXIS2_PLACEMENT_3D('',#8303,#8304,#8305);
#8303 = CARTESIAN_POINT('',(-21.722389395,-2.708081914725,-1.));
#8304 = DIRECTION('',(-0.,0.,-1.));
#8305 = DIRECTION('',(-0.995974293995,-8.963930890344E-02,0.));
#8306 = CYLINDRICAL_SURFACE('',#8307,0.15);
#8307 = AXIS2_PLACEMENT_3D('',#8308,#8309,#8310);
#8308 = CARTESIAN_POINT('',(-21.722389395,-2.708081914725,-1.));
#8309 = DIRECTION('',(0.,2.2E-16,1.));
#8310 = DIRECTION('',(-0.995974293995,-8.963930890344E-02,
    1.972064795876E-17));
#8311 = ADVANCED_FACE('',(#8312),#8331,.F.);
#8312 = FACE_BOUND('',#8313,.F.);
#8313 = EDGE_LOOP('',(#8314,#8315,#8316,#8324));
#8314 = ORIENTED_EDGE('',*,*,#8292,.T.);
#8315 = ORIENTED_EDGE('',*,*,#1865,.T.);
#8316 = ORIENTED_EDGE('',*,*,#8317,.F.);
#8317 = EDGE_CURVE('',#8318,#1857,#8320,.T.);
#8318 = VERTEX_POINT('',#8319);
#8319 = CARTESIAN_POINT('',(-21.39925367865,-2.39387675863,-1.));
#8320 = LINE('',#8321,#8322);
#8321 = CARTESIAN_POINT('',(-21.39925367865,-2.39387675863,-1.));
#8322 = VECTOR('',#8323,1.);
#8323 = DIRECTION('',(0.,-2.2E-16,-1.));
#8324 = ORIENTED_EDGE('',*,*,#8325,.F.);
#8325 = EDGE_CURVE('',#8293,#8318,#8326,.T.);
#8326 = CIRCLE('',#8327,1.469292842572);
#8327 = AXIS2_PLACEMENT_3D('',#8328,#8329,#8330);
#8328 = CARTESIAN_POINT('',(-22.20841287735,-1.167466204049,-1.));
#8329 = DIRECTION('',(-0.,0.,1.));
#8330 = DIRECTION('',(0.321636077116,-0.946863366013,0.));
#8331 = CYLINDRICAL_SURFACE('',#8332,1.469292842572);
#8332 = AXIS2_PLACEMENT_3D('',#8333,#8334,#8335);
#8333 = CARTESIAN_POINT('',(-22.20841287735,-1.167466204049,-1.));
#8334 = DIRECTION('',(0.,2.2E-16,1.));
#8335 = DIRECTION('',(0.321636077116,-0.946863366013,2.083099405228E-16)
  );
#8336 = ADVANCED_FACE('',(#8337),#8356,.F.);
#8337 = FACE_BOUND('',#8338,.F.);
#8338 = EDGE_LOOP('',(#8339,#8340,#8341,#8349));
#8339 = ORIENTED_EDGE('',*,*,#8317,.T.);
#8340 = ORIENTED_EDGE('',*,*,#1856,.T.);
#8341 = ORIENTED_EDGE('',*,*,#8342,.F.);
#8342 = EDGE_CURVE('',#8343,#1848,#8345,.T.);
#8343 = VERTEX_POINT('',#8344);
#8344 = CARTESIAN_POINT('',(-21.4828020689,-1.465578113594,-1.));
#8345 = LINE('',#8346,#8347);
#8346 = CARTESIAN_POINT('',(-21.4828020689,-1.465578113594,-1.));
#8347 = VECTOR('',#8348,1.);
#8348 = DIRECTION('',(0.,-2.2E-16,-1.));
#8349 = ORIENTED_EDGE('',*,*,#8350,.F.);
#8350 = EDGE_CURVE('',#8318,#8343,#8351,.T.);
#8351 = CIRCLE('',#8352,0.559359353945);
#8352 = AXIS2_PLACEMENT_3D('',#8353,#8354,#8355);
#8353 = CARTESIAN_POINT('',(-21.74914183791,-1.957458194802,-1.));
#8354 = DIRECTION('',(-0.,0.,1.));
#8355 = DIRECTION('',(0.62551588133,-0.780211434295,0.));
#8356 = CYLINDRICAL_SURFACE('',#8357,0.559359353945);
#8357 = AXIS2_PLACEMENT_3D('',#8358,#8359,#8360);
#8358 = CARTESIAN_POINT('',(-21.74914183791,-1.957458194802,-1.));
#8359 = DIRECTION('',(0.,2.2E-16,1.));
#8360 = DIRECTION('',(0.62551588133,-0.780211434295,1.716465155449E-16)
  );
#8361 = ADVANCED_FACE('',(#8362),#8381,.F.);
#8362 = FACE_BOUND('',#8363,.F.);
#8363 = EDGE_LOOP('',(#8364,#8365,#8366,#8374));
#8364 = ORIENTED_EDGE('',*,*,#8342,.T.);
#8365 = ORIENTED_EDGE('',*,*,#1847,.T.);
#8366 = ORIENTED_EDGE('',*,*,#8367,.F.);
#8367 = EDGE_CURVE('',#8368,#1839,#8370,.T.);
#8368 = VERTEX_POINT('',#8369);
#8369 = CARTESIAN_POINT('',(-21.84340246202,-1.363516617831,-1.));
#8370 = LINE('',#8371,#8372);
#8371 = CARTESIAN_POINT('',(-21.84340246202,-1.363516617831,-1.));
#8372 = VECTOR('',#8373,1.);
#8373 = DIRECTION('',(0.,-2.2E-16,-1.));
#8374 = ORIENTED_EDGE('',*,*,#8375,.F.);
#8375 = EDGE_CURVE('',#8343,#8368,#8376,.T.);
#8376 = CIRCLE('',#8377,1.469292842572);
#8377 = AXIS2_PLACEMENT_3D('',#8378,#8379,#8380);
#8378 = CARTESIAN_POINT('',(-22.05997368602,-2.816760699934,-1.));
#8379 = DIRECTION('',(0.,-0.,1.));
#8380 = DIRECTION('',(0.392822724234,0.919614216574,0.));
#8381 = CYLINDRICAL_SURFACE('',#8382,1.469292842572);
#8382 = AXIS2_PLACEMENT_3D('',#8383,#8384,#8385);
#8383 = CARTESIAN_POINT('',(-22.05997368602,-2.816760699934,-1.));
#8384 = DIRECTION('',(0.,2.2E-16,1.));
#8385 = DIRECTION('',(0.392822724234,0.919614216574,-2.023151276464E-16)
  );
#8386 = ADVANCED_FACE('',(#8387),#8406,.T.);
#8387 = FACE_BOUND('',#8388,.F.);
#8388 = EDGE_LOOP('',(#8389,#8390,#8391,#8399));
#8389 = ORIENTED_EDGE('',*,*,#8367,.T.);
#8390 = ORIENTED_EDGE('',*,*,#1838,.T.);
#8391 = ORIENTED_EDGE('',*,*,#8392,.F.);
#8392 = EDGE_CURVE('',#8393,#1831,#8395,.T.);
#8393 = VERTEX_POINT('',#8394);
#8394 = CARTESIAN_POINT('',(-22.00624450245,-1.227566370067,-1.));
#8395 = LINE('',#8396,#8397);
#8396 = CARTESIAN_POINT('',(-22.00624450245,-1.227566370067,-1.));
#8397 = VECTOR('',#8398,1.);
#8398 = DIRECTION('',(0.,-2.2E-16,-1.));
#8399 = ORIENTED_EDGE('',*,*,#8400,.F.);
#8400 = EDGE_CURVE('',#8368,#8393,#8401,.T.);
#8401 = CIRCLE('',#8402,0.15);
#8402 = AXIS2_PLACEMENT_3D('',#8403,#8404,#8405);
#8403 = CARTESIAN_POINT('',(-21.85684835835,-1.214120473732,-1.));
#8404 = DIRECTION('',(0.,-0.,-1.));
#8405 = DIRECTION('',(8.963930890344E-02,-0.995974293995,0.));
#8406 = CYLINDRICAL_SURFACE('',#8407,0.15);
#8407 = AXIS2_PLACEMENT_3D('',#8408,#8409,#8410);
#8408 = CARTESIAN_POINT('',(-21.85684835835,-1.214120473732,-1.));
#8409 = DIRECTION('',(0.,2.2E-16,1.));
#8410 = DIRECTION('',(8.963930890344E-02,-0.995974293995,
    2.19114344679E-16));
#8411 = ADVANCED_FACE('',(#8412),#8430,.F.);
#8412 = FACE_BOUND('',#8413,.F.);
#8413 = EDGE_LOOP('',(#8414,#8415,#8416,#8424));
#8414 = ORIENTED_EDGE('',*,*,#8392,.T.);
#8415 = ORIENTED_EDGE('',*,*,#1830,.T.);
#8416 = ORIENTED_EDGE('',*,*,#8417,.F.);
#8417 = EDGE_CURVE('',#8418,#1822,#8420,.T.);
#8418 = VERTEX_POINT('',#8419);
#8419 = CARTESIAN_POINT('',(-22.02769203286,-0.75,-1.));
#8420 = LINE('',#8421,#8422);
#8421 = CARTESIAN_POINT('',(-22.02769203286,-0.75,-1.));
#8422 = VECTOR('',#8423,1.);
#8423 = DIRECTION('',(0.,-2.2E-16,-1.));
#8424 = ORIENTED_EDGE('',*,*,#8425,.F.);
#8425 = EDGE_CURVE('',#8393,#8418,#8426,.T.);
#8426 = LINE('',#8427,#8428);
#8427 = CARTESIAN_POINT('',(-22.00624450245,-1.227566370067,-1.));
#8428 = VECTOR('',#8429,1.);
#8429 = DIRECTION('',(-4.486483035052E-02,0.998993066541,0.));
#8430 = PLANE('',#8431);
#8431 = AXIS2_PLACEMENT_3D('',#8432,#8433,#8434);
#8432 = CARTESIAN_POINT('',(-22.00624450245,-1.227566370067,-1.));
#8433 = DIRECTION('',(0.998993066541,4.486483035052E-02,-1.E-17));
#8434 = DIRECTION('',(-4.486483035052E-02,0.998993066541,-2.2E-16));
#8435 = ADVANCED_FACE('',(#8436),#8455,.T.);
#8436 = FACE_BOUND('',#8437,.F.);
#8437 = EDGE_LOOP('',(#8438,#8439,#8440,#8448));
#8438 = ORIENTED_EDGE('',*,*,#8417,.T.);
#8439 = ORIENTED_EDGE('',*,*,#1821,.T.);
#8440 = ORIENTED_EDGE('',*,*,#8441,.F.);
#8441 = EDGE_CURVE('',#8442,#1813,#8444,.T.);
#8442 = VERTEX_POINT('',#8443);
#8443 = CARTESIAN_POINT('',(-21.87769203286,-0.6,-1.));
#8444 = LINE('',#8445,#8446);
#8445 = CARTESIAN_POINT('',(-21.87769203286,-0.6,-1.));
#8446 = VECTOR('',#8447,1.);
#8447 = DIRECTION('',(0.,-2.2E-16,-1.));
#8448 = ORIENTED_EDGE('',*,*,#8449,.F.);
#8449 = EDGE_CURVE('',#8418,#8442,#8450,.T.);
#8450 = CIRCLE('',#8451,0.15);
#8451 = AXIS2_PLACEMENT_3D('',#8452,#8453,#8454);
#8452 = CARTESIAN_POINT('',(-21.87769203286,-0.75,-1.));
#8453 = DIRECTION('',(0.,0.,-1.));
#8454 = DIRECTION('',(-1.,1.01E-15,0.));
#8455 = CYLINDRICAL_SURFACE('',#8456,0.15);
#8456 = AXIS2_PLACEMENT_3D('',#8457,#8458,#8459);
#8457 = CARTESIAN_POINT('',(-21.87769203286,-0.75,-1.));
#8458 = DIRECTION('',(0.,2.2E-16,1.));
#8459 = DIRECTION('',(-1.,1.01E-15,-2.222E-31));
#8460 = ADVANCED_FACE('',(#8461),#8480,.F.);
#8461 = FACE_BOUND('',#8462,.F.);
#8462 = EDGE_LOOP('',(#8463,#8464,#8465,#8473));
#8463 = ORIENTED_EDGE('',*,*,#8441,.T.);
#8464 = ORIENTED_EDGE('',*,*,#1812,.T.);
#8465 = ORIENTED_EDGE('',*,*,#8466,.F.);
#8466 = EDGE_CURVE('',#8467,#1804,#8469,.T.);
#8467 = VERTEX_POINT('',#8468);
#8468 = CARTESIAN_POINT('',(-21.52769203286,-0.466025403784,-1.));
#8469 = LINE('',#8470,#8471);
#8470 = CARTESIAN_POINT('',(-21.52769203286,-0.466025403784,-1.));
#8471 = VECTOR('',#8472,1.);
#8472 = DIRECTION('',(0.,-2.2E-16,-1.));
#8473 = ORIENTED_EDGE('',*,*,#8474,.F.);
#8474 = EDGE_CURVE('',#8442,#8467,#8475,.T.);
#8475 = CIRCLE('',#8476,1.469292842572);
#8476 = AXIS2_PLACEMENT_3D('',#8477,#8478,#8479);
#8477 = CARTESIAN_POINT('',(-22.22365919997,0.827980453828,-1.));
#8478 = DIRECTION('',(-0.,0.,1.));
#8479 = DIRECTION('',(0.235465087074,-0.971882808146,0.));
#8480 = CYLINDRICAL_SURFACE('',#8481,1.469292842572);
#8481 = AXIS2_PLACEMENT_3D('',#8482,#8483,#8484);
#8482 = CARTESIAN_POINT('',(-22.22365919997,0.827980453828,-1.));
#8483 = DIRECTION('',(0.,2.2E-16,1.));
#8484 = DIRECTION('',(0.235465087074,-0.971882808146,2.138142177921E-16)
  );
#8485 = ADVANCED_FACE('',(#8486),#8505,.F.);
#8486 = FACE_BOUND('',#8487,.F.);
#8487 = EDGE_LOOP('',(#8488,#8489,#8490,#8498));
#8488 = ORIENTED_EDGE('',*,*,#8466,.T.);
#8489 = ORIENTED_EDGE('',*,*,#1803,.T.);
#8490 = ORIENTED_EDGE('',*,*,#8491,.F.);
#8491 = EDGE_CURVE('',#8492,#1795,#8494,.T.);
#8492 = VERTEX_POINT('',#8493);
#8493 = CARTESIAN_POINT('',(-21.52769203286,0.466025403784,-1.));
#8494 = LINE('',#8495,#8496);
#8495 = CARTESIAN_POINT('',(-21.52769203286,0.466025403784,-1.));
#8496 = VECTOR('',#8497,1.);
#8497 = DIRECTION('',(0.,-2.2E-16,-1.));
#8498 = ORIENTED_EDGE('',*,*,#8499,.F.);
#8499 = EDGE_CURVE('',#8467,#8492,#8500,.T.);
#8500 = CIRCLE('',#8501,0.559359353945);
#8501 = AXIS2_PLACEMENT_3D('',#8502,#8503,#8504);
#8502 = CARTESIAN_POINT('',(-21.83705138681,-3.552713678801E-15,-1.));
#8503 = DIRECTION('',(-0.,0.,1.));
#8504 = DIRECTION('',(0.553060124521,-0.833141343749,0.));
#8505 = CYLINDRICAL_SURFACE('',#8506,0.559359353945);
#8506 = AXIS2_PLACEMENT_3D('',#8507,#8508,#8509);
#8507 = CARTESIAN_POINT('',(-21.83705138681,-4.E-15,-1.));
#8508 = DIRECTION('',(0.,2.2E-16,1.));
#8509 = DIRECTION('',(0.553060124521,-0.833141343749,1.832910956249E-16)
  );
#8510 = ADVANCED_FACE('',(#8511),#8530,.F.);
#8511 = FACE_BOUND('',#8512,.F.);
#8512 = EDGE_LOOP('',(#8513,#8514,#8515,#8523));
#8513 = ORIENTED_EDGE('',*,*,#8491,.T.);
#8514 = ORIENTED_EDGE('',*,*,#1794,.T.);
#8515 = ORIENTED_EDGE('',*,*,#8516,.F.);
#8516 = EDGE_CURVE('',#8517,#1786,#8519,.T.);
#8517 = VERTEX_POINT('',#8518);
#8518 = CARTESIAN_POINT('',(-21.87769203286,0.6,-1.));
#8519 = LINE('',#8520,#8521);
#8520 = CARTESIAN_POINT('',(-21.87769203286,0.6,-1.));
#8521 = VECTOR('',#8522,1.);
#8522 = DIRECTION('',(0.,-2.2E-16,-1.));
#8523 = ORIENTED_EDGE('',*,*,#8524,.F.);
#8524 = EDGE_CURVE('',#8492,#8517,#8525,.T.);
#8525 = CIRCLE('',#8526,1.469292842572);
#8526 = AXIS2_PLACEMENT_3D('',#8527,#8528,#8529);
#8527 = CARTESIAN_POINT('',(-22.22365919997,-0.827980453828,-1.));
#8528 = DIRECTION('',(0.,-0.,1.));
#8529 = DIRECTION('',(0.473674918265,0.880699762579,0.));
#8530 = CYLINDRICAL_SURFACE('',#8531,1.469292842572);
#8531 = AXIS2_PLACEMENT_3D('',#8532,#8533,#8534);
#8532 = CARTESIAN_POINT('',(-22.22365919997,-0.827980453828,-1.));
#8533 = DIRECTION('',(0.,2.2E-16,1.));
#8534 = DIRECTION('',(0.473674918265,0.880699762579,-1.937539477673E-16)
  );
#8535 = ADVANCED_FACE('',(#8536),#8555,.T.);
#8536 = FACE_BOUND('',#8537,.F.);
#8537 = EDGE_LOOP('',(#8538,#8539,#8540,#8548));
#8538 = ORIENTED_EDGE('',*,*,#8516,.T.);
#8539 = ORIENTED_EDGE('',*,*,#1785,.T.);
#8540 = ORIENTED_EDGE('',*,*,#8541,.F.);
#8541 = EDGE_CURVE('',#8542,#1778,#8544,.T.);
#8542 = VERTEX_POINT('',#8543);
#8543 = CARTESIAN_POINT('',(-22.02769203286,0.75,-1.));
#8544 = LINE('',#8545,#8546);
#8545 = CARTESIAN_POINT('',(-22.02769203286,0.75,-1.));
#8546 = VECTOR('',#8547,1.);
#8547 = DIRECTION('',(0.,-2.2E-16,-1.));
#8548 = ORIENTED_EDGE('',*,*,#8549,.F.);
#8549 = EDGE_CURVE('',#8517,#8542,#8550,.T.);
#8550 = CIRCLE('',#8551,0.15);
#8551 = AXIS2_PLACEMENT_3D('',#8552,#8553,#8554);
#8552 = CARTESIAN_POINT('',(-21.87769203286,0.75,-1.));
#8553 = DIRECTION('',(0.,-0.,-1.));
#8554 = DIRECTION('',(1.1E-16,-1.,0.));
#8555 = CYLINDRICAL_SURFACE('',#8556,0.15);
#8556 = AXIS2_PLACEMENT_3D('',#8557,#8558,#8559);
#8557 = CARTESIAN_POINT('',(-21.87769203286,0.75,-1.));
#8558 = DIRECTION('',(0.,2.2E-16,1.));
#8559 = DIRECTION('',(1.1E-16,-1.,2.2E-16));
#8560 = ADVANCED_FACE('',(#8561),#8579,.F.);
#8561 = FACE_BOUND('',#8562,.F.);
#8562 = EDGE_LOOP('',(#8563,#8564,#8565,#8573));
#8563 = ORIENTED_EDGE('',*,*,#8541,.T.);
#8564 = ORIENTED_EDGE('',*,*,#1777,.T.);
#8565 = ORIENTED_EDGE('',*,*,#8566,.F.);
#8566 = EDGE_CURVE('',#8567,#1769,#8569,.T.);
#8567 = VERTEX_POINT('',#8568);
#8568 = CARTESIAN_POINT('',(-22.00624450245,1.227566370067,-1.));
#8569 = LINE('',#8570,#8571);
#8570 = CARTESIAN_POINT('',(-22.00624450245,1.227566370067,-1.));
#8571 = VECTOR('',#8572,1.);
#8572 = DIRECTION('',(0.,-2.2E-16,-1.));
#8573 = ORIENTED_EDGE('',*,*,#8574,.F.);
#8574 = EDGE_CURVE('',#8542,#8567,#8575,.T.);
#8575 = LINE('',#8576,#8577);
#8576 = CARTESIAN_POINT('',(-22.02769203286,0.75,-1.));
#8577 = VECTOR('',#8578,1.);
#8578 = DIRECTION('',(4.486483035052E-02,0.998993066541,0.));
#8579 = PLANE('',#8580);
#8580 = AXIS2_PLACEMENT_3D('',#8581,#8582,#8583);
#8581 = CARTESIAN_POINT('',(-22.02769203286,0.75,-1.));
#8582 = DIRECTION('',(0.998993066541,-4.486483035052E-02,1.E-17));
#8583 = DIRECTION('',(4.486483035052E-02,0.998993066541,-2.2E-16));
#8584 = ADVANCED_FACE('',(#8585),#8604,.T.);
#8585 = FACE_BOUND('',#8586,.F.);
#8586 = EDGE_LOOP('',(#8587,#8588,#8589,#8597));
#8587 = ORIENTED_EDGE('',*,*,#8566,.T.);
#8588 = ORIENTED_EDGE('',*,*,#1768,.T.);
#8589 = ORIENTED_EDGE('',*,*,#8590,.F.);
#8590 = EDGE_CURVE('',#8591,#1760,#8593,.T.);
#8591 = VERTEX_POINT('',#8592);
#8592 = CARTESIAN_POINT('',(-21.84340246202,1.363516617831,-1.));
#8593 = LINE('',#8594,#8595);
#8594 = CARTESIAN_POINT('',(-21.84340246202,1.363516617831,-1.));
#8595 = VECTOR('',#8596,1.);
#8596 = DIRECTION('',(0.,-2.2E-16,-1.));
#8597 = ORIENTED_EDGE('',*,*,#8598,.F.);
#8598 = EDGE_CURVE('',#8567,#8591,#8599,.T.);
#8599 = CIRCLE('',#8600,0.15);
#8600 = AXIS2_PLACEMENT_3D('',#8601,#8602,#8603);
#8601 = CARTESIAN_POINT('',(-21.85684835835,1.214120473732,-1.));
#8602 = DIRECTION('',(0.,0.,-1.));
#8603 = DIRECTION('',(-0.995974293995,8.963930890342E-02,0.));
#8604 = CYLINDRICAL_SURFACE('',#8605,0.15);
#8605 = AXIS2_PLACEMENT_3D('',#8606,#8607,#8608);
#8606 = CARTESIAN_POINT('',(-21.85684835835,1.214120473732,-1.));
#8607 = DIRECTION('',(0.,2.2E-16,1.));
#8608 = DIRECTION('',(-0.995974293995,8.963930890342E-02,
    -1.972064795875E-17));
#8609 = ADVANCED_FACE('',(#8610),#8629,.F.);
#8610 = FACE_BOUND('',#8611,.F.);
#8611 = EDGE_LOOP('',(#8612,#8613,#8614,#8622));
#8612 = ORIENTED_EDGE('',*,*,#8590,.T.);
#8613 = ORIENTED_EDGE('',*,*,#1759,.T.);
#8614 = ORIENTED_EDGE('',*,*,#8615,.F.);
#8615 = EDGE_CURVE('',#8616,#1751,#8618,.T.);
#8616 = VERTEX_POINT('',#8617);
#8617 = CARTESIAN_POINT('',(-21.4828020689,1.465578113594,-1.));
#8618 = LINE('',#8619,#8620);
#8619 = CARTESIAN_POINT('',(-21.4828020689,1.465578113594,-1.));
#8620 = VECTOR('',#8621,1.);
#8621 = DIRECTION('',(0.,-2.2E-16,-1.));
#8622 = ORIENTED_EDGE('',*,*,#8623,.F.);
#8623 = EDGE_CURVE('',#8591,#8616,#8624,.T.);
#8624 = CIRCLE('',#8625,1.469292842572);
#8625 = AXIS2_PLACEMENT_3D('',#8626,#8627,#8628);
#8626 = CARTESIAN_POINT('',(-22.05997368602,2.816760699934,-1.));
#8627 = DIRECTION('',(-0.,0.,1.));
#8628 = DIRECTION('',(0.147398270602,-0.989077221365,0.));
#8629 = CYLINDRICAL_SURFACE('',#8630,1.469292842572);
#8630 = AXIS2_PLACEMENT_3D('',#8631,#8632,#8633);
#8631 = CARTESIAN_POINT('',(-22.05997368602,2.816760699934,-1.));
#8632 = DIRECTION('',(0.,2.2E-16,1.));
#8633 = DIRECTION('',(0.147398270602,-0.989077221365,2.175969887004E-16)
  );
#8634 = ADVANCED_FACE('',(#8635),#8654,.F.);
#8635 = FACE_BOUND('',#8636,.F.);
#8636 = EDGE_LOOP('',(#8637,#8638,#8639,#8647));
#8637 = ORIENTED_EDGE('',*,*,#8615,.T.);
#8638 = ORIENTED_EDGE('',*,*,#1750,.T.);
#8639 = ORIENTED_EDGE('',*,*,#8640,.F.);
#8640 = EDGE_CURVE('',#8641,#1742,#8643,.T.);
#8641 = VERTEX_POINT('',#8642);
#8642 = CARTESIAN_POINT('',(-21.39925367865,2.39387675863,-1.));
#8643 = LINE('',#8644,#8645);
#8644 = CARTESIAN_POINT('',(-21.39925367865,2.39387675863,-1.));
#8645 = VECTOR('',#8646,1.);
#8646 = DIRECTION('',(0.,-2.2E-16,-1.));
#8647 = ORIENTED_EDGE('',*,*,#8648,.F.);
#8648 = EDGE_CURVE('',#8616,#8641,#8649,.T.);
#8649 = CIRCLE('',#8650,0.559359353945);
#8650 = AXIS2_PLACEMENT_3D('',#8651,#8652,#8653);
#8651 = CARTESIAN_POINT('',(-21.74914183791,1.957458194802,-1.));
#8652 = DIRECTION('',(-0.,0.,1.));
#8653 = DIRECTION('',(0.476151452784,-0.879363288983,0.));
#8654 = CYLINDRICAL_SURFACE('',#8655,0.559359353945);
#8655 = AXIS2_PLACEMENT_3D('',#8656,#8657,#8658);
#8656 = CARTESIAN_POINT('',(-21.74914183791,1.957458194802,-1.));
#8657 = DIRECTION('',(0.,2.2E-16,1.));
#8658 = DIRECTION('',(0.476151452784,-0.879363288983,1.934599235763E-16)
  );
#8659 = ADVANCED_FACE('',(#8660),#8679,.F.);
#8660 = FACE_BOUND('',#8661,.F.);
#8661 = EDGE_LOOP('',(#8662,#8663,#8664,#8672));
#8662 = ORIENTED_EDGE('',*,*,#8640,.T.);
#8663 = ORIENTED_EDGE('',*,*,#1741,.T.);
#8664 = ORIENTED_EDGE('',*,*,#8665,.F.);
#8665 = EDGE_CURVE('',#8666,#1733,#8668,.T.);
#8666 = VERTEX_POINT('',#8667);
#8667 = CARTESIAN_POINT('',(-21.73583529133,2.558685770625,-1.));
#8668 = LINE('',#8669,#8670);
#8669 = CARTESIAN_POINT('',(-21.73583529133,2.558685770625,-1.));
#8670 = VECTOR('',#8671,1.);
#8671 = DIRECTION('',(0.,-2.2E-16,-1.));
#8672 = ORIENTED_EDGE('',*,*,#8673,.F.);
#8673 = EDGE_CURVE('',#8641,#8666,#8674,.T.);
#8674 = CIRCLE('',#8675,1.469292842572);
#8675 = AXIS2_PLACEMENT_3D('',#8676,#8677,#8678);
#8676 = CARTESIAN_POINT('',(-22.20841287735,1.167466204049,-1.));
#8677 = DIRECTION('',(0.,-0.,1.));
#8678 = DIRECTION('',(0.550713360372,0.834694431938,0.));
#8679 = CYLINDRICAL_SURFACE('',#8680,1.469292842572);
#8680 = AXIS2_PLACEMENT_3D('',#8681,#8682,#8683);
#8681 = CARTESIAN_POINT('',(-22.20841287735,1.167466204049,-1.));
#8682 = DIRECTION('',(0.,2.2E-16,1.));
#8683 = DIRECTION('',(0.550713360372,0.834694431938,-1.836327750263E-16)
  );
#8684 = ADVANCED_FACE('',(#8685),#8704,.T.);
#8685 = FACE_BOUND('',#8686,.F.);
#8686 = EDGE_LOOP('',(#8687,#8688,#8689,#8697));
#8687 = ORIENTED_EDGE('',*,*,#8665,.T.);
#8688 = ORIENTED_EDGE('',*,*,#1732,.T.);
#8689 = ORIENTED_EDGE('',*,*,#8690,.F.);
#8690 = EDGE_CURVE('',#8691,#1725,#8693,.T.);
#8691 = VERTEX_POINT('',#8692);
#8692 = CARTESIAN_POINT('',(-21.8717855391,2.72152781106,-1.));
#8693 = LINE('',#8694,#8695);
#8694 = CARTESIAN_POINT('',(-21.8717855391,2.72152781106,-1.));
#8695 = VECTOR('',#8696,1.);
#8696 = DIRECTION('',(0.,-2.2E-16,-1.));
#8697 = ORIENTED_EDGE('',*,*,#8698,.F.);
#8698 = EDGE_CURVE('',#8666,#8691,#8699,.T.);
#8699 = CIRCLE('',#8700,0.15);
#8700 = AXIS2_PLACEMENT_3D('',#8701,#8702,#8703);
#8701 = CARTESIAN_POINT('',(-21.722389395,2.708081914725,-1.));
#8702 = DIRECTION('',(-0.,0.,-1.));
#8703 = DIRECTION('',(-8.963930890343E-02,-0.995974293995,0.));
#8704 = CYLINDRICAL_SURFACE('',#8705,0.15);
#8705 = AXIS2_PLACEMENT_3D('',#8706,#8707,#8708);
#8706 = CARTESIAN_POINT('',(-21.722389395,2.708081914725,-1.));
#8707 = DIRECTION('',(0.,2.2E-16,1.));
#8708 = DIRECTION('',(-8.963930890343E-02,-0.995974293995,
    2.19114344679E-16));
#8709 = ADVANCED_FACE('',(#8710),#8728,.F.);
#8710 = FACE_BOUND('',#8711,.F.);
#8711 = EDGE_LOOP('',(#8712,#8713,#8714,#8722));
#8712 = ORIENTED_EDGE('',*,*,#8690,.T.);
#8713 = ORIENTED_EDGE('',*,*,#1724,.T.);
#8714 = ORIENTED_EDGE('',*,*,#8715,.F.);
#8715 = EDGE_CURVE('',#8716,#1716,#8718,.T.);
#8716 = VERTEX_POINT('',#8717);
#8717 = CARTESIAN_POINT('',(-21.80761563077,3.19524909752,-1.));
#8718 = LINE('',#8719,#8720);
#8719 = CARTESIAN_POINT('',(-21.80761563077,3.19524909752,-1.));
#8720 = VECTOR('',#8721,1.);
#8721 = DIRECTION('',(0.,-2.2E-16,-1.));
#8722 = ORIENTED_EDGE('',*,*,#8723,.F.);
#8723 = EDGE_CURVE('',#8691,#8716,#8724,.T.);
#8724 = LINE('',#8725,#8726);
#8725 = CARTESIAN_POINT('',(-21.8717855391,2.72152781106,-1.));
#8726 = VECTOR('',#8727,1.);
#8727 = DIRECTION('',(0.134233265818,0.990949761768,0.));
#8728 = PLANE('',#8729);
#8729 = AXIS2_PLACEMENT_3D('',#8730,#8731,#8732);
#8730 = CARTESIAN_POINT('',(-21.8717855391,2.72152781106,-1.));
#8731 = DIRECTION('',(0.990949761768,-0.134233265818,3.E-17));
#8732 = DIRECTION('',(0.134233265818,0.990949761768,-2.2E-16));
#8733 = ADVANCED_FACE('',(#8734),#8753,.T.);
#8734 = FACE_BOUND('',#8735,.F.);
#8735 = EDGE_LOOP('',(#8736,#8737,#8738,#8746));
#8736 = ORIENTED_EDGE('',*,*,#8715,.T.);
#8737 = ORIENTED_EDGE('',*,*,#1715,.T.);
#8738 = ORIENTED_EDGE('',*,*,#8739,.F.);
#8739 = EDGE_CURVE('',#8740,#1707,#8742,.T.);
#8740 = VERTEX_POINT('',#8741);
#8741 = CARTESIAN_POINT('',(-21.63324265826,3.31605500159,-1.));
#8742 = LINE('',#8743,#8744);
#8743 = CARTESIAN_POINT('',(-21.63324265826,3.31605500159,-1.));
#8744 = VECTOR('',#8745,1.);
#8745 = DIRECTION('',(0.,-2.2E-16,-1.));
#8746 = ORIENTED_EDGE('',*,*,#8747,.F.);
#8747 = EDGE_CURVE('',#8716,#8740,#8748,.T.);
#8748 = CIRCLE('',#8749,0.15);
#8749 = AXIS2_PLACEMENT_3D('',#8750,#8751,#8752);
#8750 = CARTESIAN_POINT('',(-21.66002619248,3.1684655633,-1.));
#8751 = DIRECTION('',(0.,0.,-1.));
#8752 = DIRECTION('',(-0.983929588599,0.178556894799,0.));
#8753 = CYLINDRICAL_SURFACE('',#8754,0.15);
#8754 = AXIS2_PLACEMENT_3D('',#8755,#8756,#8757);
#8755 = CARTESIAN_POINT('',(-21.66002619248,3.1684655633,-1.));
#8756 = DIRECTION('',(0.,2.2E-16,1.));
#8757 = DIRECTION('',(-0.983929588599,0.178556894799,-3.92825168557E-17)
  );
#8758 = ADVANCED_FACE('',(#8759),#8778,.F.);
#8759 = FACE_BOUND('',#8760,.F.);
#8760 = EDGE_LOOP('',(#8761,#8762,#8763,#8771));
#8761 = ORIENTED_EDGE('',*,*,#8739,.T.);
#8762 = ORIENTED_EDGE('',*,*,#1706,.T.);
#8763 = ORIENTED_EDGE('',*,*,#8764,.F.);
#8764 = EDGE_CURVE('',#8765,#1698,#8767,.T.);
#8765 = VERTEX_POINT('',#8766);
#8766 = CARTESIAN_POINT('',(-21.26494521437,3.385381657748,-1.));
#8767 = LINE('',#8768,#8769);
#8768 = CARTESIAN_POINT('',(-21.26494521437,3.385381657748,-1.));
#8769 = VECTOR('',#8770,1.);
#8770 = DIRECTION('',(0.,-2.2E-16,-1.));
#8771 = ORIENTED_EDGE('',*,*,#8772,.F.);
#8772 = EDGE_CURVE('',#8740,#8765,#8773,.T.);
#8773 = CIRCLE('',#8774,1.469292842572);
#8774 = AXIS2_PLACEMENT_3D('',#8775,#8776,#8777);
#8775 = CARTESIAN_POINT('',(-21.718674235,4.782862045114,-1.));
#8776 = DIRECTION('',(-0.,0.,1.));
#8777 = DIRECTION('',(5.814468992335E-02,-0.998308166366,0.));
#8778 = CYLINDRICAL_SURFACE('',#8779,1.469292842572);
#8779 = AXIS2_PLACEMENT_3D('',#8780,#8781,#8782);
#8780 = CARTESIAN_POINT('',(-21.718674235,4.782862045114,-1.));
#8781 = DIRECTION('',(0.,2.2E-16,1.));
#8782 = DIRECTION('',(5.814468992335E-02,-0.998308166366,
    2.196277966006E-16));
#8783 = ADVANCED_FACE('',(#8784),#8803,.F.);
#8784 = FACE_BOUND('',#8785,.F.);
#8785 = EDGE_LOOP('',(#8786,#8787,#8788,#8796));
#8786 = ORIENTED_EDGE('',*,*,#8764,.T.);
#8787 = ORIENTED_EDGE('',*,*,#1697,.T.);
#8788 = ORIENTED_EDGE('',*,*,#8789,.F.);
#8789 = EDGE_CURVE('',#8790,#1689,#8792,.T.);
#8790 = VERTEX_POINT('',#8791);
#8791 = CARTESIAN_POINT('',(-21.09852111637,4.302454025392,-1.));
#8792 = LINE('',#8793,#8794);
#8793 = CARTESIAN_POINT('',(-21.09852111637,4.302454025392,-1.));
#8794 = VECTOR('',#8795,1.);
#8795 = DIRECTION('',(0.,-2.2E-16,-1.));
#8796 = ORIENTED_EDGE('',*,*,#8797,.F.);
#8797 = EDGE_CURVE('',#8765,#8790,#8798,.T.);
#8798 = CIRCLE('',#8799,0.559359353945);
#8799 = AXIS2_PLACEMENT_3D('',#8800,#8801,#8802);
#8800 = CARTESIAN_POINT('',(-21.48612098723,3.899156087187,-1.));
#8801 = DIRECTION('',(-0.,0.,1.));
#8802 = DIRECTION('',(0.395409089522,-0.918505118071,0.));
#8803 = CYLINDRICAL_SURFACE('',#8804,0.559359353945);
#8804 = AXIS2_PLACEMENT_3D('',#8805,#8806,#8807);
#8805 = CARTESIAN_POINT('',(-21.48612098723,3.899156087187,-1.));
#8806 = DIRECTION('',(0.,2.2E-16,1.));
#8807 = DIRECTION('',(0.395409089522,-0.918505118071,2.020711259757E-16)
  );
#8808 = ADVANCED_FACE('',(#8809),#8828,.F.);
#8809 = FACE_BOUND('',#8810,.F.);
#8810 = EDGE_LOOP('',(#8811,#8812,#8813,#8821));
#8811 = ORIENTED_EDGE('',*,*,#8789,.T.);
#8812 = ORIENTED_EDGE('',*,*,#1688,.T.);
#8813 = ORIENTED_EDGE('',*,*,#8814,.F.);
#8814 = EDGE_CURVE('',#8815,#1680,#8817,.T.);
#8815 = VERTEX_POINT('',#8816);
#8816 = CARTESIAN_POINT('',(-21.4189743845,4.496770507908,-1.));
#8817 = LINE('',#8818,#8819);
#8818 = CARTESIAN_POINT('',(-21.4189743845,4.496770507908,-1.));
#8819 = VECTOR('',#8820,1.);
#8820 = DIRECTION('',(0.,-2.2E-16,-1.));
#8821 = ORIENTED_EDGE('',*,*,#8822,.F.);
#8822 = EDGE_CURVE('',#8790,#8815,#8823,.T.);
#8823 = CIRCLE('',#8824,1.469292842572);
#8824 = AXIS2_PLACEMENT_3D('',#8825,#8826,#8827);
#8825 = CARTESIAN_POINT('',(-22.01435747258,3.153513110509,-1.));
#8826 = DIRECTION('',(0.,-0.,1.));
#8827 = DIRECTION('',(0.623317782314,0.781968632524,0.));
#8828 = CYLINDRICAL_SURFACE('',#8829,1.469292842572);
#8829 = AXIS2_PLACEMENT_3D('',#8830,#8831,#8832);
#8830 = CARTESIAN_POINT('',(-22.01435747258,3.153513110509,-1.));
#8831 = DIRECTION('',(0.,2.2E-16,1.));
#8832 = DIRECTION('',(0.623317782314,0.781968632524,-1.720330991552E-16)
  );
#8833 = ADVANCED_FACE('',(#8834),#8853,.T.);
#8834 = FACE_BOUND('',#8835,.F.);
#8835 = EDGE_LOOP('',(#8836,#8837,#8838,#8846));
#8836 = ORIENTED_EDGE('',*,*,#8814,.T.);
#8837 = ORIENTED_EDGE('',*,*,#1679,.T.);
#8838 = ORIENTED_EDGE('',*,*,#8839,.F.);
#8839 = EDGE_CURVE('',#8840,#1672,#8842,.T.);
#8840 = VERTEX_POINT('',#8841);
#8841 = CARTESIAN_POINT('',(-21.53978028857,4.671143480418,-1.));
#8842 = LINE('',#8843,#8844);
#8843 = CARTESIAN_POINT('',(-21.53978028857,4.671143480418,-1.));
#8844 = VECTOR('',#8845,1.);
#8845 = DIRECTION('',(0.,-2.2E-16,-1.));
#8846 = ORIENTED_EDGE('',*,*,#8847,.F.);
#8847 = EDGE_CURVE('',#8815,#8840,#8848,.T.);
#8848 = CIRCLE('',#8849,0.15);
#8849 = AXIS2_PLACEMENT_3D('',#8850,#8851,#8852);
#8850 = CARTESIAN_POINT('',(-21.39219085028,4.644359946198,-1.));
#8851 = DIRECTION('',(-0.,0.,-1.));
#8852 = DIRECTION('',(-0.178556894799,-0.983929588599,0.));
#8853 = CYLINDRICAL_SURFACE('',#8854,0.15);
#8854 = AXIS2_PLACEMENT_3D('',#8855,#8856,#8857);
#8855 = CARTESIAN_POINT('',(-21.39219085028,4.644359946198,-1.));
#8856 = DIRECTION('',(0.,2.2E-16,1.));
#8857 = DIRECTION('',(-0.178556894799,-0.983929588599,2.164645094917E-16
    ));
#8858 = ADVANCED_FACE('',(#8859),#8877,.F.);
#8859 = FACE_BOUND('',#8860,.F.);
#8860 = EDGE_LOOP('',(#8861,#8862,#8863,#8871));
#8861 = ORIENTED_EDGE('',*,*,#8839,.T.);
#8862 = ORIENTED_EDGE('',*,*,#1671,.T.);
#8863 = ORIENTED_EDGE('',*,*,#8864,.F.);
#8864 = EDGE_CURVE('',#8865,#1663,#8867,.T.);
#8865 = VERTEX_POINT('',#8866);
#8866 = CARTESIAN_POINT('',(-21.4334046607,5.137205558016,-1.));
#8867 = LINE('',#8868,#8869);
#8868 = CARTESIAN_POINT('',(-21.4334046607,5.137205558016,-1.));
#8869 = VECTOR('',#8870,1.);
#8870 = DIRECTION('',(0.,-2.2E-16,-1.));
#8871 = ORIENTED_EDGE('',*,*,#8872,.F.);
#8872 = EDGE_CURVE('',#8840,#8865,#8873,.T.);
#8873 = LINE('',#8874,#8875);
#8874 = CARTESIAN_POINT('',(-21.53978028857,4.671143480418,-1.));
#8875 = VECTOR('',#8876,1.);
#8876 = DIRECTION('',(0.222520933956,0.974927912182,0.));
#8877 = PLANE('',#8878);
#8878 = AXIS2_PLACEMENT_3D('',#8879,#8880,#8881);
#8879 = CARTESIAN_POINT('',(-21.53978028857,4.671143480418,-1.));
#8880 = DIRECTION('',(0.974927912182,-0.222520933956,5.E-17));
#8881 = DIRECTION('',(0.222520933956,0.974927912182,-2.2E-16));
#8882 = ADVANCED_FACE('',(#8883),#8902,.T.);
#8883 = FACE_BOUND('',#8884,.F.);
#8884 = EDGE_LOOP('',(#8885,#8886,#8887,#8895));
#8885 = ORIENTED_EDGE('',*,*,#8864,.T.);
#8886 = ORIENTED_EDGE('',*,*,#1662,.T.);
#8887 = ORIENTED_EDGE('',*,*,#8888,.F.);
#8888 = EDGE_CURVE('',#8889,#1654,#8891,.T.);
#8889 = VERTEX_POINT('',#8890);
#8890 = CARTESIAN_POINT('',(-21.24890470476,5.241894460285,-1.));
#8891 = LINE('',#8892,#8893);
#8892 = CARTESIAN_POINT('',(-21.24890470476,5.241894460285,-1.));
#8893 = VECTOR('',#8894,1.);
#8894 = DIRECTION('',(0.,-2.2E-16,-1.));
#8895 = ORIENTED_EDGE('',*,*,#8896,.F.);
#8896 = EDGE_CURVE('',#8865,#8889,#8897,.T.);
#8897 = CIRCLE('',#8898,0.15);
#8898 = AXIS2_PLACEMENT_3D('',#8899,#8900,#8901);
#8899 = CARTESIAN_POINT('',(-21.28881023159,5.097300031181,-1.));
#8900 = DIRECTION('',(0.,0.,-1.));
#8901 = DIRECTION('',(-0.963962860696,0.266036845567,0.));
#8902 = CYLINDRICAL_SURFACE('',#8903,0.15);
#8903 = AXIS2_PLACEMENT_3D('',#8904,#8905,#8906);
#8904 = CARTESIAN_POINT('',(-21.28881023159,5.097300031181,-1.));
#8905 = DIRECTION('',(0.,2.2E-16,1.));
#8906 = DIRECTION('',(-0.963962860696,0.266036845567,-5.852810602467E-17
    ));
#8907 = ADVANCED_FACE('',(#8908),#8927,.F.);
#8908 = FACE_BOUND('',#8909,.F.);
#8909 = EDGE_LOOP('',(#8910,#8911,#8912,#8920));
#8910 = ORIENTED_EDGE('',*,*,#8888,.T.);
#8911 = ORIENTED_EDGE('',*,*,#1653,.T.);
#8912 = ORIENTED_EDGE('',*,*,#8913,.F.);
#8913 = EDGE_CURVE('',#8914,#1645,#8916,.T.);
#8914 = VERTEX_POINT('',#8915);
#8915 = CARTESIAN_POINT('',(-20.87587552455,5.277928099365,-1.));
#8916 = LINE('',#8917,#8918);
#8917 = CARTESIAN_POINT('',(-20.87587552455,5.277928099365,-1.));
#8918 = VECTOR('',#8919,1.);
#8919 = DIRECTION('',(0.,-2.2E-16,-1.));
#8920 = ORIENTED_EDGE('',*,*,#8921,.F.);
#8921 = EDGE_CURVE('',#8889,#8914,#8922,.T.);
#8922 = CIRCLE('',#8923,1.469292842572);
#8923 = AXIS2_PLACEMENT_3D('',#8924,#8925,#8926);
#8924 = CARTESIAN_POINT('',(-21.20250878941,6.710454597383,-1.));
#8925 = DIRECTION('',(0.,0.,1.));
#8926 = DIRECTION('',(-3.157703760975E-02,-0.999501321008,0.));
#8927 = CYLINDRICAL_SURFACE('',#8928,1.469292842572);
#8928 = AXIS2_PLACEMENT_3D('',#8929,#8930,#8931);
#8929 = CARTESIAN_POINT('',(-21.20250878941,6.710454597383,-1.));
#8930 = DIRECTION('',(0.,2.2E-16,1.));
#8931 = DIRECTION('',(-3.157703760975E-02,-0.999501321008,
    2.198902906217E-16));
#8932 = ADVANCED_FACE('',(#8933),#8952,.F.);
#8933 = FACE_BOUND('',#8934,.F.);
#8934 = EDGE_LOOP('',(#8935,#8936,#8937,#8945));
#8935 = ORIENTED_EDGE('',*,*,#8913,.T.);
#8936 = ORIENTED_EDGE('',*,*,#1644,.T.);
#8937 = ORIENTED_EDGE('',*,*,#8938,.F.);
#8938 = EDGE_CURVE('',#8939,#1636,#8941,.T.);
#8939 = VERTEX_POINT('',#8940);
#8940 = CARTESIAN_POINT('',(-20.6279156678,6.176390462143,-1.));
#8941 = LINE('',#8942,#8943);
#8942 = CARTESIAN_POINT('',(-20.6279156678,6.176390462143,-1.));
#8943 = VECTOR('',#8944,1.);
#8944 = DIRECTION('',(0.,-2.2E-16,-1.));
#8945 = ORIENTED_EDGE('',*,*,#8946,.F.);
#8946 = EDGE_CURVE('',#8914,#8939,#8947,.T.);
#8947 = CIRCLE('',#8948,0.559359353945);
#8948 = AXIS2_PLACEMENT_3D('',#8949,#8950,#8951);
#8949 = CARTESIAN_POINT('',(-21.05010652399,5.809460267424,-1.));
#8950 = DIRECTION('',(-0.,0.,1.));
#8951 = DIRECTION('',(0.311483124768,-0.950251684021,0.));
#8952 = CYLINDRICAL_SURFACE('',#8953,0.559359353945);
#8953 = AXIS2_PLACEMENT_3D('',#8954,#8955,#8956);
#8954 = CARTESIAN_POINT('',(-21.05010652399,5.809460267424,-1.));
#8955 = DIRECTION('',(0.,2.2E-16,1.));
#8956 = DIRECTION('',(0.311483124768,-0.950251684021,2.090553704846E-16)
  );
#8957 = ADVANCED_FACE('',(#8958),#8977,.F.);
#8958 = FACE_BOUND('',#8959,.F.);
#8959 = EDGE_LOOP('',(#8960,#8961,#8962,#8970));
#8960 = ORIENTED_EDGE('',*,*,#8938,.T.);
#8961 = ORIENTED_EDGE('',*,*,#1635,.T.);
#8962 = ORIENTED_EDGE('',*,*,#8963,.F.);
#8963 = EDGE_CURVE('',#8964,#1627,#8966,.T.);
#8964 = VERTEX_POINT('',#8965);
#8965 = CARTESIAN_POINT('',(-20.92966049008,6.39864989312,-1.));
#8966 = LINE('',#8967,#8968);
#8967 = CARTESIAN_POINT('',(-20.92966049008,6.39864989312,-1.));
#8968 = VECTOR('',#8969,1.);
#8969 = DIRECTION('',(0.,-2.2E-16,-1.));
#8970 = ORIENTED_EDGE('',*,*,#8971,.F.);
#8971 = EDGE_CURVE('',#8939,#8964,#8972,.T.);
#8972 = CIRCLE('',#8973,1.469292842572);
#8973 = AXIS2_PLACEMENT_3D('',#8974,#8975,#8976);
#8974 = CARTESIAN_POINT('',(-21.64305540566,5.114169783639,-1.));
#8975 = DIRECTION('',(0.,-0.,1.));
#8976 = DIRECTION('',(0.690903615979,0.72294688147,0.));
#8977 = CYLINDRICAL_SURFACE('',#8978,1.469292842572);
#8978 = AXIS2_PLACEMENT_3D('',#8979,#8980,#8981);
#8979 = CARTESIAN_POINT('',(-21.64305540566,5.114169783639,-1.));
#8980 = DIRECTION('',(0.,2.2E-16,1.));
#8981 = DIRECTION('',(0.690903615979,0.72294688147,-1.590483139234E-16)
  );
#8982 = ADVANCED_FACE('',(#8983),#9002,.T.);
#8983 = FACE_BOUND('',#8984,.F.);
#8984 = EDGE_LOOP('',(#8985,#8986,#8987,#8995));
#8985 = ORIENTED_EDGE('',*,*,#8963,.T.);
#8986 = ORIENTED_EDGE('',*,*,#1626,.T.);
#8987 = ORIENTED_EDGE('',*,*,#8988,.F.);
#8988 = EDGE_CURVE('',#8989,#1619,#8991,.T.);
#8989 = VERTEX_POINT('',#8990);
#8990 = CARTESIAN_POINT('',(-21.03434939235,6.58314984906,-1.));
#8991 = LINE('',#8992,#8993);
#8992 = CARTESIAN_POINT('',(-21.03434939235,6.58314984906,-1.));
#8993 = VECTOR('',#8994,1.);
#8994 = DIRECTION('',(0.,-2.2E-16,-1.));
#8995 = ORIENTED_EDGE('',*,*,#8996,.F.);
#8996 = EDGE_CURVE('',#8964,#8989,#8997,.T.);
#8997 = CIRCLE('',#8998,0.15);
#8998 = AXIS2_PLACEMENT_3D('',#8999,#9000,#9001);
#8999 = CARTESIAN_POINT('',(-20.88975496324,6.543244322225,-1.));
#9000 = DIRECTION('',(-0.,0.,-1.));
#9001 = DIRECTION('',(-0.266036845567,-0.963962860696,0.));
#9002 = CYLINDRICAL_SURFACE('',#9003,0.15);
#9003 = AXIS2_PLACEMENT_3D('',#9004,#9005,#9006);
#9004 = CARTESIAN_POINT('',(-20.88975496324,6.543244322225,-1.));
#9005 = DIRECTION('',(0.,2.2E-16,1.));
#9006 = DIRECTION('',(-0.266036845567,-0.963962860696,2.120718293531E-16
    ));
#9007 = ADVANCED_FACE('',(#9008),#9026,.F.);
#9008 = FACE_BOUND('',#9009,.F.);
#9009 = EDGE_LOOP('',(#9010,#9011,#9012,#9020));
#9010 = ORIENTED_EDGE('',*,*,#8988,.T.);
#9011 = ORIENTED_EDGE('',*,*,#1618,.T.);
#9012 = ORIENTED_EDGE('',*,*,#9013,.F.);
#9013 = EDGE_CURVE('',#9014,#1610,#9016,.T.);
#9014 = VERTEX_POINT('',#9015);
#9015 = CARTESIAN_POINT('',(-20.88662451894,7.037800259986,-1.));
#9016 = LINE('',#9017,#9018);
#9017 = CARTESIAN_POINT('',(-20.88662451894,7.037800259986,-1.));
#9018 = VECTOR('',#9019,1.);
#9019 = DIRECTION('',(0.,-2.2E-16,-1.));
#9020 = ORIENTED_EDGE('',*,*,#9021,.F.);
#9021 = EDGE_CURVE('',#8989,#9014,#9022,.T.);
#9022 = LINE('',#9023,#9024);
#9023 = CARTESIAN_POINT('',(-21.03434939235,6.58314984906,-1.));
#9024 = VECTOR('',#9025,1.);
#9025 = DIRECTION('',(0.309016994375,0.951056516295,0.));
#9026 = PLANE('',#9027);
#9027 = AXIS2_PLACEMENT_3D('',#9028,#9029,#9030);
#9028 = CARTESIAN_POINT('',(-21.03434939235,6.58314984906,-1.));
#9029 = DIRECTION('',(0.951056516295,-0.309016994375,7.E-17));
#9030 = DIRECTION('',(0.309016994375,0.951056516295,-2.1E-16));
#9031 = ADVANCED_FACE('',(#9032),#9051,.T.);
#9032 = FACE_BOUND('',#9033,.F.);
#9033 = EDGE_LOOP('',(#9034,#9035,#9036,#9044));
#9034 = ORIENTED_EDGE('',*,*,#9013,.T.);
#9035 = ORIENTED_EDGE('',*,*,#1609,.T.);
#9036 = ORIENTED_EDGE('',*,*,#9037,.F.);
#9037 = EDGE_CURVE('',#9038,#1601,#9040,.T.);
#9038 = VERTEX_POINT('',#9039);
#9039 = CARTESIAN_POINT('',(-20.69348306473,7.12552926697,-1.));
#9040 = LINE('',#9041,#9042);
#9041 = CARTESIAN_POINT('',(-20.69348306473,7.12552926697,-1.));
#9042 = VECTOR('',#9043,1.);
#9043 = DIRECTION('',(0.,-2.2E-16,-1.));
#9044 = ORIENTED_EDGE('',*,*,#9045,.F.);
#9045 = EDGE_CURVE('',#9014,#9038,#9046,.T.);
#9046 = CIRCLE('',#9047,0.15);
#9047 = AXIS2_PLACEMENT_3D('',#9048,#9049,#9050);
#9048 = CARTESIAN_POINT('',(-20.74618928834,6.985094036374,-1.));
#9049 = DIRECTION('',(0.,0.,-1.));
#9050 = DIRECTION('',(-0.93623487064,0.351374824081,0.));
#9051 = CYLINDRICAL_SURFACE('',#9052,0.15);
#9052 = AXIS2_PLACEMENT_3D('',#9053,#9054,#9055);
#9053 = CARTESIAN_POINT('',(-20.74618928834,6.985094036374,-1.));
#9054 = DIRECTION('',(0.,2.2E-16,1.));
#9055 = DIRECTION('',(-0.93623487064,0.351374824081,-7.73024612979E-17)
  );
#9056 = ADVANCED_FACE('',(#9057),#9076,.F.);
#9057 = FACE_BOUND('',#9058,.F.);
#9058 = EDGE_LOOP('',(#9059,#9060,#9061,#9069));
#9059 = ORIENTED_EDGE('',*,*,#9037,.T.);
#9060 = ORIENTED_EDGE('',*,*,#1600,.T.);
#9061 = ORIENTED_EDGE('',*,*,#9062,.F.);
#9062 = EDGE_CURVE('',#9063,#1592,#9065,.T.);
#9063 = VERTEX_POINT('',#9064);
#9064 = CARTESIAN_POINT('',(-20.31872555983,7.127979767298,-1.));
#9065 = LINE('',#9066,#9067);
#9066 = CARTESIAN_POINT('',(-20.31872555983,7.127979767298,-1.));
#9067 = VECTOR('',#9068,1.);
#9068 = DIRECTION('',(0.,-2.2E-16,-1.));
#9069 = ORIENTED_EDGE('',*,*,#9070,.F.);
#9070 = EDGE_CURVE('',#9038,#9063,#9071,.T.);
#9071 = CIRCLE('',#9072,1.469292842572);
#9072 = AXIS2_PLACEMENT_3D('',#9073,#9074,#9075);
#9073 = CARTESIAN_POINT('',(-20.51563320992,8.584018514918,-1.));
#9074 = DIRECTION('',(0.,0.,1.));
#9075 = DIRECTION('',(-0.121044525403,-0.992647078709,0.));
#9076 = CYLINDRICAL_SURFACE('',#9077,1.469292842572);
#9077 = AXIS2_PLACEMENT_3D('',#9078,#9079,#9080);
#9078 = CARTESIAN_POINT('',(-20.51563320992,8.584018514918,-1.));
#9079 = DIRECTION('',(0.,2.2E-16,1.));
#9080 = DIRECTION('',(-0.121044525403,-0.992647078709,2.18382357316E-16)
  );
#9081 = ADVANCED_FACE('',(#9082),#9101,.F.);
#9082 = FACE_BOUND('',#9083,.F.);
#9083 = EDGE_LOOP('',(#9084,#9085,#9086,#9094));
#9084 = ORIENTED_EDGE('',*,*,#9062,.T.);
#9085 = ORIENTED_EDGE('',*,*,#1591,.T.);
#9086 = ORIENTED_EDGE('',*,*,#9087,.F.);
#9087 = EDGE_CURVE('',#9088,#1583,#9090,.T.);
#9088 = VERTEX_POINT('',#9089);
#9089 = CARTESIAN_POINT('',(-19.99122637129,8.000598234552,-1.));
#9090 = LINE('',#9091,#9092);
#9091 = CARTESIAN_POINT('',(-19.99122637129,8.000598234552,-1.));
#9092 = VECTOR('',#9093,1.);
#9093 = DIRECTION('',(0.,-2.2E-16,-1.));
#9094 = ORIENTED_EDGE('',*,*,#9095,.F.);
#9095 = EDGE_CURVE('',#9063,#9088,#9096,.T.);
#9096 = CIRCLE('',#9097,0.559359353945);
#9097 = AXIS2_PLACEMENT_3D('',#9098,#9099,#9100);
#9098 = CARTESIAN_POINT('',(-20.44460898028,7.672990089496,-1.));
#9099 = DIRECTION('',(-0.,0.,1.));
#9100 = DIRECTION('',(0.225049281042,-0.97434738215,0.));
#9101 = CYLINDRICAL_SURFACE('',#9102,0.559359353945);
#9102 = AXIS2_PLACEMENT_3D('',#9103,#9104,#9105);
#9103 = CARTESIAN_POINT('',(-20.44460898028,7.672990089496,-1.));
#9104 = DIRECTION('',(0.,2.2E-16,1.));
#9105 = DIRECTION('',(0.225049281042,-0.97434738215,2.14356424073E-16));
#9106 = ADVANCED_FACE('',(#9107),#9126,.F.);
#9107 = FACE_BOUND('',#9108,.F.);
#9108 = EDGE_LOOP('',(#9109,#9110,#9111,#9119));
#9109 = ORIENTED_EDGE('',*,*,#9087,.T.);
#9110 = ORIENTED_EDGE('',*,*,#1582,.T.);
#9111 = ORIENTED_EDGE('',*,*,#9112,.F.);
#9112 = EDGE_CURVE('',#9113,#1574,#9115,.T.);
#9113 = VERTEX_POINT('',#9114);
#9114 = CARTESIAN_POINT('',(-20.27183327583,8.249011111738,-1.));
#9115 = LINE('',#9116,#9117);
#9116 = CARTESIAN_POINT('',(-20.27183327583,8.249011111738,-1.));
#9117 = VECTOR('',#9118,1.);
#9118 = DIRECTION('',(0.,-2.2E-16,-1.));
#9119 = ORIENTED_EDGE('',*,*,#9120,.F.);
#9120 = EDGE_CURVE('',#9088,#9113,#9121,.T.);
#9121 = CIRCLE('',#9122,1.469292842572);
#9122 = AXIS2_PLACEMENT_3D('',#9123,#9124,#9125);
#9123 = CARTESIAN_POINT('',(-21.09749618254,7.033650168755,-1.));
#9124 = DIRECTION('',(0.,-0.,1.));
#9125 = DIRECTION('',(0.752926699972,0.658104387213,0.));
#9126 = CYLINDRICAL_SURFACE('',#9127,1.469292842572);
#9127 = AXIS2_PLACEMENT_3D('',#9128,#9129,#9130);
#9128 = CARTESIAN_POINT('',(-21.09749618254,7.033650168755,-1.));
#9129 = DIRECTION('',(0.,2.2E-16,1.));
#9130 = DIRECTION('',(0.752926699972,0.658104387213,-1.447829651869E-16)
  );
#9131 = ADVANCED_FACE('',(#9132),#9151,.T.);
#9132 = FACE_BOUND('',#9133,.F.);
#9133 = EDGE_LOOP('',(#9134,#9135,#9136,#9144));
#9134 = ORIENTED_EDGE('',*,*,#9112,.T.);
#9135 = ORIENTED_EDGE('',*,*,#1573,.T.);
#9136 = ORIENTED_EDGE('',*,*,#9137,.F.);
#9137 = EDGE_CURVE('',#9138,#1566,#9140,.T.);
#9138 = VERTEX_POINT('',#9139);
#9139 = CARTESIAN_POINT('',(-20.35956228282,8.442152565946,-1.));
#9140 = LINE('',#9141,#9142);
#9141 = CARTESIAN_POINT('',(-20.35956228282,8.442152565946,-1.));
#9142 = VECTOR('',#9143,1.);
#9143 = DIRECTION('',(0.,-2.2E-16,-1.));
#9144 = ORIENTED_EDGE('',*,*,#9145,.F.);
#9145 = EDGE_CURVE('',#9113,#9138,#9146,.T.);
#9146 = CIRCLE('',#9147,0.15);
#9147 = AXIS2_PLACEMENT_3D('',#9148,#9149,#9150);
#9148 = CARTESIAN_POINT('',(-20.21912705222,8.389446342334,-1.));
#9149 = DIRECTION('',(-0.,0.,-1.));
#9150 = DIRECTION('',(-0.351374824081,-0.93623487064,0.));
#9151 = CYLINDRICAL_SURFACE('',#9152,0.15);
#9152 = AXIS2_PLACEMENT_3D('',#9153,#9154,#9155);
#9153 = CARTESIAN_POINT('',(-20.21912705222,8.389446342334,-1.));
#9154 = DIRECTION('',(0.,2.2E-16,1.));
#9155 = DIRECTION('',(-0.351374824081,-0.93623487064,2.059716715407E-16)
  );
#9156 = ADVANCED_FACE('',(#9157),#9175,.F.);
#9157 = FACE_BOUND('',#9158,.F.);
#9158 = EDGE_LOOP('',(#9159,#9160,#9161,#9169));
#9159 = ORIENTED_EDGE('',*,*,#9137,.T.);
#9160 = ORIENTED_EDGE('',*,*,#1565,.T.);
#9161 = ORIENTED_EDGE('',*,*,#9162,.F.);
#9162 = EDGE_CURVE('',#9163,#1557,#9165,.T.);
#9163 = VERTEX_POINT('',#9164);
#9164 = CARTESIAN_POINT('',(-20.17167755769,8.881730732423,-1.));
#9165 = LINE('',#9166,#9167);
#9166 = CARTESIAN_POINT('',(-20.17167755769,8.881730732423,-1.));
#9167 = VECTOR('',#9168,1.);
#9168 = DIRECTION('',(0.,-2.2E-16,-1.));
#9169 = ORIENTED_EDGE('',*,*,#9170,.F.);
#9170 = EDGE_CURVE('',#9138,#9163,#9171,.T.);
#9171 = LINE('',#9172,#9173);
#9172 = CARTESIAN_POINT('',(-20.35956228282,8.442152565946,-1.));
#9173 = VECTOR('',#9174,1.);
#9174 = DIRECTION('',(0.393025031654,0.919527772551,0.));
#9175 = PLANE('',#9176);
#9176 = AXIS2_PLACEMENT_3D('',#9177,#9178,#9179);
#9177 = CARTESIAN_POINT('',(-20.35956228282,8.442152565946,-1.));
#9178 = DIRECTION('',(0.919527772551,-0.393025031654,9.E-17));
#9179 = DIRECTION('',(0.393025031654,0.919527772551,-2.E-16));
#9180 = ADVANCED_FACE('',(#9181),#9200,.T.);
#9181 = FACE_BOUND('',#9182,.F.);
#9182 = EDGE_LOOP('',(#9183,#9184,#9185,#9193));
#9183 = ORIENTED_EDGE('',*,*,#9162,.T.);
#9184 = ORIENTED_EDGE('',*,*,#1556,.T.);
#9185 = ORIENTED_EDGE('',*,*,#9186,.F.);
#9186 = EDGE_CURVE('',#9187,#1548,#9189,.T.);
#9187 = VERTEX_POINT('',#9188);
#9188 = CARTESIAN_POINT('',(-19.97144966663,8.951793501741,-1.));
#9189 = LINE('',#9190,#9191);
#9190 = CARTESIAN_POINT('',(-19.97144966663,8.951793501741,-1.));
#9191 = VECTOR('',#9192,1.);
#9192 = DIRECTION('',(0.,-2.2E-16,-1.));
#9193 = ORIENTED_EDGE('',*,*,#9194,.F.);
#9194 = EDGE_CURVE('',#9163,#9187,#9195,.T.);
#9195 = CIRCLE('',#9196,0.15);
#9196 = AXIS2_PLACEMENT_3D('',#9197,#9198,#9199);
#9197 = CARTESIAN_POINT('',(-20.0365322275,8.816648171555,-1.));
#9198 = DIRECTION('',(0.,0.,-1.));
#9199 = DIRECTION('',(-0.900968867902,0.433883739118,0.));
#9200 = CYLINDRICAL_SURFACE('',#9201,0.15);
#9201 = AXIS2_PLACEMENT_3D('',#9202,#9203,#9204);
#9202 = CARTESIAN_POINT('',(-20.0365322275,8.816648171555,-1.));
#9203 = DIRECTION('',(0.,2.2E-16,1.));
#9204 = DIRECTION('',(-0.900968867902,0.433883739118,-9.545442260586E-17
    ));
#9205 = ADVANCED_FACE('',(#9206),#9225,.F.);
#9206 = FACE_BOUND('',#9207,.F.);
#9207 = EDGE_LOOP('',(#9208,#9209,#9210,#9218));
#9208 = ORIENTED_EDGE('',*,*,#9186,.T.);
#9209 = ORIENTED_EDGE('',*,*,#1547,.T.);
#9210 = ORIENTED_EDGE('',*,*,#9211,.F.);
#9211 = EDGE_CURVE('',#9212,#1539,#9214,.T.);
#9212 = VERTEX_POINT('',#9213);
#9213 = CARTESIAN_POINT('',(-19.59798116412,8.920641133329,-1.));
#9214 = LINE('',#9215,#9216);
#9215 = CARTESIAN_POINT('',(-19.59798116412,8.920641133329,-1.));
#9216 = VECTOR('',#9217,1.);
#9217 = DIRECTION('',(0.,-2.2E-16,-1.));
#9218 = ORIENTED_EDGE('',*,*,#9219,.F.);
#9219 = EDGE_CURVE('',#9187,#9212,#9220,.T.);
#9220 = CIRCLE('',#9221,1.469292842572);
#9221 = AXIS2_PLACEMENT_3D('',#9222,#9223,#9224);
#9222 = CARTESIAN_POINT('',(-19.66357781483,10.388468962692,-1.));
#9223 = DIRECTION('',(0.,0.,1.));
#9224 = DIRECTION('',(-0.209537433851,-0.9778006258,0.));
#9225 = CYLINDRICAL_SURFACE('',#9226,1.469292842572);
#9226 = AXIS2_PLACEMENT_3D('',#9227,#9228,#9229);
#9227 = CARTESIAN_POINT('',(-19.66357781483,10.388468962692,-1.));
#9228 = DIRECTION('',(0.,2.2E-16,1.));
#9229 = DIRECTION('',(-0.209537433851,-0.9778006258,2.15116137676E-16));
#9230 = ADVANCED_FACE('',(#9231),#9250,.F.);
#9231 = FACE_BOUND('',#9232,.F.);
#9232 = EDGE_LOOP('',(#9233,#9234,#9235,#9243));
#9233 = ORIENTED_EDGE('',*,*,#9211,.T.);
#9234 = ORIENTED_EDGE('',*,*,#1538,.T.);
#9235 = ORIENTED_EDGE('',*,*,#9236,.F.);
#9236 = EDGE_CURVE('',#9237,#1530,#9239,.T.);
#9237 = VERTEX_POINT('',#9238);
#9238 = CARTESIAN_POINT('',(-19.19357947468,9.760389894252,-1.));
#9239 = LINE('',#9240,#9241);
#9240 = CARTESIAN_POINT('',(-19.19357947468,9.760389894252,-1.));
#9241 = VECTOR('',#9242,1.);
#9242 = DIRECTION('',(0.,-2.2E-16,-1.));
#9243 = ORIENTED_EDGE('',*,*,#9244,.F.);
#9244 = EDGE_CURVE('',#9212,#9237,#9245,.T.);
#9245 = CIRCLE('',#9246,0.559359353945);
#9246 = AXIS2_PLACEMENT_3D('',#9247,#9248,#9249);
#9247 = CARTESIAN_POINT('',(-19.6745034663,9.474741507011,-1.));
#9248 = DIRECTION('',(-0.,0.,1.));
#9249 = DIRECTION('',(0.136803472832,-0.990598208065,0.));
#9250 = CYLINDRICAL_SURFACE('',#9251,0.559359353945);
#9251 = AXIS2_PLACEMENT_3D('',#9252,#9253,#9254);
#9252 = CARTESIAN_POINT('',(-19.6745034663,9.474741507011,-1.));
#9253 = DIRECTION('',(0.,2.2E-16,1.));
#9254 = DIRECTION('',(0.136803472832,-0.990598208065,2.179316057742E-16)
  );
#9255 = ADVANCED_FACE('',(#9256),#9275,.F.);
#9256 = FACE_BOUND('',#9257,.F.);
#9257 = EDGE_LOOP('',(#9258,#9259,#9260,#9268));
#9258 = ORIENTED_EDGE('',*,*,#9236,.T.);
#9259 = ORIENTED_EDGE('',*,*,#1529,.T.);
#9260 = ORIENTED_EDGE('',*,*,#9261,.F.);
#9261 = EDGE_CURVE('',#9262,#1521,#9264,.T.);
#9262 = VERTEX_POINT('',#9263);
#9263 = CARTESIAN_POINT('',(-19.45078917969,10.032956143223,-1.));
#9264 = LINE('',#9265,#9266);
#9265 = CARTESIAN_POINT('',(-19.45078917969,10.032956143223,-1.));
#9266 = VECTOR('',#9267,1.);
#9267 = DIRECTION('',(0.,-2.2E-16,-1.));
#9268 = ORIENTED_EDGE('',*,*,#9269,.F.);
#9269 = EDGE_CURVE('',#9237,#9262,#9270,.T.);
#9270 = CIRCLE('',#9271,1.469292842572);
#9271 = AXIS2_PLACEMENT_3D('',#9272,#9273,#9274);
#9272 = CARTESIAN_POINT('',(-20.38207232527,8.896499738431,-1.));
#9273 = DIRECTION('',(0.,-0.,1.));
#9274 = DIRECTION('',(0.808887660891,0.587963223389,0.));
#9275 = CYLINDRICAL_SURFACE('',#9276,1.469292842572);
#9276 = AXIS2_PLACEMENT_3D('',#9277,#9278,#9279);
#9277 = CARTESIAN_POINT('',(-20.38207232527,8.896499738431,-1.));
#9278 = DIRECTION('',(0.,2.2E-16,1.));
#9279 = DIRECTION('',(0.808887660891,0.587963223389,-1.293519091456E-16)
  );
#9280 = ADVANCED_FACE('',(#9281),#9300,.T.);
#9281 = FACE_BOUND('',#9282,.F.);
#9282 = EDGE_LOOP('',(#9283,#9284,#9285,#9293));
#9283 = ORIENTED_EDGE('',*,*,#9261,.T.);
#9284 = ORIENTED_EDGE('',*,*,#1520,.T.);
#9285 = ORIENTED_EDGE('',*,*,#9286,.F.);
#9286 = EDGE_CURVE('',#9287,#1513,#9289,.T.);
#9287 = VERTEX_POINT('',#9288);
#9288 = CARTESIAN_POINT('',(-19.52085194901,10.233184034276,-1.));
#9289 = LINE('',#9290,#9291);
#9290 = CARTESIAN_POINT('',(-19.52085194901,10.233184034276,-1.));
#9291 = VECTOR('',#9292,1.);
#9292 = DIRECTION('',(0.,-2.2E-16,-1.));
#9293 = ORIENTED_EDGE('',*,*,#9294,.F.);
#9294 = EDGE_CURVE('',#9262,#9287,#9295,.T.);
#9295 = CIRCLE('',#9296,0.15);
#9296 = AXIS2_PLACEMENT_3D('',#9297,#9298,#9299);
#9297 = CARTESIAN_POINT('',(-19.38570661883,10.168101473409,-1.));
#9298 = DIRECTION('',(-0.,0.,-1.));
#9299 = DIRECTION('',(-0.433883739118,-0.900968867902,0.));
#9300 = CYLINDRICAL_SURFACE('',#9301,0.15);
#9301 = AXIS2_PLACEMENT_3D('',#9302,#9303,#9304);
#9302 = CARTESIAN_POINT('',(-19.38570661883,10.168101473409,-1.));
#9303 = DIRECTION('',(0.,2.2E-16,1.));
#9304 = DIRECTION('',(-0.433883739118,-0.900968867902,1.982131509385E-16
    ));
#9305 = ADVANCED_FACE('',(#9306),#9324,.F.);
#9306 = FACE_BOUND('',#9307,.F.);
#9307 = EDGE_LOOP('',(#9308,#9309,#9310,#9318));
#9308 = ORIENTED_EDGE('',*,*,#9286,.T.);
#9309 = ORIENTED_EDGE('',*,*,#1512,.T.);
#9310 = ORIENTED_EDGE('',*,*,#9311,.F.);
#9311 = EDGE_CURVE('',#9312,#1504,#9314,.T.);
#9312 = VERTEX_POINT('',#9313);
#9313 = CARTESIAN_POINT('',(-19.2943201095,10.654150731375,-1.));
#9314 = LINE('',#9315,#9316);
#9315 = CARTESIAN_POINT('',(-19.2943201095,10.654150731375,-1.));
#9316 = VECTOR('',#9317,1.);
#9317 = DIRECTION('',(0.,-2.2E-16,-1.));
#9318 = ORIENTED_EDGE('',*,*,#9319,.F.);
#9319 = EDGE_CURVE('',#9287,#9312,#9320,.T.);
#9320 = LINE('',#9321,#9322);
#9321 = CARTESIAN_POINT('',(-19.52085194901,10.233184034276,-1.));
#9322 = VECTOR('',#9323,1.);
#9323 = DIRECTION('',(0.473868662473,0.880595531857,0.));
#9324 = PLANE('',#9325);
#9325 = AXIS2_PLACEMENT_3D('',#9326,#9327,#9328);
#9326 = CARTESIAN_POINT('',(-19.52085194901,10.233184034276,-1.));
#9327 = DIRECTION('',(0.880595531857,-0.473868662473,1.1E-16));
#9328 = DIRECTION('',(0.473868662473,0.880595531857,-2.E-16));
#9329 = ADVANCED_FACE('',(#9330),#9349,.T.);
#9330 = FACE_BOUND('',#9331,.F.);
#9331 = EDGE_LOOP('',(#9332,#9333,#9334,#9342));
#9332 = ORIENTED_EDGE('',*,*,#9311,.T.);
#9333 = ORIENTED_EDGE('',*,*,#1503,.T.);
#9334 = ORIENTED_EDGE('',*,*,#9335,.F.);
#9335 = EDGE_CURVE('',#9336,#1495,#9338,.T.);
#9336 = VERTEX_POINT('',#9337);
#9337 = CARTESIAN_POINT('',(-19.08861789885,10.705983158804,-1.));
#9338 = LINE('',#9339,#9340);
#9339 = CARTESIAN_POINT('',(-19.08861789885,10.705983158804,-1.));
#9340 = VECTOR('',#9341,1.);
#9341 = DIRECTION('',(0.,-2.2E-16,-1.));
#9342 = ORIENTED_EDGE('',*,*,#9343,.F.);
#9343 = EDGE_CURVE('',#9312,#9336,#9344,.T.);
#9344 = CIRCLE('',#9345,0.15);
#9345 = AXIS2_PLACEMENT_3D('',#9346,#9347,#9348);
#9346 = CARTESIAN_POINT('',(-19.16555279046,10.577215839764,-1.));
#9347 = DIRECTION('',(0.,0.,-1.));
#9348 = DIRECTION('',(-0.858448793602,0.512899277406,0.));
#9349 = CYLINDRICAL_SURFACE('',#9350,0.15);
#9350 = AXIS2_PLACEMENT_3D('',#9351,#9352,#9353);
#9351 = CARTESIAN_POINT('',(-19.16555279046,10.577215839764,-1.));
#9352 = DIRECTION('',(0.,2.2E-16,1.));
#9353 = DIRECTION('',(-0.858448793602,0.512899277406,-1.128378410293E-16
    ));
#9354 = ADVANCED_FACE('',(#9355),#9374,.F.);
#9355 = FACE_BOUND('',#9356,.F.);
#9356 = EDGE_LOOP('',(#9357,#9358,#9359,#9367));
#9357 = ORIENTED_EDGE('',*,*,#9335,.T.);
#9358 = ORIENTED_EDGE('',*,*,#1494,.T.);
#9359 = ORIENTED_EDGE('',*,*,#9360,.F.);
#9360 = EDGE_CURVE('',#9361,#1486,#9363,.T.);
#9361 = VERTEX_POINT('',#9362);
#9362 = CARTESIAN_POINT('',(-18.7194453475,10.641478742207,-1.));
#9363 = LINE('',#9364,#9365);
#9364 = CARTESIAN_POINT('',(-18.7194453475,10.641478742207,-1.));
#9365 = VECTOR('',#9366,1.);
#9366 = DIRECTION('',(0.,-2.2E-16,-1.));
#9367 = ORIENTED_EDGE('',*,*,#9368,.F.);
#9368 = EDGE_CURVE('',#9336,#9361,#9369,.T.);
#9369 = CIRCLE('',#9370,1.469292842573);
#9370 = AXIS2_PLACEMENT_3D('',#9371,#9372,#9373);
#9371 = CARTESIAN_POINT('',(-18.65320285316,12.109277566699,-1.));
#9372 = DIRECTION('',(0.,0.,1.));
#9373 = DIRECTION('',(-0.296343270087,-0.95508149719,0.));
#9374 = CYLINDRICAL_SURFACE('',#9375,1.469292842573);
#9375 = AXIS2_PLACEMENT_3D('',#9376,#9377,#9378);
#9376 = CARTESIAN_POINT('',(-18.65320285316,12.109277566699,-1.));
#9377 = DIRECTION('',(0.,2.2E-16,1.));
#9378 = DIRECTION('',(-0.296343270087,-0.95508149719,2.101179293817E-16)
  );
#9379 = ADVANCED_FACE('',(#9380),#9399,.F.);
#9380 = FACE_BOUND('',#9381,.F.);
#9381 = EDGE_LOOP('',(#9382,#9383,#9384,#9392));
#9382 = ORIENTED_EDGE('',*,*,#9360,.T.);
#9383 = ORIENTED_EDGE('',*,*,#1485,.T.);
#9384 = ORIENTED_EDGE('',*,*,#9385,.F.);
#9385 = EDGE_CURVE('',#9386,#1477,#9388,.T.);
#9386 = VERTEX_POINT('',#9387);
#9387 = CARTESIAN_POINT('',(-18.24139716179,11.44159663354,-1.));
#9388 = LINE('',#9389,#9390);
#9389 = CARTESIAN_POINT('',(-18.24139716179,11.44159663354,-1.));
#9390 = VECTOR('',#9391,1.);
#9391 = DIRECTION('',(0.,-2.2E-16,-1.));
#9392 = ORIENTED_EDGE('',*,*,#9393,.F.);
#9393 = EDGE_CURVE('',#9361,#9386,#9394,.T.);
#9394 = CIRCLE('',#9395,0.559359353945);
#9395 = AXIS2_PLACEMENT_3D('',#9396,#9397,#9398);
#9396 = CARTESIAN_POINT('',(-18.74599041882,11.200207876971,-1.));
#9397 = DIRECTION('',(-0.,0.,1.));
#9398 = DIRECTION('',(4.745620349852E-02,-0.99887331967,0.));
#9399 = CYLINDRICAL_SURFACE('',#9400,0.559359353945);
#9400 = AXIS2_PLACEMENT_3D('',#9401,#9402,#9403);
#9401 = CARTESIAN_POINT('',(-18.74599041882,11.200207876971,-1.));
#9402 = DIRECTION('',(0.,2.2E-16,1.));
#9403 = DIRECTION('',(4.745620349852E-02,-0.99887331967,
    2.197521303275E-16));
#9404 = ADVANCED_FACE('',(#9405),#9424,.F.);
#9405 = FACE_BOUND('',#9406,.F.);
#9406 = EDGE_LOOP('',(#9407,#9408,#9409,#9417));
#9407 = ORIENTED_EDGE('',*,*,#9385,.T.);
#9408 = ORIENTED_EDGE('',*,*,#1476,.T.);
#9409 = ORIENTED_EDGE('',*,*,#9410,.F.);
#9410 = EDGE_CURVE('',#9411,#1468,#9413,.T.);
#9411 = VERTEX_POINT('',#9412);
#9412 = CARTESIAN_POINT('',(-18.47313876596,11.736121711127,-1.));
#9413 = LINE('',#9414,#9415);
#9414 = CARTESIAN_POINT('',(-18.47313876596,11.736121711127,-1.));
#9415 = VECTOR('',#9416,1.);
#9416 = DIRECTION('',(0.,-2.2E-16,-1.));
#9417 = ORIENTED_EDGE('',*,*,#9418,.F.);
#9418 = EDGE_CURVE('',#9386,#9411,#9419,.T.);
#9419 = CIRCLE('',#9420,1.469292842572);
#9420 = AXIS2_PLACEMENT_3D('',#9421,#9422,#9423);
#9421 = CARTESIAN_POINT('',(-19.50254400611,10.68771992327,-1.));
#9422 = DIRECTION('',(0.,-0.,1.));
#9423 = DIRECTION('',(0.858335933983,0.513088125408,0.));
#9424 = CYLINDRICAL_SURFACE('',#9425,1.469292842572);
#9425 = AXIS2_PLACEMENT_3D('',#9426,#9427,#9428);
#9426 = CARTESIAN_POINT('',(-19.50254400611,10.68771992327,-1.));
#9427 = DIRECTION('',(0.,2.2E-16,1.));
#9428 = DIRECTION('',(0.858335933983,0.513088125408,-1.128793875897E-16)
  );
#9429 = ADVANCED_FACE('',(#9430),#9449,.T.);
#9430 = FACE_BOUND('',#9431,.F.);
#9431 = EDGE_LOOP('',(#9432,#9433,#9434,#9442));
#9432 = ORIENTED_EDGE('',*,*,#9410,.T.);
#9433 = ORIENTED_EDGE('',*,*,#1467,.T.);
#9434 = ORIENTED_EDGE('',*,*,#9435,.F.);
#9435 = EDGE_CURVE('',#9436,#1460,#9438,.T.);
#9436 = VERTEX_POINT('',#9437);
#9437 = CARTESIAN_POINT('',(-18.52497119339,11.941823921778,-1.));
#9438 = LINE('',#9439,#9440);
#9439 = CARTESIAN_POINT('',(-18.52497119339,11.941823921778,-1.));
#9440 = VECTOR('',#9441,1.);
#9441 = DIRECTION('',(0.,-2.2E-16,-1.));
#9442 = ORIENTED_EDGE('',*,*,#9443,.F.);
#9443 = EDGE_CURVE('',#9411,#9436,#9444,.T.);
#9444 = CIRCLE('',#9445,0.15);
#9445 = AXIS2_PLACEMENT_3D('',#9446,#9447,#9448);
#9446 = CARTESIAN_POINT('',(-18.39620387435,11.864889030167,-1.));
#9447 = DIRECTION('',(-0.,0.,-1.));
#9448 = DIRECTION('',(-0.512899277406,-0.858448793602,0.));
#9449 = CYLINDRICAL_SURFACE('',#9450,0.15);
#9450 = AXIS2_PLACEMENT_3D('',#9451,#9452,#9453);
#9451 = CARTESIAN_POINT('',(-18.39620387435,11.864889030167,-1.));
#9452 = DIRECTION('',(0.,2.2E-16,1.));
#9453 = DIRECTION('',(-0.512899277406,-0.858448793602,1.888587345924E-16
    ));
#9454 = ADVANCED_FACE('',(#9455),#9473,.F.);
#9455 = FACE_BOUND('',#9456,.F.);
#9456 = EDGE_LOOP('',(#9457,#9458,#9459,#9467));
#9457 = ORIENTED_EDGE('',*,*,#9435,.T.);
#9458 = ORIENTED_EDGE('',*,*,#1459,.T.);
#9459 = ORIENTED_EDGE('',*,*,#9460,.F.);
#9460 = EDGE_CURVE('',#9461,#1451,#9463,.T.);
#9461 = VERTEX_POINT('',#9462);
#9462 = CARTESIAN_POINT('',(-18.26161614066,12.340789773177,-1.));
#9463 = LINE('',#9464,#9465);
#9464 = CARTESIAN_POINT('',(-18.26161614066,12.340789773177,-1.));
#9465 = VECTOR('',#9466,1.);
#9466 = DIRECTION('',(0.,-2.2E-16,-1.));
#9467 = ORIENTED_EDGE('',*,*,#9468,.F.);
#9468 = EDGE_CURVE('',#9436,#9461,#9469,.T.);
#9469 = LINE('',#9470,#9471);
#9470 = CARTESIAN_POINT('',(-18.52497119339,11.941823921778,-1.));
#9471 = VECTOR('',#9472,1.);
#9472 = DIRECTION('',(0.550896981452,0.834573253721,0.));
#9473 = PLANE('',#9474);
#9474 = AXIS2_PLACEMENT_3D('',#9475,#9476,#9477);
#9475 = CARTESIAN_POINT('',(-18.52497119339,11.941823921778,-1.));
#9476 = DIRECTION('',(0.834573253721,-0.550896981452,1.2E-16));
#9477 = DIRECTION('',(0.550896981452,0.834573253721,-1.9E-16));
#9478 = ADVANCED_FACE('',(#9479),#9498,.T.);
#9479 = FACE_BOUND('',#9480,.F.);
#9480 = EDGE_LOOP('',(#9481,#9482,#9483,#9491));
#9481 = ORIENTED_EDGE('',*,*,#9460,.T.);
#9482 = ORIENTED_EDGE('',*,*,#1450,.T.);
#9483 = ORIENTED_EDGE('',*,*,#9484,.F.);
#9484 = EDGE_CURVE('',#9485,#1442,#9487,.T.);
#9485 = VERTEX_POINT('',#9486);
#9486 = CARTESIAN_POINT('',(-18.05209580366,12.37397453449,-1.));
#9487 = LINE('',#9488,#9489);
#9488 = CARTESIAN_POINT('',(-18.05209580366,12.37397453449,-1.));
#9489 = VECTOR('',#9490,1.);
#9490 = DIRECTION('',(0.,-2.2E-16,-1.));
#9491 = ORIENTED_EDGE('',*,*,#9492,.F.);
#9492 = EDGE_CURVE('',#9461,#9485,#9493,.T.);
#9493 = CIRCLE('',#9494,0.15);
#9494 = AXIS2_PLACEMENT_3D('',#9495,#9496,#9497);
#9495 = CARTESIAN_POINT('',(-18.1402635915,12.252621985334,-1.));
#9496 = DIRECTION('',(0.,0.,-1.));
#9497 = DIRECTION('',(-0.809016994375,0.587785252292,0.));
#9498 = CYLINDRICAL_SURFACE('',#9499,0.15);
#9499 = AXIS2_PLACEMENT_3D('',#9500,#9501,#9502);
#9500 = CARTESIAN_POINT('',(-18.1402635915,12.252621985334,-1.));
#9501 = DIRECTION('',(0.,2.2E-16,1.));
#9502 = DIRECTION('',(-0.809016994375,0.587785252292,-1.293127555043E-16
    ));
#9503 = ADVANCED_FACE('',(#9504),#9523,.F.);
#9504 = FACE_BOUND('',#9505,.F.);
#9505 = EDGE_LOOP('',(#9506,#9507,#9508,#9516));
#9506 = ORIENTED_EDGE('',*,*,#9484,.T.);
#9507 = ORIENTED_EDGE('',*,*,#1441,.T.);
#9508 = ORIENTED_EDGE('',*,*,#9509,.F.);
#9509 = EDGE_CURVE('',#9510,#1433,#9512,.T.);
#9510 = VERTEX_POINT('',#9511);
#9511 = CARTESIAN_POINT('',(-17.69019156379,12.27663742134,-1.));
#9512 = LINE('',#9513,#9514);
#9513 = CARTESIAN_POINT('',(-17.69019156379,12.27663742134,-1.));
#9514 = VECTOR('',#9515,1.);
#9515 = DIRECTION('',(0.,-2.2E-16,-1.));
#9516 = ORIENTED_EDGE('',*,*,#9517,.F.);
#9517 = EDGE_CURVE('',#9485,#9510,#9518,.T.);
#9518 = CIRCLE('',#9519,1.469292842572);
#9519 = AXIS2_PLACEMENT_3D('',#9520,#9521,#9522);
#9520 = CARTESIAN_POINT('',(-17.49264327003,13.732589387878,-1.));
#9521 = DIRECTION('',(0.,0.,1.));
#9522 = DIRECTION('',(-0.38076312456,-0.924672613943,0.));
#9523 = CYLINDRICAL_SURFACE('',#9524,1.469292842572);
#9524 = AXIS2_PLACEMENT_3D('',#9525,#9526,#9527);
#9525 = CARTESIAN_POINT('',(-17.49264327003,13.732589387878,-1.));
#9526 = DIRECTION('',(0.,2.2E-16,1.));
#9527 = DIRECTION('',(-0.38076312456,-0.924672613943,2.034279750674E-16)
  );
#9528 = ADVANCED_FACE('',(#9529),#9548,.F.);
#9529 = FACE_BOUND('',#9530,.F.);
#9530 = EDGE_LOOP('',(#9531,#9532,#9533,#9541));
#9531 = ORIENTED_EDGE('',*,*,#9509,.T.);
#9532 = ORIENTED_EDGE('',*,*,#1432,.T.);
#9533 = ORIENTED_EDGE('',*,*,#9534,.F.);
#9534 = EDGE_CURVE('',#9535,#1424,#9537,.T.);
#9535 = VERTEX_POINT('',#9536);
#9536 = CARTESIAN_POINT('',(-17.14234584472,13.030682364284,-1.));
#9537 = LINE('',#9538,#9539);
#9538 = CARTESIAN_POINT('',(-17.14234584472,13.030682364284,-1.));
#9539 = VECTOR('',#9540,1.);
#9540 = DIRECTION('',(0.,-2.2E-16,-1.));
#9541 = ORIENTED_EDGE('',*,*,#9542,.F.);
#9542 = EDGE_CURVE('',#9510,#9535,#9543,.T.);
#9543 = CIRCLE('',#9544,0.559359353945);
#9544 = AXIS2_PLACEMENT_3D('',#9545,#9546,#9547);
#9545 = CARTESIAN_POINT('',(-17.66654567896,12.83549675872,-1.));
#9546 = DIRECTION('',(0.,0.,1.));
#9547 = DIRECTION('',(-4.227315528219E-02,-0.999106090634,0.));
#9548 = CYLINDRICAL_SURFACE('',#9549,0.559359353945);
#9549 = AXIS2_PLACEMENT_3D('',#9550,#9551,#9552);
#9550 = CARTESIAN_POINT('',(-17.66654567896,12.83549675872,-1.));
#9551 = DIRECTION('',(0.,2.2E-16,1.));
#9552 = DIRECTION('',(-4.227315528219E-02,-0.999106090634,
    2.198033399395E-16));
#9553 = ADVANCED_FACE('',(#9554),#9573,.F.);
#9554 = FACE_BOUND('',#9555,.F.);
#9555 = EDGE_LOOP('',(#9556,#9557,#9558,#9566));
#9556 = ORIENTED_EDGE('',*,*,#9534,.T.);
#9557 = ORIENTED_EDGE('',*,*,#1423,.T.);
#9558 = ORIENTED_EDGE('',*,*,#9559,.F.);
#9559 = EDGE_CURVE('',#9560,#1415,#9562,.T.);
#9560 = VERTEX_POINT('',#9561);
#9561 = CARTESIAN_POINT('',(-17.34675350091,13.34479492774,-1.));
#9562 = LINE('',#9563,#9564);
#9563 = CARTESIAN_POINT('',(-17.34675350091,13.34479492774,-1.));
#9564 = VECTOR('',#9565,1.);
#9565 = DIRECTION('',(0.,-2.2E-16,-1.));
#9566 = ORIENTED_EDGE('',*,*,#9567,.F.);
#9567 = EDGE_CURVE('',#9535,#9560,#9568,.T.);
#9568 = CIRCLE('',#9569,1.469292842572);
#9569 = AXIS2_PLACEMENT_3D('',#9570,#9571,#9572);
#9570 = CARTESIAN_POINT('',(-18.46599266992,12.392888871565,-1.));
#9571 = DIRECTION('',(0.,-0.,1.));
#9572 = DIRECTION('',(0.900873390827,0.434081943531,0.));
#9573 = CYLINDRICAL_SURFACE('',#9574,1.469292842572);
#9574 = AXIS2_PLACEMENT_3D('',#9575,#9576,#9577);
#9575 = CARTESIAN_POINT('',(-18.46599266992,12.392888871565,-1.));
#9576 = DIRECTION('',(0.,2.2E-16,1.));
#9577 = DIRECTION('',(0.900873390827,0.434081943531,-9.54980275768E-17)
  );
#9578 = ADVANCED_FACE('',(#9579),#9598,.T.);
#9579 = FACE_BOUND('',#9580,.F.);
#9580 = EDGE_LOOP('',(#9581,#9582,#9583,#9591));
#9581 = ORIENTED_EDGE('',*,*,#9559,.T.);
#9582 = ORIENTED_EDGE('',*,*,#1414,.T.);
#9583 = ORIENTED_EDGE('',*,*,#9584,.F.);
#9584 = EDGE_CURVE('',#9585,#1407,#9587,.T.);
#9585 = VERTEX_POINT('',#9586);
#9586 = CARTESIAN_POINT('',(-17.37993826222,13.55431526474,-1.));
#9587 = LINE('',#9588,#9589);
#9588 = CARTESIAN_POINT('',(-17.37993826222,13.55431526474,-1.));
#9589 = VECTOR('',#9590,1.);
#9590 = DIRECTION('',(0.,-2.2E-16,-1.));
#9591 = ORIENTED_EDGE('',*,*,#9592,.F.);
#9592 = EDGE_CURVE('',#9560,#9585,#9593,.T.);
#9593 = CIRCLE('',#9594,0.15);
#9594 = AXIS2_PLACEMENT_3D('',#9595,#9596,#9597);
#9595 = CARTESIAN_POINT('',(-17.25858571307,13.466147476896,-1.));
#9596 = DIRECTION('',(-0.,0.,-1.));
#9597 = DIRECTION('',(-0.587785252293,-0.809016994375,0.));
#9598 = CYLINDRICAL_SURFACE('',#9599,0.15);
#9599 = AXIS2_PLACEMENT_3D('',#9600,#9601,#9602);
#9600 = CARTESIAN_POINT('',(-17.25858571307,13.466147476896,-1.));
#9601 = DIRECTION('',(0.,2.2E-16,1.));
#9602 = DIRECTION('',(-0.587785252293,-0.809016994375,1.779837387625E-16
    ));
#9603 = ADVANCED_FACE('',(#9604),#9622,.F.);
#9604 = FACE_BOUND('',#9605,.F.);
#9605 = EDGE_LOOP('',(#9606,#9607,#9608,#9616));
#9606 = ORIENTED_EDGE('',*,*,#9584,.T.);
#9607 = ORIENTED_EDGE('',*,*,#1406,.T.);
#9608 = ORIENTED_EDGE('',*,*,#9609,.F.);
#9609 = EDGE_CURVE('',#9610,#1398,#9612,.T.);
#9610 = VERTEX_POINT('',#9611);
#9611 = CARTESIAN_POINT('',(-17.08188037632,13.928068031993,-1.));
#9612 = LINE('',#9613,#9614);
#9613 = CARTESIAN_POINT('',(-17.08188037632,13.928068031993,-1.));
#9614 = VECTOR('',#9615,1.);
#9615 = DIRECTION('',(0.,-2.2E-16,-1.));
#9616 = ORIENTED_EDGE('',*,*,#9617,.F.);
#9617 = EDGE_CURVE('',#9585,#9610,#9618,.T.);
#9618 = LINE('',#9619,#9620);
#9619 = CARTESIAN_POINT('',(-17.37993826222,13.55431526474,-1.));
#9620 = VECTOR('',#9621,1.);
#9621 = DIRECTION('',(0.623489801859,0.781831482468,0.));
#9622 = PLANE('',#9623);
#9623 = AXIS2_PLACEMENT_3D('',#9624,#9625,#9626);
#9624 = CARTESIAN_POINT('',(-17.37993826222,13.55431526474,-1.));
#9625 = DIRECTION('',(0.781831482468,-0.623489801859,1.4E-16));
#9626 = DIRECTION('',(0.623489801859,0.781831482468,-1.7E-16));
#9627 = ADVANCED_FACE('',(#9628),#9647,.T.);
#9628 = FACE_BOUND('',#9629,.F.);
#9629 = EDGE_LOOP('',(#9630,#9631,#9632,#9640));
#9630 = ORIENTED_EDGE('',*,*,#9609,.T.);
#9631 = ORIENTED_EDGE('',*,*,#1397,.T.);
#9632 = ORIENTED_EDGE('',*,*,#9633,.F.);
#9633 = EDGE_CURVE('',#9634,#1389,#9636,.T.);
#9634 = VERTEX_POINT('',#9635);
#9635 = CARTESIAN_POINT('',(-16.87022884752,13.942337943003,-1.));
#9636 = LINE('',#9637,#9638);
#9637 = CARTESIAN_POINT('',(-16.87022884752,13.942337943003,-1.));
#9638 = VECTOR('',#9639,1.);
#9639 = DIRECTION('',(0.,-2.2E-16,-1.));
#9640 = ORIENTED_EDGE('',*,*,#9641,.F.);
#9641 = EDGE_CURVE('',#9610,#9634,#9642,.T.);
#9642 = CIRCLE('',#9643,0.15);
#9643 = AXIS2_PLACEMENT_3D('',#9644,#9645,#9646);
#9644 = CARTESIAN_POINT('',(-16.96891965642,13.829377223102,-1.));
#9645 = DIRECTION('',(0.,0.,-1.));
#9646 = DIRECTION('',(-0.753071466004,0.65793872594,0.));
#9647 = CYLINDRICAL_SURFACE('',#9648,0.15);
#9648 = AXIS2_PLACEMENT_3D('',#9649,#9650,#9651);
#9649 = CARTESIAN_POINT('',(-16.96891965642,13.829377223102,-1.));
#9650 = DIRECTION('',(0.,2.2E-16,1.));
#9651 = DIRECTION('',(-0.753071466004,0.65793872594,-1.447465197067E-16)
  );
#9652 = ADVANCED_FACE('',(#9653),#9672,.F.);
#9653 = FACE_BOUND('',#9654,.F.);
#9654 = EDGE_LOOP('',(#9655,#9656,#9657,#9665));
#9655 = ORIENTED_EDGE('',*,*,#9633,.T.);
#9656 = ORIENTED_EDGE('',*,*,#1388,.T.);
#9657 = ORIENTED_EDGE('',*,*,#9658,.F.);
#9658 = EDGE_CURVE('',#9659,#1380,#9661,.T.);
#9659 = VERTEX_POINT('',#9660);
#9660 = CARTESIAN_POINT('',(-16.51850675928,13.812951834503,-1.));
#9661 = LINE('',#9662,#9663);
#9662 = CARTESIAN_POINT('',(-16.51850675928,13.812951834503,-1.));
#9663 = VECTOR('',#9664,1.);
#9664 = DIRECTION('',(0.,-2.2E-16,-1.));
#9665 = ORIENTED_EDGE('',*,*,#9666,.F.);
#9666 = EDGE_CURVE('',#9634,#9659,#9667,.T.);
#9667 = CIRCLE('',#9668,1.469292842572);
#9668 = AXIS2_PLACEMENT_3D('',#9669,#9670,#9671);
#9669 = CARTESIAN_POINT('',(-16.19124320879,15.245334473939,-1.));
#9670 = DIRECTION('',(0.,0.,1.));
#9671 = DIRECTION('',(-0.462117298239,-0.886818810507,0.));
#9672 = CYLINDRICAL_SURFACE('',#9673,1.469292842572);
#9673 = AXIS2_PLACEMENT_3D('',#9674,#9675,#9676);
#9674 = CARTESIAN_POINT('',(-16.19124320879,15.245334473939,-1.));
#9675 = DIRECTION('',(0.,2.2E-16,1.));
#9676 = DIRECTION('',(-0.462117298239,-0.886818810507,1.951001383115E-16
    ));
#9677 = ADVANCED_FACE('',(#9678),#9697,.F.);
#9678 = FACE_BOUND('',#9679,.F.);
#9679 = EDGE_LOOP('',(#9680,#9681,#9682,#9690));
#9680 = ORIENTED_EDGE('',*,*,#9658,.T.);
#9681 = ORIENTED_EDGE('',*,*,#1379,.T.);
#9682 = ORIENTED_EDGE('',*,*,#9683,.F.);
#9683 = EDGE_CURVE('',#9684,#1371,#9686,.T.);
#9684 = VERTEX_POINT('',#9685);
#9685 = CARTESIAN_POINT('',(-15.90527443844,14.514852702549,-1.));
#9686 = LINE('',#9687,#9688);
#9687 = CARTESIAN_POINT('',(-15.90527443844,14.514852702549,-1.));
#9688 = VECTOR('',#9689,1.);
#9689 = DIRECTION('',(0.,-2.2E-16,-1.));
#9690 = ORIENTED_EDGE('',*,*,#9691,.F.);
#9691 = EDGE_CURVE('',#9659,#9684,#9692,.T.);
#9692 = CIRCLE('',#9693,0.559359353945);
#9693 = AXIS2_PLACEMENT_3D('',#9694,#9695,#9696);
#9694 = CARTESIAN_POINT('',(-16.44486030106,14.367441767718,-1.));
#9695 = DIRECTION('',(0.,0.,1.));
#9696 = DIRECTION('',(-0.131662155473,-0.991294646821,0.));
#9697 = CYLINDRICAL_SURFACE('',#9698,0.559359353945);
#9698 = AXIS2_PLACEMENT_3D('',#9699,#9700,#9701);
#9699 = CARTESIAN_POINT('',(-16.44486030106,14.367441767718,-1.));
#9700 = DIRECTION('',(0.,2.2E-16,1.));
#9701 = DIRECTION('',(-0.131662155473,-0.991294646821,2.180848223007E-16
    ));
#9702 = ADVANCED_FACE('',(#9703),#9722,.F.);
#9703 = FACE_BOUND('',#9704,.F.);
#9704 = EDGE_LOOP('',(#9705,#9706,#9707,#9715));
#9705 = ORIENTED_EDGE('',*,*,#9683,.T.);
#9706 = ORIENTED_EDGE('',*,*,#1370,.T.);
#9707 = ORIENTED_EDGE('',*,*,#9708,.F.);
#9708 = EDGE_CURVE('',#9709,#1362,#9711,.T.);
#9709 = VERTEX_POINT('',#9710);
#9710 = CARTESIAN_POINT('',(-16.0807023764,14.846023702207,-1.));
#9711 = LINE('',#9712,#9713);
#9712 = CARTESIAN_POINT('',(-16.0807023764,14.846023702207,-1.));
#9713 = VECTOR('',#9714,1.);
#9714 = DIRECTION('',(0.,-2.2E-16,-1.));
#9715 = ORIENTED_EDGE('',*,*,#9716,.F.);
#9716 = EDGE_CURVE('',#9684,#9709,#9717,.T.);
#9717 = CIRCLE('',#9718,1.469292842572);
#9718 = AXIS2_PLACEMENT_3D('',#9719,#9720,#9721);
#9719 = CARTESIAN_POINT('',(-17.28076401858,13.998277565566,-1.));
#9720 = DIRECTION('',(0.,-0.,1.));
#9721 = DIRECTION('',(0.936157544834,0.351580789081,0.));
#9722 = CYLINDRICAL_SURFACE('',#9723,1.469292842572);
#9723 = AXIS2_PLACEMENT_3D('',#9724,#9725,#9726);
#9724 = CARTESIAN_POINT('',(-17.28076401858,13.998277565566,-1.));
#9725 = DIRECTION('',(0.,2.2E-16,1.));
#9726 = DIRECTION('',(0.936157544834,0.351580789081,-7.734777359782E-17)
  );
#9727 = ADVANCED_FACE('',(#9728),#9747,.T.);
#9728 = FACE_BOUND('',#9729,.F.);
#9729 = EDGE_LOOP('',(#9730,#9731,#9732,#9740));
#9730 = ORIENTED_EDGE('',*,*,#9708,.T.);
#9731 = ORIENTED_EDGE('',*,*,#1361,.T.);
#9732 = ORIENTED_EDGE('',*,*,#9733,.F.);
#9733 = EDGE_CURVE('',#9734,#1354,#9736,.T.);
#9734 = VERTEX_POINT('',#9735);
#9735 = CARTESIAN_POINT('',(-16.09497228741,15.057675230998,-1.));
#9736 = LINE('',#9737,#9738);
#9737 = CARTESIAN_POINT('',(-16.09497228741,15.057675230998,-1.));
#9738 = VECTOR('',#9739,1.);
#9739 = DIRECTION('',(0.,-2.2E-16,-1.));
#9740 = ORIENTED_EDGE('',*,*,#9741,.F.);
#9741 = EDGE_CURVE('',#9709,#9734,#9742,.T.);
#9742 = CIRCLE('',#9743,0.15);
#9743 = AXIS2_PLACEMENT_3D('',#9744,#9745,#9746);
#9744 = CARTESIAN_POINT('',(-15.98201156751,14.958984422108,-1.));
#9745 = DIRECTION('',(-0.,0.,-1.));
#9746 = DIRECTION('',(-0.65793872594,-0.753071466004,0.));
#9747 = CYLINDRICAL_SURFACE('',#9748,0.15);
#9748 = AXIS2_PLACEMENT_3D('',#9749,#9750,#9751);
#9749 = CARTESIAN_POINT('',(-15.98201156751,14.958984422108,-1.));
#9750 = DIRECTION('',(0.,2.2E-16,1.));
#9751 = DIRECTION('',(-0.65793872594,-0.753071466004,1.656757225208E-16)
  );
#9752 = ADVANCED_FACE('',(#9753),#9771,.F.);
#9753 = FACE_BOUND('',#9754,.F.);
#9754 = EDGE_LOOP('',(#9755,#9756,#9757,#9765));
#9755 = ORIENTED_EDGE('',*,*,#9733,.T.);
#9756 = ORIENTED_EDGE('',*,*,#1353,.T.);
#9757 = ORIENTED_EDGE('',*,*,#9758,.F.);
#9758 = EDGE_CURVE('',#9759,#1345,#9761,.T.);
#9759 = VERTEX_POINT('',#9760);
#9760 = CARTESIAN_POINT('',(-15.76461135516,15.403205676586,-1.));
#9761 = LINE('',#9762,#9763);
#9762 = CARTESIAN_POINT('',(-15.76461135516,15.403205676586,-1.));
#9763 = VECTOR('',#9764,1.);
#9764 = DIRECTION('',(0.,-2.2E-16,-1.));
#9765 = ORIENTED_EDGE('',*,*,#9766,.F.);
#9766 = EDGE_CURVE('',#9734,#9759,#9767,.T.);
#9767 = LINE('',#9768,#9769);
#9768 = CARTESIAN_POINT('',(-16.09497228741,15.057675230998,-1.));
#9769 = VECTOR('',#9770,1.);
#9770 = DIRECTION('',(0.691062648987,0.722794863827,0.));
#9771 = PLANE('',#9772);
#9772 = AXIS2_PLACEMENT_3D('',#9773,#9774,#9775);
#9773 = CARTESIAN_POINT('',(-16.09497228741,15.057675230998,-1.));
#9774 = DIRECTION('',(0.722794863827,-0.691062648987,1.5E-16));
#9775 = DIRECTION('',(0.691062648987,0.722794863827,-1.6E-16));
#9776 = ADVANCED_FACE('',(#9777),#9796,.T.);
#9777 = FACE_BOUND('',#9778,.F.);
#9778 = EDGE_LOOP('',(#9779,#9780,#9781,#9789));
#9779 = ORIENTED_EDGE('',*,*,#9758,.T.);
#9780 = ORIENTED_EDGE('',*,*,#1344,.T.);
#9781 = ORIENTED_EDGE('',*,*,#9782,.F.);
#9782 = EDGE_CURVE('',#9783,#1336,#9785,.T.);
#9783 = VERTEX_POINT('',#9784);
#9784 = CARTESIAN_POINT('',(-15.55253272824,15.39844584436,-1.));
#9785 = LINE('',#9786,#9787);
#9786 = CARTESIAN_POINT('',(-15.55253272824,15.39844584436,-1.));
#9787 = VECTOR('',#9788,1.);
#9788 = DIRECTION('',(0.,-2.2E-16,-1.));
#9789 = ORIENTED_EDGE('',*,*,#9790,.F.);
#9790 = EDGE_CURVE('',#9759,#9783,#9791,.T.);
#9791 = CIRCLE('',#9792,0.15);
#9792 = AXIS2_PLACEMENT_3D('',#9793,#9794,#9795);
#9793 = CARTESIAN_POINT('',(-15.66095195782,15.294786447012,-1.));
#9794 = DIRECTION('',(0.,0.,-1.));
#9795 = DIRECTION('',(-0.691062648987,0.722794863827,0.));
#9796 = CYLINDRICAL_SURFACE('',#9797,0.15);
#9797 = AXIS2_PLACEMENT_3D('',#9798,#9799,#9800);
#9798 = CARTESIAN_POINT('',(-15.66095195782,15.294786447012,-1.));
#9799 = DIRECTION('',(0.,2.2E-16,1.));
#9800 = DIRECTION('',(-0.691062648987,0.722794863827,-1.59014870042E-16)
  );
#9801 = ADVANCED_FACE('',(#9802),#9821,.F.);
#9802 = FACE_BOUND('',#9803,.F.);
#9803 = EDGE_LOOP('',(#9804,#9805,#9806,#9814));
#9804 = ORIENTED_EDGE('',*,*,#9782,.T.);
#9805 = ORIENTED_EDGE('',*,*,#1335,.T.);
#9806 = ORIENTED_EDGE('',*,*,#9807,.F.);
#9807 = EDGE_CURVE('',#9808,#1327,#9810,.T.);
#9808 = VERTEX_POINT('',#9809);
#9809 = CARTESIAN_POINT('',(-15.21382465107,15.238052481378,-1.));
#9810 = LINE('',#9811,#9812);
#9811 = CARTESIAN_POINT('',(-15.21382465107,15.238052481378,-1.));
#9812 = VECTOR('',#9813,1.);
#9813 = DIRECTION('',(0.,-2.2E-16,-1.));
#9814 = ORIENTED_EDGE('',*,*,#9815,.F.);
#9815 = EDGE_CURVE('',#9783,#9808,#9816,.T.);
#9816 = CIRCLE('',#9817,1.469292842572);
#9817 = AXIS2_PLACEMENT_3D('',#9818,#9819,#9820);
#9818 = CARTESIAN_POINT('',(-14.75948077754,16.635333090927,-1.));
#9819 = DIRECTION('',(0.,0.,1.));
#9820 = DIRECTION('',(-0.539750775153,-0.84182486345,0.));
#9821 = CYLINDRICAL_SURFACE('',#9822,1.469292842572);
#9822 = AXIS2_PLACEMENT_3D('',#9823,#9824,#9825);
#9823 = CARTESIAN_POINT('',(-14.75948077754,16.635333090927,-1.));
#9824 = DIRECTION('',(0.,2.2E-16,1.));
#9825 = DIRECTION('',(-0.539750775153,-0.84182486345,1.852014699589E-16)
  );
#9826 = ADVANCED_FACE('',(#9827),#9846,.F.);
#9827 = FACE_BOUND('',#9828,.F.);
#9828 = EDGE_LOOP('',(#9829,#9830,#9831,#9839));
#9829 = ORIENTED_EDGE('',*,*,#9807,.T.);
#9830 = ORIENTED_EDGE('',*,*,#1326,.T.);
#9831 = ORIENTED_EDGE('',*,*,#9832,.F.);
#9832 = EDGE_CURVE('',#9833,#1318,#9835,.T.);
#9833 = VERTEX_POINT('',#9834);
#9834 = CARTESIAN_POINT('',(-14.54014311453,15.882157981447,-1.));
#9835 = LINE('',#9836,#9837);
#9836 = CARTESIAN_POINT('',(-14.54014311453,15.882157981447,-1.));
#9837 = VECTOR('',#9838,1.);
#9838 = DIRECTION('',(0.,-2.2E-16,-1.));
#9839 = ORIENTED_EDGE('',*,*,#9840,.F.);
#9840 = EDGE_CURVE('',#9808,#9833,#9841,.T.);
#9841 = CIRCLE('',#9842,0.559359353945);
#9842 = AXIS2_PLACEMENT_3D('',#9843,#9844,#9845);
#9843 = CARTESIAN_POINT('',(-15.09077057743,15.783708583521,-1.));
#9844 = DIRECTION('',(0.,0.,1.));
#9845 = DIRECTION('',(-0.219991089404,-0.975501881384,0.));
#9846 = CYLINDRICAL_SURFACE('',#9847,0.559359353945);
#9847 = AXIS2_PLACEMENT_3D('',#9848,#9849,#9850);
#9848 = CARTESIAN_POINT('',(-15.09077057743,15.783708583521,-1.));
#9849 = DIRECTION('',(0.,2.2E-16,1.));
#9850 = DIRECTION('',(-0.219991089404,-0.975501881384,2.146104139044E-16
    ));
#9851 = ADVANCED_FACE('',(#9852),#9871,.F.);
#9852 = FACE_BOUND('',#9853,.F.);
#9853 = EDGE_LOOP('',(#9854,#9855,#9856,#9864));
#9854 = ORIENTED_EDGE('',*,*,#9832,.T.);
#9855 = ORIENTED_EDGE('',*,*,#1317,.T.);
#9856 = ORIENTED_EDGE('',*,*,#9857,.F.);
#9857 = EDGE_CURVE('',#9858,#1309,#9860,.T.);
#9858 = VERTEX_POINT('',#9859);
#9859 = CARTESIAN_POINT('',(-14.68517889165,16.227721023145,-1.));
#9860 = LINE('',#9861,#9862);
#9861 = CARTESIAN_POINT('',(-14.68517889165,16.227721023145,-1.));
#9862 = VECTOR('',#9863,1.);
#9863 = DIRECTION('',(0.,-2.2E-16,-1.));
#9864 = ORIENTED_EDGE('',*,*,#9865,.F.);
#9865 = EDGE_CURVE('',#9833,#9858,#9866,.T.);
#9866 = CIRCLE('',#9867,1.469292842572);
#9867 = AXIS2_PLACEMENT_3D('',#9868,#9869,#9870);
#9868 = CARTESIAN_POINT('',(-15.95640081629,15.490960359464,-1.));
#9869 = DIRECTION('',(0.,-0.,1.));
#9870 = DIRECTION('',(0.963904308741,0.266248912844,0.));
#9871 = CYLINDRICAL_SURFACE('',#9872,1.469292842572);
#9872 = AXIS2_PLACEMENT_3D('',#9873,#9874,#9875);
#9873 = CARTESIAN_POINT('',(-15.95640081629,15.490960359464,-1.));
#9874 = DIRECTION('',(0.,2.2E-16,1.));
#9875 = DIRECTION('',(0.963904308741,0.266248912844,-5.85747608256E-17)
  );
#9876 = ADVANCED_FACE('',(#9877),#9896,.T.);
#9877 = FACE_BOUND('',#9878,.F.);
#9878 = EDGE_LOOP('',(#9879,#9880,#9881,#9889));
#9879 = ORIENTED_EDGE('',*,*,#9857,.T.);
#9880 = ORIENTED_EDGE('',*,*,#1308,.T.);
#9881 = ORIENTED_EDGE('',*,*,#9882,.F.);
#9882 = EDGE_CURVE('',#9883,#1301,#9885,.T.);
#9883 = VERTEX_POINT('',#9884);
#9884 = CARTESIAN_POINT('',(-14.68041905942,16.439799650067,-1.));
#9885 = LINE('',#9886,#9887);
#9886 = CARTESIAN_POINT('',(-14.68041905942,16.439799650067,-1.));
#9887 = VECTOR('',#9888,1.);
#9888 = DIRECTION('',(0.,-2.2E-16,-1.));
#9889 = ORIENTED_EDGE('',*,*,#9890,.F.);
#9890 = EDGE_CURVE('',#9858,#9883,#9891,.T.);
#9891 = CIRCLE('',#9892,0.15);
#9892 = AXIS2_PLACEMENT_3D('',#9893,#9894,#9895);
#9893 = CARTESIAN_POINT('',(-14.57675966208,16.331380420493,-1.));
#9894 = DIRECTION('',(-0.,0.,-1.));
#9895 = DIRECTION('',(-0.722794863827,-0.691062648987,0.));
#9896 = CYLINDRICAL_SURFACE('',#9897,0.15);
#9897 = AXIS2_PLACEMENT_3D('',#9898,#9899,#9900);
#9898 = CARTESIAN_POINT('',(-14.57675966208,16.331380420493,-1.));
#9899 = DIRECTION('',(0.,2.2E-16,1.));
#9900 = DIRECTION('',(-0.722794863827,-0.691062648987,1.520337827771E-16
    ));
#9901 = ADVANCED_FACE('',(#9902),#9920,.F.);
#9902 = FACE_BOUND('',#9903,.F.);
#9903 = EDGE_LOOP('',(#9904,#9905,#9906,#9914));
#9904 = ORIENTED_EDGE('',*,*,#9882,.T.);
#9905 = ORIENTED_EDGE('',*,*,#1300,.T.);
#9906 = ORIENTED_EDGE('',*,*,#9907,.F.);
#9907 = EDGE_CURVE('',#9908,#1292,#9910,.T.);
#9908 = VERTEX_POINT('',#9909);
#9909 = CARTESIAN_POINT('',(-14.32041495282,16.75432576601,-1.));
#9910 = LINE('',#9911,#9912);
#9911 = CARTESIAN_POINT('',(-14.32041495282,16.75432576601,-1.));
#9912 = VECTOR('',#9913,1.);
#9913 = DIRECTION('',(0.,-2.2E-16,-1.));
#9914 = ORIENTED_EDGE('',*,*,#9915,.F.);
#9915 = EDGE_CURVE('',#9883,#9908,#9916,.T.);
#9916 = LINE('',#9917,#9918);
#9917 = CARTESIAN_POINT('',(-14.68041905942,16.439799650067,-1.));
#9918 = VECTOR('',#9919,1.);
#9919 = DIRECTION('',(0.753071466004,0.65793872594,0.));
#9920 = PLANE('',#9921);
#9921 = AXIS2_PLACEMENT_3D('',#9922,#9923,#9924);
#9922 = CARTESIAN_POINT('',(-14.68041905942,16.439799650067,-1.));
#9923 = DIRECTION('',(0.65793872594,-0.753071466004,1.7E-16));
#9924 = DIRECTION('',(0.753071466004,0.65793872594,-1.5E-16));
#9925 = ADVANCED_FACE('',(#9926),#9945,.T.);
#9926 = FACE_BOUND('',#9927,.F.);
#9927 = EDGE_LOOP('',(#9928,#9929,#9930,#9938));
#9928 = ORIENTED_EDGE('',*,*,#9907,.T.);
#9929 = ORIENTED_EDGE('',*,*,#1291,.T.);
#9930 = ORIENTED_EDGE('',*,*,#9931,.F.);
#9931 = EDGE_CURVE('',#9932,#1283,#9934,.T.);
#9932 = VERTEX_POINT('',#9933);
#9933 = CARTESIAN_POINT('',(-14.10961676017,16.730574513919,-1.));
#9934 = LINE('',#9935,#9936);
#9935 = CARTESIAN_POINT('',(-14.10961676017,16.730574513919,-1.));
#9936 = VECTOR('',#9937,1.);
#9937 = DIRECTION('',(0.,-2.2E-16,-1.));
#9938 = ORIENTED_EDGE('',*,*,#9939,.F.);
#9939 = EDGE_CURVE('',#9908,#9932,#9940,.T.);
#9940 = CIRCLE('',#9941,0.15);
#9941 = AXIS2_PLACEMENT_3D('',#9942,#9943,#9944);
#9942 = CARTESIAN_POINT('',(-14.22689148254,16.63705104364,-1.));
#9943 = DIRECTION('',(0.,0.,-1.));
#9944 = DIRECTION('',(-0.623489801859,0.781831482468,0.));
#9945 = CYLINDRICAL_SURFACE('',#9946,0.15);
#9946 = AXIS2_PLACEMENT_3D('',#9947,#9948,#9949);
#9947 = CARTESIAN_POINT('',(-14.22689148254,16.63705104364,-1.));
#9948 = DIRECTION('',(0.,2.2E-16,1.));
#9949 = DIRECTION('',(-0.623489801859,0.781831482468,-1.72002926143E-16)
  );
#9950 = ADVANCED_FACE('',(#9951),#9970,.F.);
#9951 = FACE_BOUND('',#9952,.F.);
#9952 = EDGE_LOOP('',(#9953,#9954,#9955,#9963));
#9953 = ORIENTED_EDGE('',*,*,#9931,.T.);
#9954 = ORIENTED_EDGE('',*,*,#1282,.T.);
#9955 = ORIENTED_EDGE('',*,*,#9956,.F.);
#9956 = EDGE_CURVE('',#9957,#1274,#9959,.T.);
#9957 = VERTEX_POINT('',#9958);
#9958 = CARTESIAN_POINT('',(-13.78664977235,16.540465289504,-1.));
#9959 = LINE('',#9960,#9961);
#9960 = CARTESIAN_POINT('',(-13.78664977235,16.540465289504,-1.));
#9961 = VECTOR('',#9962,1.);
#9962 = DIRECTION('',(0.,-2.2E-16,-1.));
#9963 = ORIENTED_EDGE('',*,*,#9964,.F.);
#9964 = EDGE_CURVE('',#9932,#9957,#9965,.T.);
#9965 = CIRCLE('',#9966,1.469292842572);
#9966 = AXIS2_PLACEMENT_3D('',#9967,#9968,#9969);
#9967 = CARTESIAN_POINT('',(-13.2088836855,17.891393787284,-1.));
#9968 = DIRECTION('',(0.,0.,1.));
#9969 = DIRECTION('',(-0.613038496193,-0.790053037577,0.));
#9970 = CYLINDRICAL_SURFACE('',#9971,1.469292842572);
#9971 = AXIS2_PLACEMENT_3D('',#9972,#9973,#9974);
#9972 = CARTESIAN_POINT('',(-13.2088836855,17.891393787284,-1.));
#9973 = DIRECTION('',(0.,2.2E-16,1.));
#9974 = DIRECTION('',(-0.613038496193,-0.790053037577,1.73811668267E-16)
  );
#9975 = ADVANCED_FACE('',(#9976),#9995,.F.);
#9976 = FACE_BOUND('',#9977,.F.);
#9977 = EDGE_LOOP('',(#9978,#9979,#9980,#9988));
#9978 = ORIENTED_EDGE('',*,*,#9956,.T.);
#9979 = ORIENTED_EDGE('',*,*,#1273,.T.);
#9980 = ORIENTED_EDGE('',*,*,#9981,.F.);
#9981 = EDGE_CURVE('',#9982,#1265,#9984,.T.);
#9982 = VERTEX_POINT('',#9983);
#9983 = CARTESIAN_POINT('',(-13.05794310773,17.121589462837,-1.));
#9984 = LINE('',#9985,#9986);
#9985 = CARTESIAN_POINT('',(-13.05794310773,17.121589462837,-1.));
#9986 = VECTOR('',#9987,1.);
#9987 = DIRECTION('',(0.,-2.2E-16,-1.));
#9988 = ORIENTED_EDGE('',*,*,#9989,.F.);
#9989 = EDGE_CURVE('',#9957,#9982,#9990,.T.);
#9990 = CIRCLE('',#9991,0.559359353945);
#9991 = AXIS2_PLACEMENT_3D('',#9992,#9993,#9994);
#9992 = CARTESIAN_POINT('',(-13.61517884234,17.07289425848,-1.));
#9993 = DIRECTION('',(0.,0.,1.));
#9994 = DIRECTION('',(-0.306548784435,-0.951854948383,0.));
#9995 = CYLINDRICAL_SURFACE('',#9996,0.559359353945);
#9996 = AXIS2_PLACEMENT_3D('',#9997,#9998,#9999);
#9997 = CARTESIAN_POINT('',(-13.61517884234,17.07289425848,-1.));
#9998 = DIRECTION('',(0.,2.2E-16,1.));
#9999 = DIRECTION('',(-0.306548784435,-0.951854948383,2.094080886443E-16
    ));
#10000 = ADVANCED_FACE('',(#10001),#10020,.F.);
#10001 = FACE_BOUND('',#10002,.F.);
#10002 = EDGE_LOOP('',(#10003,#10004,#10005,#10013));
#10003 = ORIENTED_EDGE('',*,*,#9981,.T.);
#10004 = ORIENTED_EDGE('',*,*,#1264,.T.);
#10005 = ORIENTED_EDGE('',*,*,#10006,.F.);
#10006 = EDGE_CURVE('',#10007,#1256,#10009,.T.);
#10007 = VERTEX_POINT('',#10008);
#10008 = CARTESIAN_POINT('',(-13.17141898121,17.478762276149,-1.));
#10009 = LINE('',#10010,#10011);
#10010 = CARTESIAN_POINT('',(-13.17141898121,17.478762276149,-1.));
#10011 = VECTOR('',#10012,1.);
#10012 = DIRECTION('',(0.,-2.2E-16,-1.));
#10013 = ORIENTED_EDGE('',*,*,#10014,.F.);
#10014 = EDGE_CURVE('',#9982,#10007,#10015,.T.);
#10015 = CIRCLE('',#10016,1.469292842573);
#10016 = AXIS2_PLACEMENT_3D('',#10017,#10018,#10019);
#10017 = CARTESIAN_POINT('',(-14.50356605684,16.858919049084,-1.));
#10018 = DIRECTION('',(0.,-0.,1.));
#10019 = DIRECTION('',(0.983890281921,0.178773356912,0.));
#10020 = CYLINDRICAL_SURFACE('',#10021,1.469292842573);
#10021 = AXIS2_PLACEMENT_3D('',#10022,#10023,#10024);
#10022 = CARTESIAN_POINT('',(-14.50356605684,16.858919049084,-1.));
#10023 = DIRECTION('',(0.,2.2E-16,1.));
#10024 = DIRECTION('',(0.983890281921,0.178773356912,-3.933013852061E-17
    ));
#10025 = ADVANCED_FACE('',(#10026),#10045,.T.);
#10026 = FACE_BOUND('',#10027,.F.);
#10027 = EDGE_LOOP('',(#10028,#10029,#10030,#10038));
#10028 = ORIENTED_EDGE('',*,*,#10006,.T.);
#10029 = ORIENTED_EDGE('',*,*,#1255,.T.);
#10030 = ORIENTED_EDGE('',*,*,#10031,.F.);
#10031 = EDGE_CURVE('',#10032,#1248,#10034,.T.);
#10032 = VERTEX_POINT('',#10033);
#10033 = CARTESIAN_POINT('',(-13.14766772912,17.689560468798,-1.));
#10034 = LINE('',#10035,#10036);
#10035 = CARTESIAN_POINT('',(-13.14766772912,17.689560468798,-1.));
#10036 = VECTOR('',#10037,1.);
#10037 = DIRECTION('',(0.,-2.2E-16,-1.));
#10038 = ORIENTED_EDGE('',*,*,#10039,.F.);
#10039 = EDGE_CURVE('',#10007,#10032,#10040,.T.);
#10040 = CIRCLE('',#10041,0.15);
#10041 = AXIS2_PLACEMENT_3D('',#10042,#10043,#10044);
#10042 = CARTESIAN_POINT('',(-13.05414425884,17.572285746428,-1.));
#10043 = DIRECTION('',(-0.,0.,-1.));
#10044 = DIRECTION('',(-0.781831482468,-0.623489801859,0.));
#10045 = CYLINDRICAL_SURFACE('',#10046,0.15);
#10046 = AXIS2_PLACEMENT_3D('',#10047,#10048,#10049);
#10047 = CARTESIAN_POINT('',(-13.05414425884,17.572285746428,-1.));
#10048 = DIRECTION('',(0.,2.2E-16,1.));
#10049 = DIRECTION('',(-0.781831482468,-0.623489801859,
    1.371677564089E-16));
#10050 = ADVANCED_FACE('',(#10051),#10069,.F.);
#10051 = FACE_BOUND('',#10052,.F.);
#10052 = EDGE_LOOP('',(#10053,#10054,#10055,#10063));
#10053 = ORIENTED_EDGE('',*,*,#10031,.T.);
#10054 = ORIENTED_EDGE('',*,*,#1247,.T.);
#10055 = ORIENTED_EDGE('',*,*,#10056,.F.);
#10056 = EDGE_CURVE('',#10057,#1239,#10059,.T.);
#10057 = VERTEX_POINT('',#10058);
#10058 = CARTESIAN_POINT('',(-12.76091898955,17.97054987575,-1.));
#10059 = LINE('',#10060,#10061);
#10060 = CARTESIAN_POINT('',(-12.76091898955,17.97054987575,-1.));
#10061 = VECTOR('',#10062,1.);
#10062 = DIRECTION('',(0.,-2.2E-16,-1.));
#10063 = ORIENTED_EDGE('',*,*,#10064,.F.);
#10064 = EDGE_CURVE('',#10032,#10057,#10065,.T.);
#10065 = LINE('',#10066,#10067);
#10066 = CARTESIAN_POINT('',(-13.14766772912,17.689560468798,-1.));
#10067 = VECTOR('',#10068,1.);
#10068 = DIRECTION('',(0.809016994375,0.587785252292,0.));
#10069 = PLANE('',#10070);
#10070 = AXIS2_PLACEMENT_3D('',#10071,#10072,#10073);
#10071 = CARTESIAN_POINT('',(-13.14766772912,17.689560468798,-1.));
#10072 = DIRECTION('',(0.587785252292,-0.809016994375,1.8E-16));
#10073 = DIRECTION('',(0.809016994375,0.587785252292,-1.3E-16));
#10074 = ADVANCED_FACE('',(#10075),#10094,.T.);
#10075 = FACE_BOUND('',#10076,.F.);
#10076 = EDGE_LOOP('',(#10077,#10078,#10079,#10087));
#10077 = ORIENTED_EDGE('',*,*,#10056,.T.);
#10078 = ORIENTED_EDGE('',*,*,#1238,.T.);
#10079 = ORIENTED_EDGE('',*,*,#10080,.F.);
#10080 = EDGE_CURVE('',#10081,#1230,#10083,.T.);
#10081 = VERTEX_POINT('',#10082);
#10082 = CARTESIAN_POINT('',(-12.55309845427,17.92799843491,-1.));
#10083 = LINE('',#10084,#10085);
#10084 = CARTESIAN_POINT('',(-12.55309845427,17.92799843491,-1.));
#10085 = VECTOR('',#10086,1.);
#10086 = DIRECTION('',(0.,-2.2E-16,-1.));
#10087 = ORIENTED_EDGE('',*,*,#10088,.F.);
#10088 = EDGE_CURVE('',#10057,#10081,#10089,.T.);
#10089 = CIRCLE('',#10090,0.15);
#10090 = AXIS2_PLACEMENT_3D('',#10091,#10092,#10093);
#10091 = CARTESIAN_POINT('',(-12.67828444233,17.845363887692,-1.));
#10092 = DIRECTION('',(0.,0.,-1.));
#10093 = DIRECTION('',(-0.550896981452,0.834573253721,0.));
#10094 = CYLINDRICAL_SURFACE('',#10095,0.15);
#10095 = AXIS2_PLACEMENT_3D('',#10096,#10097,#10098);
#10096 = CARTESIAN_POINT('',(-12.67828444233,17.845363887692,-1.));
#10097 = DIRECTION('',(0.,2.2E-16,1.));
#10098 = DIRECTION('',(-0.550896981452,0.834573253721,
    -1.836061158187E-16));
#10099 = ADVANCED_FACE('',(#10100),#10119,.F.);
#10100 = FACE_BOUND('',#10101,.F.);
#10101 = EDGE_LOOP('',(#10102,#10103,#10104,#10112));
#10102 = ORIENTED_EDGE('',*,*,#10080,.T.);
#10103 = ORIENTED_EDGE('',*,*,#1229,.T.);
#10104 = ORIENTED_EDGE('',*,*,#10105,.F.);
#10105 = EDGE_CURVE('',#10106,#1221,#10108,.T.);
#10106 = VERTEX_POINT('',#10107);
#10107 = CARTESIAN_POINT('',(-12.24847289608,17.709703996754,-1.));
#10108 = LINE('',#10109,#10110);
#10109 = CARTESIAN_POINT('',(-12.24847289608,17.709703996754,-1.));
#10110 = VECTOR('',#10111,1.);
#10111 = DIRECTION('',(0.,-2.2E-16,-1.));
#10112 = ORIENTED_EDGE('',*,*,#10113,.F.);
#10113 = EDGE_CURVE('',#10081,#10106,#10114,.T.);
#10114 = CIRCLE('',#10115,1.469292842572);
#10115 = AXIS2_PLACEMENT_3D('',#10116,#10117,#10118);
#10116 = CARTESIAN_POINT('',(-11.55193642872,19.003403500835,-1.));
#10117 = DIRECTION('',(0.,0.,1.));
#10118 = DIRECTION('',(-0.681390391724,-0.73192016919,0.));
#10119 = CYLINDRICAL_SURFACE('',#10120,1.469292842572);
#10120 = AXIS2_PLACEMENT_3D('',#10121,#10122,#10123);
#10121 = CARTESIAN_POINT('',(-11.55193642872,19.003403500835,-1.));
#10122 = DIRECTION('',(0.,2.2E-16,1.));
#10123 = DIRECTION('',(-0.681390391724,-0.73192016919,1.610224372217E-16
    ));
#10124 = ADVANCED_FACE('',(#10125),#10144,.F.);
#10125 = FACE_BOUND('',#10126,.F.);
#10126 = EDGE_LOOP('',(#10127,#10128,#10129,#10137));
#10127 = ORIENTED_EDGE('',*,*,#10105,.T.);
#10128 = ORIENTED_EDGE('',*,*,#1220,.T.);
#10129 = ORIENTED_EDGE('',*,*,#10130,.F.);
#10130 = EDGE_CURVE('',#10131,#1212,#10133,.T.);
#10131 = VERTEX_POINT('',#10132);
#10132 = CARTESIAN_POINT('',(-11.47060822098,18.223167973203,-1.));
#10133 = LINE('',#10134,#10135);
#10134 = CARTESIAN_POINT('',(-11.47060822098,18.223167973203,-1.));
#10135 = VECTOR('',#10136,1.);
#10136 = DIRECTION('',(0.,-2.2E-16,-1.));
#10137 = ORIENTED_EDGE('',*,*,#10138,.F.);
#10138 = EDGE_CURVE('',#10106,#10131,#10139,.T.);
#10139 = CIRCLE('',#10140,0.559359353945);
#10140 = AXIS2_PLACEMENT_3D('',#10141,#10142,#10143);
#10141 = CARTESIAN_POINT('',(-12.0299656928,18.22461902757,-1.));
#10142 = DIRECTION('',(0.,0.,1.));
#10143 = DIRECTION('',(-0.390638328902,-0.92054423902,0.));
#10144 = CYLINDRICAL_SURFACE('',#10145,0.559359353945);
#10145 = AXIS2_PLACEMENT_3D('',#10146,#10147,#10148);
#10146 = CARTESIAN_POINT('',(-12.0299656928,18.22461902757,-1.));
#10147 = DIRECTION('',(0.,2.2E-16,1.));
#10148 = DIRECTION('',(-0.390638328902,-0.92054423902,2.025197325843E-16
    ));
#10149 = ADVANCED_FACE('',(#10150),#10169,.F.);
#10150 = FACE_BOUND('',#10151,.F.);
#10151 = EDGE_LOOP('',(#10152,#10153,#10154,#10162));
#10152 = ORIENTED_EDGE('',*,*,#10130,.T.);
#10153 = ORIENTED_EDGE('',*,*,#1211,.T.);
#10154 = ORIENTED_EDGE('',*,*,#10155,.F.);
#10155 = EDGE_CURVE('',#10156,#1203,#10158,.T.);
#10156 = VERTEX_POINT('',#10157);
#10157 = CARTESIAN_POINT('',(-11.55161054981,18.589074812652,-1.));
#10158 = LINE('',#10159,#10160);
#10159 = CARTESIAN_POINT('',(-11.55161054981,18.589074812652,-1.));
#10160 = VECTOR('',#10161,1.);
#10161 = DIRECTION('',(0.,-2.2E-16,-1.));
#10162 = ORIENTED_EDGE('',*,*,#10163,.F.);
#10163 = EDGE_CURVE('',#10131,#10156,#10164,.T.);
#10164 = CIRCLE('',#10165,1.469292842572);
#10165 = AXIS2_PLACEMENT_3D('',#10166,#10167,#10168);
#10166 = CARTESIAN_POINT('',(-12.93395711145,18.091139635405,-1.));
#10167 = DIRECTION('',(0.,-0.,1.));
#10168 = DIRECTION('',(0.995954549069,8.985842302723E-02,0.));
#10169 = CYLINDRICAL_SURFACE('',#10170,1.469292842572);
#10170 = AXIS2_PLACEMENT_3D('',#10171,#10172,#10173);
#10171 = CARTESIAN_POINT('',(-12.93395711145,18.091139635405,-1.));
#10172 = DIRECTION('',(0.,2.2E-16,1.));
#10173 = DIRECTION('',(0.995954549069,8.985842302723E-02,
    -1.976885306599E-17));
#10174 = ADVANCED_FACE('',(#10175),#10194,.T.);
#10175 = FACE_BOUND('',#10176,.F.);
#10176 = EDGE_LOOP('',(#10177,#10178,#10179,#10187));
#10177 = ORIENTED_EDGE('',*,*,#10155,.T.);
#10178 = ORIENTED_EDGE('',*,*,#1202,.T.);
#10179 = ORIENTED_EDGE('',*,*,#10180,.F.);
#10180 = EDGE_CURVE('',#10181,#1195,#10183,.T.);
#10181 = VERTEX_POINT('',#10182);
#10182 = CARTESIAN_POINT('',(-11.50905910897,18.796895347928,-1.));
#10183 = LINE('',#10184,#10185);
#10184 = CARTESIAN_POINT('',(-11.50905910897,18.796895347928,-1.));
#10185 = VECTOR('',#10186,1.);
#10186 = DIRECTION('',(0.,-2.2E-16,-1.));
#10187 = ORIENTED_EDGE('',*,*,#10188,.F.);
#10188 = EDGE_CURVE('',#10156,#10181,#10189,.T.);
#10189 = CIRCLE('',#10190,0.15);
#10190 = AXIS2_PLACEMENT_3D('',#10191,#10192,#10193);
#10191 = CARTESIAN_POINT('',(-11.42642456175,18.67170935987,-1.));
#10192 = DIRECTION('',(-0.,0.,-1.));
#10193 = DIRECTION('',(-0.834573253721,-0.550896981452,0.));
#10194 = CYLINDRICAL_SURFACE('',#10195,0.15);
#10195 = AXIS2_PLACEMENT_3D('',#10196,#10197,#10198);
#10196 = CARTESIAN_POINT('',(-11.42642456175,18.67170935987,-1.));
#10197 = DIRECTION('',(0.,2.2E-16,1.));
#10198 = DIRECTION('',(-0.834573253721,-0.550896981452,
    1.211973359195E-16));
#10199 = ADVANCED_FACE('',(#10200),#10218,.F.);
#10200 = FACE_BOUND('',#10201,.F.);
#10201 = EDGE_LOOP('',(#10202,#10203,#10204,#10212));
#10202 = ORIENTED_EDGE('',*,*,#10180,.T.);
#10203 = ORIENTED_EDGE('',*,*,#1194,.T.);
#10204 = ORIENTED_EDGE('',*,*,#10205,.F.);
#10205 = EDGE_CURVE('',#10206,#1186,#10208,.T.);
#10206 = VERTEX_POINT('',#10207);
#10207 = CARTESIAN_POINT('',(-11.09867960987,19.042085684403,-1.));
#10208 = LINE('',#10209,#10210);
#10209 = CARTESIAN_POINT('',(-11.09867960987,19.042085684403,-1.));
#10210 = VECTOR('',#10211,1.);
#10211 = DIRECTION('',(0.,-2.2E-16,-1.));
#10212 = ORIENTED_EDGE('',*,*,#10213,.F.);
#10213 = EDGE_CURVE('',#10181,#10206,#10214,.T.);
#10214 = LINE('',#10215,#10216);
#10215 = CARTESIAN_POINT('',(-11.50905910897,18.796895347928,-1.));
#10216 = VECTOR('',#10217,1.);
#10217 = DIRECTION('',(0.858448793602,0.512899277406,0.));
#10218 = PLANE('',#10219);
#10219 = AXIS2_PLACEMENT_3D('',#10220,#10221,#10222);
#10220 = CARTESIAN_POINT('',(-11.50905910897,18.796895347928,-1.));
#10221 = DIRECTION('',(0.512899277406,-0.858448793602,1.9E-16));
#10222 = DIRECTION('',(0.858448793602,0.512899277406,-1.1E-16));
#10223 = ADVANCED_FACE('',(#10224),#10243,.T.);
#10224 = FACE_BOUND('',#10225,.F.);
#10225 = EDGE_LOOP('',(#10226,#10227,#10228,#10236));
#10226 = ORIENTED_EDGE('',*,*,#10205,.T.);
#10227 = ORIENTED_EDGE('',*,*,#1185,.T.);
#10228 = ORIENTED_EDGE('',*,*,#10229,.F.);
#10229 = EDGE_CURVE('',#10230,#1177,#10232,.T.);
#10230 = VERTEX_POINT('',#10231);
#10231 = CARTESIAN_POINT('',(-10.89550998072,18.981076653995,-1.));
#10232 = LINE('',#10233,#10234);
#10233 = CARTESIAN_POINT('',(-10.89550998072,18.981076653995,-1.));
#10234 = VECTOR('',#10235,1.);
#10235 = DIRECTION('',(0.,-2.2E-16,-1.));
#10236 = ORIENTED_EDGE('',*,*,#10237,.F.);
#10237 = EDGE_CURVE('',#10206,#10230,#10238,.T.);
#10238 = CIRCLE('',#10239,0.15);
#10239 = AXIS2_PLACEMENT_3D('',#10240,#10241,#10242);
#10240 = CARTESIAN_POINT('',(-11.0275993105,18.909996354624,-1.));
#10241 = DIRECTION('',(0.,0.,-1.));
#10242 = DIRECTION('',(-0.473868662473,0.880595531857,0.));
#10243 = CYLINDRICAL_SURFACE('',#10244,0.15);
#10244 = AXIS2_PLACEMENT_3D('',#10245,#10246,#10247);
#10245 = CARTESIAN_POINT('',(-11.0275993105,18.909996354624,-1.));
#10246 = DIRECTION('',(0.,2.2E-16,1.));
#10247 = DIRECTION('',(-0.473868662473,0.880595531857,
    -1.937310170085E-16));
#10248 = ADVANCED_FACE('',(#10249),#10268,.F.);
#10249 = FACE_BOUND('',#10250,.F.);
#10250 = EDGE_LOOP('',(#10251,#10252,#10253,#10261));
#10251 = ORIENTED_EDGE('',*,*,#10229,.T.);
#10252 = ORIENTED_EDGE('',*,*,#1176,.T.);
#10253 = ORIENTED_EDGE('',*,*,#10254,.F.);
#10254 = EDGE_CURVE('',#10255,#1168,#10257,.T.);
#10255 = VERTEX_POINT('',#10256);
#10256 = CARTESIAN_POINT('',(-10.61167851804,18.736354580559,-1.));
#10257 = LINE('',#10258,#10259);
#10258 = CARTESIAN_POINT('',(-10.61167851804,18.736354580559,-1.));
#10259 = VECTOR('',#10260,1.);
#10260 = DIRECTION('',(0.,-2.2E-16,-1.));
#10261 = ORIENTED_EDGE('',*,*,#10262,.F.);
#10262 = EDGE_CURVE('',#10230,#10255,#10263,.T.);
#10263 = CIRCLE('',#10264,1.469292842572);
#10264 = AXIS2_PLACEMENT_3D('',#10265,#10266,#10267);
#10265 = CARTESIAN_POINT('',(-9.801979772244,19.962408983217,-1.));
#10266 = DIRECTION('',(0.,0.,1.));
#10267 = DIRECTION('',(-0.744256132471,-0.667894309962,0.));
#10268 = CYLINDRICAL_SURFACE('',#10269,1.469292842572);
#10269 = AXIS2_PLACEMENT_3D('',#10270,#10271,#10272);
#10270 = CARTESIAN_POINT('',(-9.801979772244,19.962408983217,-1.));
#10271 = DIRECTION('',(0.,2.2E-16,1.));
#10272 = DIRECTION('',(-0.744256132471,-0.667894309962,
    1.469367481917E-16));
#10273 = ADVANCED_FACE('',(#10274),#10293,.F.);
#10274 = FACE_BOUND('',#10275,.F.);
#10275 = EDGE_LOOP('',(#10276,#10277,#10278,#10286));
#10276 = ORIENTED_EDGE('',*,*,#10254,.T.);
#10277 = ORIENTED_EDGE('',*,*,#1167,.T.);
#10278 = ORIENTED_EDGE('',*,*,#10279,.F.);
#10279 = EDGE_CURVE('',#10280,#1159,#10282,.T.);
#10280 = VERTEX_POINT('',#10281);
#10281 = CARTESIAN_POINT('',(-9.79091874144,19.178024250099,-1.));
#10282 = LINE('',#10283,#10284);
#10283 = CARTESIAN_POINT('',(-9.79091874144,19.178024250099,-1.));
#10284 = VECTOR('',#10285,1.);
#10285 = DIRECTION('',(0.,-2.2E-16,-1.));
#10286 = ORIENTED_EDGE('',*,*,#10287,.F.);
#10287 = EDGE_CURVE('',#10255,#10280,#10288,.T.);
#10288 = CIRCLE('',#10289,0.559359353945);
#10289 = AXIS2_PLACEMENT_3D('',#10290,#10291,#10292);
#10290 = CARTESIAN_POINT('',(-10.34789433302,19.229609880151,-1.));
#10291 = DIRECTION('',(0.,0.,1.));
#10292 = DIRECTION('',(-0.471582683237,-0.881821848715,0.));
#10293 = CYLINDRICAL_SURFACE('',#10294,0.559359353945);
#10294 = AXIS2_PLACEMENT_3D('',#10295,#10296,#10297);
#10295 = CARTESIAN_POINT('',(-10.34789433302,19.229609880151,-1.));
#10296 = DIRECTION('',(0.,2.2E-16,1.));
#10297 = DIRECTION('',(-0.471582683237,-0.881821848715,
    1.940008067173E-16));
#10298 = ADVANCED_FACE('',(#10299),#10318,.F.);
#10299 = FACE_BOUND('',#10300,.F.);
#10300 = EDGE_LOOP('',(#10301,#10302,#10303,#10311));
#10301 = ORIENTED_EDGE('',*,*,#10279,.T.);
#10302 = ORIENTED_EDGE('',*,*,#1158,.T.);
#10303 = ORIENTED_EDGE('',*,*,#10304,.F.);
#10304 = EDGE_CURVE('',#10305,#1150,#10307,.T.);
#10305 = VERTEX_POINT('',#10306);
#10306 = CARTESIAN_POINT('',(-9.838795342496,19.549719048963,-1.));
#10307 = LINE('',#10308,#10309);
#10308 = CARTESIAN_POINT('',(-9.838795342496,19.549719048963,-1.));
#10309 = VECTOR('',#10310,1.);
#10310 = DIRECTION('',(0.,-2.2E-16,-1.));
#10311 = ORIENTED_EDGE('',*,*,#10312,.F.);
#10312 = EDGE_CURVE('',#10280,#10305,#10313,.T.);
#10313 = CIRCLE('',#10314,1.469292842572);
#10314 = AXIS2_PLACEMENT_3D('',#10315,#10316,#10317);
#10315 = CARTESIAN_POINT('',(-11.26021154845,19.177701002799,-1.));
#10316 = DIRECTION('',(0.,-0.,1.));
#10317 = DIRECTION('',(0.9999999758,2.200019562974E-04,0.));
#10318 = CYLINDRICAL_SURFACE('',#10319,1.469292842572);
#10319 = AXIS2_PLACEMENT_3D('',#10320,#10321,#10322);
#10320 = CARTESIAN_POINT('',(-11.26021154845,19.177701002799,-1.));
#10321 = DIRECTION('',(0.,2.2E-16,1.));
#10322 = DIRECTION('',(0.9999999758,2.200019562974E-04,
    -4.840043038544E-20));
#10323 = ADVANCED_FACE('',(#10324),#10343,.T.);
#10324 = FACE_BOUND('',#10325,.F.);
#10325 = EDGE_LOOP('',(#10326,#10327,#10328,#10336));
#10326 = ORIENTED_EDGE('',*,*,#10304,.T.);
#10327 = ORIENTED_EDGE('',*,*,#1149,.T.);
#10328 = ORIENTED_EDGE('',*,*,#10329,.F.);
#10329 = EDGE_CURVE('',#10330,#1142,#10332,.T.);
#10330 = VERTEX_POINT('',#10331);
#10331 = CARTESIAN_POINT('',(-9.777786312088,19.752888678112,-1.));
#10332 = LINE('',#10333,#10334);
#10333 = CARTESIAN_POINT('',(-9.777786312088,19.752888678112,-1.));
#10334 = VECTOR('',#10335,1.);
#10335 = DIRECTION('',(0.,-2.2E-16,-1.));
#10336 = ORIENTED_EDGE('',*,*,#10337,.F.);
#10337 = EDGE_CURVE('',#10305,#10330,#10338,.T.);
#10338 = CIRCLE('',#10339,0.15);
#10339 = AXIS2_PLACEMENT_3D('',#10340,#10341,#10342);
#10340 = CARTESIAN_POINT('',(-9.706706012718,19.620799348334,-1.));
#10341 = DIRECTION('',(-0.,0.,-1.));
#10342 = DIRECTION('',(-0.880595531857,-0.473868662473,0.));
#10343 = CYLINDRICAL_SURFACE('',#10344,0.15);
#10344 = AXIS2_PLACEMENT_3D('',#10345,#10346,#10347);
#10345 = CARTESIAN_POINT('',(-9.706706012718,19.620799348334,-1.));
#10346 = DIRECTION('',(0.,2.2E-16,1.));
#10347 = DIRECTION('',(-0.880595531857,-0.473868662473,
    1.042511057441E-16));
#10348 = ADVANCED_FACE('',(#10349),#10367,.F.);
#10349 = FACE_BOUND('',#10350,.F.);
#10350 = EDGE_LOOP('',(#10351,#10352,#10353,#10361));
#10351 = ORIENTED_EDGE('',*,*,#10329,.T.);
#10352 = ORIENTED_EDGE('',*,*,#1141,.T.);
#10353 = ORIENTED_EDGE('',*,*,#10354,.F.);
#10354 = EDGE_CURVE('',#10355,#1133,#10357,.T.);
#10355 = VERTEX_POINT('',#10356);
#10356 = CARTESIAN_POINT('',(-9.347080187893,19.96030581569,-1.));
#10357 = LINE('',#10358,#10359);
#10358 = CARTESIAN_POINT('',(-9.347080187893,19.96030581569,-1.));
#10359 = VECTOR('',#10360,1.);
#10360 = DIRECTION('',(0.,-2.2E-16,-1.));
#10361 = ORIENTED_EDGE('',*,*,#10362,.F.);
#10362 = EDGE_CURVE('',#10330,#10355,#10363,.T.);
#10363 = LINE('',#10364,#10365);
#10364 = CARTESIAN_POINT('',(-9.777786312088,19.752888678112,-1.));
#10365 = VECTOR('',#10366,1.);
#10366 = DIRECTION('',(0.900968867902,0.433883739118,0.));
#10367 = PLANE('',#10368);
#10368 = AXIS2_PLACEMENT_3D('',#10369,#10370,#10371);
#10369 = CARTESIAN_POINT('',(-9.777786312088,19.752888678112,-1.));
#10370 = DIRECTION('',(0.433883739118,-0.900968867902,2.E-16));
#10371 = DIRECTION('',(0.900968867902,0.433883739118,-1.E-16));
#10372 = ADVANCED_FACE('',(#10373),#10392,.T.);
#10373 = FACE_BOUND('',#10374,.F.);
#10374 = EDGE_LOOP('',(#10375,#10376,#10377,#10385));
#10375 = ORIENTED_EDGE('',*,*,#10354,.T.);
#10376 = ORIENTED_EDGE('',*,*,#1132,.T.);
#10377 = ORIENTED_EDGE('',*,*,#10378,.F.);
#10378 = EDGE_CURVE('',#10379,#1124,#10381,.T.);
#10379 = VERTEX_POINT('',#10380);
#10380 = CARTESIAN_POINT('',(-9.150197267263,19.881330404555,-1.));
#10381 = LINE('',#10382,#10383);
#10382 = CARTESIAN_POINT('',(-9.150197267263,19.881330404555,-1.));
#10383 = VECTOR('',#10384,1.);
#10384 = DIRECTION('',(0.,-2.2E-16,-1.));
#10385 = ORIENTED_EDGE('',*,*,#10386,.F.);
#10386 = EDGE_CURVE('',#10355,#10379,#10387,.T.);
#10387 = CIRCLE('',#10388,0.15);
#10388 = AXIS2_PLACEMENT_3D('',#10389,#10390,#10391);
#10389 = CARTESIAN_POINT('',(-9.288126433145,19.822376649807,-1.));
#10390 = DIRECTION('',(0.,0.,-1.));
#10391 = DIRECTION('',(-0.393025031654,0.919527772551,0.));
#10392 = CYLINDRICAL_SURFACE('',#10393,0.15);
#10393 = AXIS2_PLACEMENT_3D('',#10394,#10395,#10396);
#10394 = CARTESIAN_POINT('',(-9.288126433145,19.822376649807,-1.));
#10395 = DIRECTION('',(0.,2.2E-16,1.));
#10396 = DIRECTION('',(-0.393025031654,0.919527772551,
    -2.022961099613E-16));
#10397 = ADVANCED_FACE('',(#10398),#10417,.F.);
#10398 = FACE_BOUND('',#10399,.F.);
#10399 = EDGE_LOOP('',(#10400,#10401,#10402,#10410));
#10400 = ORIENTED_EDGE('',*,*,#10378,.T.);
#10401 = ORIENTED_EDGE('',*,*,#1123,.T.);
#10402 = ORIENTED_EDGE('',*,*,#10403,.F.);
#10403 = EDGE_CURVE('',#10404,#1115,#10406,.T.);
#10404 = VERTEX_POINT('',#10405);
#10405 = CARTESIAN_POINT('',(-8.889445144147,19.61215105408,-1.));
#10406 = LINE('',#10407,#10408);
#10407 = CARTESIAN_POINT('',(-8.889445144147,19.61215105408,-1.));
#10408 = VECTOR('',#10409,1.);
#10409 = DIRECTION('',(0.,-2.2E-16,-1.));
#10410 = ORIENTED_EDGE('',*,*,#10411,.F.);
#10411 = EDGE_CURVE('',#10379,#10404,#10412,.T.);
#10412 = CIRCLE('',#10413,1.469292842572);
#10413 = AXIS2_PLACEMENT_3D('',#10414,#10415,#10416);
#10414 = CARTESIAN_POINT('',(-7.973103338114,20.760688886173,-1.));
#10415 = DIRECTION('',(0.,0.,1.));
#10416 = DIRECTION('',(-0.801129560455,-0.598490958466,0.));
#10417 = CYLINDRICAL_SURFACE('',#10418,1.469292842572);
#10418 = AXIS2_PLACEMENT_3D('',#10419,#10420,#10421);
#10419 = CARTESIAN_POINT('',(-7.973103338114,20.760688886173,-1.));
#10420 = DIRECTION('',(0.,2.2E-16,1.));
#10421 = DIRECTION('',(-0.801129560455,-0.598490958466,
    1.316680108625E-16));
#10422 = ADVANCED_FACE('',(#10423),#10442,.F.);
#10423 = FACE_BOUND('',#10424,.F.);
#10424 = EDGE_LOOP('',(#10425,#10426,#10427,#10435));
#10425 = ORIENTED_EDGE('',*,*,#10403,.T.);
#10426 = ORIENTED_EDGE('',*,*,#1114,.T.);
#10427 = ORIENTED_EDGE('',*,*,#10428,.F.);
#10428 = EDGE_CURVE('',#10429,#1106,#10431,.T.);
#10429 = VERTEX_POINT('',#10430);
#10430 = CARTESIAN_POINT('',(-8.032398541159,19.978470352228,-1.));
#10431 = LINE('',#10432,#10433);
#10432 = CARTESIAN_POINT('',(-8.032398541159,19.978470352228,-1.));
#10433 = VECTOR('',#10434,1.);
#10434 = DIRECTION('',(0.,-2.2E-16,-1.));
#10435 = ORIENTED_EDGE('',*,*,#10436,.F.);
#10436 = EDGE_CURVE('',#10404,#10429,#10437,.T.);
#10437 = CIRCLE('',#10438,0.559359353945);
#10438 = AXIS2_PLACEMENT_3D('',#10439,#10440,#10441);
#10439 = CARTESIAN_POINT('',(-8.582507812529,20.079775220805,-1.));
#10440 = DIRECTION('',(0.,0.,1.));
#10441 = DIRECTION('',(-0.548730131092,-0.835999547387,0.));
#10442 = CYLINDRICAL_SURFACE('',#10443,0.559359353945);
#10443 = AXIS2_PLACEMENT_3D('',#10444,#10445,#10446);
#10444 = CARTESIAN_POINT('',(-8.582507812529,20.079775220805,-1.));
#10445 = DIRECTION('',(0.,2.2E-16,1.));
#10446 = DIRECTION('',(-0.548730131092,-0.835999547387,
    1.839199004252E-16));
#10447 = ADVANCED_FACE('',(#10448),#10467,.F.);
#10448 = FACE_BOUND('',#10449,.F.);
#10449 = EDGE_LOOP('',(#10450,#10451,#10452,#10460));
#10450 = ORIENTED_EDGE('',*,*,#10428,.T.);
#10451 = ORIENTED_EDGE('',*,*,#1105,.T.);
#10452 = ORIENTED_EDGE('',*,*,#10453,.F.);
#10453 = EDGE_CURVE('',#10454,#1097,#10456,.T.);
#10454 = VERTEX_POINT('',#10455);
#10455 = CARTESIAN_POINT('',(-8.046763940201,20.35296044254,-1.));
#10456 = LINE('',#10457,#10458);
#10457 = CARTESIAN_POINT('',(-8.046763940201,20.35296044254,-1.));
#10458 = VECTOR('',#10459,1.);
#10459 = DIRECTION('',(0.,-2.2E-16,-1.));
#10460 = ORIENTED_EDGE('',*,*,#10461,.F.);
#10461 = EDGE_CURVE('',#10429,#10454,#10462,.T.);
#10462 = CIRCLE('',#10463,1.469292842572);
#10463 = AXIS2_PLACEMENT_3D('',#10464,#10465,#10466);
#10464 = CARTESIAN_POINT('',(-9.495805382962,20.109854798025,-1.));
#10465 = DIRECTION('',(-0.,0.,1.));
#10466 = DIRECTION('',(0.995993990716,-8.942019044101E-02,0.));
#10467 = CYLINDRICAL_SURFACE('',#10468,1.469292842572);
#10468 = AXIS2_PLACEMENT_3D('',#10469,#10470,#10471);
#10469 = CARTESIAN_POINT('',(-9.495805382962,20.109854798025,-1.));
#10470 = DIRECTION('',(0.,2.2E-16,1.));
#10471 = DIRECTION('',(0.995993990716,-8.942019044101E-02,
    1.967244189702E-17));
#10472 = ADVANCED_FACE('',(#10473),#10492,.T.);
#10473 = FACE_BOUND('',#10474,.F.);
#10474 = EDGE_LOOP('',(#10475,#10476,#10477,#10485));
#10475 = ORIENTED_EDGE('',*,*,#10453,.T.);
#10476 = ORIENTED_EDGE('',*,*,#1096,.T.);
#10477 = ORIENTED_EDGE('',*,*,#10478,.F.);
#10478 = EDGE_CURVE('',#10479,#1089,#10481,.T.);
#10479 = VERTEX_POINT('',#10480);
#10480 = CARTESIAN_POINT('',(-7.967788529066,20.54984336317,-1.));
#10481 = LINE('',#10482,#10483);
#10482 = CARTESIAN_POINT('',(-7.967788529066,20.54984336317,-1.));
#10483 = VECTOR('',#10484,1.);
#10484 = DIRECTION('',(0.,-2.2E-16,-1.));
#10485 = ORIENTED_EDGE('',*,*,#10486,.F.);
#10486 = EDGE_CURVE('',#10454,#10479,#10487,.T.);
#10487 = CIRCLE('',#10488,0.15);
#10488 = AXIS2_PLACEMENT_3D('',#10489,#10490,#10491);
#10489 = CARTESIAN_POINT('',(-7.908834774318,20.411914197288,-1.));
#10490 = DIRECTION('',(-0.,0.,-1.));
#10491 = DIRECTION('',(-0.919527772551,-0.393025031654,0.));
#10492 = CYLINDRICAL_SURFACE('',#10493,0.15);
#10493 = AXIS2_PLACEMENT_3D('',#10494,#10495,#10496);
#10494 = CARTESIAN_POINT('',(-7.908834774318,20.411914197288,-1.));
#10495 = DIRECTION('',(0.,2.2E-16,1.));
#10496 = DIRECTION('',(-0.919527772551,-0.393025031654,
    8.646550696386E-17));
#10497 = ADVANCED_FACE('',(#10498),#10516,.F.);
#10498 = FACE_BOUND('',#10499,.F.);
#10499 = EDGE_LOOP('',(#10500,#10501,#10502,#10510));
#10500 = ORIENTED_EDGE('',*,*,#10478,.T.);
#10501 = ORIENTED_EDGE('',*,*,#1088,.T.);
#10502 = ORIENTED_EDGE('',*,*,#10503,.F.);
#10503 = EDGE_CURVE('',#10504,#1080,#10506,.T.);
#10504 = VERTEX_POINT('',#10505);
#10505 = CARTESIAN_POINT('',(-7.520223572234,20.717817301018,-1.));
#10506 = LINE('',#10507,#10508);
#10507 = CARTESIAN_POINT('',(-7.520223572234,20.717817301018,-1.));
#10508 = VECTOR('',#10509,1.);
#10509 = DIRECTION('',(0.,-2.2E-16,-1.));
#10510 = ORIENTED_EDGE('',*,*,#10511,.F.);
#10511 = EDGE_CURVE('',#10479,#10504,#10512,.T.);
#10512 = LINE('',#10513,#10514);
#10513 = CARTESIAN_POINT('',(-7.967788529066,20.54984336317,-1.));
#10514 = VECTOR('',#10515,1.);
#10515 = DIRECTION('',(0.93623487064,0.351374824081,0.));
#10516 = PLANE('',#10517);
#10517 = AXIS2_PLACEMENT_3D('',#10518,#10519,#10520);
#10518 = CARTESIAN_POINT('',(-7.967788529066,20.54984336317,-1.));
#10519 = DIRECTION('',(0.351374824081,-0.93623487064,2.1E-16));
#10520 = DIRECTION('',(0.93623487064,0.351374824081,-8.E-17));
#10521 = ADVANCED_FACE('',(#10522),#10541,.T.);
#10522 = FACE_BOUND('',#10523,.F.);
#10523 = EDGE_LOOP('',(#10524,#10525,#10526,#10534));
#10524 = ORIENTED_EDGE('',*,*,#10503,.T.);
#10525 = ORIENTED_EDGE('',*,*,#1079,.T.);
#10526 = ORIENTED_EDGE('',*,*,#10527,.F.);
#10527 = EDGE_CURVE('',#10528,#1071,#10530,.T.);
#10528 = VERTEX_POINT('',#10529);
#10529 = CARTESIAN_POINT('',(-7.331212545634,20.62151137273,-1.));
#10530 = LINE('',#10531,#10532);
#10531 = CARTESIAN_POINT('',(-7.331212545634,20.62151137273,-1.));
#10532 = VECTOR('',#10533,1.);
#10533 = DIRECTION('',(0.,-2.2E-16,-1.));
#10534 = ORIENTED_EDGE('',*,*,#10535,.F.);
#10535 = EDGE_CURVE('',#10504,#10528,#10536,.T.);
#10536 = CIRCLE('',#10537,0.15);
#10537 = AXIS2_PLACEMENT_3D('',#10538,#10539,#10540);
#10538 = CARTESIAN_POINT('',(-7.473871023078,20.575158823574,-1.));
#10539 = DIRECTION('',(0.,0.,-1.));
#10540 = DIRECTION('',(-0.309016994375,0.951056516295,0.));
#10541 = CYLINDRICAL_SURFACE('',#10542,0.15);
#10542 = AXIS2_PLACEMENT_3D('',#10543,#10544,#10545);
#10543 = CARTESIAN_POINT('',(-7.473871023078,20.575158823574,-1.));
#10544 = DIRECTION('',(0.,2.2E-16,1.));
#10545 = DIRECTION('',(-0.309016994375,0.951056516295,
    -2.092324335849E-16));
#10546 = ADVANCED_FACE('',(#10547),#10566,.F.);
#10547 = FACE_BOUND('',#10548,.F.);
#10548 = EDGE_LOOP('',(#10549,#10550,#10551,#10559));
#10549 = ORIENTED_EDGE('',*,*,#10527,.T.);
#10550 = ORIENTED_EDGE('',*,*,#1070,.T.);
#10551 = ORIENTED_EDGE('',*,*,#10552,.F.);
#10552 = EDGE_CURVE('',#10553,#1062,#10555,.T.);
#10553 = VERTEX_POINT('',#10554);
#10554 = CARTESIAN_POINT('',(-7.095639184854,20.330042019072,-1.));
#10555 = LINE('',#10556,#10557);
#10556 = CARTESIAN_POINT('',(-7.095639184854,20.330042019072,-1.));
#10557 = VECTOR('',#10558,1.);
#10558 = DIRECTION('',(0.,-2.2E-16,-1.));
#10559 = ORIENTED_EDGE('',*,*,#10560,.F.);
#10560 = EDGE_CURVE('',#10528,#10553,#10561,.T.);
#10561 = CIRCLE('',#10562,1.469292842572);
#10562 = AXIS2_PLACEMENT_3D('',#10563,#10564,#10565);
#10563 = CARTESIAN_POINT('',(-6.080032164013,21.391815929306,-1.));
#10564 = DIRECTION('',(0.,0.,1.));
#10565 = DIRECTION('',(-0.851552764274,-0.52426890968,0.));
#10566 = CYLINDRICAL_SURFACE('',#10567,1.469292842572);
#10567 = AXIS2_PLACEMENT_3D('',#10568,#10569,#10570);
#10568 = CARTESIAN_POINT('',(-6.080032164013,21.391815929306,-1.));
#10569 = DIRECTION('',(0.,2.2E-16,1.));
#10570 = DIRECTION('',(-0.851552764274,-0.52426890968,1.153391601295E-16
    ));
#10571 = ADVANCED_FACE('',(#10572),#10591,.F.);
#10572 = FACE_BOUND('',#10573,.F.);
#10573 = EDGE_LOOP('',(#10574,#10575,#10576,#10584));
#10574 = ORIENTED_EDGE('',*,*,#10552,.T.);
#10575 = ORIENTED_EDGE('',*,*,#1061,.T.);
#10576 = ORIENTED_EDGE('',*,*,#10577,.F.);
#10577 = EDGE_CURVE('',#10578,#1053,#10580,.T.);
#10578 = VERTEX_POINT('',#10579);
#10579 = CARTESIAN_POINT('',(-6.209206190797,20.618061558232,-1.));
#10580 = LINE('',#10581,#10582);
#10581 = CARTESIAN_POINT('',(-6.209206190797,20.618061558232,-1.));
#10582 = VECTOR('',#10583,1.);
#10583 = DIRECTION('',(0.,-2.2E-16,-1.));
#10584 = ORIENTED_EDGE('',*,*,#10585,.F.);
#10585 = EDGE_CURVE('',#10553,#10578,#10586,.T.);
#10586 = CIRCLE('',#10587,0.559359353945);
#10587 = AXIS2_PLACEMENT_3D('',#10588,#10589,#10590);
#10588 = CARTESIAN_POINT('',(-6.748019985563,20.768270018098,-1.));
#10589 = DIRECTION('',(0.,0.,1.));
#10590 = DIRECTION('',(-0.62145952658,-0.783446269264,0.));
#10591 = CYLINDRICAL_SURFACE('',#10592,0.559359353945);
#10592 = AXIS2_PLACEMENT_3D('',#10593,#10594,#10595);
#10593 = CARTESIAN_POINT('',(-6.748019985563,20.768270018098,-1.));
#10594 = DIRECTION('',(0.,2.2E-16,1.));
#10595 = DIRECTION('',(-0.62145952658,-0.783446269264,1.723581792381E-16
    ));
#10596 = ADVANCED_FACE('',(#10597),#10616,.F.);
#10597 = FACE_BOUND('',#10598,.F.);
#10598 = EDGE_LOOP('',(#10599,#10600,#10601,#10609));
#10599 = ORIENTED_EDGE('',*,*,#10577,.T.);
#10600 = ORIENTED_EDGE('',*,*,#1052,.T.);
#10601 = ORIENTED_EDGE('',*,*,#10602,.F.);
#10602 = EDGE_CURVE('',#10603,#1044,#10605,.T.);
#10603 = VERTEX_POINT('',#10604);
#10604 = CARTESIAN_POINT('',(-6.18994472608,20.99233176598,-1.));
#10605 = LINE('',#10606,#10607);
#10606 = CARTESIAN_POINT('',(-6.18994472608,20.99233176598,-1.));
#10607 = VECTOR('',#10608,1.);
#10608 = DIRECTION('',(0.,-2.2E-16,-1.));
#10609 = ORIENTED_EDGE('',*,*,#10610,.F.);
#10610 = EDGE_CURVE('',#10578,#10603,#10611,.T.);
#10611 = CIRCLE('',#10612,1.469292842572);
#10612 = AXIS2_PLACEMENT_3D('',#10613,#10614,#10615);
#10613 = CARTESIAN_POINT('',(-7.654944575968,20.88009586682,-1.));
#10614 = DIRECTION('',(-0.,0.,1.));
#10615 = DIRECTION('',(0.983968847653,-0.178340424043,0.));
#10616 = CYLINDRICAL_SURFACE('',#10617,1.469292842572);
#10617 = AXIS2_PLACEMENT_3D('',#10618,#10619,#10620);
#10618 = CARTESIAN_POINT('',(-7.654944575968,20.88009586682,-1.));
#10619 = DIRECTION('',(0.,2.2E-16,1.));
#10620 = DIRECTION('',(0.983968847653,-0.178340424043,3.923489328949E-17
    ));
#10621 = ADVANCED_FACE('',(#10622),#10641,.T.);
#10622 = FACE_BOUND('',#10623,.F.);
#10623 = EDGE_LOOP('',(#10624,#10625,#10626,#10634));
#10624 = ORIENTED_EDGE('',*,*,#10602,.T.);
#10625 = ORIENTED_EDGE('',*,*,#1043,.T.);
#10626 = ORIENTED_EDGE('',*,*,#10627,.F.);
#10627 = EDGE_CURVE('',#10628,#1036,#10630,.T.);
#10628 = VERTEX_POINT('',#10629);
#10629 = CARTESIAN_POINT('',(-6.093638797792,21.181342792581,-1.));
#10630 = LINE('',#10631,#10632);
#10631 = CARTESIAN_POINT('',(-6.093638797792,21.181342792581,-1.));
#10632 = VECTOR('',#10633,1.);
#10633 = DIRECTION('',(0.,-2.2E-16,-1.));
#10634 = ORIENTED_EDGE('',*,*,#10635,.F.);
#10635 = EDGE_CURVE('',#10603,#10628,#10636,.T.);
#10636 = CIRCLE('',#10637,0.15);
#10637 = AXIS2_PLACEMENT_3D('',#10638,#10639,#10640);
#10638 = CARTESIAN_POINT('',(-6.047286248635,21.038684315136,-1.));
#10639 = DIRECTION('',(-0.,0.,-1.));
#10640 = DIRECTION('',(-0.951056516295,-0.309016994375,0.));
#10641 = CYLINDRICAL_SURFACE('',#10642,0.15);
#10642 = AXIS2_PLACEMENT_3D('',#10643,#10644,#10645);
#10643 = CARTESIAN_POINT('',(-6.047286248635,21.038684315136,-1.));
#10644 = DIRECTION('',(0.,2.2E-16,1.));
#10645 = DIRECTION('',(-0.951056516295,-0.309016994375,
    6.798373876249E-17));
#10646 = ADVANCED_FACE('',(#10647),#10665,.F.);
#10647 = FACE_BOUND('',#10648,.F.);
#10648 = EDGE_LOOP('',(#10649,#10650,#10651,#10659));
#10649 = ORIENTED_EDGE('',*,*,#10627,.T.);
#10650 = ORIENTED_EDGE('',*,*,#1035,.T.);
#10651 = ORIENTED_EDGE('',*,*,#10652,.F.);
#10652 = EDGE_CURVE('',#10653,#1027,#10655,.T.);
#10653 = VERTEX_POINT('',#10654);
#10654 = CARTESIAN_POINT('',(-5.632818538192,21.308521103318,-1.));
#10655 = LINE('',#10656,#10657);
#10656 = CARTESIAN_POINT('',(-5.632818538192,21.308521103318,-1.));
#10657 = VECTOR('',#10658,1.);
#10658 = DIRECTION('',(0.,-2.2E-16,-1.));
#10659 = ORIENTED_EDGE('',*,*,#10660,.F.);
#10660 = EDGE_CURVE('',#10628,#10653,#10661,.T.);
#10661 = LINE('',#10662,#10663);
#10662 = CARTESIAN_POINT('',(-6.093638797792,21.181342792581,-1.));
#10663 = VECTOR('',#10664,1.);
#10664 = DIRECTION('',(0.963962860696,0.266036845567,0.));
#10665 = PLANE('',#10666);
#10666 = AXIS2_PLACEMENT_3D('',#10667,#10668,#10669);
#10667 = CARTESIAN_POINT('',(-6.093638797792,21.181342792581,-1.));
#10668 = DIRECTION('',(0.266036845567,-0.963962860696,2.1E-16));
#10669 = DIRECTION('',(0.963962860696,0.266036845567,-6.E-17));
#10670 = ADVANCED_FACE('',(#10671),#10690,.T.);
#10671 = FACE_BOUND('',#10672,.F.);
#10672 = EDGE_LOOP('',(#10673,#10674,#10675,#10683));
#10673 = ORIENTED_EDGE('',*,*,#10652,.T.);
#10674 = ORIENTED_EDGE('',*,*,#1026,.T.);
#10675 = ORIENTED_EDGE('',*,*,#10676,.F.);
#10676 = EDGE_CURVE('',#10677,#1018,#10679,.T.);
#10677 = VERTEX_POINT('',#10678);
#10678 = CARTESIAN_POINT('',(-5.453201211271,21.195660056585,-1.));
#10679 = LINE('',#10680,#10681);
#10680 = CARTESIAN_POINT('',(-5.453201211271,21.195660056585,-1.));
#10681 = VECTOR('',#10682,1.);
#10682 = DIRECTION('',(0.,-2.2E-16,-1.));
#10683 = ORIENTED_EDGE('',*,*,#10684,.F.);
#10684 = EDGE_CURVE('',#10653,#10677,#10685,.T.);
#10685 = CIRCLE('',#10686,0.15);
#10686 = AXIS2_PLACEMENT_3D('',#10687,#10688,#10689);
#10687 = CARTESIAN_POINT('',(-5.599440398098,21.162281916491,-1.));
#10688 = DIRECTION('',(0.,0.,-1.));
#10689 = DIRECTION('',(-0.222520933956,0.974927912182,0.));
#10690 = CYLINDRICAL_SURFACE('',#10691,0.15);
#10691 = AXIS2_PLACEMENT_3D('',#10692,#10693,#10694);
#10692 = CARTESIAN_POINT('',(-5.599440398098,21.162281916491,-1.));
#10693 = DIRECTION('',(0.,2.2E-16,1.));
#10694 = DIRECTION('',(-0.222520933956,0.974927912182,-2.1448414068E-16)
  );
#10695 = ADVANCED_FACE('',(#10696),#10715,.F.);
#10696 = FACE_BOUND('',#10697,.F.);
#10697 = EDGE_LOOP('',(#10698,#10699,#10700,#10708));
#10698 = ORIENTED_EDGE('',*,*,#10676,.T.);
#10699 = ORIENTED_EDGE('',*,*,#1017,.T.);
#10700 = ORIENTED_EDGE('',*,*,#10701,.F.);
#10701 = EDGE_CURVE('',#10702,#1009,#10704,.T.);
#10702 = VERTEX_POINT('',#10703);
#10703 = CARTESIAN_POINT('',(-5.244703311012,20.884247439597,-1.));
#10704 = LINE('',#10705,#10706);
#10705 = CARTESIAN_POINT('',(-5.244703311012,20.884247439597,-1.));
#10706 = VECTOR('',#10707,1.);
#10707 = DIRECTION('',(0.,-2.2E-16,-1.));
#10708 = ORIENTED_EDGE('',*,*,#10709,.F.);
#10709 = EDGE_CURVE('',#10677,#10702,#10710,.T.);
#10710 = CIRCLE('',#10711,1.469292842572);
#10711 = AXIS2_PLACEMENT_3D('',#10712,#10713,#10714);
#10712 = CARTESIAN_POINT('',(-4.138008145929,21.850708648759,-1.));
#10713 = DIRECTION('',(0.,0.,1.));
#10714 = DIRECTION('',(-0.895119765941,-0.445825755897,0.));
#10715 = CYLINDRICAL_SURFACE('',#10716,1.469292842572);
#10716 = AXIS2_PLACEMENT_3D('',#10717,#10718,#10719);
#10717 = CARTESIAN_POINT('',(-4.138008145929,21.850708648759,-1.));
#10718 = DIRECTION('',(0.,2.2E-16,1.));
#10719 = DIRECTION('',(-0.895119765941,-0.445825755897,
    9.808166629743E-17));
#10720 = ADVANCED_FACE('',(#10721),#10740,.F.);
#10721 = FACE_BOUND('',#10722,.F.);
#10722 = EDGE_LOOP('',(#10723,#10724,#10725,#10733));
#10723 = ORIENTED_EDGE('',*,*,#10701,.T.);
#10724 = ORIENTED_EDGE('',*,*,#1008,.T.);
#10725 = ORIENTED_EDGE('',*,*,#10726,.F.);
#10726 = EDGE_CURVE('',#10727,#1000,#10729,.T.);
#10727 = VERTEX_POINT('',#10728);
#10728 = CARTESIAN_POINT('',(-4.336020963142,21.091648255792,-1.));
#10729 = LINE('',#10730,#10731);
#10730 = CARTESIAN_POINT('',(-4.336020963142,21.091648255792,-1.));
#10731 = VECTOR('',#10732,1.);
#10732 = DIRECTION('',(0.,-2.2E-16,-1.));
#10733 = ORIENTED_EDGE('',*,*,#10734,.F.);
#10734 = EDGE_CURVE('',#10702,#10727,#10735,.T.);
#10735 = CIRCLE('',#10736,0.559359353945);
#10736 = AXIS2_PLACEMENT_3D('',#10737,#10738,#10739);
#10737 = CARTESIAN_POINT('',(-4.859201069445,21.28955091675,-1.));
#10738 = DIRECTION('',(0.,0.,1.));
#10739 = DIRECTION('',(-0.689185295371,-0.724585142439,0.));
#10740 = CYLINDRICAL_SURFACE('',#10741,0.559359353945);
#10741 = AXIS2_PLACEMENT_3D('',#10742,#10743,#10744);
#10742 = CARTESIAN_POINT('',(-4.859201069445,21.28955091675,-1.));
#10743 = DIRECTION('',(0.,2.2E-16,1.));
#10744 = DIRECTION('',(-0.689185295371,-0.724585142439,
    1.594087313366E-16));
#10745 = ADVANCED_FACE('',(#10746),#10765,.F.);
#10746 = FACE_BOUND('',#10747,.F.);
#10747 = EDGE_LOOP('',(#10748,#10749,#10750,#10758));
#10748 = ORIENTED_EDGE('',*,*,#10726,.T.);
#10749 = ORIENTED_EDGE('',*,*,#999,.T.);
#10750 = ORIENTED_EDGE('',*,*,#10751,.F.);
#10751 = EDGE_CURVE('',#10752,#991,#10754,.T.);
#10752 = VERTEX_POINT('',#10753);
#10753 = CARTESIAN_POINT('',(-4.283287716653,21.462685177332,-1.));
#10754 = LINE('',#10755,#10756);
#10755 = CARTESIAN_POINT('',(-4.283287716653,21.462685177332,-1.));
#10756 = VECTOR('',#10757,1.);
#10757 = DIRECTION('',(0.,-2.2E-16,-1.));
#10758 = ORIENTED_EDGE('',*,*,#10759,.F.);
#10759 = EDGE_CURVE('',#10727,#10752,#10760,.T.);
#10760 = CIRCLE('',#10761,1.469292842572);
#10761 = AXIS2_PLACEMENT_3D('',#10762,#10763,#10764);
#10762 = CARTESIAN_POINT('',(-5.752450656284,21.482222680992,-1.));
#10763 = DIRECTION('',(-0.,0.,1.));
#10764 = DIRECTION('',(0.964021365994,-0.265824765413,0.));
#10765 = CYLINDRICAL_SURFACE('',#10766,1.469292842572);
#10766 = AXIS2_PLACEMENT_3D('',#10767,#10768,#10769);
#10767 = CARTESIAN_POINT('',(-5.752450656284,21.482222680992,-1.));
#10768 = DIRECTION('',(0.,2.2E-16,1.));
#10769 = DIRECTION('',(0.964021365994,-0.265824765413,5.848144839093E-17
    ));
#10770 = ADVANCED_FACE('',(#10771),#10790,.T.);
#10771 = FACE_BOUND('',#10772,.F.);
#10772 = EDGE_LOOP('',(#10773,#10774,#10775,#10783));
#10773 = ORIENTED_EDGE('',*,*,#10751,.T.);
#10774 = ORIENTED_EDGE('',*,*,#990,.T.);
#10775 = ORIENTED_EDGE('',*,*,#10776,.F.);
#10776 = EDGE_CURVE('',#10777,#983,#10779,.T.);
#10777 = VERTEX_POINT('',#10778);
#10778 = CARTESIAN_POINT('',(-4.170426669919,21.642302504253,-1.));
#10779 = LINE('',#10780,#10781);
#10780 = CARTESIAN_POINT('',(-4.170426669919,21.642302504253,-1.));
#10781 = VECTOR('',#10782,1.);
#10782 = DIRECTION('',(0.,-2.2E-16,-1.));
#10783 = ORIENTED_EDGE('',*,*,#10784,.F.);
#10784 = EDGE_CURVE('',#10752,#10777,#10785,.T.);
#10785 = CIRCLE('',#10786,0.15);
#10786 = AXIS2_PLACEMENT_3D('',#10787,#10788,#10789);
#10787 = CARTESIAN_POINT('',(-4.137048529825,21.496063317426,-1.));
#10788 = DIRECTION('',(-0.,0.,-1.));
#10789 = DIRECTION('',(-0.974927912182,-0.222520933956,0.));
#10790 = CYLINDRICAL_SURFACE('',#10791,0.15);
#10791 = AXIS2_PLACEMENT_3D('',#10792,#10793,#10794);
#10792 = CARTESIAN_POINT('',(-4.137048529825,21.496063317426,-1.));
#10793 = DIRECTION('',(0.,2.2E-16,1.));
#10794 = DIRECTION('',(-0.974927912182,-0.222520933956,
    4.895460547039E-17));
#10795 = ADVANCED_FACE('',(#10796),#10814,.F.);
#10796 = FACE_BOUND('',#10797,.F.);
#10797 = EDGE_LOOP('',(#10798,#10799,#10800,#10808));
#10798 = ORIENTED_EDGE('',*,*,#10776,.T.);
#10799 = ORIENTED_EDGE('',*,*,#982,.T.);
#10800 = ORIENTED_EDGE('',*,*,#10801,.F.);
#10801 = EDGE_CURVE('',#10802,#974,#10804,.T.);
#10802 = VERTEX_POINT('',#10803);
#10803 = CARTESIAN_POINT('',(-3.700061361323,21.727661222902,-1.));
#10804 = LINE('',#10805,#10806);
#10805 = CARTESIAN_POINT('',(-3.700061361323,21.727661222902,-1.));
#10806 = VECTOR('',#10807,1.);
#10807 = DIRECTION('',(0.,-2.2E-16,-1.));
#10808 = ORIENTED_EDGE('',*,*,#10809,.F.);
#10809 = EDGE_CURVE('',#10777,#10802,#10810,.T.);
#10810 = LINE('',#10811,#10812);
#10811 = CARTESIAN_POINT('',(-4.170426669919,21.642302504253,-1.));
#10812 = VECTOR('',#10813,1.);
#10813 = DIRECTION('',(0.983929588599,0.178556894799,0.));
#10814 = PLANE('',#10815);
#10815 = AXIS2_PLACEMENT_3D('',#10816,#10817,#10818);
#10816 = CARTESIAN_POINT('',(-4.170426669919,21.642302504253,-1.));
#10817 = DIRECTION('',(0.178556894799,-0.983929588599,2.2E-16));
#10818 = DIRECTION('',(0.983929588599,0.178556894799,-4.E-17));
#10819 = ADVANCED_FACE('',(#10820),#10839,.T.);
#10820 = FACE_BOUND('',#10821,.F.);
#10821 = EDGE_LOOP('',(#10822,#10823,#10824,#10832));
#10822 = ORIENTED_EDGE('',*,*,#10801,.T.);
#10823 = ORIENTED_EDGE('',*,*,#973,.T.);
#10824 = ORIENTED_EDGE('',*,*,#10825,.F.);
#10825 = EDGE_CURVE('',#10826,#965,#10828,.T.);
#10826 = VERTEX_POINT('',#10827);
#10827 = CARTESIAN_POINT('',(-3.531283907185,21.59915374851,-1.));
#10828 = LINE('',#10829,#10830);
#10829 = CARTESIAN_POINT('',(-3.531283907185,21.59915374851,-1.));
#10830 = VECTOR('',#10831,1.);
#10831 = DIRECTION('',(0.,-2.2E-16,-1.));
#10832 = ORIENTED_EDGE('',*,*,#10833,.F.);
#10833 = EDGE_CURVE('',#10802,#10826,#10834,.T.);
#10834 = CIRCLE('',#10835,0.15);
#10835 = AXIS2_PLACEMENT_3D('',#10836,#10837,#10838);
#10836 = CARTESIAN_POINT('',(-3.67992637145,21.579018758637,-1.));
#10837 = DIRECTION('',(0.,0.,-1.));
#10838 = DIRECTION('',(-0.134233265818,0.990949761768,0.));
#10839 = CYLINDRICAL_SURFACE('',#10840,0.15);
#10840 = AXIS2_PLACEMENT_3D('',#10841,#10842,#10843);
#10841 = CARTESIAN_POINT('',(-3.67992637145,21.579018758637,-1.));
#10842 = DIRECTION('',(0.,2.2E-16,1.));
#10843 = DIRECTION('',(-0.134233265818,0.990949761768,
    -2.180089475889E-16));
#10844 = ADVANCED_FACE('',(#10845),#10864,.F.);
#10845 = FACE_BOUND('',#10846,.F.);
#10846 = EDGE_LOOP('',(#10847,#10848,#10849,#10857));
#10847 = ORIENTED_EDGE('',*,*,#10825,.T.);
#10848 = ORIENTED_EDGE('',*,*,#964,.T.);
#10849 = ORIENTED_EDGE('',*,*,#10850,.F.);
#10850 = EDGE_CURVE('',#10851,#956,#10853,.T.);
#10851 = VERTEX_POINT('',#10852);
#10852 = CARTESIAN_POINT('',(-3.351540169946,21.270305179477,-1.));
#10853 = LINE('',#10854,#10855);
#10854 = CARTESIAN_POINT('',(-3.351540169946,21.270305179477,-1.));
#10855 = VECTOR('',#10856,1.);
#10856 = DIRECTION('',(0.,-2.2E-16,-1.));
#10857 = ORIENTED_EDGE('',*,*,#10858,.F.);
#10858 = EDGE_CURVE('',#10826,#10851,#10859,.T.);
#10859 = CIRCLE('',#10860,1.469292842572);
#10860 = AXIS2_PLACEMENT_3D('',#10861,#10862,#10863);
#10861 = CARTESIAN_POINT('',(-2.162667319363,22.133672310181,-1.));
#10862 = DIRECTION('',(0.,0.,1.));
#10863 = DIRECTION('',(-0.931479789574,-0.36379307527,0.));
#10864 = CYLINDRICAL_SURFACE('',#10865,1.469292842572);
#10865 = AXIS2_PLACEMENT_3D('',#10866,#10867,#10868);
#10866 = CARTESIAN_POINT('',(-2.162667319363,22.133672310181,-1.));
#10867 = DIRECTION('',(0.,2.2E-16,1.));
#10868 = DIRECTION('',(-0.931479789574,-0.36379307527,8.003447655941E-17
    ));
#10869 = ADVANCED_FACE('',(#10870),#10889,.F.);
#10870 = FACE_BOUND('',#10871,.F.);
#10871 = EDGE_LOOP('',(#10872,#10873,#10874,#10882));
#10872 = ORIENTED_EDGE('',*,*,#10850,.T.);
#10873 = ORIENTED_EDGE('',*,*,#955,.T.);
#10874 = ORIENTED_EDGE('',*,*,#10875,.F.);
#10875 = EDGE_CURVE('',#10876,#947,#10878,.T.);
#10876 = VERTEX_POINT('',#10877);
#10877 = CARTESIAN_POINT('',(-2.42792464423,21.395417403285,-1.));
#10878 = LINE('',#10879,#10880);
#10879 = CARTESIAN_POINT('',(-2.42792464423,21.395417403285,-1.));
#10880 = VECTOR('',#10881,1.);
#10881 = DIRECTION('',(0.,-2.2E-16,-1.));
#10882 = ORIENTED_EDGE('',*,*,#10883,.F.);
#10883 = EDGE_CURVE('',#10851,#10876,#10884,.T.);
#10884 = CIRCLE('',#10885,0.559359353945);
#10885 = AXIS2_PLACEMENT_3D('',#10886,#10887,#10888);
#10886 = CARTESIAN_POINT('',(-2.93125872348,21.639420869474,-1.));
#10887 = DIRECTION('',(0.,0.,1.));
#10888 = DIRECTION('',(-0.751362149399,-0.659890082097,0.));
#10889 = CYLINDRICAL_SURFACE('',#10890,0.559359353945);
#10890 = AXIS2_PLACEMENT_3D('',#10891,#10892,#10893);
#10891 = CARTESIAN_POINT('',(-2.93125872348,21.639420869474,-1.));
#10892 = DIRECTION('',(0.,2.2E-16,1.));
#10893 = DIRECTION('',(-0.751362149399,-0.659890082097,
    1.451758180613E-16));
#10894 = ADVANCED_FACE('',(#10895),#10914,.F.);
#10895 = FACE_BOUND('',#10896,.F.);
#10896 = EDGE_LOOP('',(#10897,#10898,#10899,#10907));
#10897 = ORIENTED_EDGE('',*,*,#10875,.T.);
#10898 = ORIENTED_EDGE('',*,*,#946,.T.);
#10899 = ORIENTED_EDGE('',*,*,#10900,.F.);
#10900 = EDGE_CURVE('',#10901,#938,#10903,.T.);
#10901 = VERTEX_POINT('',#10902);
#10902 = CARTESIAN_POINT('',(-2.342144193064,21.760233667491,-1.));
#10903 = LINE('',#10904,#10905);
#10904 = CARTESIAN_POINT('',(-2.342144193064,21.760233667491,-1.));
#10905 = VECTOR('',#10906,1.);
#10906 = DIRECTION('',(0.,-2.2E-16,-1.));
#10907 = ORIENTED_EDGE('',*,*,#10908,.F.);
#10908 = EDGE_CURVE('',#10876,#10901,#10909,.T.);
#10909 = CIRCLE('',#10910,1.469292842572);
#10910 = AXIS2_PLACEMENT_3D('',#10911,#10912,#10913);
#10911 = CARTESIAN_POINT('',(-3.803641386301,21.91138726948,-1.));
#10912 = DIRECTION('',(-0.,0.,1.));
#10913 = DIRECTION('',(0.936312151131,-0.351168842075,0.));
#10914 = CYLINDRICAL_SURFACE('',#10915,1.469292842572);
#10915 = AXIS2_PLACEMENT_3D('',#10916,#10917,#10918);
#10916 = CARTESIAN_POINT('',(-3.803641386301,21.91138726948,-1.));
#10917 = DIRECTION('',(0.,2.2E-16,1.));
#10918 = DIRECTION('',(0.936312151131,-0.351168842075,7.725714525646E-17
    ));
#10919 = ADVANCED_FACE('',(#10920),#10939,.T.);
#10920 = FACE_BOUND('',#10921,.F.);
#10921 = EDGE_LOOP('',(#10922,#10923,#10924,#10932));
#10922 = ORIENTED_EDGE('',*,*,#10900,.T.);
#10923 = ORIENTED_EDGE('',*,*,#937,.T.);
#10924 = ORIENTED_EDGE('',*,*,#10925,.F.);
#10925 = EDGE_CURVE('',#10926,#930,#10928,.T.);
#10926 = VERTEX_POINT('',#10927);
#10927 = CARTESIAN_POINT('',(-2.213636718671,21.929011121629,-1.));
#10928 = LINE('',#10929,#10930);
#10929 = CARTESIAN_POINT('',(-2.213636718671,21.929011121629,-1.));
#10930 = VECTOR('',#10931,1.);
#10931 = DIRECTION('',(0.,-2.2E-16,-1.));
#10932 = ORIENTED_EDGE('',*,*,#10933,.F.);
#10933 = EDGE_CURVE('',#10901,#10926,#10934,.T.);
#10934 = CIRCLE('',#10935,0.15);
#10935 = AXIS2_PLACEMENT_3D('',#10936,#10937,#10938);
#10936 = CARTESIAN_POINT('',(-2.193501728798,21.780368657363,-1.));
#10937 = DIRECTION('',(-0.,0.,-1.));
#10938 = DIRECTION('',(-0.990949761768,-0.134233265818,0.));
#10939 = CYLINDRICAL_SURFACE('',#10940,0.15);
#10940 = AXIS2_PLACEMENT_3D('',#10941,#10942,#10943);
#10941 = CARTESIAN_POINT('',(-2.193501728798,21.780368657363,-1.));
#10942 = DIRECTION('',(0.,2.2E-16,1.));
#10943 = DIRECTION('',(-0.990949761768,-0.134233265818,
    2.953131847988E-17));
#10944 = ADVANCED_FACE('',(#10945),#10963,.F.);
#10945 = FACE_BOUND('',#10946,.F.);
#10946 = EDGE_LOOP('',(#10947,#10948,#10949,#10957));
#10947 = ORIENTED_EDGE('',*,*,#10925,.T.);
#10948 = ORIENTED_EDGE('',*,*,#929,.T.);
#10949 = ORIENTED_EDGE('',*,*,#10950,.F.);
#10950 = EDGE_CURVE('',#10951,#921,#10953,.T.);
#10951 = VERTEX_POINT('',#10952);
#10952 = CARTESIAN_POINT('',(-1.737513465974,21.971862989977,-1.));
#10953 = LINE('',#10954,#10955);
#10954 = CARTESIAN_POINT('',(-1.737513465974,21.971862989977,-1.));
#10955 = VECTOR('',#10956,1.);
#10956 = DIRECTION('',(0.,-2.2E-16,-1.));
#10957 = ORIENTED_EDGE('',*,*,#10958,.F.);
#10958 = EDGE_CURVE('',#10926,#10951,#10959,.T.);
#10959 = LINE('',#10960,#10961);
#10960 = CARTESIAN_POINT('',(-2.213636718671,21.929011121629,-1.));
#10961 = VECTOR('',#10962,1.);
#10962 = DIRECTION('',(0.995974293995,8.963930890343E-02,0.));
#10963 = PLANE('',#10964);
#10964 = AXIS2_PLACEMENT_3D('',#10965,#10966,#10967);
#10965 = CARTESIAN_POINT('',(-2.213636718671,21.929011121629,-1.));
#10966 = DIRECTION('',(8.963930890343E-02,-0.995974293995,2.2E-16));
#10967 = DIRECTION('',(0.995974293995,8.963930890343E-02,-2.E-17));
#10968 = ADVANCED_FACE('',(#10969),#10988,.T.);
#10969 = FACE_BOUND('',#10970,.F.);
#10970 = EDGE_LOOP('',(#10971,#10972,#10973,#10981));
#10971 = ORIENTED_EDGE('',*,*,#10950,.T.);
#10972 = ORIENTED_EDGE('',*,*,#920,.T.);
#10973 = ORIENTED_EDGE('',*,*,#10974,.F.);
#10974 = EDGE_CURVE('',#10975,#912,#10977,.T.);
#10975 = VERTEX_POINT('',#10976);
#10976 = CARTESIAN_POINT('',(-1.58093478144,21.828743754548,-1.));
#10977 = LINE('',#10978,#10979);
#10978 = CARTESIAN_POINT('',(-1.58093478144,21.828743754548,-1.));
#10979 = VECTOR('',#10980,1.);
#10980 = DIRECTION('',(0.,-2.2E-16,-1.));
#10981 = ORIENTED_EDGE('',*,*,#10982,.F.);
#10982 = EDGE_CURVE('',#10951,#10975,#10983,.T.);
#10983 = CIRCLE('',#10984,0.15);
#10984 = AXIS2_PLACEMENT_3D('',#10985,#10986,#10987);
#10985 = CARTESIAN_POINT('',(-1.730783741421,21.822014029996,-1.));
#10986 = DIRECTION('',(0.,0.,-1.));
#10987 = DIRECTION('',(-4.486483035053E-02,0.998993066541,0.));
#10988 = CYLINDRICAL_SURFACE('',#10989,0.15);
#10989 = AXIS2_PLACEMENT_3D('',#10990,#10991,#10992);
#10990 = CARTESIAN_POINT('',(-1.730783741421,21.822014029996,-1.));
#10991 = DIRECTION('',(0.,2.2E-16,1.));
#10992 = DIRECTION('',(-4.486483035053E-02,0.998993066541,
    -2.197784746391E-16));
#10993 = ADVANCED_FACE('',(#10994),#11013,.F.);
#10994 = FACE_BOUND('',#10995,.F.);
#10995 = EDGE_LOOP('',(#10996,#10997,#10998,#11006));
#10996 = ORIENTED_EDGE('',*,*,#10974,.T.);
#10997 = ORIENTED_EDGE('',*,*,#911,.T.);
#10998 = ORIENTED_EDGE('',*,*,#10999,.F.);
#10999 = EDGE_CURVE('',#11000,#903,#11002,.T.);
#11000 = VERTEX_POINT('',#11001);
#11001 = CARTESIAN_POINT('',(-1.431392398105,21.485106928789,-1.));
#11002 = LINE('',#11003,#11004);
#11003 = CARTESIAN_POINT('',(-1.431392398105,21.485106928789,-1.));
#11004 = VECTOR('',#11005,1.);
#11005 = DIRECTION('',(0.,-2.2E-16,-1.));
#11006 = ORIENTED_EDGE('',*,*,#11007,.F.);
#11007 = EDGE_CURVE('',#10975,#11000,#11008,.T.);
#11008 = CIRCLE('',#11009,1.469292842572);
#11009 = AXIS2_PLACEMENT_3D('',#11010,#11011,#11012);
#11010 = CARTESIAN_POINT('',(-0.169913967169,22.23842865655,-1.));
#11011 = DIRECTION('',(0.,0.,1.));
#11012 = DIRECTION('',(-0.960340085643,-0.278831346707,0.));
#11013 = CYLINDRICAL_SURFACE('',#11014,1.469292842572);
#11014 = AXIS2_PLACEMENT_3D('',#11015,#11016,#11017);
#11015 = CARTESIAN_POINT('',(-0.169913967169,22.23842865655,-1.));
#11016 = DIRECTION('',(0.,2.2E-16,1.));
#11017 = DIRECTION('',(-0.960340085643,-0.278831346707,
    6.134289627565E-17));
#11018 = ADVANCED_FACE('',(#11019),#11038,.F.);
#11019 = FACE_BOUND('',#11020,.F.);
#11020 = EDGE_LOOP('',(#11021,#11022,#11023,#11031));
#11021 = ORIENTED_EDGE('',*,*,#10999,.T.);
#11022 = ORIENTED_EDGE('',*,*,#902,.T.);
#11023 = ORIENTED_EDGE('',*,*,#11024,.F.);
#11024 = EDGE_CURVE('',#11025,#894,#11027,.T.);
#11025 = VERTEX_POINT('',#11026);
#11026 = CARTESIAN_POINT('',(-0.50028010368,21.526923230149,-1.));
#11027 = LINE('',#11028,#11029);
#11028 = CARTESIAN_POINT('',(-0.50028010368,21.526923230149,-1.));
#11029 = VECTOR('',#11030,1.);
#11030 = DIRECTION('',(0.,-2.2E-16,-1.));
#11031 = ORIENTED_EDGE('',*,*,#11032,.F.);
#11032 = EDGE_CURVE('',#11000,#11025,#11033,.T.);
#11033 = CIRCLE('',#11034,0.559359353945);
#11034 = AXIS2_PLACEMENT_3D('',#11035,#11036,#11037);
#11035 = CARTESIAN_POINT('',(-0.979715605825,21.81506292913,-1.));
#11036 = DIRECTION('',(0.,0.,1.));
#11037 = DIRECTION('',(-0.807489477194,-0.589881974823,0.));
#11038 = CYLINDRICAL_SURFACE('',#11039,0.559359353945);
#11039 = AXIS2_PLACEMENT_3D('',#11040,#11041,#11042);
#11040 = CARTESIAN_POINT('',(-0.979715605825,21.81506292913,-1.));
#11041 = DIRECTION('',(0.,2.2E-16,1.));
#11042 = DIRECTION('',(-0.807489477194,-0.589881974823,1.29774034461E-16
    ));
#11043 = ADVANCED_FACE('',(#11044),#11063,.F.);
#11044 = FACE_BOUND('',#11045,.F.);
#11045 = EDGE_LOOP('',(#11046,#11047,#11048,#11056));
#11046 = ORIENTED_EDGE('',*,*,#11024,.T.);
#11047 = ORIENTED_EDGE('',*,*,#893,.T.);
#11048 = ORIENTED_EDGE('',*,*,#11049,.F.);
#11049 = EDGE_CURVE('',#11050,#885,#11052,.T.);
#11050 = VERTEX_POINT('',#11051);
#11051 = CARTESIAN_POINT('',(-0.382143101591,21.882581550969,-1.));
#11052 = LINE('',#11053,#11054);
#11053 = CARTESIAN_POINT('',(-0.382143101591,21.882581550969,-1.));
#11054 = VECTOR('',#11055,1.);
#11055 = DIRECTION('',(0.,-2.2E-16,-1.));
#11056 = ORIENTED_EDGE('',*,*,#11057,.F.);
#11057 = EDGE_CURVE('',#11025,#11050,#11058,.T.);
#11058 = CIRCLE('',#11059,1.469292842572);
#11059 = AXIS2_PLACEMENT_3D('',#11060,#11061,#11062);
#11060 = CARTESIAN_POINT('',(-1.82420743238,22.164134251361,-1.));
#11061 = DIRECTION('',(-0.,0.,1.));
#11062 = DIRECTION('',(0.90106430137,-0.433685513704,0.));
#11063 = CYLINDRICAL_SURFACE('',#11064,1.469292842572);
#11064 = AXIS2_PLACEMENT_3D('',#11065,#11066,#11067);
#11065 = CARTESIAN_POINT('',(-1.82420743238,22.164134251361,-1.));
#11066 = DIRECTION('',(0.,2.2E-16,1.));
#11067 = DIRECTION('',(0.90106430137,-0.433685513704,9.541081301485E-17)
  );
#11068 = ADVANCED_FACE('',(#11069),#11088,.T.);
#11069 = FACE_BOUND('',#11070,.F.);
#11070 = EDGE_LOOP('',(#11071,#11072,#11073,#11081));
#11071 = ORIENTED_EDGE('',*,*,#11049,.T.);
#11072 = ORIENTED_EDGE('',*,*,#884,.T.);
#11073 = ORIENTED_EDGE('',*,*,#11074,.F.);
#11074 = EDGE_CURVE('',#11075,#877,#11077,.T.);
#11075 = VERTEX_POINT('',#11076);
#11076 = CARTESIAN_POINT('',(-0.239023866162,22.039160235503,-1.));
#11077 = LINE('',#11078,#11079);
#11078 = CARTESIAN_POINT('',(-0.239023866162,22.039160235503,-1.));
#11079 = VECTOR('',#11080,1.);
#11080 = DIRECTION('',(0.,-2.2E-16,-1.));
#11081 = ORIENTED_EDGE('',*,*,#11082,.F.);
#11082 = EDGE_CURVE('',#11050,#11075,#11083,.T.);
#11083 = CIRCLE('',#11084,0.15);
#11084 = AXIS2_PLACEMENT_3D('',#11085,#11086,#11087);
#11085 = CARTESIAN_POINT('',(-0.232294141609,21.889311275522,-1.));
#11086 = DIRECTION('',(-0.,0.,-1.));
#11087 = DIRECTION('',(-0.998993066541,-4.486483035052E-02,0.));
#11088 = CYLINDRICAL_SURFACE('',#11089,0.15);
#11089 = AXIS2_PLACEMENT_3D('',#11090,#11091,#11092);
#11090 = CARTESIAN_POINT('',(-0.232294141609,21.889311275522,-1.));
#11091 = DIRECTION('',(0.,2.2E-16,1.));
#11092 = DIRECTION('',(-0.998993066541,-4.486483035052E-02,
    9.870262677114E-18));
#11093 = ADVANCED_FACE('',(#11094),#11112,.F.);
#11094 = FACE_BOUND('',#11095,.F.);
#11095 = EDGE_LOOP('',(#11096,#11097,#11098,#11106));
#11096 = ORIENTED_EDGE('',*,*,#11074,.T.);
#11097 = ORIENTED_EDGE('',*,*,#876,.T.);
#11098 = ORIENTED_EDGE('',*,*,#11099,.F.);
#11099 = EDGE_CURVE('',#11100,#868,#11102,.T.);
#11100 = VERTEX_POINT('',#11101);
#11101 = CARTESIAN_POINT('',(0.239023866162,22.039160235503,-1.));
#11102 = LINE('',#11103,#11104);
#11103 = CARTESIAN_POINT('',(0.239023866162,22.039160235503,-1.));
#11104 = VECTOR('',#11105,1.);
#11105 = DIRECTION('',(0.,-2.2E-16,-1.));
#11106 = ORIENTED_EDGE('',*,*,#11107,.F.);
#11107 = EDGE_CURVE('',#11075,#11100,#11108,.T.);
#11108 = LINE('',#11109,#11110);
#11109 = CARTESIAN_POINT('',(-0.239023866162,22.039160235503,-1.));
#11110 = VECTOR('',#11111,1.);
#11111 = DIRECTION('',(1.,0.,0.));
#11112 = PLANE('',#11113);
#11113 = AXIS2_PLACEMENT_3D('',#11114,#11115,#11116);
#11114 = CARTESIAN_POINT('',(-0.239023866162,22.039160235503,-1.));
#11115 = DIRECTION('',(0.,-1.,2.2E-16));
#11116 = DIRECTION('',(1.,0.,0.));
#11117 = ADVANCED_FACE('',(#11118),#11137,.T.);
#11118 = FACE_BOUND('',#11119,.F.);
#11119 = EDGE_LOOP('',(#11120,#11121,#11122,#11130));
#11120 = ORIENTED_EDGE('',*,*,#11099,.T.);
#11121 = ORIENTED_EDGE('',*,*,#867,.T.);
#11122 = ORIENTED_EDGE('',*,*,#11123,.F.);
#11123 = EDGE_CURVE('',#11124,#859,#11126,.T.);
#11124 = VERTEX_POINT('',#11125);
#11125 = CARTESIAN_POINT('',(0.382143101591,21.882581550969,-1.));
#11126 = LINE('',#11127,#11128);
#11127 = CARTESIAN_POINT('',(0.382143101591,21.882581550969,-1.));
#11128 = VECTOR('',#11129,1.);
#11129 = DIRECTION('',(0.,-2.2E-16,-1.));
#11130 = ORIENTED_EDGE('',*,*,#11131,.F.);
#11131 = EDGE_CURVE('',#11100,#11124,#11132,.T.);
#11132 = CIRCLE('',#11133,0.15);
#11133 = AXIS2_PLACEMENT_3D('',#11134,#11135,#11136);
#11134 = CARTESIAN_POINT('',(0.232294141609,21.889311275522,-1.));
#11135 = DIRECTION('',(0.,0.,-1.));
#11136 = DIRECTION('',(4.486483035052E-02,0.998993066541,0.));
#11137 = CYLINDRICAL_SURFACE('',#11138,0.15);
#11138 = AXIS2_PLACEMENT_3D('',#11139,#11140,#11141);
#11139 = CARTESIAN_POINT('',(0.232294141609,21.889311275522,-1.));
#11140 = DIRECTION('',(0.,2.2E-16,1.));
#11141 = DIRECTION('',(4.486483035052E-02,0.998993066541,
    -2.197784746391E-16));
#11142 = ADVANCED_FACE('',(#11143),#11162,.F.);
#11143 = FACE_BOUND('',#11144,.F.);
#11144 = EDGE_LOOP('',(#11145,#11146,#11147,#11155));
#11145 = ORIENTED_EDGE('',*,*,#11123,.T.);
#11146 = ORIENTED_EDGE('',*,*,#858,.T.);
#11147 = ORIENTED_EDGE('',*,*,#11148,.F.);
#11148 = EDGE_CURVE('',#11149,#850,#11151,.T.);
#11149 = VERTEX_POINT('',#11150);
#11150 = CARTESIAN_POINT('',(0.50028010368,21.526923230149,-1.));
#11151 = LINE('',#11152,#11153);
#11152 = CARTESIAN_POINT('',(0.50028010368,21.526923230149,-1.));
#11153 = VECTOR('',#11154,1.);
#11154 = DIRECTION('',(0.,-2.2E-16,-1.));
#11155 = ORIENTED_EDGE('',*,*,#11156,.F.);
#11156 = EDGE_CURVE('',#11124,#11149,#11157,.T.);
#11157 = CIRCLE('',#11158,1.469292842572);
#11158 = AXIS2_PLACEMENT_3D('',#11159,#11160,#11161);
#11159 = CARTESIAN_POINT('',(1.82420743238,22.164134251361,-1.));
#11160 = DIRECTION('',(0.,0.,1.));
#11161 = DIRECTION('',(-0.981468288013,-0.191624632091,0.));
#11162 = CYLINDRICAL_SURFACE('',#11163,1.469292842572);
#11163 = AXIS2_PLACEMENT_3D('',#11164,#11165,#11166);
#11164 = CARTESIAN_POINT('',(1.82420743238,22.164134251361,-1.));
#11165 = DIRECTION('',(0.,2.2E-16,1.));
#11166 = DIRECTION('',(-0.981468288013,-0.191624632091,
    4.215741906011E-17));
#11167 = ADVANCED_FACE('',(#11168),#11187,.F.);
#11168 = FACE_BOUND('',#11169,.F.);
#11169 = EDGE_LOOP('',(#11170,#11171,#11172,#11180));
#11170 = ORIENTED_EDGE('',*,*,#11148,.T.);
#11171 = ORIENTED_EDGE('',*,*,#849,.T.);
#11172 = ORIENTED_EDGE('',*,*,#11173,.F.);
#11173 = EDGE_CURVE('',#11174,#841,#11176,.T.);
#11174 = VERTEX_POINT('',#11175);
#11175 = CARTESIAN_POINT('',(1.431392398105,21.485106928789,-1.));
#11176 = LINE('',#11177,#11178);
#11177 = CARTESIAN_POINT('',(1.431392398105,21.485106928789,-1.));
#11178 = VECTOR('',#11179,1.);
#11179 = DIRECTION('',(0.,-2.2E-16,-1.));
#11180 = ORIENTED_EDGE('',*,*,#11181,.F.);
#11181 = EDGE_CURVE('',#11149,#11174,#11182,.T.);
#11182 = CIRCLE('',#11183,0.559359353945);
#11183 = AXIS2_PLACEMENT_3D('',#11184,#11185,#11186);
#11184 = CARTESIAN_POINT('',(0.979715605825,21.81506292913,-1.));
#11185 = DIRECTION('',(0.,0.,1.));
#11186 = DIRECTION('',(-0.857115374515,-0.515124484732,0.));
#11187 = CYLINDRICAL_SURFACE('',#11188,0.559359353945);
#11188 = AXIS2_PLACEMENT_3D('',#11189,#11190,#11191);
#11189 = CARTESIAN_POINT('',(0.979715605825,21.81506292913,-1.));
#11190 = DIRECTION('',(0.,2.2E-16,1.));
#11191 = DIRECTION('',(-0.857115374515,-0.515124484732,1.13327386641E-16
    ));
#11192 = ADVANCED_FACE('',(#11193),#11212,.F.);
#11193 = FACE_BOUND('',#11194,.F.);
#11194 = EDGE_LOOP('',(#11195,#11196,#11197,#11205));
#11195 = ORIENTED_EDGE('',*,*,#11173,.T.);
#11196 = ORIENTED_EDGE('',*,*,#840,.T.);
#11197 = ORIENTED_EDGE('',*,*,#11198,.F.);
#11198 = EDGE_CURVE('',#11199,#832,#11201,.T.);
#11199 = VERTEX_POINT('',#11200);
#11200 = CARTESIAN_POINT('',(1.58093478144,21.828743754548,-1.));
#11201 = LINE('',#11202,#11203);
#11202 = CARTESIAN_POINT('',(1.58093478144,21.828743754548,-1.));
#11203 = VECTOR('',#11204,1.);
#11204 = DIRECTION('',(0.,-2.2E-16,-1.));
#11205 = ORIENTED_EDGE('',*,*,#11206,.F.);
#11206 = EDGE_CURVE('',#11174,#11199,#11207,.T.);
#11207 = CIRCLE('',#11208,1.469292842572);
#11208 = AXIS2_PLACEMENT_3D('',#11209,#11210,#11211);
#11209 = CARTESIAN_POINT('',(0.169913967169,22.23842865655,-1.));
#11210 = DIRECTION('',(-0.,0.,1.));
#11211 = DIRECTION('',(0.858561611671,-0.51271040458,0.));
#11212 = CYLINDRICAL_SURFACE('',#11213,1.469292842572);
#11213 = AXIS2_PLACEMENT_3D('',#11214,#11215,#11216);
#11214 = CARTESIAN_POINT('',(0.169913967169,22.23842865655,-1.));
#11215 = DIRECTION('',(0.,2.2E-16,1.));
#11216 = DIRECTION('',(0.858561611671,-0.51271040458,1.127962890075E-16)
  );
#11217 = ADVANCED_FACE('',(#11218),#11237,.T.);
#11218 = FACE_BOUND('',#11219,.F.);
#11219 = EDGE_LOOP('',(#11220,#11221,#11222,#11230));
#11220 = ORIENTED_EDGE('',*,*,#11198,.T.);
#11221 = ORIENTED_EDGE('',*,*,#831,.T.);
#11222 = ORIENTED_EDGE('',*,*,#11223,.F.);
#11223 = EDGE_CURVE('',#11224,#824,#11226,.T.);
#11224 = VERTEX_POINT('',#11225);
#11225 = CARTESIAN_POINT('',(1.737513465974,21.971862989977,-1.));
#11226 = LINE('',#11227,#11228);
#11227 = CARTESIAN_POINT('',(1.737513465974,21.971862989977,-1.));
#11228 = VECTOR('',#11229,1.);
#11229 = DIRECTION('',(0.,-2.2E-16,-1.));
#11230 = ORIENTED_EDGE('',*,*,#11231,.F.);
#11231 = EDGE_CURVE('',#11199,#11224,#11232,.T.);
#11232 = CIRCLE('',#11233,0.15);
#11233 = AXIS2_PLACEMENT_3D('',#11234,#11235,#11236);
#11234 = CARTESIAN_POINT('',(1.730783741421,21.822014029996,-1.));
#11235 = DIRECTION('',(0.,0.,-1.));
#11236 = DIRECTION('',(-0.998993066541,4.48648303505E-02,0.));
#11237 = CYLINDRICAL_SURFACE('',#11238,0.15);
#11238 = AXIS2_PLACEMENT_3D('',#11239,#11240,#11241);
#11239 = CARTESIAN_POINT('',(1.730783741421,21.822014029996,-1.));
#11240 = DIRECTION('',(0.,2.2E-16,1.));
#11241 = DIRECTION('',(-0.998993066541,4.48648303505E-02,
    -9.870262677109E-18));
#11242 = ADVANCED_FACE('',(#11243),#11261,.F.);
#11243 = FACE_BOUND('',#11244,.F.);
#11244 = EDGE_LOOP('',(#11245,#11246,#11247,#11255));
#11245 = ORIENTED_EDGE('',*,*,#11223,.T.);
#11246 = ORIENTED_EDGE('',*,*,#823,.T.);
#11247 = ORIENTED_EDGE('',*,*,#11248,.F.);
#11248 = EDGE_CURVE('',#11249,#815,#11251,.T.);
#11249 = VERTEX_POINT('',#11250);
#11250 = CARTESIAN_POINT('',(2.213636718671,21.929011121629,-1.));
#11251 = LINE('',#11252,#11253);
#11252 = CARTESIAN_POINT('',(2.213636718671,21.929011121629,-1.));
#11253 = VECTOR('',#11254,1.);
#11254 = DIRECTION('',(0.,-2.2E-16,-1.));
#11255 = ORIENTED_EDGE('',*,*,#11256,.F.);
#11256 = EDGE_CURVE('',#11224,#11249,#11257,.T.);
#11257 = LINE('',#11258,#11259);
#11258 = CARTESIAN_POINT('',(1.737513465974,21.971862989977,-1.));
#11259 = VECTOR('',#11260,1.);
#11260 = DIRECTION('',(0.995974293995,-8.963930890343E-02,0.));
#11261 = PLANE('',#11262);
#11262 = AXIS2_PLACEMENT_3D('',#11263,#11264,#11265);
#11263 = CARTESIAN_POINT('',(1.737513465974,21.971862989977,-1.));
#11264 = DIRECTION('',(-8.963930890343E-02,-0.995974293995,2.2E-16));
#11265 = DIRECTION('',(0.995974293995,-8.963930890343E-02,2.E-17));
#11266 = ADVANCED_FACE('',(#11267),#11286,.T.);
#11267 = FACE_BOUND('',#11268,.F.);
#11268 = EDGE_LOOP('',(#11269,#11270,#11271,#11279));
#11269 = ORIENTED_EDGE('',*,*,#11248,.T.);
#11270 = ORIENTED_EDGE('',*,*,#814,.T.);
#11271 = ORIENTED_EDGE('',*,*,#11272,.F.);
#11272 = EDGE_CURVE('',#11273,#806,#11275,.T.);
#11273 = VERTEX_POINT('',#11274);
#11274 = CARTESIAN_POINT('',(2.342144193064,21.760233667491,-1.));
#11275 = LINE('',#11276,#11277);
#11276 = CARTESIAN_POINT('',(2.342144193064,21.760233667491,-1.));
#11277 = VECTOR('',#11278,1.);
#11278 = DIRECTION('',(0.,-2.2E-16,-1.));
#11279 = ORIENTED_EDGE('',*,*,#11280,.F.);
#11280 = EDGE_CURVE('',#11249,#11273,#11281,.T.);
#11281 = CIRCLE('',#11282,0.15);
#11282 = AXIS2_PLACEMENT_3D('',#11283,#11284,#11285);
#11283 = CARTESIAN_POINT('',(2.193501728798,21.780368657363,-1.));
#11284 = DIRECTION('',(0.,0.,-1.));
#11285 = DIRECTION('',(0.134233265818,0.990949761768,0.));
#11286 = CYLINDRICAL_SURFACE('',#11287,0.15);
#11287 = AXIS2_PLACEMENT_3D('',#11288,#11289,#11290);
#11288 = CARTESIAN_POINT('',(2.193501728798,21.780368657363,-1.));
#11289 = DIRECTION('',(0.,2.2E-16,1.));
#11290 = DIRECTION('',(0.134233265818,0.990949761768,-2.180089475889E-16
    ));
#11291 = ADVANCED_FACE('',(#11292),#11311,.F.);
#11292 = FACE_BOUND('',#11293,.F.);
#11293 = EDGE_LOOP('',(#11294,#11295,#11296,#11304));
#11294 = ORIENTED_EDGE('',*,*,#11272,.T.);
#11295 = ORIENTED_EDGE('',*,*,#805,.T.);
#11296 = ORIENTED_EDGE('',*,*,#11297,.F.);
#11297 = EDGE_CURVE('',#11298,#797,#11300,.T.);
#11298 = VERTEX_POINT('',#11299);
#11299 = CARTESIAN_POINT('',(2.42792464423,21.395417403285,-1.));
#11300 = LINE('',#11301,#11302);
#11301 = CARTESIAN_POINT('',(2.42792464423,21.395417403285,-1.));
#11302 = VECTOR('',#11303,1.);
#11303 = DIRECTION('',(0.,-2.2E-16,-1.));
#11304 = ORIENTED_EDGE('',*,*,#11305,.F.);
#11305 = EDGE_CURVE('',#11273,#11298,#11306,.T.);
#11306 = CIRCLE('',#11307,1.469292842572);
#11307 = AXIS2_PLACEMENT_3D('',#11308,#11309,#11310);
#11308 = CARTESIAN_POINT('',(3.803641386301,21.91138726948,-1.));
#11309 = DIRECTION('',(0.,0.,1.));
#11310 = DIRECTION('',(-0.994694284822,-0.102875068611,0.));
#11311 = CYLINDRICAL_SURFACE('',#11312,1.469292842572);
#11312 = AXIS2_PLACEMENT_3D('',#11313,#11314,#11315);
#11313 = CARTESIAN_POINT('',(3.803641386301,21.91138726948,-1.));
#11314 = DIRECTION('',(0.,2.2E-16,1.));
#11315 = DIRECTION('',(-0.994694284822,-0.102875068611,
    2.263251509446E-17));
#11316 = ADVANCED_FACE('',(#11317),#11336,.F.);
#11317 = FACE_BOUND('',#11318,.F.);
#11318 = EDGE_LOOP('',(#11319,#11320,#11321,#11329));
#11319 = ORIENTED_EDGE('',*,*,#11297,.T.);
#11320 = ORIENTED_EDGE('',*,*,#796,.T.);
#11321 = ORIENTED_EDGE('',*,*,#11322,.F.);
#11322 = EDGE_CURVE('',#11323,#788,#11325,.T.);
#11323 = VERTEX_POINT('',#11324);
#11324 = CARTESIAN_POINT('',(3.351540169946,21.270305179477,-1.));
#11325 = LINE('',#11326,#11327);
#11326 = CARTESIAN_POINT('',(3.351540169946,21.270305179477,-1.));
#11327 = VECTOR('',#11328,1.);
#11328 = DIRECTION('',(0.,-2.2E-16,-1.));
#11329 = ORIENTED_EDGE('',*,*,#11330,.F.);
#11330 = EDGE_CURVE('',#11298,#11323,#11331,.T.);
#11331 = CIRCLE('',#11332,0.559359353945);
#11332 = AXIS2_PLACEMENT_3D('',#11333,#11334,#11335);
#11333 = CARTESIAN_POINT('',(2.931258723479,21.639420869474,-1.));
#11334 = DIRECTION('',(0.,0.,1.));
#11335 = DIRECTION('',(-0.899840282815,-0.436219515179,0.));
#11336 = CYLINDRICAL_SURFACE('',#11337,0.559359353945);
#11337 = AXIS2_PLACEMENT_3D('',#11338,#11339,#11340);
#11338 = CARTESIAN_POINT('',(2.931258723479,21.639420869474,-1.));
#11339 = DIRECTION('',(0.,2.2E-16,1.));
#11340 = DIRECTION('',(-0.899840282815,-0.436219515179,
    9.596829333927E-17));
#11341 = ADVANCED_FACE('',(#11342),#11361,.F.);
#11342 = FACE_BOUND('',#11343,.F.);
#11343 = EDGE_LOOP('',(#11344,#11345,#11346,#11354));
#11344 = ORIENTED_EDGE('',*,*,#11322,.T.);
#11345 = ORIENTED_EDGE('',*,*,#787,.T.);
#11346 = ORIENTED_EDGE('',*,*,#11347,.F.);
#11347 = EDGE_CURVE('',#11348,#779,#11350,.T.);
#11348 = VERTEX_POINT('',#11349);
#11349 = CARTESIAN_POINT('',(3.531283907185,21.59915374851,-1.));
#11350 = LINE('',#11351,#11352);
#11351 = CARTESIAN_POINT('',(3.531283907185,21.59915374851,-1.));
#11352 = VECTOR('',#11353,1.);
#11353 = DIRECTION('',(0.,-2.2E-16,-1.));
#11354 = ORIENTED_EDGE('',*,*,#11355,.F.);
#11355 = EDGE_CURVE('',#11323,#11348,#11356,.T.);
#11356 = CIRCLE('',#11357,1.469292842572);
#11357 = AXIS2_PLACEMENT_3D('',#11358,#11359,#11360);
#11358 = CARTESIAN_POINT('',(2.162667319363,22.133672310181,-1.));
#11359 = DIRECTION('',(-0.,0.,1.));
#11360 = DIRECTION('',(0.809146288702,-0.587607252746,0.));
#11361 = CYLINDRICAL_SURFACE('',#11362,1.469292842572);
#11362 = AXIS2_PLACEMENT_3D('',#11363,#11364,#11365);
#11363 = CARTESIAN_POINT('',(2.162667319363,22.133672310181,-1.));
#11364 = DIRECTION('',(0.,2.2E-16,1.));
#11365 = DIRECTION('',(0.809146288702,-0.587607252746,1.292735956042E-16
    ));
#11366 = ADVANCED_FACE('',(#11367),#11386,.T.);
#11367 = FACE_BOUND('',#11368,.F.);
#11368 = EDGE_LOOP('',(#11369,#11370,#11371,#11379));
#11369 = ORIENTED_EDGE('',*,*,#11347,.T.);
#11370 = ORIENTED_EDGE('',*,*,#778,.T.);
#11371 = ORIENTED_EDGE('',*,*,#11372,.F.);
#11372 = EDGE_CURVE('',#11373,#771,#11375,.T.);
#11373 = VERTEX_POINT('',#11374);
#11374 = CARTESIAN_POINT('',(3.700061361323,21.727661222902,-1.));
#11375 = LINE('',#11376,#11377);
#11376 = CARTESIAN_POINT('',(3.700061361323,21.727661222902,-1.));
#11377 = VECTOR('',#11378,1.);
#11378 = DIRECTION('',(0.,-2.2E-16,-1.));
#11379 = ORIENTED_EDGE('',*,*,#11380,.F.);
#11380 = EDGE_CURVE('',#11348,#11373,#11381,.T.);
#11381 = CIRCLE('',#11382,0.15);
#11382 = AXIS2_PLACEMENT_3D('',#11383,#11384,#11385);
#11383 = CARTESIAN_POINT('',(3.67992637145,21.579018758637,-1.));
#11384 = DIRECTION('',(0.,0.,-1.));
#11385 = DIRECTION('',(-0.990949761768,0.134233265818,0.));
#11386 = CYLINDRICAL_SURFACE('',#11387,0.15);
#11387 = AXIS2_PLACEMENT_3D('',#11388,#11389,#11390);
#11388 = CARTESIAN_POINT('',(3.67992637145,21.579018758637,-1.));
#11389 = DIRECTION('',(0.,2.2E-16,1.));
#11390 = DIRECTION('',(-0.990949761768,0.134233265818,
    -2.953131847988E-17));
#11391 = ADVANCED_FACE('',(#11392),#11410,.F.);
#11392 = FACE_BOUND('',#11393,.F.);
#11393 = EDGE_LOOP('',(#11394,#11395,#11396,#11404));
#11394 = ORIENTED_EDGE('',*,*,#11372,.T.);
#11395 = ORIENTED_EDGE('',*,*,#770,.T.);
#11396 = ORIENTED_EDGE('',*,*,#11397,.F.);
#11397 = EDGE_CURVE('',#11398,#762,#11400,.T.);
#11398 = VERTEX_POINT('',#11399);
#11399 = CARTESIAN_POINT('',(4.170426669919,21.642302504253,-1.));
#11400 = LINE('',#11401,#11402);
#11401 = CARTESIAN_POINT('',(4.170426669919,21.642302504253,-1.));
#11402 = VECTOR('',#11403,1.);
#11403 = DIRECTION('',(0.,-2.2E-16,-1.));
#11404 = ORIENTED_EDGE('',*,*,#11405,.F.);
#11405 = EDGE_CURVE('',#11373,#11398,#11406,.T.);
#11406 = LINE('',#11407,#11408);
#11407 = CARTESIAN_POINT('',(3.700061361323,21.727661222902,-1.));
#11408 = VECTOR('',#11409,1.);
#11409 = DIRECTION('',(0.983929588599,-0.178556894799,0.));
#11410 = PLANE('',#11411);
#11411 = AXIS2_PLACEMENT_3D('',#11412,#11413,#11414);
#11412 = CARTESIAN_POINT('',(3.700061361323,21.727661222902,-1.));
#11413 = DIRECTION('',(-0.178556894799,-0.983929588599,2.2E-16));
#11414 = DIRECTION('',(0.983929588599,-0.178556894799,4.E-17));
#11415 = ADVANCED_FACE('',(#11416),#11435,.T.);
#11416 = FACE_BOUND('',#11417,.F.);
#11417 = EDGE_LOOP('',(#11418,#11419,#11420,#11428));
#11418 = ORIENTED_EDGE('',*,*,#11397,.T.);
#11419 = ORIENTED_EDGE('',*,*,#761,.T.);
#11420 = ORIENTED_EDGE('',*,*,#11421,.F.);
#11421 = EDGE_CURVE('',#11422,#753,#11424,.T.);
#11422 = VERTEX_POINT('',#11423);
#11423 = CARTESIAN_POINT('',(4.283287716653,21.462685177332,-1.));
#11424 = LINE('',#11425,#11426);
#11425 = CARTESIAN_POINT('',(4.283287716653,21.462685177332,-1.));
#11426 = VECTOR('',#11427,1.);
#11427 = DIRECTION('',(0.,-2.2E-16,-1.));
#11428 = ORIENTED_EDGE('',*,*,#11429,.F.);
#11429 = EDGE_CURVE('',#11398,#11422,#11430,.T.);
#11430 = CIRCLE('',#11431,0.15);
#11431 = AXIS2_PLACEMENT_3D('',#11432,#11433,#11434);
#11432 = CARTESIAN_POINT('',(4.137048529825,21.496063317426,-1.));
#11433 = DIRECTION('',(0.,0.,-1.));
#11434 = DIRECTION('',(0.222520933956,0.974927912182,0.));
#11435 = CYLINDRICAL_SURFACE('',#11436,0.15);
#11436 = AXIS2_PLACEMENT_3D('',#11437,#11438,#11439);
#11437 = CARTESIAN_POINT('',(4.137048529825,21.496063317426,-1.));
#11438 = DIRECTION('',(0.,2.2E-16,1.));
#11439 = DIRECTION('',(0.222520933956,0.974927912182,-2.1448414068E-16)
  );
#11440 = ADVANCED_FACE('',(#11441),#11460,.F.);
#11441 = FACE_BOUND('',#11442,.F.);
#11442 = EDGE_LOOP('',(#11443,#11444,#11445,#11453));
#11443 = ORIENTED_EDGE('',*,*,#11421,.T.);
#11444 = ORIENTED_EDGE('',*,*,#752,.T.);
#11445 = ORIENTED_EDGE('',*,*,#11446,.F.);
#11446 = EDGE_CURVE('',#11447,#744,#11449,.T.);
#11447 = VERTEX_POINT('',#11448);
#11448 = CARTESIAN_POINT('',(4.336020963142,21.091648255792,-1.));
#11449 = LINE('',#11450,#11451);
#11450 = CARTESIAN_POINT('',(4.336020963142,21.091648255792,-1.));
#11451 = VECTOR('',#11452,1.);
#11452 = DIRECTION('',(0.,-2.2E-16,-1.));
#11453 = ORIENTED_EDGE('',*,*,#11454,.F.);
#11454 = EDGE_CURVE('',#11422,#11447,#11455,.T.);
#11455 = CIRCLE('',#11456,1.469292842572);
#11456 = AXIS2_PLACEMENT_3D('',#11457,#11458,#11459);
#11457 = CARTESIAN_POINT('',(5.752450656284,21.482222680992,-1.));
#11458 = DIRECTION('',(0.,0.,1.));
#11459 = DIRECTION('',(-0.999911588121,-1.329721556806E-02,0.));
#11460 = CYLINDRICAL_SURFACE('',#11461,1.469292842572);
#11461 = AXIS2_PLACEMENT_3D('',#11462,#11463,#11464);
#11462 = CARTESIAN_POINT('',(5.752450656284,21.482222680992,-1.));
#11463 = DIRECTION('',(0.,2.2E-16,1.));
#11464 = DIRECTION('',(-0.999911588121,-1.329721556806E-02,
    2.925387424973E-18));
#11465 = ADVANCED_FACE('',(#11466),#11485,.F.);
#11466 = FACE_BOUND('',#11467,.F.);
#11467 = EDGE_LOOP('',(#11468,#11469,#11470,#11478));
#11468 = ORIENTED_EDGE('',*,*,#11446,.T.);
#11469 = ORIENTED_EDGE('',*,*,#743,.T.);
#11470 = ORIENTED_EDGE('',*,*,#11471,.F.);
#11471 = EDGE_CURVE('',#11472,#735,#11474,.T.);
#11472 = VERTEX_POINT('',#11473);
#11473 = CARTESIAN_POINT('',(5.244703311012,20.884247439597,-1.));
#11474 = LINE('',#11475,#11476);
#11475 = CARTESIAN_POINT('',(5.244703311012,20.884247439597,-1.));
#11476 = VECTOR('',#11477,1.);
#11477 = DIRECTION('',(0.,-2.2E-16,-1.));
#11478 = ORIENTED_EDGE('',*,*,#11479,.F.);
#11479 = EDGE_CURVE('',#11447,#11472,#11480,.T.);
#11480 = CIRCLE('',#11481,0.559359353945);
#11481 = AXIS2_PLACEMENT_3D('',#11482,#11483,#11484);
#11482 = CARTESIAN_POINT('',(4.859201069445,21.28955091675,-1.));
#11483 = DIRECTION('',(0.,0.,1.));
#11484 = DIRECTION('',(-0.935320206256,-0.353802362582,0.));
#11485 = CYLINDRICAL_SURFACE('',#11486,0.559359353945);
#11486 = AXIS2_PLACEMENT_3D('',#11487,#11488,#11489);
#11487 = CARTESIAN_POINT('',(4.859201069445,21.28955091675,-1.));
#11488 = DIRECTION('',(0.,2.2E-16,1.));
#11489 = DIRECTION('',(-0.935320206256,-0.353802362582,7.7836519768E-17)
  );
#11490 = ADVANCED_FACE('',(#11491),#11510,.F.);
#11491 = FACE_BOUND('',#11492,.F.);
#11492 = EDGE_LOOP('',(#11493,#11494,#11495,#11503));
#11493 = ORIENTED_EDGE('',*,*,#11471,.T.);
#11494 = ORIENTED_EDGE('',*,*,#734,.T.);
#11495 = ORIENTED_EDGE('',*,*,#11496,.F.);
#11496 = EDGE_CURVE('',#11497,#726,#11499,.T.);
#11497 = VERTEX_POINT('',#11498);
#11498 = CARTESIAN_POINT('',(5.453201211271,21.195660056585,-1.));
#11499 = LINE('',#11500,#11501);
#11500 = CARTESIAN_POINT('',(5.453201211271,21.195660056585,-1.));
#11501 = VECTOR('',#11502,1.);
#11502 = DIRECTION('',(0.,-2.2E-16,-1.));
#11503 = ORIENTED_EDGE('',*,*,#11504,.F.);
#11504 = EDGE_CURVE('',#11472,#11497,#11505,.T.);
#11505 = CIRCLE('',#11506,1.469292842572);
#11506 = AXIS2_PLACEMENT_3D('',#11507,#11508,#11509);
#11507 = CARTESIAN_POINT('',(4.138008145929,21.850708648759,-1.));
#11508 = DIRECTION('',(-0.,0.,1.));
#11509 = DIRECTION('',(0.753216195586,-0.657773032822,0.));
#11510 = CYLINDRICAL_SURFACE('',#11511,1.469292842572);
#11511 = AXIS2_PLACEMENT_3D('',#11512,#11513,#11514);
#11512 = CARTESIAN_POINT('',(4.138008145929,21.850708648759,-1.));
#11513 = DIRECTION('',(0.,2.2E-16,1.));
#11514 = DIRECTION('',(0.753216195586,-0.657773032822,1.447100672207E-16
    ));
#11515 = ADVANCED_FACE('',(#11516),#11535,.T.);
#11516 = FACE_BOUND('',#11517,.F.);
#11517 = EDGE_LOOP('',(#11518,#11519,#11520,#11528));
#11518 = ORIENTED_EDGE('',*,*,#11496,.T.);
#11519 = ORIENTED_EDGE('',*,*,#725,.T.);
#11520 = ORIENTED_EDGE('',*,*,#11521,.F.);
#11521 = EDGE_CURVE('',#11522,#718,#11524,.T.);
#11522 = VERTEX_POINT('',#11523);
#11523 = CARTESIAN_POINT('',(5.632818538192,21.308521103318,-1.));
#11524 = LINE('',#11525,#11526);
#11525 = CARTESIAN_POINT('',(5.632818538192,21.308521103318,-1.));
#11526 = VECTOR('',#11527,1.);
#11527 = DIRECTION('',(0.,-2.2E-16,-1.));
#11528 = ORIENTED_EDGE('',*,*,#11529,.F.);
#11529 = EDGE_CURVE('',#11497,#11522,#11530,.T.);
#11530 = CIRCLE('',#11531,0.15);
#11531 = AXIS2_PLACEMENT_3D('',#11532,#11533,#11534);
#11532 = CARTESIAN_POINT('',(5.599440398098,21.162281916491,-1.));
#11533 = DIRECTION('',(0.,0.,-1.));
#11534 = DIRECTION('',(-0.974927912182,0.222520933956,0.));
#11535 = CYLINDRICAL_SURFACE('',#11536,0.15);
#11536 = AXIS2_PLACEMENT_3D('',#11537,#11538,#11539);
#11537 = CARTESIAN_POINT('',(5.599440398098,21.162281916491,-1.));
#11538 = DIRECTION('',(0.,2.2E-16,1.));
#11539 = DIRECTION('',(-0.974927912182,0.222520933956,
    -4.895460547039E-17));
#11540 = ADVANCED_FACE('',(#11541),#11559,.F.);
#11541 = FACE_BOUND('',#11542,.F.);
#11542 = EDGE_LOOP('',(#11543,#11544,#11545,#11553));
#11543 = ORIENTED_EDGE('',*,*,#11521,.T.);
#11544 = ORIENTED_EDGE('',*,*,#717,.T.);
#11545 = ORIENTED_EDGE('',*,*,#11546,.F.);
#11546 = EDGE_CURVE('',#11547,#709,#11549,.T.);
#11547 = VERTEX_POINT('',#11548);
#11548 = CARTESIAN_POINT('',(6.093638797792,21.181342792581,-1.));
#11549 = LINE('',#11550,#11551);
#11550 = CARTESIAN_POINT('',(6.093638797792,21.181342792581,-1.));
#11551 = VECTOR('',#11552,1.);
#11552 = DIRECTION('',(0.,-2.2E-16,-1.));
#11553 = ORIENTED_EDGE('',*,*,#11554,.F.);
#11554 = EDGE_CURVE('',#11522,#11547,#11555,.T.);
#11555 = LINE('',#11556,#11557);
#11556 = CARTESIAN_POINT('',(5.632818538192,21.308521103318,-1.));
#11557 = VECTOR('',#11558,1.);
#11558 = DIRECTION('',(0.963962860696,-0.266036845567,0.));
#11559 = PLANE('',#11560);
#11560 = AXIS2_PLACEMENT_3D('',#11561,#11562,#11563);
#11561 = CARTESIAN_POINT('',(5.632818538192,21.308521103318,-1.));
#11562 = DIRECTION('',(-0.266036845567,-0.963962860696,2.1E-16));
#11563 = DIRECTION('',(0.963962860696,-0.266036845567,6.E-17));
#11564 = ADVANCED_FACE('',(#11565),#11584,.T.);
#11565 = FACE_BOUND('',#11566,.F.);
#11566 = EDGE_LOOP('',(#11567,#11568,#11569,#11577));
#11567 = ORIENTED_EDGE('',*,*,#11546,.T.);
#11568 = ORIENTED_EDGE('',*,*,#708,.T.);
#11569 = ORIENTED_EDGE('',*,*,#11570,.F.);
#11570 = EDGE_CURVE('',#11571,#700,#11573,.T.);
#11571 = VERTEX_POINT('',#11572);
#11572 = CARTESIAN_POINT('',(6.18994472608,20.99233176598,-1.));
#11573 = LINE('',#11574,#11575);
#11574 = CARTESIAN_POINT('',(6.18994472608,20.99233176598,-1.));
#11575 = VECTOR('',#11576,1.);
#11576 = DIRECTION('',(0.,-2.2E-16,-1.));
#11577 = ORIENTED_EDGE('',*,*,#11578,.F.);
#11578 = EDGE_CURVE('',#11547,#11571,#11579,.T.);
#11579 = CIRCLE('',#11580,0.15);
#11580 = AXIS2_PLACEMENT_3D('',#11581,#11582,#11583);
#11581 = CARTESIAN_POINT('',(6.047286248635,21.038684315136,-1.));
#11582 = DIRECTION('',(0.,0.,-1.));
#11583 = DIRECTION('',(0.309016994375,0.951056516295,0.));
#11584 = CYLINDRICAL_SURFACE('',#11585,0.15);
#11585 = AXIS2_PLACEMENT_3D('',#11586,#11587,#11588);
#11586 = CARTESIAN_POINT('',(6.047286248635,21.038684315136,-1.));
#11587 = DIRECTION('',(0.,2.2E-16,1.));
#11588 = DIRECTION('',(0.309016994375,0.951056516295,-2.092324335849E-16
    ));
#11589 = ADVANCED_FACE('',(#11590),#11609,.F.);
#11590 = FACE_BOUND('',#11591,.F.);
#11591 = EDGE_LOOP('',(#11592,#11593,#11594,#11602));
#11592 = ORIENTED_EDGE('',*,*,#11570,.T.);
#11593 = ORIENTED_EDGE('',*,*,#699,.T.);
#11594 = ORIENTED_EDGE('',*,*,#11595,.F.);
#11595 = EDGE_CURVE('',#11596,#691,#11598,.T.);
#11596 = VERTEX_POINT('',#11597);
#11597 = CARTESIAN_POINT('',(6.209206190797,20.618061558232,-1.));
#11598 = LINE('',#11599,#11600);
#11599 = CARTESIAN_POINT('',(6.209206190797,20.618061558232,-1.));
#11600 = VECTOR('',#11601,1.);
#11601 = DIRECTION('',(0.,-2.2E-16,-1.));
#11602 = ORIENTED_EDGE('',*,*,#11603,.F.);
#11603 = EDGE_CURVE('',#11571,#11596,#11604,.T.);
#11604 = CIRCLE('',#11605,1.469292842572);
#11605 = AXIS2_PLACEMENT_3D('',#11606,#11607,#11608);
#11606 = CARTESIAN_POINT('',(7.654944575968,20.88009586682,-1.));
#11607 = DIRECTION('',(0.,0.,1.));
#11608 = DIRECTION('',(-0.99707819125,7.638769883618E-02,0.));
#11609 = CYLINDRICAL_SURFACE('',#11610,1.469292842572);
#11610 = AXIS2_PLACEMENT_3D('',#11611,#11612,#11613);
#11611 = CARTESIAN_POINT('',(7.654944575968,20.88009586682,-1.));
#11612 = DIRECTION('',(0.,2.2E-16,1.));
#11613 = DIRECTION('',(-0.99707819125,7.638769883618E-02,
    -1.680529374396E-17));
#11614 = ADVANCED_FACE('',(#11615),#11634,.F.);
#11615 = FACE_BOUND('',#11616,.F.);
#11616 = EDGE_LOOP('',(#11617,#11618,#11619,#11627));
#11617 = ORIENTED_EDGE('',*,*,#11595,.T.);
#11618 = ORIENTED_EDGE('',*,*,#690,.T.);
#11619 = ORIENTED_EDGE('',*,*,#11620,.F.);
#11620 = EDGE_CURVE('',#11621,#682,#11623,.T.);
#11621 = VERTEX_POINT('',#11622);
#11622 = CARTESIAN_POINT('',(7.095639184854,20.330042019072,-1.));
#11623 = LINE('',#11624,#11625);
#11624 = CARTESIAN_POINT('',(7.095639184854,20.330042019072,-1.));
#11625 = VECTOR('',#11626,1.);
#11626 = DIRECTION('',(0.,-2.2E-16,-1.));
#11627 = ORIENTED_EDGE('',*,*,#11628,.F.);
#11628 = EDGE_CURVE('',#11596,#11621,#11629,.T.);
#11629 = CIRCLE('',#11630,0.559359353945);
#11630 = AXIS2_PLACEMENT_3D('',#11631,#11632,#11633);
#11631 = CARTESIAN_POINT('',(6.748019985563,20.768270018098,-1.));
#11632 = DIRECTION('',(0.,0.,1.));
#11633 = DIRECTION('',(-0.963269481356,-0.268536601394,0.));
#11634 = CYLINDRICAL_SURFACE('',#11635,0.559359353945);
#11635 = AXIS2_PLACEMENT_3D('',#11636,#11637,#11638);
#11636 = CARTESIAN_POINT('',(6.748019985563,20.768270018098,-1.));
#11637 = DIRECTION('',(0.,2.2E-16,1.));
#11638 = DIRECTION('',(-0.963269481356,-0.268536601394,
    5.907805230668E-17));
#11639 = ADVANCED_FACE('',(#11640),#11659,.F.);
#11640 = FACE_BOUND('',#11641,.F.);
#11641 = EDGE_LOOP('',(#11642,#11643,#11644,#11652));
#11642 = ORIENTED_EDGE('',*,*,#11620,.T.);
#11643 = ORIENTED_EDGE('',*,*,#681,.T.);
#11644 = ORIENTED_EDGE('',*,*,#11645,.F.);
#11645 = EDGE_CURVE('',#11646,#673,#11648,.T.);
#11646 = VERTEX_POINT('',#11647);
#11647 = CARTESIAN_POINT('',(7.331212545634,20.62151137273,-1.));
#11648 = LINE('',#11649,#11650);
#11649 = CARTESIAN_POINT('',(7.331212545634,20.62151137273,-1.));
#11650 = VECTOR('',#11651,1.);
#11651 = DIRECTION('',(0.,-2.2E-16,-1.));
#11652 = ORIENTED_EDGE('',*,*,#11653,.F.);
#11653 = EDGE_CURVE('',#11621,#11646,#11654,.T.);
#11654 = CIRCLE('',#11655,1.469292842572);
#11655 = AXIS2_PLACEMENT_3D('',#11656,#11657,#11658);
#11656 = CARTESIAN_POINT('',(6.080032164013,21.391815929305,-1.));
#11657 = DIRECTION('',(-0.,0.,1.));
#11658 = DIRECTION('',(0.691221648547,-0.722642811201,0.));
#11659 = CYLINDRICAL_SURFACE('',#11660,1.469292842572);
#11660 = AXIS2_PLACEMENT_3D('',#11661,#11662,#11663);
#11661 = CARTESIAN_POINT('',(6.080032164013,21.391815929305,-1.));
#11662 = DIRECTION('',(0.,2.2E-16,1.));
#11663 = DIRECTION('',(0.691221648547,-0.722642811201,1.589814184642E-16
    ));
#11664 = ADVANCED_FACE('',(#11665),#11684,.T.);
#11665 = FACE_BOUND('',#11666,.F.);
#11666 = EDGE_LOOP('',(#11667,#11668,#11669,#11677));
#11667 = ORIENTED_EDGE('',*,*,#11645,.T.);
#11668 = ORIENTED_EDGE('',*,*,#672,.T.);
#11669 = ORIENTED_EDGE('',*,*,#11670,.F.);
#11670 = EDGE_CURVE('',#11671,#665,#11673,.T.);
#11671 = VERTEX_POINT('',#11672);
#11672 = CARTESIAN_POINT('',(7.520223572234,20.717817301018,-1.));
#11673 = LINE('',#11674,#11675);
#11674 = CARTESIAN_POINT('',(7.520223572234,20.717817301018,-1.));
#11675 = VECTOR('',#11676,1.);
#11676 = DIRECTION('',(0.,-2.2E-16,-1.));
#11677 = ORIENTED_EDGE('',*,*,#11678,.F.);
#11678 = EDGE_CURVE('',#11646,#11671,#11679,.T.);
#11679 = CIRCLE('',#11680,0.15);
#11680 = AXIS2_PLACEMENT_3D('',#11681,#11682,#11683);
#11681 = CARTESIAN_POINT('',(7.473871023078,20.575158823574,-1.));
#11682 = DIRECTION('',(0.,0.,-1.));
#11683 = DIRECTION('',(-0.951056516295,0.309016994375,0.));
#11684 = CYLINDRICAL_SURFACE('',#11685,0.15);
#11685 = AXIS2_PLACEMENT_3D('',#11686,#11687,#11688);
#11686 = CARTESIAN_POINT('',(7.473871023078,20.575158823574,-1.));
#11687 = DIRECTION('',(0.,2.2E-16,1.));
#11688 = DIRECTION('',(-0.951056516295,0.309016994375,
    -6.798373876248E-17));
#11689 = ADVANCED_FACE('',(#11690),#11708,.F.);
#11690 = FACE_BOUND('',#11691,.F.);
#11691 = EDGE_LOOP('',(#11692,#11693,#11694,#11702));
#11692 = ORIENTED_EDGE('',*,*,#11670,.T.);
#11693 = ORIENTED_EDGE('',*,*,#664,.T.);
#11694 = ORIENTED_EDGE('',*,*,#11695,.F.);
#11695 = EDGE_CURVE('',#11696,#656,#11698,.T.);
#11696 = VERTEX_POINT('',#11697);
#11697 = CARTESIAN_POINT('',(7.967788529066,20.54984336317,-1.));
#11698 = LINE('',#11699,#11700);
#11699 = CARTESIAN_POINT('',(7.967788529066,20.54984336317,-1.));
#11700 = VECTOR('',#11701,1.);
#11701 = DIRECTION('',(0.,-2.2E-16,-1.));
#11702 = ORIENTED_EDGE('',*,*,#11703,.F.);
#11703 = EDGE_CURVE('',#11671,#11696,#11704,.T.);
#11704 = LINE('',#11705,#11706);
#11705 = CARTESIAN_POINT('',(7.520223572234,20.717817301018,-1.));
#11706 = VECTOR('',#11707,1.);
#11707 = DIRECTION('',(0.93623487064,-0.351374824081,0.));
#11708 = PLANE('',#11709);
#11709 = AXIS2_PLACEMENT_3D('',#11710,#11711,#11712);
#11710 = CARTESIAN_POINT('',(7.520223572234,20.717817301018,-1.));
#11711 = DIRECTION('',(-0.351374824081,-0.93623487064,2.1E-16));
#11712 = DIRECTION('',(0.93623487064,-0.351374824081,8.E-17));
#11713 = ADVANCED_FACE('',(#11714),#11733,.T.);
#11714 = FACE_BOUND('',#11715,.F.);
#11715 = EDGE_LOOP('',(#11716,#11717,#11718,#11726));
#11716 = ORIENTED_EDGE('',*,*,#11695,.T.);
#11717 = ORIENTED_EDGE('',*,*,#655,.T.);
#11718 = ORIENTED_EDGE('',*,*,#11719,.F.);
#11719 = EDGE_CURVE('',#11720,#647,#11722,.T.);
#11720 = VERTEX_POINT('',#11721);
#11721 = CARTESIAN_POINT('',(8.046763940201,20.35296044254,-1.));
#11722 = LINE('',#11723,#11724);
#11723 = CARTESIAN_POINT('',(8.046763940201,20.35296044254,-1.));
#11724 = VECTOR('',#11725,1.);
#11725 = DIRECTION('',(0.,-2.2E-16,-1.));
#11726 = ORIENTED_EDGE('',*,*,#11727,.F.);
#11727 = EDGE_CURVE('',#11696,#11720,#11728,.T.);
#11728 = CIRCLE('',#11729,0.15);
#11729 = AXIS2_PLACEMENT_3D('',#11730,#11731,#11732);
#11730 = CARTESIAN_POINT('',(7.908834774318,20.411914197288,-1.));
#11731 = DIRECTION('',(0.,0.,-1.));
#11732 = DIRECTION('',(0.393025031654,0.919527772551,0.));
#11733 = CYLINDRICAL_SURFACE('',#11734,0.15);
#11734 = AXIS2_PLACEMENT_3D('',#11735,#11736,#11737);
#11735 = CARTESIAN_POINT('',(7.908834774318,20.411914197288,-1.));
#11736 = DIRECTION('',(0.,2.2E-16,1.));
#11737 = DIRECTION('',(0.393025031654,0.919527772551,-2.022961099613E-16
    ));
#11738 = ADVANCED_FACE('',(#11739),#11758,.F.);
#11739 = FACE_BOUND('',#11740,.F.);
#11740 = EDGE_LOOP('',(#11741,#11742,#11743,#11751));
#11741 = ORIENTED_EDGE('',*,*,#11719,.T.);
#11742 = ORIENTED_EDGE('',*,*,#646,.T.);
#11743 = ORIENTED_EDGE('',*,*,#11744,.F.);
#11744 = EDGE_CURVE('',#11745,#638,#11747,.T.);
#11745 = VERTEX_POINT('',#11746);
#11746 = CARTESIAN_POINT('',(8.032398541159,19.978470352228,-1.));
#11747 = LINE('',#11748,#11749);
#11748 = CARTESIAN_POINT('',(8.032398541159,19.978470352228,-1.));
#11749 = VECTOR('',#11750,1.);
#11750 = DIRECTION('',(0.,-2.2E-16,-1.));
#11751 = ORIENTED_EDGE('',*,*,#11752,.F.);
#11752 = EDGE_CURVE('',#11720,#11745,#11753,.T.);
#11753 = CIRCLE('',#11754,1.469292842572);
#11754 = AXIS2_PLACEMENT_3D('',#11755,#11756,#11757);
#11755 = CARTESIAN_POINT('',(9.495805382962,20.109854798025,-1.));
#11756 = DIRECTION('',(0.,0.,1.));
#11757 = DIRECTION('',(-0.986216907056,0.165457584405,0.));
#11758 = CYLINDRICAL_SURFACE('',#11759,1.469292842572);
#11759 = AXIS2_PLACEMENT_3D('',#11760,#11761,#11762);
#11760 = CARTESIAN_POINT('',(9.495805382962,20.109854798025,-1.));
#11761 = DIRECTION('',(0.,2.2E-16,1.));
#11762 = DIRECTION('',(-0.986216907056,0.165457584405,
    -3.640066856902E-17));
#11763 = ADVANCED_FACE('',(#11764),#11783,.F.);
#11764 = FACE_BOUND('',#11765,.F.);
#11765 = EDGE_LOOP('',(#11766,#11767,#11768,#11776));
#11766 = ORIENTED_EDGE('',*,*,#11744,.T.);
#11767 = ORIENTED_EDGE('',*,*,#637,.T.);
#11768 = ORIENTED_EDGE('',*,*,#11769,.F.);
#11769 = EDGE_CURVE('',#11770,#629,#11772,.T.);
#11770 = VERTEX_POINT('',#11771);
#11771 = CARTESIAN_POINT('',(8.889445144147,19.61215105408,-1.));
#11772 = LINE('',#11773,#11774);
#11773 = CARTESIAN_POINT('',(8.889445144147,19.61215105408,-1.));
#11774 = VECTOR('',#11775,1.);
#11775 = DIRECTION('',(0.,-2.2E-16,-1.));
#11776 = ORIENTED_EDGE('',*,*,#11777,.F.);
#11777 = EDGE_CURVE('',#11745,#11770,#11778,.T.);
#11778 = CIRCLE('',#11779,0.559359353945);
#11779 = AXIS2_PLACEMENT_3D('',#11780,#11781,#11782);
#11780 = CARTESIAN_POINT('',(8.582507812529,20.079775220805,-1.));
#11781 = DIRECTION('',(0.,0.,1.));
#11782 = DIRECTION('',(-0.983463076985,-0.181108741389,0.));
#11783 = CYLINDRICAL_SURFACE('',#11784,0.559359353945);
#11784 = AXIS2_PLACEMENT_3D('',#11785,#11786,#11787);
#11785 = CARTESIAN_POINT('',(8.582507812529,20.079775220805,-1.));
#11786 = DIRECTION('',(0.,2.2E-16,1.));
#11787 = DIRECTION('',(-0.983463076985,-0.181108741389,
    3.984392310553E-17));
#11788 = ADVANCED_FACE('',(#11789),#11808,.F.);
#11789 = FACE_BOUND('',#11790,.F.);
#11790 = EDGE_LOOP('',(#11791,#11792,#11793,#11801));
#11791 = ORIENTED_EDGE('',*,*,#11769,.T.);
#11792 = ORIENTED_EDGE('',*,*,#628,.T.);
#11793 = ORIENTED_EDGE('',*,*,#11794,.F.);
#11794 = EDGE_CURVE('',#11795,#620,#11797,.T.);
#11795 = VERTEX_POINT('',#11796);
#11796 = CARTESIAN_POINT('',(9.150197267263,19.881330404555,-1.));
#11797 = LINE('',#11798,#11799);
#11798 = CARTESIAN_POINT('',(9.150197267263,19.881330404555,-1.));
#11799 = VECTOR('',#11800,1.);
#11800 = DIRECTION('',(0.,-2.2E-16,-1.));
#11801 = ORIENTED_EDGE('',*,*,#11802,.F.);
#11802 = EDGE_CURVE('',#11770,#11795,#11803,.T.);
#11803 = CIRCLE('',#11804,1.469292842572);
#11804 = AXIS2_PLACEMENT_3D('',#11805,#11806,#11807);
#11805 = CARTESIAN_POINT('',(7.973103338114,20.760688886173,-1.));
#11806 = DIRECTION('',(-0.,0.,1.));
#11807 = DIRECTION('',(0.623661791226,-0.781694294571,0.));
#11808 = CYLINDRICAL_SURFACE('',#11809,1.469292842572);
#11809 = AXIS2_PLACEMENT_3D('',#11810,#11811,#11812);
#11810 = CARTESIAN_POINT('',(7.973103338114,20.760688886173,-1.));
#11811 = DIRECTION('',(0.,2.2E-16,1.));
#11812 = DIRECTION('',(0.623661791226,-0.781694294571,1.719727448057E-16
    ));
#11813 = ADVANCED_FACE('',(#11814),#11833,.T.);
#11814 = FACE_BOUND('',#11815,.F.);
#11815 = EDGE_LOOP('',(#11816,#11817,#11818,#11826));
#11816 = ORIENTED_EDGE('',*,*,#11794,.T.);
#11817 = ORIENTED_EDGE('',*,*,#619,.T.);
#11818 = ORIENTED_EDGE('',*,*,#11819,.F.);
#11819 = EDGE_CURVE('',#11820,#612,#11822,.T.);
#11820 = VERTEX_POINT('',#11821);
#11821 = CARTESIAN_POINT('',(9.347080187893,19.96030581569,-1.));
#11822 = LINE('',#11823,#11824);
#11823 = CARTESIAN_POINT('',(9.347080187893,19.96030581569,-1.));
#11824 = VECTOR('',#11825,1.);
#11825 = DIRECTION('',(0.,-2.2E-16,-1.));
#11826 = ORIENTED_EDGE('',*,*,#11827,.F.);
#11827 = EDGE_CURVE('',#11795,#11820,#11828,.T.);
#11828 = CIRCLE('',#11829,0.15);
#11829 = AXIS2_PLACEMENT_3D('',#11830,#11831,#11832);
#11830 = CARTESIAN_POINT('',(9.288126433145,19.822376649807,-1.));
#11831 = DIRECTION('',(0.,0.,-1.));
#11832 = DIRECTION('',(-0.919527772551,0.393025031654,0.));
#11833 = CYLINDRICAL_SURFACE('',#11834,0.15);
#11834 = AXIS2_PLACEMENT_3D('',#11835,#11836,#11837);
#11835 = CARTESIAN_POINT('',(9.288126433145,19.822376649807,-1.));
#11836 = DIRECTION('',(0.,2.2E-16,1.));
#11837 = DIRECTION('',(-0.919527772551,0.393025031654,
    -8.646550696386E-17));
#11838 = ADVANCED_FACE('',(#11839),#11857,.F.);
#11839 = FACE_BOUND('',#11840,.F.);
#11840 = EDGE_LOOP('',(#11841,#11842,#11843,#11851));
#11841 = ORIENTED_EDGE('',*,*,#11819,.T.);
#11842 = ORIENTED_EDGE('',*,*,#611,.T.);
#11843 = ORIENTED_EDGE('',*,*,#11844,.F.);
#11844 = EDGE_CURVE('',#11845,#603,#11847,.T.);
#11845 = VERTEX_POINT('',#11846);
#11846 = CARTESIAN_POINT('',(9.777786312088,19.752888678112,-1.));
#11847 = LINE('',#11848,#11849);
#11848 = CARTESIAN_POINT('',(9.777786312088,19.752888678112,-1.));
#11849 = VECTOR('',#11850,1.);
#11850 = DIRECTION('',(0.,-2.2E-16,-1.));
#11851 = ORIENTED_EDGE('',*,*,#11852,.F.);
#11852 = EDGE_CURVE('',#11820,#11845,#11853,.T.);
#11853 = LINE('',#11854,#11855);
#11854 = CARTESIAN_POINT('',(9.347080187893,19.96030581569,-1.));
#11855 = VECTOR('',#11856,1.);
#11856 = DIRECTION('',(0.900968867902,-0.433883739118,0.));
#11857 = PLANE('',#11858);
#11858 = AXIS2_PLACEMENT_3D('',#11859,#11860,#11861);
#11859 = CARTESIAN_POINT('',(9.347080187893,19.96030581569,-1.));
#11860 = DIRECTION('',(-0.433883739118,-0.900968867902,2.E-16));
#11861 = DIRECTION('',(0.900968867902,-0.433883739118,1.E-16));
#11862 = ADVANCED_FACE('',(#11863),#11882,.T.);
#11863 = FACE_BOUND('',#11864,.F.);
#11864 = EDGE_LOOP('',(#11865,#11866,#11867,#11875));
#11865 = ORIENTED_EDGE('',*,*,#11844,.T.);
#11866 = ORIENTED_EDGE('',*,*,#602,.T.);
#11867 = ORIENTED_EDGE('',*,*,#11868,.F.);
#11868 = EDGE_CURVE('',#11869,#594,#11871,.T.);
#11869 = VERTEX_POINT('',#11870);
#11870 = CARTESIAN_POINT('',(9.838795342496,19.549719048963,-1.));
#11871 = LINE('',#11872,#11873);
#11872 = CARTESIAN_POINT('',(9.838795342496,19.549719048963,-1.));
#11873 = VECTOR('',#11874,1.);
#11874 = DIRECTION('',(0.,-2.2E-16,-1.));
#11875 = ORIENTED_EDGE('',*,*,#11876,.F.);
#11876 = EDGE_CURVE('',#11845,#11869,#11877,.T.);
#11877 = CIRCLE('',#11878,0.15);
#11878 = AXIS2_PLACEMENT_3D('',#11879,#11880,#11881);
#11879 = CARTESIAN_POINT('',(9.706706012718,19.620799348334,-1.));
#11880 = DIRECTION('',(0.,0.,-1.));
#11881 = DIRECTION('',(0.473868662473,0.880595531857,0.));
#11882 = CYLINDRICAL_SURFACE('',#11883,0.15);
#11883 = AXIS2_PLACEMENT_3D('',#11884,#11885,#11886);
#11884 = CARTESIAN_POINT('',(9.706706012718,19.620799348334,-1.));
#11885 = DIRECTION('',(0.,2.2E-16,1.));
#11886 = DIRECTION('',(0.473868662473,0.880595531857,-1.937310170085E-16
    ));
#11887 = ADVANCED_FACE('',(#11888),#11907,.F.);
#11888 = FACE_BOUND('',#11889,.F.);
#11889 = EDGE_LOOP('',(#11890,#11891,#11892,#11900));
#11890 = ORIENTED_EDGE('',*,*,#11868,.T.);
#11891 = ORIENTED_EDGE('',*,*,#593,.T.);
#11892 = ORIENTED_EDGE('',*,*,#11893,.F.);
#11893 = EDGE_CURVE('',#11894,#585,#11896,.T.);
#11894 = VERTEX_POINT('',#11895);
#11895 = CARTESIAN_POINT('',(9.79091874144,19.178024250099,-1.));
#11896 = LINE('',#11897,#11898);
#11897 = CARTESIAN_POINT('',(9.79091874144,19.178024250099,-1.));
#11898 = VECTOR('',#11899,1.);
#11899 = DIRECTION('',(0.,-2.2E-16,-1.));
#11900 = ORIENTED_EDGE('',*,*,#11901,.F.);
#11901 = EDGE_CURVE('',#11869,#11894,#11902,.T.);
#11902 = CIRCLE('',#11903,1.469292842572);
#11903 = AXIS2_PLACEMENT_3D('',#11904,#11905,#11906);
#11904 = CARTESIAN_POINT('',(11.260211548455,19.177701002799,-1.));
#11905 = DIRECTION('',(0.,0.,1.));
#11906 = DIRECTION('',(-0.967415184212,0.253195302791,0.));
#11907 = CYLINDRICAL_SURFACE('',#11908,1.469292842572);
#11908 = AXIS2_PLACEMENT_3D('',#11909,#11910,#11911);
#11909 = CARTESIAN_POINT('',(11.260211548455,19.177701002799,-1.));
#11910 = DIRECTION('',(0.,2.2E-16,1.));
#11911 = DIRECTION('',(-0.967415184212,0.253195302791,
    -5.570296661401E-17));
#11912 = ADVANCED_FACE('',(#11913),#11932,.F.);
#11913 = FACE_BOUND('',#11914,.F.);
#11914 = EDGE_LOOP('',(#11915,#11916,#11917,#11925));
#11915 = ORIENTED_EDGE('',*,*,#11893,.T.);
#11916 = ORIENTED_EDGE('',*,*,#584,.T.);
#11917 = ORIENTED_EDGE('',*,*,#11918,.F.);
#11918 = EDGE_CURVE('',#11919,#576,#11921,.T.);
#11919 = VERTEX_POINT('',#11920);
#11920 = CARTESIAN_POINT('',(10.611678518049,18.736354580559,-1.));
#11921 = LINE('',#11922,#11923);
#11922 = CARTESIAN_POINT('',(10.611678518049,18.736354580559,-1.));
#11923 = VECTOR('',#11924,1.);
#11924 = DIRECTION('',(0.,-2.2E-16,-1.));
#11925 = ORIENTED_EDGE('',*,*,#11926,.F.);
#11926 = EDGE_CURVE('',#11894,#11919,#11927,.T.);
#11927 = CIRCLE('',#11928,0.559359353945);
#11928 = AXIS2_PLACEMENT_3D('',#11929,#11930,#11931);
#11929 = CARTESIAN_POINT('',(10.347894333022,19.229609880151,-1.));
#11930 = DIRECTION('',(0.,0.,1.));
#11931 = DIRECTION('',(-0.995738406185,-9.222270028807E-02,0.));
#11932 = CYLINDRICAL_SURFACE('',#11933,0.559359353945);
#11933 = AXIS2_PLACEMENT_3D('',#11934,#11935,#11936);
#11934 = CARTESIAN_POINT('',(10.347894333022,19.229609880151,-1.));
#11935 = DIRECTION('',(0.,2.2E-16,1.));
#11936 = DIRECTION('',(-0.995738406185,-9.222270028807E-02,
    2.028899406338E-17));
#11937 = ADVANCED_FACE('',(#11938),#11957,.F.);
#11938 = FACE_BOUND('',#11939,.F.);
#11939 = EDGE_LOOP('',(#11940,#11941,#11942,#11950));
#11940 = ORIENTED_EDGE('',*,*,#11918,.T.);
#11941 = ORIENTED_EDGE('',*,*,#575,.T.);
#11942 = ORIENTED_EDGE('',*,*,#11943,.F.);
#11943 = EDGE_CURVE('',#11944,#567,#11946,.T.);
#11944 = VERTEX_POINT('',#11945);
#11945 = CARTESIAN_POINT('',(10.895509980724,18.981076653995,-1.));
#11946 = LINE('',#11947,#11948);
#11947 = CARTESIAN_POINT('',(10.895509980724,18.981076653995,-1.));
#11948 = VECTOR('',#11949,1.);
#11949 = DIRECTION('',(0.,-2.2E-16,-1.));
#11950 = ORIENTED_EDGE('',*,*,#11951,.F.);
#11951 = EDGE_CURVE('',#11919,#11944,#11952,.T.);
#11952 = CIRCLE('',#11953,1.469292842572);
#11953 = AXIS2_PLACEMENT_3D('',#11954,#11955,#11956);
#11954 = CARTESIAN_POINT('',(9.801979772244,19.962408983217,-1.));
#11955 = DIRECTION('',(-0.,0.,1.));
#11956 = DIRECTION('',(0.551080575869,-0.834452035111,0.));
#11957 = CYLINDRICAL_SURFACE('',#11958,1.469292842572);
#11958 = AXIS2_PLACEMENT_3D('',#11959,#11960,#11961);
#11959 = CARTESIAN_POINT('',(9.801979772244,19.962408983217,-1.));
#11960 = DIRECTION('',(0.,2.2E-16,1.));
#11961 = DIRECTION('',(0.551080575869,-0.834452035111,1.835794477243E-16
    ));
#11962 = ADVANCED_FACE('',(#11963),#11982,.T.);
#11963 = FACE_BOUND('',#11964,.F.);
#11964 = EDGE_LOOP('',(#11965,#11966,#11967,#11975));
#11965 = ORIENTED_EDGE('',*,*,#11943,.T.);
#11966 = ORIENTED_EDGE('',*,*,#566,.T.);
#11967 = ORIENTED_EDGE('',*,*,#11968,.F.);
#11968 = EDGE_CURVE('',#11969,#559,#11971,.T.);
#11969 = VERTEX_POINT('',#11970);
#11970 = CARTESIAN_POINT('',(11.098679609874,19.042085684403,-1.));
#11971 = LINE('',#11972,#11973);
#11972 = CARTESIAN_POINT('',(11.098679609874,19.042085684403,-1.));
#11973 = VECTOR('',#11974,1.);
#11974 = DIRECTION('',(0.,-2.2E-16,-1.));
#11975 = ORIENTED_EDGE('',*,*,#11976,.F.);
#11976 = EDGE_CURVE('',#11944,#11969,#11977,.T.);
#11977 = CIRCLE('',#11978,0.15);
#11978 = AXIS2_PLACEMENT_3D('',#11979,#11980,#11981);
#11979 = CARTESIAN_POINT('',(11.027599310503,18.909996354624,-1.));
#11980 = DIRECTION('',(0.,0.,-1.));
#11981 = DIRECTION('',(-0.880595531857,0.473868662473,0.));
#11982 = CYLINDRICAL_SURFACE('',#11983,0.15);
#11983 = AXIS2_PLACEMENT_3D('',#11984,#11985,#11986);
#11984 = CARTESIAN_POINT('',(11.027599310503,18.909996354624,-1.));
#11985 = DIRECTION('',(0.,2.2E-16,1.));
#11986 = DIRECTION('',(-0.880595531857,0.473868662473,
    -1.042511057441E-16));
#11987 = ADVANCED_FACE('',(#11988),#12006,.F.);
#11988 = FACE_BOUND('',#11989,.F.);
#11989 = EDGE_LOOP('',(#11990,#11991,#11992,#12000));
#11990 = ORIENTED_EDGE('',*,*,#11968,.T.);
#11991 = ORIENTED_EDGE('',*,*,#558,.T.);
#11992 = ORIENTED_EDGE('',*,*,#11993,.F.);
#11993 = EDGE_CURVE('',#11994,#550,#11996,.T.);
#11994 = VERTEX_POINT('',#11995);
#11995 = CARTESIAN_POINT('',(11.509059108971,18.796895347928,-1.));
#11996 = LINE('',#11997,#11998);
#11997 = CARTESIAN_POINT('',(11.509059108971,18.796895347928,-1.));
#11998 = VECTOR('',#11999,1.);
#11999 = DIRECTION('',(0.,-2.2E-16,-1.));
#12000 = ORIENTED_EDGE('',*,*,#12001,.F.);
#12001 = EDGE_CURVE('',#11969,#11994,#12002,.T.);
#12002 = LINE('',#12003,#12004);
#12003 = CARTESIAN_POINT('',(11.098679609874,19.042085684403,-1.));
#12004 = VECTOR('',#12005,1.);
#12005 = DIRECTION('',(0.858448793602,-0.512899277406,0.));
#12006 = PLANE('',#12007);
#12007 = AXIS2_PLACEMENT_3D('',#12008,#12009,#12010);
#12008 = CARTESIAN_POINT('',(11.098679609874,19.042085684403,-1.));
#12009 = DIRECTION('',(-0.512899277406,-0.858448793602,1.9E-16));
#12010 = DIRECTION('',(0.858448793602,-0.512899277406,1.1E-16));
#12011 = ADVANCED_FACE('',(#12012),#12031,.T.);
#12012 = FACE_BOUND('',#12013,.F.);
#12013 = EDGE_LOOP('',(#12014,#12015,#12016,#12024));
#12014 = ORIENTED_EDGE('',*,*,#11993,.T.);
#12015 = ORIENTED_EDGE('',*,*,#549,.T.);
#12016 = ORIENTED_EDGE('',*,*,#12017,.F.);
#12017 = EDGE_CURVE('',#12018,#541,#12020,.T.);
#12018 = VERTEX_POINT('',#12019);
#12019 = CARTESIAN_POINT('',(11.551610549811,18.589074812652,-1.));
#12020 = LINE('',#12021,#12022);
#12021 = CARTESIAN_POINT('',(11.551610549811,18.589074812652,-1.));
#12022 = VECTOR('',#12023,1.);
#12023 = DIRECTION('',(0.,-2.2E-16,-1.));
#12024 = ORIENTED_EDGE('',*,*,#12025,.F.);
#12025 = EDGE_CURVE('',#11994,#12018,#12026,.T.);
#12026 = CIRCLE('',#12027,0.15);
#12027 = AXIS2_PLACEMENT_3D('',#12028,#12029,#12030);
#12028 = CARTESIAN_POINT('',(11.426424561753,18.67170935987,-1.));
#12029 = DIRECTION('',(0.,0.,-1.));
#12030 = DIRECTION('',(0.550896981452,0.834573253721,0.));
#12031 = CYLINDRICAL_SURFACE('',#12032,0.15);
#12032 = AXIS2_PLACEMENT_3D('',#12033,#12034,#12035);
#12033 = CARTESIAN_POINT('',(11.426424561753,18.67170935987,-1.));
#12034 = DIRECTION('',(0.,2.2E-16,1.));
#12035 = DIRECTION('',(0.550896981452,0.834573253721,-1.836061158187E-16
    ));
#12036 = ADVANCED_FACE('',(#12037),#12056,.F.);
#12037 = FACE_BOUND('',#12038,.F.);
#12038 = EDGE_LOOP('',(#12039,#12040,#12041,#12049));
#12039 = ORIENTED_EDGE('',*,*,#12017,.T.);
#12040 = ORIENTED_EDGE('',*,*,#540,.T.);
#12041 = ORIENTED_EDGE('',*,*,#12042,.F.);
#12042 = EDGE_CURVE('',#12043,#532,#12045,.T.);
#12043 = VERTEX_POINT('',#12044);
#12044 = CARTESIAN_POINT('',(11.470608220983,18.223167973203,-1.));
#12045 = LINE('',#12046,#12047);
#12046 = CARTESIAN_POINT('',(11.470608220983,18.223167973203,-1.));
#12047 = VECTOR('',#12048,1.);
#12048 = DIRECTION('',(0.,-2.2E-16,-1.));
#12049 = ORIENTED_EDGE('',*,*,#12050,.F.);
#12050 = EDGE_CURVE('',#12018,#12043,#12051,.T.);
#12051 = CIRCLE('',#12052,1.469292842572);
#12052 = AXIS2_PLACEMENT_3D('',#12053,#12054,#12055);
#12053 = CARTESIAN_POINT('',(12.933957111457,18.091139635405,-1.));
#12054 = DIRECTION('',(0.,0.,1.));
#12055 = DIRECTION('',(-0.940824403136,0.338894441476,0.));
#12056 = CYLINDRICAL_SURFACE('',#12057,1.469292842572);
#12057 = AXIS2_PLACEMENT_3D('',#12058,#12059,#12060);
#12058 = CARTESIAN_POINT('',(12.933957111457,18.091139635405,-1.));
#12059 = DIRECTION('',(0.,2.2E-16,1.));
#12060 = DIRECTION('',(-0.940824403136,0.338894441476,
    -7.455677712463E-17));
#12061 = ADVANCED_FACE('',(#12062),#12081,.F.);
#12062 = FACE_BOUND('',#12063,.F.);
#12063 = EDGE_LOOP('',(#12064,#12065,#12066,#12074));
#12064 = ORIENTED_EDGE('',*,*,#12042,.T.);
#12065 = ORIENTED_EDGE('',*,*,#531,.T.);
#12066 = ORIENTED_EDGE('',*,*,#12067,.F.);
#12067 = EDGE_CURVE('',#12068,#523,#12070,.T.);
#12068 = VERTEX_POINT('',#12069);
#12069 = CARTESIAN_POINT('',(12.248472896089,17.709703996754,-1.));
#12070 = LINE('',#12071,#12072);
#12071 = CARTESIAN_POINT('',(12.248472896089,17.709703996754,-1.));
#12072 = VECTOR('',#12073,1.);
#12073 = DIRECTION('',(0.,-2.2E-16,-1.));
#12074 = ORIENTED_EDGE('',*,*,#12075,.F.);
#12075 = EDGE_CURVE('',#12043,#12068,#12076,.T.);
#12076 = CIRCLE('',#12077,0.559359353945);
#12077 = AXIS2_PLACEMENT_3D('',#12078,#12079,#12080);
#12078 = CARTESIAN_POINT('',(12.029965692808,18.22461902757,-1.));
#12079 = DIRECTION('',(0.,0.,1.));
#12080 = DIRECTION('',(-0.999996635223,-2.594136230734E-03,0.));
#12081 = CYLINDRICAL_SURFACE('',#12082,0.559359353945);
#12082 = AXIS2_PLACEMENT_3D('',#12083,#12084,#12085);
#12083 = CARTESIAN_POINT('',(12.029965692808,18.22461902757,-1.));
#12084 = DIRECTION('',(0.,2.2E-16,1.));
#12085 = DIRECTION('',(-0.999996635223,-2.594136230734E-03,
    5.707099707615E-19));
#12086 = ADVANCED_FACE('',(#12087),#12106,.F.);
#12087 = FACE_BOUND('',#12088,.F.);
#12088 = EDGE_LOOP('',(#12089,#12090,#12091,#12099));
#12089 = ORIENTED_EDGE('',*,*,#12067,.T.);
#12090 = ORIENTED_EDGE('',*,*,#522,.T.);
#12091 = ORIENTED_EDGE('',*,*,#12092,.F.);
#12092 = EDGE_CURVE('',#12093,#514,#12095,.T.);
#12093 = VERTEX_POINT('',#12094);
#12094 = CARTESIAN_POINT('',(12.553098454277,17.92799843491,-1.));
#12095 = LINE('',#12096,#12097);
#12096 = CARTESIAN_POINT('',(12.553098454277,17.92799843491,-1.));
#12097 = VECTOR('',#12098,1.);
#12098 = DIRECTION('',(0.,-2.2E-16,-1.));
#12099 = ORIENTED_EDGE('',*,*,#12100,.F.);
#12100 = EDGE_CURVE('',#12068,#12093,#12101,.T.);
#12101 = CIRCLE('',#12102,1.469292842572);
#12102 = AXIS2_PLACEMENT_3D('',#12103,#12104,#12105);
#12103 = CARTESIAN_POINT('',(11.55193642872,19.003403500835,-1.));
#12104 = DIRECTION('',(-0.,0.,1.));
#12105 = DIRECTION('',(0.474062383745,-0.880491258513,0.));
#12106 = CYLINDRICAL_SURFACE('',#12107,1.469292842572);
#12107 = AXIS2_PLACEMENT_3D('',#12108,#12109,#12110);
#12108 = CARTESIAN_POINT('',(11.55193642872,19.003403500835,-1.));
#12109 = DIRECTION('',(0.,2.2E-16,1.));
#12110 = DIRECTION('',(0.474062383745,-0.880491258513,1.937080768729E-16
    ));
#12111 = ADVANCED_FACE('',(#12112),#12131,.T.);
#12112 = FACE_BOUND('',#12113,.F.);
#12113 = EDGE_LOOP('',(#12114,#12115,#12116,#12124));
#12114 = ORIENTED_EDGE('',*,*,#12092,.T.);
#12115 = ORIENTED_EDGE('',*,*,#513,.T.);
#12116 = ORIENTED_EDGE('',*,*,#12117,.F.);
#12117 = EDGE_CURVE('',#12118,#506,#12120,.T.);
#12118 = VERTEX_POINT('',#12119);
#12119 = CARTESIAN_POINT('',(12.760918989553,17.97054987575,-1.));
#12120 = LINE('',#12121,#12122);
#12121 = CARTESIAN_POINT('',(12.760918989553,17.97054987575,-1.));
#12122 = VECTOR('',#12123,1.);
#12123 = DIRECTION('',(0.,-2.2E-16,-1.));
#12124 = ORIENTED_EDGE('',*,*,#12125,.F.);
#12125 = EDGE_CURVE('',#12093,#12118,#12126,.T.);
#12126 = CIRCLE('',#12127,0.15);
#12127 = AXIS2_PLACEMENT_3D('',#12128,#12129,#12130);
#12128 = CARTESIAN_POINT('',(12.678284442335,17.845363887692,-1.));
#12129 = DIRECTION('',(0.,0.,-1.));
#12130 = DIRECTION('',(-0.834573253721,0.550896981452,0.));
#12131 = CYLINDRICAL_SURFACE('',#12132,0.15);
#12132 = AXIS2_PLACEMENT_3D('',#12133,#12134,#12135);
#12133 = CARTESIAN_POINT('',(12.678284442335,17.845363887692,-1.));
#12134 = DIRECTION('',(0.,2.2E-16,1.));
#12135 = DIRECTION('',(-0.834573253721,0.550896981452,
    -1.211973359195E-16));
#12136 = ADVANCED_FACE('',(#12137),#12155,.F.);
#12137 = FACE_BOUND('',#12138,.F.);
#12138 = EDGE_LOOP('',(#12139,#12140,#12141,#12149));
#12139 = ORIENTED_EDGE('',*,*,#12117,.T.);
#12140 = ORIENTED_EDGE('',*,*,#505,.T.);
#12141 = ORIENTED_EDGE('',*,*,#12142,.F.);
#12142 = EDGE_CURVE('',#12143,#497,#12145,.T.);
#12143 = VERTEX_POINT('',#12144);
#12144 = CARTESIAN_POINT('',(13.147667729125,17.689560468798,-1.));
#12145 = LINE('',#12146,#12147);
#12146 = CARTESIAN_POINT('',(13.147667729125,17.689560468798,-1.));
#12147 = VECTOR('',#12148,1.);
#12148 = DIRECTION('',(0.,-2.2E-16,-1.));
#12149 = ORIENTED_EDGE('',*,*,#12150,.F.);
#12150 = EDGE_CURVE('',#12118,#12143,#12151,.T.);
#12151 = LINE('',#12152,#12153);
#12152 = CARTESIAN_POINT('',(12.760918989553,17.97054987575,-1.));
#12153 = VECTOR('',#12154,1.);
#12154 = DIRECTION('',(0.809016994375,-0.587785252292,0.));
#12155 = PLANE('',#12156);
#12156 = AXIS2_PLACEMENT_3D('',#12157,#12158,#12159);
#12157 = CARTESIAN_POINT('',(12.760918989553,17.97054987575,-1.));
#12158 = DIRECTION('',(-0.587785252292,-0.809016994375,1.8E-16));
#12159 = DIRECTION('',(0.809016994375,-0.587785252292,1.3E-16));
#12160 = ADVANCED_FACE('',(#12161),#12180,.T.);
#12161 = FACE_BOUND('',#12162,.F.);
#12162 = EDGE_LOOP('',(#12163,#12164,#12165,#12173));
#12163 = ORIENTED_EDGE('',*,*,#12142,.T.);
#12164 = ORIENTED_EDGE('',*,*,#496,.T.);
#12165 = ORIENTED_EDGE('',*,*,#12166,.F.);
#12166 = EDGE_CURVE('',#12167,#488,#12169,.T.);
#12167 = VERTEX_POINT('',#12168);
#12168 = CARTESIAN_POINT('',(13.171418981217,17.478762276149,-1.));
#12169 = LINE('',#12170,#12171);
#12170 = CARTESIAN_POINT('',(13.171418981217,17.478762276149,-1.));
#12171 = VECTOR('',#12172,1.);
#12172 = DIRECTION('',(0.,-2.2E-16,-1.));
#12173 = ORIENTED_EDGE('',*,*,#12174,.F.);
#12174 = EDGE_CURVE('',#12143,#12167,#12175,.T.);
#12175 = CIRCLE('',#12176,0.15);
#12176 = AXIS2_PLACEMENT_3D('',#12177,#12178,#12179);
#12177 = CARTESIAN_POINT('',(13.054144258847,17.572285746428,-1.));
#12178 = DIRECTION('',(0.,0.,-1.));
#12179 = DIRECTION('',(0.623489801859,0.781831482468,0.));
#12180 = CYLINDRICAL_SURFACE('',#12181,0.15);
#12181 = AXIS2_PLACEMENT_3D('',#12182,#12183,#12184);
#12182 = CARTESIAN_POINT('',(13.054144258847,17.572285746428,-1.));
#12183 = DIRECTION('',(0.,2.2E-16,1.));
#12184 = DIRECTION('',(0.623489801859,0.781831482468,-1.72002926143E-16)
  );
#12185 = ADVANCED_FACE('',(#12186),#12205,.F.);
#12186 = FACE_BOUND('',#12187,.F.);
#12187 = EDGE_LOOP('',(#12188,#12189,#12190,#12198));
#12188 = ORIENTED_EDGE('',*,*,#12166,.T.);
#12189 = ORIENTED_EDGE('',*,*,#487,.T.);
#12190 = ORIENTED_EDGE('',*,*,#12191,.F.);
#12191 = EDGE_CURVE('',#12192,#479,#12194,.T.);
#12192 = VERTEX_POINT('',#12193);
#12193 = CARTESIAN_POINT('',(13.057943107739,17.121589462837,-1.));
#12194 = LINE('',#12195,#12196);
#12195 = CARTESIAN_POINT('',(13.057943107739,17.121589462837,-1.));
#12196 = VECTOR('',#12197,1.);
#12197 = DIRECTION('',(0.,-2.2E-16,-1.));
#12198 = ORIENTED_EDGE('',*,*,#12199,.F.);
#12199 = EDGE_CURVE('',#12167,#12192,#12200,.T.);
#12200 = CIRCLE('',#12201,1.469292842573);
#12201 = AXIS2_PLACEMENT_3D('',#12202,#12203,#12204);
#12202 = CARTESIAN_POINT('',(14.503566056842,16.858919049084,-1.));
#12203 = DIRECTION('',(0.,0.,1.));
#12204 = DIRECTION('',(-0.906658657162,0.421865001384,0.));
#12205 = CYLINDRICAL_SURFACE('',#12206,1.469292842573);
#12206 = AXIS2_PLACEMENT_3D('',#12207,#12208,#12209);
#12207 = CARTESIAN_POINT('',(14.503566056842,16.858919049084,-1.));
#12208 = DIRECTION('',(0.,2.2E-16,1.));
#12209 = DIRECTION('',(-0.906658657162,0.421865001384,
    -9.281030030452E-17));
#12210 = ADVANCED_FACE('',(#12211),#12230,.F.);
#12211 = FACE_BOUND('',#12212,.F.);
#12212 = EDGE_LOOP('',(#12213,#12214,#12215,#12223));
#12213 = ORIENTED_EDGE('',*,*,#12191,.T.);
#12214 = ORIENTED_EDGE('',*,*,#478,.T.);
#12215 = ORIENTED_EDGE('',*,*,#12216,.F.);
#12216 = EDGE_CURVE('',#12217,#470,#12219,.T.);
#12217 = VERTEX_POINT('',#12218);
#12218 = CARTESIAN_POINT('',(13.786649772356,16.540465289504,-1.));
#12219 = LINE('',#12220,#12221);
#12220 = CARTESIAN_POINT('',(13.786649772356,16.540465289504,-1.));
#12221 = VECTOR('',#12222,1.);
#12222 = DIRECTION('',(0.,-2.2E-16,-1.));
#12223 = ORIENTED_EDGE('',*,*,#12224,.F.);
#12224 = EDGE_CURVE('',#12192,#12217,#12225,.T.);
#12225 = CIRCLE('',#12226,0.559359353945);
#12226 = AXIS2_PLACEMENT_3D('',#12227,#12228,#12229);
#12227 = CARTESIAN_POINT('',(13.615178842341,17.07289425848,-1.));
#12228 = DIRECTION('',(0.,0.,1.));
#12229 = DIRECTION('',(-0.996203479343,8.70553142862E-02,0.));
#12230 = CYLINDRICAL_SURFACE('',#12231,0.559359353945);
#12231 = AXIS2_PLACEMENT_3D('',#12232,#12233,#12234);
#12232 = CARTESIAN_POINT('',(13.615178842341,17.07289425848,-1.));
#12233 = DIRECTION('',(0.,2.2E-16,1.));
#12234 = DIRECTION('',(-0.996203479343,8.70553142862E-02,
    -1.915216914296E-17));
#12235 = ADVANCED_FACE('',(#12236),#12255,.F.);
#12236 = FACE_BOUND('',#12237,.F.);
#12237 = EDGE_LOOP('',(#12238,#12239,#12240,#12248));
#12238 = ORIENTED_EDGE('',*,*,#12216,.T.);
#12239 = ORIENTED_EDGE('',*,*,#469,.T.);
#12240 = ORIENTED_EDGE('',*,*,#12241,.F.);
#12241 = EDGE_CURVE('',#12242,#461,#12244,.T.);
#12242 = VERTEX_POINT('',#12243);
#12243 = CARTESIAN_POINT('',(14.109616760178,16.730574513919,-1.));
#12244 = LINE('',#12245,#12246);
#12245 = CARTESIAN_POINT('',(14.109616760178,16.730574513919,-1.));
#12246 = VECTOR('',#12247,1.);
#12247 = DIRECTION('',(0.,-2.2E-16,-1.));
#12248 = ORIENTED_EDGE('',*,*,#12249,.F.);
#12249 = EDGE_CURVE('',#12217,#12242,#12250,.T.);
#12250 = CIRCLE('',#12251,1.469292842572);
#12251 = AXIS2_PLACEMENT_3D('',#12252,#12253,#12254);
#12252 = CARTESIAN_POINT('',(13.2088836855,17.891393787284,-1.));
#12253 = DIRECTION('',(-0.,0.,1.));
#12254 = DIRECTION('',(0.393227320051,-0.919441284023,0.));
#12255 = CYLINDRICAL_SURFACE('',#12256,1.469292842572);
#12256 = AXIS2_PLACEMENT_3D('',#12257,#12258,#12259);
#12257 = CARTESIAN_POINT('',(13.2088836855,17.891393787284,-1.));
#12258 = DIRECTION('',(0.,2.2E-16,1.));
#12259 = DIRECTION('',(0.393227320051,-0.919441284023,2.02277082485E-16)
  );
#12260 = ADVANCED_FACE('',(#12261),#12280,.T.);
#12261 = FACE_BOUND('',#12262,.F.);
#12262 = EDGE_LOOP('',(#12263,#12264,#12265,#12273));
#12263 = ORIENTED_EDGE('',*,*,#12241,.T.);
#12264 = ORIENTED_EDGE('',*,*,#460,.T.);
#12265 = ORIENTED_EDGE('',*,*,#12266,.F.);
#12266 = EDGE_CURVE('',#12267,#453,#12269,.T.);
#12267 = VERTEX_POINT('',#12268);
#12268 = CARTESIAN_POINT('',(14.320414952827,16.75432576601,-1.));
#12269 = LINE('',#12270,#12271);
#12270 = CARTESIAN_POINT('',(14.320414952827,16.75432576601,-1.));
#12271 = VECTOR('',#12272,1.);
#12272 = DIRECTION('',(0.,-2.2E-16,-1.));
#12273 = ORIENTED_EDGE('',*,*,#12274,.F.);
#12274 = EDGE_CURVE('',#12242,#12267,#12275,.T.);
#12275 = CIRCLE('',#12276,0.15);
#12276 = AXIS2_PLACEMENT_3D('',#12277,#12278,#12279);
#12277 = CARTESIAN_POINT('',(14.226891482549,16.63705104364,-1.));
#12278 = DIRECTION('',(0.,0.,-1.));
#12279 = DIRECTION('',(-0.781831482468,0.623489801859,0.));
#12280 = CYLINDRICAL_SURFACE('',#12281,0.15);
#12281 = AXIS2_PLACEMENT_3D('',#12282,#12283,#12284);
#12282 = CARTESIAN_POINT('',(14.226891482549,16.63705104364,-1.));
#12283 = DIRECTION('',(0.,2.2E-16,1.));
#12284 = DIRECTION('',(-0.781831482468,0.623489801859,
    -1.371677564089E-16));
#12285 = ADVANCED_FACE('',(#12286),#12304,.F.);
#12286 = FACE_BOUND('',#12287,.F.);
#12287 = EDGE_LOOP('',(#12288,#12289,#12290,#12298));
#12288 = ORIENTED_EDGE('',*,*,#12266,.T.);
#12289 = ORIENTED_EDGE('',*,*,#452,.T.);
#12290 = ORIENTED_EDGE('',*,*,#12291,.F.);
#12291 = EDGE_CURVE('',#12292,#444,#12294,.T.);
#12292 = VERTEX_POINT('',#12293);
#12293 = CARTESIAN_POINT('',(14.680419059428,16.439799650067,-1.));
#12294 = LINE('',#12295,#12296);
#12295 = CARTESIAN_POINT('',(14.680419059428,16.439799650067,-1.));
#12296 = VECTOR('',#12297,1.);
#12297 = DIRECTION('',(0.,-2.2E-16,-1.));
#12298 = ORIENTED_EDGE('',*,*,#12299,.F.);
#12299 = EDGE_CURVE('',#12267,#12292,#12300,.T.);
#12300 = LINE('',#12301,#12302);
#12301 = CARTESIAN_POINT('',(14.320414952827,16.75432576601,-1.));
#12302 = VECTOR('',#12303,1.);
#12303 = DIRECTION('',(0.753071466004,-0.65793872594,0.));
#12304 = PLANE('',#12305);
#12305 = AXIS2_PLACEMENT_3D('',#12306,#12307,#12308);
#12306 = CARTESIAN_POINT('',(14.320414952827,16.75432576601,-1.));
#12307 = DIRECTION('',(-0.65793872594,-0.753071466004,1.7E-16));
#12308 = DIRECTION('',(0.753071466004,-0.65793872594,1.5E-16));
#12309 = ADVANCED_FACE('',(#12310),#12329,.T.);
#12310 = FACE_BOUND('',#12311,.F.);
#12311 = EDGE_LOOP('',(#12312,#12313,#12314,#12322));
#12312 = ORIENTED_EDGE('',*,*,#12291,.T.);
#12313 = ORIENTED_EDGE('',*,*,#443,.T.);
#12314 = ORIENTED_EDGE('',*,*,#12315,.F.);
#12315 = EDGE_CURVE('',#12316,#435,#12318,.T.);
#12316 = VERTEX_POINT('',#12317);
#12317 = CARTESIAN_POINT('',(14.685178891654,16.227721023145,-1.));
#12318 = LINE('',#12319,#12320);
#12319 = CARTESIAN_POINT('',(14.685178891654,16.227721023145,-1.));
#12320 = VECTOR('',#12321,1.);
#12321 = DIRECTION('',(0.,-2.2E-16,-1.));
#12322 = ORIENTED_EDGE('',*,*,#12323,.F.);
#12323 = EDGE_CURVE('',#12292,#12316,#12324,.T.);
#12324 = CIRCLE('',#12325,0.15);
#12325 = AXIS2_PLACEMENT_3D('',#12326,#12327,#12328);
#12326 = CARTESIAN_POINT('',(14.57675966208,16.331380420493,-1.));
#12327 = DIRECTION('',(0.,0.,-1.));
#12328 = DIRECTION('',(0.691062648987,0.722794863827,0.));
#12329 = CYLINDRICAL_SURFACE('',#12330,0.15);
#12330 = AXIS2_PLACEMENT_3D('',#12331,#12332,#12333);
#12331 = CARTESIAN_POINT('',(14.57675966208,16.331380420493,-1.));
#12332 = DIRECTION('',(0.,2.2E-16,1.));
#12333 = DIRECTION('',(0.691062648987,0.722794863827,-1.59014870042E-16)
  );
#12334 = ADVANCED_FACE('',(#12335),#12354,.F.);
#12335 = FACE_BOUND('',#12336,.F.);
#12336 = EDGE_LOOP('',(#12337,#12338,#12339,#12347));
#12337 = ORIENTED_EDGE('',*,*,#12315,.T.);
#12338 = ORIENTED_EDGE('',*,*,#434,.T.);
#12339 = ORIENTED_EDGE('',*,*,#12340,.F.);
#12340 = EDGE_CURVE('',#12341,#426,#12343,.T.);
#12341 = VERTEX_POINT('',#12342);
#12342 = CARTESIAN_POINT('',(14.540143114537,15.882157981447,-1.));
#12343 = LINE('',#12344,#12345);
#12344 = CARTESIAN_POINT('',(14.540143114537,15.882157981447,-1.));
#12345 = VECTOR('',#12346,1.);
#12346 = DIRECTION('',(0.,-2.2E-16,-1.));
#12347 = ORIENTED_EDGE('',*,*,#12348,.F.);
#12348 = EDGE_CURVE('',#12316,#12341,#12349,.T.);
#12349 = CIRCLE('',#12350,1.469292842572);
#12350 = AXIS2_PLACEMENT_3D('',#12351,#12352,#12353);
#12351 = CARTESIAN_POINT('',(15.956400816295,15.490960359464,-1.));
#12352 = DIRECTION('',(0.,0.,1.));
#12353 = DIRECTION('',(-0.865193028787,0.501438952354,0.));
#12354 = CYLINDRICAL_SURFACE('',#12355,1.469292842572);
#12355 = AXIS2_PLACEMENT_3D('',#12356,#12357,#12358);
#12356 = CARTESIAN_POINT('',(15.956400816295,15.490960359464,-1.));
#12357 = DIRECTION('',(0.,2.2E-16,1.));
#12358 = DIRECTION('',(-0.865193028787,0.501438952354,
    -1.103165695179E-16));
#12359 = ADVANCED_FACE('',(#12360),#12379,.F.);
#12360 = FACE_BOUND('',#12361,.F.);
#12361 = EDGE_LOOP('',(#12362,#12363,#12364,#12372));
#12362 = ORIENTED_EDGE('',*,*,#12340,.T.);
#12363 = ORIENTED_EDGE('',*,*,#425,.T.);
#12364 = ORIENTED_EDGE('',*,*,#12365,.F.);
#12365 = EDGE_CURVE('',#12366,#417,#12368,.T.);
#12366 = VERTEX_POINT('',#12367);
#12367 = CARTESIAN_POINT('',(15.213824651074,15.238052481378,-1.));
#12368 = LINE('',#12369,#12370);
#12369 = CARTESIAN_POINT('',(15.213824651074,15.238052481378,-1.));
#12370 = VECTOR('',#12371,1.);
#12371 = DIRECTION('',(0.,-2.2E-16,-1.));
#12372 = ORIENTED_EDGE('',*,*,#12373,.F.);
#12373 = EDGE_CURVE('',#12341,#12366,#12374,.T.);
#12374 = CIRCLE('',#12375,0.559359353945);
#12375 = AXIS2_PLACEMENT_3D('',#12376,#12377,#12378);
#12376 = CARTESIAN_POINT('',(15.090770577431,15.783708583521,-1.));
#12377 = DIRECTION('',(0.,0.,1.));
#12378 = DIRECTION('',(-0.984389478805,0.1760038466,0.));
#12379 = CYLINDRICAL_SURFACE('',#12380,0.559359353945);
#12380 = AXIS2_PLACEMENT_3D('',#12381,#12382,#12383);
#12381 = CARTESIAN_POINT('',(15.090770577431,15.783708583521,-1.));
#12382 = DIRECTION('',(0.,2.2E-16,1.));
#12383 = DIRECTION('',(-0.984389478805,0.1760038466,-3.872084625205E-17)
  );
#12384 = ADVANCED_FACE('',(#12385),#12404,.F.);
#12385 = FACE_BOUND('',#12386,.F.);
#12386 = EDGE_LOOP('',(#12387,#12388,#12389,#12397));
#12387 = ORIENTED_EDGE('',*,*,#12365,.T.);
#12388 = ORIENTED_EDGE('',*,*,#416,.T.);
#12389 = ORIENTED_EDGE('',*,*,#12390,.F.);
#12390 = EDGE_CURVE('',#12391,#408,#12393,.T.);
#12391 = VERTEX_POINT('',#12392);
#12392 = CARTESIAN_POINT('',(15.552532728247,15.39844584436,-1.));
#12393 = LINE('',#12394,#12395);
#12394 = CARTESIAN_POINT('',(15.552532728247,15.39844584436,-1.));
#12395 = VECTOR('',#12396,1.);
#12396 = DIRECTION('',(0.,-2.2E-16,-1.));
#12397 = ORIENTED_EDGE('',*,*,#12398,.F.);
#12398 = EDGE_CURVE('',#12366,#12391,#12399,.T.);
#12399 = CIRCLE('',#12400,1.469292842572);
#12400 = AXIS2_PLACEMENT_3D('',#12401,#12402,#12403);
#12401 = CARTESIAN_POINT('',(14.759480777543,16.635333090927,-1.));
#12402 = DIRECTION('',(-0.,0.,1.));
#12403 = DIRECTION('',(0.309226221191,-0.950988508936,0.));
#12404 = CYLINDRICAL_SURFACE('',#12405,1.469292842572);
#12405 = AXIS2_PLACEMENT_3D('',#12406,#12407,#12408);
#12406 = CARTESIAN_POINT('',(14.759480777543,16.635333090927,-1.));
#12407 = DIRECTION('',(0.,2.2E-16,1.));
#12408 = DIRECTION('',(0.309226221191,-0.950988508936,2.092174719659E-16
    ));
#12409 = ADVANCED_FACE('',(#12410),#12429,.T.);
#12410 = FACE_BOUND('',#12411,.F.);
#12411 = EDGE_LOOP('',(#12412,#12413,#12414,#12422));
#12412 = ORIENTED_EDGE('',*,*,#12390,.T.);
#12413 = ORIENTED_EDGE('',*,*,#407,.T.);
#12414 = ORIENTED_EDGE('',*,*,#12415,.F.);
#12415 = EDGE_CURVE('',#12416,#400,#12418,.T.);
#12416 = VERTEX_POINT('',#12417);
#12417 = CARTESIAN_POINT('',(15.764611355169,15.403205676586,-1.));
#12418 = LINE('',#12419,#12420);
#12419 = CARTESIAN_POINT('',(15.764611355169,15.403205676586,-1.));
#12420 = VECTOR('',#12421,1.);
#12421 = DIRECTION('',(0.,-2.2E-16,-1.));
#12422 = ORIENTED_EDGE('',*,*,#12423,.F.);
#12423 = EDGE_CURVE('',#12391,#12416,#12424,.T.);
#12424 = CIRCLE('',#12425,0.15);
#12425 = AXIS2_PLACEMENT_3D('',#12426,#12427,#12428);
#12426 = CARTESIAN_POINT('',(15.660951957821,15.294786447012,-1.));
#12427 = DIRECTION('',(0.,0.,-1.));
#12428 = DIRECTION('',(-0.722794863827,0.691062648987,0.));
#12429 = CYLINDRICAL_SURFACE('',#12430,0.15);
#12430 = AXIS2_PLACEMENT_3D('',#12431,#12432,#12433);
#12431 = CARTESIAN_POINT('',(15.660951957821,15.294786447012,-1.));
#12432 = DIRECTION('',(0.,2.2E-16,1.));
#12433 = DIRECTION('',(-0.722794863827,0.691062648987,
    -1.520337827771E-16));
#12434 = ADVANCED_FACE('',(#12435),#12453,.F.);
#12435 = FACE_BOUND('',#12436,.F.);
#12436 = EDGE_LOOP('',(#12437,#12438,#12439,#12447));
#12437 = ORIENTED_EDGE('',*,*,#12415,.T.);
#12438 = ORIENTED_EDGE('',*,*,#399,.T.);
#12439 = ORIENTED_EDGE('',*,*,#12440,.F.);
#12440 = EDGE_CURVE('',#12441,#391,#12443,.T.);
#12441 = VERTEX_POINT('',#12442);
#12442 = CARTESIAN_POINT('',(16.094972287411,15.057675230998,-1.));
#12443 = LINE('',#12444,#12445);
#12444 = CARTESIAN_POINT('',(16.094972287411,15.057675230998,-1.));
#12445 = VECTOR('',#12446,1.);
#12446 = DIRECTION('',(0.,-2.2E-16,-1.));
#12447 = ORIENTED_EDGE('',*,*,#12448,.F.);
#12448 = EDGE_CURVE('',#12416,#12441,#12449,.T.);
#12449 = LINE('',#12450,#12451);
#12450 = CARTESIAN_POINT('',(15.764611355169,15.403205676586,-1.));
#12451 = VECTOR('',#12452,1.);
#12452 = DIRECTION('',(0.691062648987,-0.722794863827,0.));
#12453 = PLANE('',#12454);
#12454 = AXIS2_PLACEMENT_3D('',#12455,#12456,#12457);
#12455 = CARTESIAN_POINT('',(15.764611355169,15.403205676586,-1.));
#12456 = DIRECTION('',(-0.722794863827,-0.691062648987,1.5E-16));
#12457 = DIRECTION('',(0.691062648987,-0.722794863827,1.6E-16));
#12458 = ADVANCED_FACE('',(#12459),#12478,.T.);
#12459 = FACE_BOUND('',#12460,.F.);
#12460 = EDGE_LOOP('',(#12461,#12462,#12463,#12471));
#12461 = ORIENTED_EDGE('',*,*,#12440,.T.);
#12462 = ORIENTED_EDGE('',*,*,#390,.T.);
#12463 = ORIENTED_EDGE('',*,*,#12464,.F.);
#12464 = EDGE_CURVE('',#12465,#382,#12467,.T.);
#12465 = VERTEX_POINT('',#12466);
#12466 = CARTESIAN_POINT('',(16.080702376402,14.846023702207,-1.));
#12467 = LINE('',#12468,#12469);
#12468 = CARTESIAN_POINT('',(16.080702376402,14.846023702207,-1.));
#12469 = VECTOR('',#12470,1.);
#12470 = DIRECTION('',(0.,-2.2E-16,-1.));
#12471 = ORIENTED_EDGE('',*,*,#12472,.F.);
#12472 = EDGE_CURVE('',#12441,#12465,#12473,.T.);
#12473 = CIRCLE('',#12474,0.15);
#12474 = AXIS2_PLACEMENT_3D('',#12475,#12476,#12477);
#12475 = CARTESIAN_POINT('',(15.982011567511,14.958984422108,-1.));
#12476 = DIRECTION('',(0.,0.,-1.));
#12477 = DIRECTION('',(0.753071466004,0.65793872594,0.));
#12478 = CYLINDRICAL_SURFACE('',#12479,0.15);
#12479 = AXIS2_PLACEMENT_3D('',#12480,#12481,#12482);
#12480 = CARTESIAN_POINT('',(15.982011567511,14.958984422108,-1.));
#12481 = DIRECTION('',(0.,2.2E-16,1.));
#12482 = DIRECTION('',(0.753071466004,0.65793872594,-1.447465197067E-16)
  );
#12483 = ADVANCED_FACE('',(#12484),#12503,.F.);
#12484 = FACE_BOUND('',#12485,.F.);
#12485 = EDGE_LOOP('',(#12486,#12487,#12488,#12496));
#12486 = ORIENTED_EDGE('',*,*,#12464,.T.);
#12487 = ORIENTED_EDGE('',*,*,#381,.T.);
#12488 = ORIENTED_EDGE('',*,*,#12489,.F.);
#12489 = EDGE_CURVE('',#12490,#373,#12492,.T.);
#12490 = VERTEX_POINT('',#12491);
#12491 = CARTESIAN_POINT('',(15.905274438443,14.514852702549,-1.));
#12492 = LINE('',#12493,#12494);
#12493 = CARTESIAN_POINT('',(15.905274438443,14.514852702549,-1.));
#12494 = VECTOR('',#12495,1.);
#12495 = DIRECTION('',(0.,-2.2E-16,-1.));
#12496 = ORIENTED_EDGE('',*,*,#12497,.F.);
#12497 = EDGE_CURVE('',#12465,#12490,#12498,.T.);
#12498 = CIRCLE('',#12499,1.469292842572);
#12499 = AXIS2_PLACEMENT_3D('',#12500,#12501,#12502);
#12500 = CARTESIAN_POINT('',(17.280764018587,13.998277565566,-1.));
#12501 = DIRECTION('',(0.,0.,1.));
#12502 = DIRECTION('',(-0.81676137487,0.576975611721,0.));
#12503 = CYLINDRICAL_SURFACE('',#12504,1.469292842572);
#12504 = AXIS2_PLACEMENT_3D('',#12505,#12506,#12507);
#12505 = CARTESIAN_POINT('',(17.280764018587,13.998277565566,-1.));
#12506 = DIRECTION('',(0.,2.2E-16,1.));
#12507 = DIRECTION('',(-0.81676137487,0.576975611721,-1.269346345787E-16
    ));
#12508 = ADVANCED_FACE('',(#12509),#12528,.F.);
#12509 = FACE_BOUND('',#12510,.F.);
#12510 = EDGE_LOOP('',(#12511,#12512,#12513,#12521));
#12511 = ORIENTED_EDGE('',*,*,#12489,.T.);
#12512 = ORIENTED_EDGE('',*,*,#372,.T.);
#12513 = ORIENTED_EDGE('',*,*,#12514,.F.);
#12514 = EDGE_CURVE('',#12515,#364,#12517,.T.);
#12515 = VERTEX_POINT('',#12516);
#12516 = CARTESIAN_POINT('',(16.518506759286,13.812951834503,-1.));
#12517 = LINE('',#12518,#12519);
#12518 = CARTESIAN_POINT('',(16.518506759286,13.812951834503,-1.));
#12519 = VECTOR('',#12520,1.);
#12520 = DIRECTION('',(0.,-2.2E-16,-1.));
#12521 = ORIENTED_EDGE('',*,*,#12522,.F.);
#12522 = EDGE_CURVE('',#12490,#12515,#12523,.T.);
#12523 = CIRCLE('',#12524,0.559359353945);
#12524 = AXIS2_PLACEMENT_3D('',#12525,#12526,#12527);
#12525 = CARTESIAN_POINT('',(16.444860301061,14.367441767718,-1.));
#12526 = DIRECTION('',(0.,0.,1.));
#12527 = DIRECTION('',(-0.964649752996,0.26353529943,0.));
#12528 = CYLINDRICAL_SURFACE('',#12529,0.559359353945);
#12529 = AXIS2_PLACEMENT_3D('',#12530,#12531,#12532);
#12530 = CARTESIAN_POINT('',(16.444860301061,14.367441767718,-1.));
#12531 = DIRECTION('',(0.,2.2E-16,1.));
#12532 = DIRECTION('',(-0.964649752996,0.26353529943,-5.79777658746E-17)
  );
#12533 = ADVANCED_FACE('',(#12534),#12553,.F.);
#12534 = FACE_BOUND('',#12535,.F.);
#12535 = EDGE_LOOP('',(#12536,#12537,#12538,#12546));
#12536 = ORIENTED_EDGE('',*,*,#12514,.T.);
#12537 = ORIENTED_EDGE('',*,*,#363,.T.);
#12538 = ORIENTED_EDGE('',*,*,#12539,.F.);
#12539 = EDGE_CURVE('',#12540,#355,#12542,.T.);
#12540 = VERTEX_POINT('',#12541);
#12541 = CARTESIAN_POINT('',(16.870228847529,13.942337943003,-1.));
#12542 = LINE('',#12543,#12544);
#12543 = CARTESIAN_POINT('',(16.870228847529,13.942337943003,-1.));
#12544 = VECTOR('',#12545,1.);
#12545 = DIRECTION('',(0.,-2.2E-16,-1.));
#12546 = ORIENTED_EDGE('',*,*,#12547,.F.);
#12547 = EDGE_CURVE('',#12515,#12540,#12548,.T.);
#12548 = CIRCLE('',#12549,1.469292842572);
#12549 = AXIS2_PLACEMENT_3D('',#12550,#12551,#12552);
#12550 = CARTESIAN_POINT('',(16.191243208798,15.245334473939,-1.));
#12551 = DIRECTION('',(-0.,0.,1.));
#12552 = DIRECTION('',(0.222735414619,-0.974878933547,0.));
#12553 = CYLINDRICAL_SURFACE('',#12554,1.469292842572);
#12554 = AXIS2_PLACEMENT_3D('',#12555,#12556,#12557);
#12555 = CARTESIAN_POINT('',(16.191243208798,15.245334473939,-1.));
#12556 = DIRECTION('',(0.,2.2E-16,1.));
#12557 = DIRECTION('',(0.222735414619,-0.974878933547,2.144733653804E-16
    ));
#12558 = ADVANCED_FACE('',(#12559),#12578,.T.);
#12559 = FACE_BOUND('',#12560,.F.);
#12560 = EDGE_LOOP('',(#12561,#12562,#12563,#12571));
#12561 = ORIENTED_EDGE('',*,*,#12539,.T.);
#12562 = ORIENTED_EDGE('',*,*,#354,.T.);
#12563 = ORIENTED_EDGE('',*,*,#12564,.F.);
#12564 = EDGE_CURVE('',#12565,#347,#12567,.T.);
#12565 = VERTEX_POINT('',#12566);
#12566 = CARTESIAN_POINT('',(17.081880376321,13.928068031993,-1.));
#12567 = LINE('',#12568,#12569);
#12568 = CARTESIAN_POINT('',(17.081880376321,13.928068031993,-1.));
#12569 = VECTOR('',#12570,1.);
#12570 = DIRECTION('',(0.,-2.2E-16,-1.));
#12571 = ORIENTED_EDGE('',*,*,#12572,.F.);
#12572 = EDGE_CURVE('',#12540,#12565,#12573,.T.);
#12573 = CIRCLE('',#12574,0.15);
#12574 = AXIS2_PLACEMENT_3D('',#12575,#12576,#12577);
#12575 = CARTESIAN_POINT('',(16.96891965642,13.829377223102,-1.));
#12576 = DIRECTION('',(0.,0.,-1.));
#12577 = DIRECTION('',(-0.65793872594,0.753071466004,0.));
#12578 = CYLINDRICAL_SURFACE('',#12579,0.15);
#12579 = AXIS2_PLACEMENT_3D('',#12580,#12581,#12582);
#12580 = CARTESIAN_POINT('',(16.96891965642,13.829377223102,-1.));
#12581 = DIRECTION('',(0.,2.2E-16,1.));
#12582 = DIRECTION('',(-0.65793872594,0.753071466004,-1.656757225208E-16
    ));
#12583 = ADVANCED_FACE('',(#12584),#12602,.F.);
#12584 = FACE_BOUND('',#12585,.F.);
#12585 = EDGE_LOOP('',(#12586,#12587,#12588,#12596));
#12586 = ORIENTED_EDGE('',*,*,#12564,.T.);
#12587 = ORIENTED_EDGE('',*,*,#346,.T.);
#12588 = ORIENTED_EDGE('',*,*,#12589,.F.);
#12589 = EDGE_CURVE('',#12590,#338,#12592,.T.);
#12590 = VERTEX_POINT('',#12591);
#12591 = CARTESIAN_POINT('',(17.379938262226,13.55431526474,-1.));
#12592 = LINE('',#12593,#12594);
#12593 = CARTESIAN_POINT('',(17.379938262226,13.55431526474,-1.));
#12594 = VECTOR('',#12595,1.);
#12595 = DIRECTION('',(0.,-2.2E-16,-1.));
#12596 = ORIENTED_EDGE('',*,*,#12597,.F.);
#12597 = EDGE_CURVE('',#12565,#12590,#12598,.T.);
#12598 = LINE('',#12599,#12600);
#12599 = CARTESIAN_POINT('',(17.081880376321,13.928068031993,-1.));
#12600 = VECTOR('',#12601,1.);
#12601 = DIRECTION('',(0.623489801859,-0.781831482468,0.));
#12602 = PLANE('',#12603);
#12603 = AXIS2_PLACEMENT_3D('',#12604,#12605,#12606);
#12604 = CARTESIAN_POINT('',(17.081880376321,13.928068031993,-1.));
#12605 = DIRECTION('',(-0.781831482468,-0.623489801859,1.4E-16));
#12606 = DIRECTION('',(0.623489801859,-0.781831482468,1.7E-16));
#12607 = ADVANCED_FACE('',(#12608),#12627,.T.);
#12608 = FACE_BOUND('',#12609,.F.);
#12609 = EDGE_LOOP('',(#12610,#12611,#12612,#12620));
#12610 = ORIENTED_EDGE('',*,*,#12589,.T.);
#12611 = ORIENTED_EDGE('',*,*,#337,.T.);
#12612 = ORIENTED_EDGE('',*,*,#12613,.F.);
#12613 = EDGE_CURVE('',#12614,#329,#12616,.T.);
#12614 = VERTEX_POINT('',#12615);
#12615 = CARTESIAN_POINT('',(17.346753500914,13.34479492774,-1.));
#12616 = LINE('',#12617,#12618);
#12617 = CARTESIAN_POINT('',(17.346753500914,13.34479492774,-1.));
#12618 = VECTOR('',#12619,1.);
#12619 = DIRECTION('',(0.,-2.2E-16,-1.));
#12620 = ORIENTED_EDGE('',*,*,#12621,.F.);
#12621 = EDGE_CURVE('',#12590,#12614,#12622,.T.);
#12622 = CIRCLE('',#12623,0.15);
#12623 = AXIS2_PLACEMENT_3D('',#12624,#12625,#12626);
#12624 = CARTESIAN_POINT('',(17.25858571307,13.466147476896,-1.));
#12625 = DIRECTION('',(0.,0.,-1.));
#12626 = DIRECTION('',(0.809016994375,0.587785252292,0.));
#12627 = CYLINDRICAL_SURFACE('',#12628,0.15);
#12628 = AXIS2_PLACEMENT_3D('',#12629,#12630,#12631);
#12629 = CARTESIAN_POINT('',(17.25858571307,13.466147476896,-1.));
#12630 = DIRECTION('',(0.,2.2E-16,1.));
#12631 = DIRECTION('',(0.809016994375,0.587785252292,-1.293127555043E-16
    ));
#12632 = ADVANCED_FACE('',(#12633),#12652,.F.);
#12633 = FACE_BOUND('',#12634,.F.);
#12634 = EDGE_LOOP('',(#12635,#12636,#12637,#12645));
#12635 = ORIENTED_EDGE('',*,*,#12613,.T.);
#12636 = ORIENTED_EDGE('',*,*,#328,.T.);
#12637 = ORIENTED_EDGE('',*,*,#12638,.F.);
#12638 = EDGE_CURVE('',#12639,#320,#12641,.T.);
#12639 = VERTEX_POINT('',#12640);
#12640 = CARTESIAN_POINT('',(17.14234584472,13.030682364284,-1.));
#12641 = LINE('',#12642,#12643);
#12642 = CARTESIAN_POINT('',(17.14234584472,13.030682364284,-1.));
#12643 = VECTOR('',#12644,1.);
#12644 = DIRECTION('',(0.,-2.2E-16,-1.));
#12645 = ORIENTED_EDGE('',*,*,#12646,.F.);
#12646 = EDGE_CURVE('',#12614,#12639,#12647,.T.);
#12647 = CIRCLE('',#12648,1.469292842572);
#12648 = AXIS2_PLACEMENT_3D('',#12649,#12650,#12651);
#12649 = CARTESIAN_POINT('',(18.465992669926,12.392888871565,-1.));
#12650 = DIRECTION('',(0.,0.,1.));
#12651 = DIRECTION('',(-0.761753638609,0.647866802719,0.));
#12652 = CYLINDRICAL_SURFACE('',#12653,1.469292842572);
#12653 = AXIS2_PLACEMENT_3D('',#12654,#12655,#12656);
#12654 = CARTESIAN_POINT('',(18.465992669926,12.392888871565,-1.));
#12655 = DIRECTION('',(0.,2.2E-16,1.));
#12656 = DIRECTION('',(-0.761753638609,0.647866802719,
    -1.425306965982E-16));
#12657 = ADVANCED_FACE('',(#12658),#12677,.F.);
#12658 = FACE_BOUND('',#12659,.F.);
#12659 = EDGE_LOOP('',(#12660,#12661,#12662,#12670));
#12660 = ORIENTED_EDGE('',*,*,#12638,.T.);
#12661 = ORIENTED_EDGE('',*,*,#319,.T.);
#12662 = ORIENTED_EDGE('',*,*,#12663,.F.);
#12663 = EDGE_CURVE('',#12664,#311,#12666,.T.);
#12664 = VERTEX_POINT('',#12665);
#12665 = CARTESIAN_POINT('',(17.690191563796,12.27663742134,-1.));
#12666 = LINE('',#12667,#12668);
#12667 = CARTESIAN_POINT('',(17.690191563796,12.27663742134,-1.));
#12668 = VECTOR('',#12669,1.);
#12669 = DIRECTION('',(0.,-2.2E-16,-1.));
#12670 = ORIENTED_EDGE('',*,*,#12671,.F.);
#12671 = EDGE_CURVE('',#12639,#12664,#12672,.T.);
#12672 = CIRCLE('',#12673,0.559359353945);
#12673 = AXIS2_PLACEMENT_3D('',#12674,#12675,#12676);
#12674 = CARTESIAN_POINT('',(17.666545678968,12.83549675872,-1.));
#12675 = DIRECTION('',(0.,0.,1.));
#12676 = DIRECTION('',(-0.93714323458,0.348944920985,0.));
#12677 = CYLINDRICAL_SURFACE('',#12678,0.559359353945);
#12678 = AXIS2_PLACEMENT_3D('',#12679,#12680,#12681);
#12679 = CARTESIAN_POINT('',(17.666545678968,12.83549675872,-1.));
#12680 = DIRECTION('',(0.,2.2E-16,1.));
#12681 = DIRECTION('',(-0.93714323458,0.348944920985,-7.67678826167E-17)
  );
#12682 = ADVANCED_FACE('',(#12683),#12702,.F.);
#12683 = FACE_BOUND('',#12684,.F.);
#12684 = EDGE_LOOP('',(#12685,#12686,#12687,#12695));
#12685 = ORIENTED_EDGE('',*,*,#12663,.T.);
#12686 = ORIENTED_EDGE('',*,*,#310,.T.);
#12687 = ORIENTED_EDGE('',*,*,#12688,.F.);
#12688 = EDGE_CURVE('',#12689,#302,#12691,.T.);
#12689 = VERTEX_POINT('',#12690);
#12690 = CARTESIAN_POINT('',(18.052095803665,12.37397453449,-1.));
#12691 = LINE('',#12692,#12693);
#12692 = CARTESIAN_POINT('',(18.052095803665,12.37397453449,-1.));
#12693 = VECTOR('',#12694,1.);
#12694 = DIRECTION('',(0.,-2.2E-16,-1.));
#12695 = ORIENTED_EDGE('',*,*,#12696,.F.);
#12696 = EDGE_CURVE('',#12664,#12689,#12697,.T.);
#12697 = CIRCLE('',#12698,1.469292842572);
#12698 = AXIS2_PLACEMENT_3D('',#12699,#12700,#12701);
#12699 = CARTESIAN_POINT('',(17.492643270034,13.732589387878,-1.));
#12700 = DIRECTION('',(-0.,0.,1.));
#12701 = DIRECTION('',(0.134451273455,-0.990920206205,0.));
#12702 = CYLINDRICAL_SURFACE('',#12703,1.469292842572);
#12703 = AXIS2_PLACEMENT_3D('',#12704,#12705,#12706);
#12704 = CARTESIAN_POINT('',(17.492643270034,13.732589387878,-1.));
#12705 = DIRECTION('',(0.,2.2E-16,1.));
#12706 = DIRECTION('',(0.134451273455,-0.990920206205,2.180024453652E-16
    ));
#12707 = ADVANCED_FACE('',(#12708),#12727,.T.);
#12708 = FACE_BOUND('',#12709,.F.);
#12709 = EDGE_LOOP('',(#12710,#12711,#12712,#12720));
#12710 = ORIENTED_EDGE('',*,*,#12688,.T.);
#12711 = ORIENTED_EDGE('',*,*,#301,.T.);
#12712 = ORIENTED_EDGE('',*,*,#12713,.F.);
#12713 = EDGE_CURVE('',#12714,#294,#12716,.T.);
#12714 = VERTEX_POINT('',#12715);
#12715 = CARTESIAN_POINT('',(18.261616140665,12.340789773177,-1.));
#12716 = LINE('',#12717,#12718);
#12717 = CARTESIAN_POINT('',(18.261616140665,12.340789773177,-1.));
#12718 = VECTOR('',#12719,1.);
#12719 = DIRECTION('',(0.,-2.2E-16,-1.));
#12720 = ORIENTED_EDGE('',*,*,#12721,.F.);
#12721 = EDGE_CURVE('',#12689,#12714,#12722,.T.);
#12722 = CIRCLE('',#12723,0.15);
#12723 = AXIS2_PLACEMENT_3D('',#12724,#12725,#12726);
#12724 = CARTESIAN_POINT('',(18.140263591509,12.252621985334,-1.));
#12725 = DIRECTION('',(0.,0.,-1.));
#12726 = DIRECTION('',(-0.587785252292,0.809016994375,0.));
#12727 = CYLINDRICAL_SURFACE('',#12728,0.15);
#12728 = AXIS2_PLACEMENT_3D('',#12729,#12730,#12731);
#12729 = CARTESIAN_POINT('',(18.140263591509,12.252621985334,-1.));
#12730 = DIRECTION('',(0.,2.2E-16,1.));
#12731 = DIRECTION('',(-0.587785252292,0.809016994375,
    -1.779837387625E-16));
#12732 = ADVANCED_FACE('',(#12733),#12751,.F.);
#12733 = FACE_BOUND('',#12734,.F.);
#12734 = EDGE_LOOP('',(#12735,#12736,#12737,#12745));
#12735 = ORIENTED_EDGE('',*,*,#12713,.T.);
#12736 = ORIENTED_EDGE('',*,*,#293,.T.);
#12737 = ORIENTED_EDGE('',*,*,#12738,.F.);
#12738 = EDGE_CURVE('',#12739,#285,#12741,.T.);
#12739 = VERTEX_POINT('',#12740);
#12740 = CARTESIAN_POINT('',(18.524971193392,11.941823921778,-1.));
#12741 = LINE('',#12742,#12743);
#12742 = CARTESIAN_POINT('',(18.524971193392,11.941823921778,-1.));
#12743 = VECTOR('',#12744,1.);
#12744 = DIRECTION('',(0.,-2.2E-16,-1.));
#12745 = ORIENTED_EDGE('',*,*,#12746,.F.);
#12746 = EDGE_CURVE('',#12714,#12739,#12747,.T.);
#12747 = LINE('',#12748,#12749);
#12748 = CARTESIAN_POINT('',(18.261616140665,12.340789773177,-1.));
#12749 = VECTOR('',#12750,1.);
#12750 = DIRECTION('',(0.550896981452,-0.834573253721,0.));
#12751 = PLANE('',#12752);
#12752 = AXIS2_PLACEMENT_3D('',#12753,#12754,#12755);
#12753 = CARTESIAN_POINT('',(18.261616140665,12.340789773177,-1.));
#12754 = DIRECTION('',(-0.834573253721,-0.550896981452,1.2E-16));
#12755 = DIRECTION('',(0.550896981452,-0.834573253721,1.9E-16));
#12756 = ADVANCED_FACE('',(#12757),#12776,.T.);
#12757 = FACE_BOUND('',#12758,.F.);
#12758 = EDGE_LOOP('',(#12759,#12760,#12761,#12769));
#12759 = ORIENTED_EDGE('',*,*,#12738,.T.);
#12760 = ORIENTED_EDGE('',*,*,#284,.T.);
#12761 = ORIENTED_EDGE('',*,*,#12762,.F.);
#12762 = EDGE_CURVE('',#12763,#276,#12765,.T.);
#12763 = VERTEX_POINT('',#12764);
#12764 = CARTESIAN_POINT('',(18.473138765963,11.736121711127,-1.));
#12765 = LINE('',#12766,#12767);
#12766 = CARTESIAN_POINT('',(18.473138765963,11.736121711127,-1.));
#12767 = VECTOR('',#12768,1.);
#12768 = DIRECTION('',(0.,-2.2E-16,-1.));
#12769 = ORIENTED_EDGE('',*,*,#12770,.F.);
#12770 = EDGE_CURVE('',#12739,#12763,#12771,.T.);
#12771 = CIRCLE('',#12772,0.15);
#12772 = AXIS2_PLACEMENT_3D('',#12773,#12774,#12775);
#12773 = CARTESIAN_POINT('',(18.396203874352,11.864889030167,-1.));
#12774 = DIRECTION('',(0.,0.,-1.));
#12775 = DIRECTION('',(0.858448793602,0.512899277406,0.));
#12776 = CYLINDRICAL_SURFACE('',#12777,0.15);
#12777 = AXIS2_PLACEMENT_3D('',#12778,#12779,#12780);
#12778 = CARTESIAN_POINT('',(18.396203874352,11.864889030167,-1.));
#12779 = DIRECTION('',(0.,2.2E-16,1.));
#12780 = DIRECTION('',(0.858448793602,0.512899277406,-1.128378410293E-16
    ));
#12781 = ADVANCED_FACE('',(#12782),#12801,.F.);
#12782 = FACE_BOUND('',#12783,.F.);
#12783 = EDGE_LOOP('',(#12784,#12785,#12786,#12794));
#12784 = ORIENTED_EDGE('',*,*,#12762,.T.);
#12785 = ORIENTED_EDGE('',*,*,#275,.T.);
#12786 = ORIENTED_EDGE('',*,*,#12787,.F.);
#12787 = EDGE_CURVE('',#12788,#267,#12790,.T.);
#12788 = VERTEX_POINT('',#12789);
#12789 = CARTESIAN_POINT('',(18.241397161792,11.44159663354,-1.));
#12790 = LINE('',#12791,#12792);
#12791 = CARTESIAN_POINT('',(18.241397161792,11.44159663354,-1.));
#12792 = VECTOR('',#12793,1.);
#12793 = DIRECTION('',(0.,-2.2E-16,-1.));
#12794 = ORIENTED_EDGE('',*,*,#12795,.F.);
#12795 = EDGE_CURVE('',#12763,#12788,#12796,.T.);
#12796 = CIRCLE('',#12797,1.469292842572);
#12797 = AXIS2_PLACEMENT_3D('',#12798,#12799,#12800);
#12798 = CARTESIAN_POINT('',(19.502544006115,10.68771992327,-1.));
#12799 = DIRECTION('',(0.,0.,1.));
#12800 = DIRECTION('',(-0.700612709955,0.713541751161,0.));
#12801 = CYLINDRICAL_SURFACE('',#12802,1.469292842572);
#12802 = AXIS2_PLACEMENT_3D('',#12803,#12804,#12805);
#12803 = CARTESIAN_POINT('',(19.502544006115,10.68771992327,-1.));
#12804 = DIRECTION('',(0.,2.2E-16,1.));
#12805 = DIRECTION('',(-0.700612709955,0.713541751161,
    -1.569791852553E-16));
#12806 = ADVANCED_FACE('',(#12807),#12826,.F.);
#12807 = FACE_BOUND('',#12808,.F.);
#12808 = EDGE_LOOP('',(#12809,#12810,#12811,#12819));
#12809 = ORIENTED_EDGE('',*,*,#12787,.T.);
#12810 = ORIENTED_EDGE('',*,*,#266,.T.);
#12811 = ORIENTED_EDGE('',*,*,#12812,.F.);
#12812 = EDGE_CURVE('',#12813,#258,#12815,.T.);
#12813 = VERTEX_POINT('',#12814);
#12814 = CARTESIAN_POINT('',(18.7194453475,10.641478742207,-1.));
#12815 = LINE('',#12816,#12817);
#12816 = CARTESIAN_POINT('',(18.7194453475,10.641478742207,-1.));
#12817 = VECTOR('',#12818,1.);
#12818 = DIRECTION('',(0.,-2.2E-16,-1.));
#12819 = ORIENTED_EDGE('',*,*,#12820,.F.);
#12820 = EDGE_CURVE('',#12788,#12813,#12821,.T.);
#12821 = CIRCLE('',#12822,0.559359353945);
#12822 = AXIS2_PLACEMENT_3D('',#12823,#12824,#12825);
#12823 = CARTESIAN_POINT('',(18.745990418829,11.200207876971,-1.));
#12824 = DIRECTION('',(0.,0.,1.));
#12825 = DIRECTION('',(-0.902091389871,0.431545043213,0.));
#12826 = CYLINDRICAL_SURFACE('',#12827,0.559359353945);
#12827 = AXIS2_PLACEMENT_3D('',#12828,#12829,#12830);
#12828 = CARTESIAN_POINT('',(18.745990418829,11.200207876971,-1.));
#12829 = DIRECTION('',(0.,2.2E-16,1.));
#12830 = DIRECTION('',(-0.902091389871,0.431545043213,
    -9.493990950676E-17));
#12831 = ADVANCED_FACE('',(#12832),#12851,.F.);
#12832 = FACE_BOUND('',#12833,.F.);
#12833 = EDGE_LOOP('',(#12834,#12835,#12836,#12844));
#12834 = ORIENTED_EDGE('',*,*,#12812,.T.);
#12835 = ORIENTED_EDGE('',*,*,#257,.T.);
#12836 = ORIENTED_EDGE('',*,*,#12837,.F.);
#12837 = EDGE_CURVE('',#12838,#249,#12840,.T.);
#12838 = VERTEX_POINT('',#12839);
#12839 = CARTESIAN_POINT('',(19.08861789885,10.705983158804,-1.));
#12840 = LINE('',#12841,#12842);
#12841 = CARTESIAN_POINT('',(19.08861789885,10.705983158804,-1.));
#12842 = VECTOR('',#12843,1.);
#12843 = DIRECTION('',(0.,-2.2E-16,-1.));
#12844 = ORIENTED_EDGE('',*,*,#12845,.F.);
#12845 = EDGE_CURVE('',#12813,#12838,#12846,.T.);
#12846 = CIRCLE('',#12847,1.469292842573);
#12847 = AXIS2_PLACEMENT_3D('',#12848,#12849,#12850);
#12848 = CARTESIAN_POINT('',(18.653202853166,12.109277566699,-1.));
#12849 = DIRECTION('',(-0.,0.,1.));
#12850 = DIRECTION('',(4.508460969376E-02,-0.998983172015,0.));
#12851 = CYLINDRICAL_SURFACE('',#12852,1.469292842573);
#12852 = AXIS2_PLACEMENT_3D('',#12853,#12854,#12855);
#12853 = CARTESIAN_POINT('',(18.653202853166,12.109277566699,-1.));
#12854 = DIRECTION('',(0.,2.2E-16,1.));
#12855 = DIRECTION('',(4.508460969376E-02,-0.998983172015,
    2.197762978433E-16));
#12856 = ADVANCED_FACE('',(#12857),#12876,.T.);
#12857 = FACE_BOUND('',#12858,.F.);
#12858 = EDGE_LOOP('',(#12859,#12860,#12861,#12869));
#12859 = ORIENTED_EDGE('',*,*,#12837,.T.);
#12860 = ORIENTED_EDGE('',*,*,#248,.T.);
#12861 = ORIENTED_EDGE('',*,*,#12862,.F.);
#12862 = EDGE_CURVE('',#12863,#241,#12865,.T.);
#12863 = VERTEX_POINT('',#12864);
#12864 = CARTESIAN_POINT('',(19.294320109501,10.654150731375,-1.));
#12865 = LINE('',#12866,#12867);
#12866 = CARTESIAN_POINT('',(19.294320109501,10.654150731375,-1.));
#12867 = VECTOR('',#12868,1.);
#12868 = DIRECTION('',(0.,-2.2E-16,-1.));
#12869 = ORIENTED_EDGE('',*,*,#12870,.F.);
#12870 = EDGE_CURVE('',#12838,#12863,#12871,.T.);
#12871 = CIRCLE('',#12872,0.15);
#12872 = AXIS2_PLACEMENT_3D('',#12873,#12874,#12875);
#12873 = CARTESIAN_POINT('',(19.165552790461,10.577215839764,-1.));
#12874 = DIRECTION('',(0.,0.,-1.));
#12875 = DIRECTION('',(-0.512899277406,0.858448793602,0.));
#12876 = CYLINDRICAL_SURFACE('',#12877,0.15);
#12877 = AXIS2_PLACEMENT_3D('',#12878,#12879,#12880);
#12878 = CARTESIAN_POINT('',(19.165552790461,10.577215839764,-1.));
#12879 = DIRECTION('',(0.,2.2E-16,1.));
#12880 = DIRECTION('',(-0.512899277406,0.858448793602,
    -1.888587345924E-16));
#12881 = ADVANCED_FACE('',(#12882),#12900,.F.);
#12882 = FACE_BOUND('',#12883,.F.);
#12883 = EDGE_LOOP('',(#12884,#12885,#12886,#12894));
#12884 = ORIENTED_EDGE('',*,*,#12862,.T.);
#12885 = ORIENTED_EDGE('',*,*,#240,.T.);
#12886 = ORIENTED_EDGE('',*,*,#12887,.F.);
#12887 = EDGE_CURVE('',#12888,#232,#12890,.T.);
#12888 = VERTEX_POINT('',#12889);
#12889 = CARTESIAN_POINT('',(19.520851949016,10.233184034276,-1.));
#12890 = LINE('',#12891,#12892);
#12891 = CARTESIAN_POINT('',(19.520851949016,10.233184034276,-1.));
#12892 = VECTOR('',#12893,1.);
#12893 = DIRECTION('',(0.,-2.2E-16,-1.));
#12894 = ORIENTED_EDGE('',*,*,#12895,.F.);
#12895 = EDGE_CURVE('',#12863,#12888,#12896,.T.);
#12896 = LINE('',#12897,#12898);
#12897 = CARTESIAN_POINT('',(19.294320109501,10.654150731375,-1.));
#12898 = VECTOR('',#12899,1.);
#12899 = DIRECTION('',(0.473868662473,-0.880595531857,0.));
#12900 = PLANE('',#12901);
#12901 = AXIS2_PLACEMENT_3D('',#12902,#12903,#12904);
#12902 = CARTESIAN_POINT('',(19.294320109501,10.654150731375,-1.));
#12903 = DIRECTION('',(-0.880595531857,-0.473868662473,1.1E-16));
#12904 = DIRECTION('',(0.473868662473,-0.880595531857,2.E-16));
#12905 = ADVANCED_FACE('',(#12906),#12925,.T.);
#12906 = FACE_BOUND('',#12907,.F.);
#12907 = EDGE_LOOP('',(#12908,#12909,#12910,#12918));
#12908 = ORIENTED_EDGE('',*,*,#12887,.T.);
#12909 = ORIENTED_EDGE('',*,*,#231,.T.);
#12910 = ORIENTED_EDGE('',*,*,#12911,.F.);
#12911 = EDGE_CURVE('',#12912,#223,#12914,.T.);
#12912 = VERTEX_POINT('',#12913);
#12913 = CARTESIAN_POINT('',(19.450789179698,10.032956143223,-1.));
#12914 = LINE('',#12915,#12916);
#12915 = CARTESIAN_POINT('',(19.450789179698,10.032956143223,-1.));
#12916 = VECTOR('',#12917,1.);
#12917 = DIRECTION('',(0.,-2.2E-16,-1.));
#12918 = ORIENTED_EDGE('',*,*,#12919,.F.);
#12919 = EDGE_CURVE('',#12888,#12912,#12920,.T.);
#12920 = CIRCLE('',#12921,0.15);
#12921 = AXIS2_PLACEMENT_3D('',#12922,#12923,#12924);
#12922 = CARTESIAN_POINT('',(19.38570661883,10.168101473409,-1.));
#12923 = DIRECTION('',(0.,0.,-1.));
#12924 = DIRECTION('',(0.900968867902,0.433883739118,0.));
#12925 = CYLINDRICAL_SURFACE('',#12926,0.15);
#12926 = AXIS2_PLACEMENT_3D('',#12927,#12928,#12929);
#12927 = CARTESIAN_POINT('',(19.38570661883,10.168101473409,-1.));
#12928 = DIRECTION('',(0.,2.2E-16,1.));
#12929 = DIRECTION('',(0.900968867902,0.433883739118,-9.545442260586E-17
    ));
#12930 = ADVANCED_FACE('',(#12931),#12950,.F.);
#12931 = FACE_BOUND('',#12932,.F.);
#12932 = EDGE_LOOP('',(#12933,#12934,#12935,#12943));
#12933 = ORIENTED_EDGE('',*,*,#12911,.T.);
#12934 = ORIENTED_EDGE('',*,*,#222,.T.);
#12935 = ORIENTED_EDGE('',*,*,#12936,.F.);
#12936 = EDGE_CURVE('',#12937,#214,#12939,.T.);
#12937 = VERTEX_POINT('',#12938);
#12938 = CARTESIAN_POINT('',(19.193579474685,9.760389894252,-1.));
#12939 = LINE('',#12940,#12941);
#12940 = CARTESIAN_POINT('',(19.193579474685,9.760389894252,-1.));
#12941 = VECTOR('',#12942,1.);
#12942 = DIRECTION('',(0.,-2.2E-16,-1.));
#12943 = ORIENTED_EDGE('',*,*,#12944,.F.);
#12944 = EDGE_CURVE('',#12912,#12937,#12945,.T.);
#12945 = CIRCLE('',#12946,1.469292842572);
#12946 = AXIS2_PLACEMENT_3D('',#12947,#12948,#12949);
#12947 = CARTESIAN_POINT('',(20.382072325277,8.896499738431,-1.));
#12948 = DIRECTION('',(0.,0.,1.));
#12949 = DIRECTION('',(-0.633830859714,0.773471680978,0.));
#12950 = CYLINDRICAL_SURFACE('',#12951,1.469292842572);
#12951 = AXIS2_PLACEMENT_3D('',#12952,#12953,#12954);
#12952 = CARTESIAN_POINT('',(20.382072325277,8.896499738431,-1.));
#12953 = DIRECTION('',(0.,2.2E-16,1.));
#12954 = DIRECTION('',(-0.633830859714,0.773471680978,
    -1.701637698151E-16));
#12955 = ADVANCED_FACE('',(#12956),#12975,.F.);
#12956 = FACE_BOUND('',#12957,.F.);
#12957 = EDGE_LOOP('',(#12958,#12959,#12960,#12968));
#12958 = ORIENTED_EDGE('',*,*,#12936,.T.);
#12959 = ORIENTED_EDGE('',*,*,#213,.T.);
#12960 = ORIENTED_EDGE('',*,*,#12961,.F.);
#12961 = EDGE_CURVE('',#12962,#205,#12964,.T.);
#12962 = VERTEX_POINT('',#12963);
#12963 = CARTESIAN_POINT('',(19.59798116412,8.920641133329,-1.));
#12964 = LINE('',#12965,#12966);
#12965 = CARTESIAN_POINT('',(19.59798116412,8.920641133329,-1.));
#12966 = VECTOR('',#12967,1.);
#12967 = DIRECTION('',(0.,-2.2E-16,-1.));
#12968 = ORIENTED_EDGE('',*,*,#12969,.F.);
#12969 = EDGE_CURVE('',#12937,#12962,#12970,.T.);
#12970 = CIRCLE('',#12971,0.559359353945);
#12971 = AXIS2_PLACEMENT_3D('',#12972,#12973,#12974);
#12972 = CARTESIAN_POINT('',(19.674503466301,9.474741507011,-1.));
#12973 = DIRECTION('',(0.,0.,1.));
#12974 = DIRECTION('',(-0.859776435711,0.510670618496,0.));
#12975 = CYLINDRICAL_SURFACE('',#12976,0.559359353945);
#12976 = AXIS2_PLACEMENT_3D('',#12977,#12978,#12979);
#12977 = CARTESIAN_POINT('',(19.674503466301,9.474741507011,-1.));
#12978 = DIRECTION('',(0.,2.2E-16,1.));
#12979 = DIRECTION('',(-0.859776435711,0.510670618496,
    -1.123475360692E-16));
#12980 = ADVANCED_FACE('',(#12981),#13000,.F.);
#12981 = FACE_BOUND('',#12982,.F.);
#12982 = EDGE_LOOP('',(#12983,#12984,#12985,#12993));
#12983 = ORIENTED_EDGE('',*,*,#12961,.T.);
#12984 = ORIENTED_EDGE('',*,*,#204,.T.);
#12985 = ORIENTED_EDGE('',*,*,#12986,.F.);
#12986 = EDGE_CURVE('',#12987,#196,#12989,.T.);
#12987 = VERTEX_POINT('',#12988);
#12988 = CARTESIAN_POINT('',(19.971449666639,8.951793501741,-1.));
#12989 = LINE('',#12990,#12991);
#12990 = CARTESIAN_POINT('',(19.971449666639,8.951793501741,-1.));
#12991 = VECTOR('',#12992,1.);
#12992 = DIRECTION('',(0.,-2.2E-16,-1.));
#12993 = ORIENTED_EDGE('',*,*,#12994,.F.);
#12994 = EDGE_CURVE('',#12962,#12987,#12995,.T.);
#12995 = CIRCLE('',#12996,1.469292842572);
#12996 = AXIS2_PLACEMENT_3D('',#12997,#12998,#12999);
#12997 = CARTESIAN_POINT('',(19.663577814831,10.388468962692,-1.));
#12998 = DIRECTION('',(0.,0.,1.));
#12999 = DIRECTION('',(-4.464504883579E-02,-0.999002912716,0.));
#13000 = CYLINDRICAL_SURFACE('',#13001,1.469292842572);
#13001 = AXIS2_PLACEMENT_3D('',#13002,#13003,#13004);
#13002 = CARTESIAN_POINT('',(19.663577814831,10.388468962692,-1.));
#13003 = DIRECTION('',(0.,2.2E-16,1.));
#13004 = DIRECTION('',(-4.464504883579E-02,-0.999002912716,
    2.197806407975E-16));
#13005 = ADVANCED_FACE('',(#13006),#13025,.T.);
#13006 = FACE_BOUND('',#13007,.F.);
#13007 = EDGE_LOOP('',(#13008,#13009,#13010,#13018));
#13008 = ORIENTED_EDGE('',*,*,#12986,.T.);
#13009 = ORIENTED_EDGE('',*,*,#195,.T.);
#13010 = ORIENTED_EDGE('',*,*,#13011,.F.);
#13011 = EDGE_CURVE('',#13012,#188,#13014,.T.);
#13012 = VERTEX_POINT('',#13013);
#13013 = CARTESIAN_POINT('',(20.171677557692,8.881730732423,-1.));
#13014 = LINE('',#13015,#13016);
#13015 = CARTESIAN_POINT('',(20.171677557692,8.881730732423,-1.));
#13016 = VECTOR('',#13017,1.);
#13017 = DIRECTION('',(0.,-2.2E-16,-1.));
#13018 = ORIENTED_EDGE('',*,*,#13019,.F.);
#13019 = EDGE_CURVE('',#12987,#13012,#13020,.T.);
#13020 = CIRCLE('',#13021,0.15);
#13021 = AXIS2_PLACEMENT_3D('',#13022,#13023,#13024);
#13022 = CARTESIAN_POINT('',(20.036532227507,8.816648171555,-1.));
#13023 = DIRECTION('',(0.,0.,-1.));
#13024 = DIRECTION('',(-0.433883739118,0.900968867902,0.));
#13025 = CYLINDRICAL_SURFACE('',#13026,0.15);
#13026 = AXIS2_PLACEMENT_3D('',#13027,#13028,#13029);
#13027 = CARTESIAN_POINT('',(20.036532227507,8.816648171555,-1.));
#13028 = DIRECTION('',(0.,2.2E-16,1.));
#13029 = DIRECTION('',(-0.433883739118,0.900968867902,
    -1.982131509385E-16));
#13030 = ADVANCED_FACE('',(#13031),#13049,.F.);
#13031 = FACE_BOUND('',#13032,.F.);
#13032 = EDGE_LOOP('',(#13033,#13034,#13035,#13043));
#13033 = ORIENTED_EDGE('',*,*,#13011,.T.);
#13034 = ORIENTED_EDGE('',*,*,#187,.T.);
#13035 = ORIENTED_EDGE('',*,*,#13036,.F.);
#13036 = EDGE_CURVE('',#13037,#179,#13039,.T.);
#13037 = VERTEX_POINT('',#13038);
#13038 = CARTESIAN_POINT('',(20.359562282821,8.442152565946,-1.));
#13039 = LINE('',#13040,#13041);
#13040 = CARTESIAN_POINT('',(20.359562282821,8.442152565946,-1.));
#13041 = VECTOR('',#13042,1.);
#13042 = DIRECTION('',(0.,-2.2E-16,-1.));
#13043 = ORIENTED_EDGE('',*,*,#13044,.F.);
#13044 = EDGE_CURVE('',#13012,#13037,#13045,.T.);
#13045 = LINE('',#13046,#13047);
#13046 = CARTESIAN_POINT('',(20.171677557692,8.881730732423,-1.));
#13047 = VECTOR('',#13048,1.);
#13048 = DIRECTION('',(0.393025031654,-0.919527772551,0.));
#13049 = PLANE('',#13050);
#13050 = AXIS2_PLACEMENT_3D('',#13051,#13052,#13053);
#13051 = CARTESIAN_POINT('',(20.171677557692,8.881730732423,-1.));
#13052 = DIRECTION('',(-0.919527772551,-0.393025031654,9.E-17));
#13053 = DIRECTION('',(0.393025031654,-0.919527772551,2.E-16));
#13054 = ADVANCED_FACE('',(#13055),#13074,.T.);
#13055 = FACE_BOUND('',#13056,.F.);
#13056 = EDGE_LOOP('',(#13057,#13058,#13059,#13067));
#13057 = ORIENTED_EDGE('',*,*,#13036,.T.);
#13058 = ORIENTED_EDGE('',*,*,#178,.T.);
#13059 = ORIENTED_EDGE('',*,*,#13060,.F.);
#13060 = EDGE_CURVE('',#13061,#170,#13063,.T.);
#13061 = VERTEX_POINT('',#13062);
#13062 = CARTESIAN_POINT('',(20.271833275837,8.249011111738,-1.));
#13063 = LINE('',#13064,#13065);
#13064 = CARTESIAN_POINT('',(20.271833275837,8.249011111738,-1.));
#13065 = VECTOR('',#13066,1.);
#13066 = DIRECTION('',(0.,-2.2E-16,-1.));
#13067 = ORIENTED_EDGE('',*,*,#13068,.F.);
#13068 = EDGE_CURVE('',#13037,#13061,#13069,.T.);
#13069 = CIRCLE('',#13070,0.15);
#13070 = AXIS2_PLACEMENT_3D('',#13071,#13072,#13073);
#13071 = CARTESIAN_POINT('',(20.219127052225,8.389446342334,-1.));
#13072 = DIRECTION('',(0.,0.,-1.));
#13073 = DIRECTION('',(0.93623487064,0.351374824081,0.));
#13074 = CYLINDRICAL_SURFACE('',#13075,0.15);
#13075 = AXIS2_PLACEMENT_3D('',#13076,#13077,#13078);
#13076 = CARTESIAN_POINT('',(20.219127052225,8.389446342334,-1.));
#13077 = DIRECTION('',(0.,2.2E-16,1.));
#13078 = DIRECTION('',(0.93623487064,0.351374824081,-7.730246129789E-17)
  );
#13079 = ADVANCED_FACE('',(#13080),#13099,.F.);
#13080 = FACE_BOUND('',#13081,.F.);
#13081 = EDGE_LOOP('',(#13082,#13083,#13084,#13092));
#13082 = ORIENTED_EDGE('',*,*,#13060,.T.);
#13083 = ORIENTED_EDGE('',*,*,#169,.T.);
#13084 = ORIENTED_EDGE('',*,*,#13085,.F.);
#13085 = EDGE_CURVE('',#13086,#161,#13088,.T.);
#13086 = VERTEX_POINT('',#13087);
#13087 = CARTESIAN_POINT('',(19.99122637129,8.000598234552,-1.));
#13088 = LINE('',#13089,#13090);
#13089 = CARTESIAN_POINT('',(19.99122637129,8.000598234552,-1.));
#13090 = VECTOR('',#13091,1.);
#13091 = DIRECTION('',(0.,-2.2E-16,-1.));
#13092 = ORIENTED_EDGE('',*,*,#13093,.F.);
#13093 = EDGE_CURVE('',#13061,#13086,#13094,.T.);
#13094 = CIRCLE('',#13095,1.469292842572);
#13095 = AXIS2_PLACEMENT_3D('',#13096,#13097,#13098);
#13096 = CARTESIAN_POINT('',(21.09749618254,7.033650168755,-1.));
#13097 = DIRECTION('',(0.,0.,1.));
#13098 = DIRECTION('',(-0.561945776077,0.827174071613,0.));
#13099 = CYLINDRICAL_SURFACE('',#13100,1.469292842572);
#13100 = AXIS2_PLACEMENT_3D('',#13101,#13102,#13103);
#13101 = CARTESIAN_POINT('',(21.09749618254,7.033650168755,-1.));
#13102 = DIRECTION('',(0.,2.2E-16,1.));
#13103 = DIRECTION('',(-0.561945776077,0.827174071613,
    -1.819782957549E-16));
#13104 = ADVANCED_FACE('',(#13105),#13124,.F.);
#13105 = FACE_BOUND('',#13106,.F.);
#13106 = EDGE_LOOP('',(#13107,#13108,#13109,#13117));
#13107 = ORIENTED_EDGE('',*,*,#13085,.T.);
#13108 = ORIENTED_EDGE('',*,*,#160,.T.);
#13109 = ORIENTED_EDGE('',*,*,#13110,.F.);
#13110 = EDGE_CURVE('',#13111,#152,#13113,.T.);
#13111 = VERTEX_POINT('',#13112);
#13112 = CARTESIAN_POINT('',(20.318725559834,7.127979767298,-1.));
#13113 = LINE('',#13114,#13115);
#13114 = CARTESIAN_POINT('',(20.318725559834,7.127979767298,-1.));
#13115 = VECTOR('',#13116,1.);
#13116 = DIRECTION('',(0.,-2.2E-16,-1.));
#13117 = ORIENTED_EDGE('',*,*,#13118,.F.);
#13118 = EDGE_CURVE('',#13086,#13111,#13119,.T.);
#13119 = CIRCLE('',#13120,0.559359353945);
#13120 = AXIS2_PLACEMENT_3D('',#13121,#13122,#13123);
#13121 = CARTESIAN_POINT('',(20.444608980284,7.672990089496,-1.));
#13122 = DIRECTION('',(0.,0.,1.));
#13123 = DIRECTION('',(-0.810539067232,0.58568457423,0.));
#13124 = CYLINDRICAL_SURFACE('',#13125,0.559359353945);
#13125 = AXIS2_PLACEMENT_3D('',#13126,#13127,#13128);
#13126 = CARTESIAN_POINT('',(20.444608980284,7.672990089496,-1.));
#13127 = DIRECTION('',(0.,2.2E-16,1.));
#13128 = DIRECTION('',(-0.810539067232,0.58568457423,-1.288506063305E-16
    ));
#13129 = ADVANCED_FACE('',(#13130),#13149,.F.);
#13130 = FACE_BOUND('',#13131,.F.);
#13131 = EDGE_LOOP('',(#13132,#13133,#13134,#13142));
#13132 = ORIENTED_EDGE('',*,*,#13110,.T.);
#13133 = ORIENTED_EDGE('',*,*,#151,.T.);
#13134 = ORIENTED_EDGE('',*,*,#13135,.F.);
#13135 = EDGE_CURVE('',#13136,#143,#13138,.T.);
#13136 = VERTEX_POINT('',#13137);
#13137 = CARTESIAN_POINT('',(20.693483064734,7.12552926697,-1.));
#13138 = LINE('',#13139,#13140);
#13139 = CARTESIAN_POINT('',(20.693483064734,7.12552926697,-1.));
#13140 = VECTOR('',#13141,1.);
#13141 = DIRECTION('',(0.,-2.2E-16,-1.));
#13142 = ORIENTED_EDGE('',*,*,#13143,.F.);
#13143 = EDGE_CURVE('',#13111,#13136,#13144,.T.);
#13144 = CIRCLE('',#13145,1.469292842572);
#13145 = AXIS2_PLACEMENT_3D('',#13146,#13147,#13148);
#13146 = CARTESIAN_POINT('',(20.515633209927,8.584018514918,-1.));
#13147 = DIRECTION('',(0.,0.,1.));
#13148 = DIRECTION('',(-0.134015251683,-0.990979269368,0.));
#13149 = CYLINDRICAL_SURFACE('',#13150,1.469292842572);
#13150 = AXIS2_PLACEMENT_3D('',#13151,#13152,#13153);
#13151 = CARTESIAN_POINT('',(20.515633209927,8.584018514918,-1.));
#13152 = DIRECTION('',(0.,2.2E-16,1.));
#13153 = DIRECTION('',(-0.134015251683,-0.990979269368,
    2.180154392609E-16));
#13154 = ADVANCED_FACE('',(#13155),#13174,.T.);
#13155 = FACE_BOUND('',#13156,.F.);
#13156 = EDGE_LOOP('',(#13157,#13158,#13159,#13167));
#13157 = ORIENTED_EDGE('',*,*,#13135,.T.);
#13158 = ORIENTED_EDGE('',*,*,#142,.T.);
#13159 = ORIENTED_EDGE('',*,*,#13160,.F.);
#13160 = EDGE_CURVE('',#13161,#135,#13163,.T.);
#13161 = VERTEX_POINT('',#13162);
#13162 = CARTESIAN_POINT('',(20.886624518943,7.037800259986,-1.));
#13163 = LINE('',#13164,#13165);
#13164 = CARTESIAN_POINT('',(20.886624518943,7.037800259986,-1.));
#13165 = VECTOR('',#13166,1.);
#13166 = DIRECTION('',(0.,-2.2E-16,-1.));
#13167 = ORIENTED_EDGE('',*,*,#13168,.F.);
#13168 = EDGE_CURVE('',#13136,#13161,#13169,.T.);
#13169 = CIRCLE('',#13170,0.15);
#13170 = AXIS2_PLACEMENT_3D('',#13171,#13172,#13173);
#13171 = CARTESIAN_POINT('',(20.746189288347,6.985094036374,-1.));
#13172 = DIRECTION('',(0.,0.,-1.));
#13173 = DIRECTION('',(-0.351374824081,0.93623487064,0.));
#13174 = CYLINDRICAL_SURFACE('',#13175,0.15);
#13175 = AXIS2_PLACEMENT_3D('',#13176,#13177,#13178);
#13176 = CARTESIAN_POINT('',(20.746189288347,6.985094036374,-1.));
#13177 = DIRECTION('',(0.,2.2E-16,1.));
#13178 = DIRECTION('',(-0.351374824081,0.93623487064,-2.059716715407E-16
    ));
#13179 = ADVANCED_FACE('',(#13180),#13198,.F.);
#13180 = FACE_BOUND('',#13181,.F.);
#13181 = EDGE_LOOP('',(#13182,#13183,#13184,#13192));
#13182 = ORIENTED_EDGE('',*,*,#13160,.T.);
#13183 = ORIENTED_EDGE('',*,*,#134,.T.);
#13184 = ORIENTED_EDGE('',*,*,#13185,.F.);
#13185 = EDGE_CURVE('',#13186,#126,#13188,.T.);
#13186 = VERTEX_POINT('',#13187);
#13187 = CARTESIAN_POINT('',(21.034349392353,6.58314984906,-1.));
#13188 = LINE('',#13189,#13190);
#13189 = CARTESIAN_POINT('',(21.034349392353,6.58314984906,-1.));
#13190 = VECTOR('',#13191,1.);
#13191 = DIRECTION('',(0.,-2.2E-16,-1.));
#13192 = ORIENTED_EDGE('',*,*,#13193,.F.);
#13193 = EDGE_CURVE('',#13161,#13186,#13194,.T.);
#13194 = LINE('',#13195,#13196);
#13195 = CARTESIAN_POINT('',(20.886624518943,7.037800259986,-1.));
#13196 = VECTOR('',#13197,1.);
#13197 = DIRECTION('',(0.309016994375,-0.951056516295,0.));
#13198 = PLANE('',#13199);
#13199 = AXIS2_PLACEMENT_3D('',#13200,#13201,#13202);
#13200 = CARTESIAN_POINT('',(20.886624518943,7.037800259986,-1.));
#13201 = DIRECTION('',(-0.951056516295,-0.309016994375,7.E-17));
#13202 = DIRECTION('',(0.309016994375,-0.951056516295,2.1E-16));
#13203 = ADVANCED_FACE('',(#13204),#13223,.T.);
#13204 = FACE_BOUND('',#13205,.F.);
#13205 = EDGE_LOOP('',(#13206,#13207,#13208,#13216));
#13206 = ORIENTED_EDGE('',*,*,#13185,.T.);
#13207 = ORIENTED_EDGE('',*,*,#125,.T.);
#13208 = ORIENTED_EDGE('',*,*,#13209,.F.);
#13209 = EDGE_CURVE('',#13210,#117,#13212,.T.);
#13210 = VERTEX_POINT('',#13211);
#13211 = CARTESIAN_POINT('',(20.929660490084,6.39864989312,-1.));
#13212 = LINE('',#13213,#13214);
#13213 = CARTESIAN_POINT('',(20.929660490084,6.39864989312,-1.));
#13214 = VECTOR('',#13215,1.);
#13215 = DIRECTION('',(0.,-2.2E-16,-1.));
#13216 = ORIENTED_EDGE('',*,*,#13217,.F.);
#13217 = EDGE_CURVE('',#13186,#13210,#13218,.T.);
#13218 = CIRCLE('',#13219,0.15);
#13219 = AXIS2_PLACEMENT_3D('',#13220,#13221,#13222);
#13220 = CARTESIAN_POINT('',(20.889754963249,6.543244322225,-1.));
#13221 = DIRECTION('',(0.,0.,-1.));
#13222 = DIRECTION('',(0.963962860696,0.266036845567,0.));
#13223 = CYLINDRICAL_SURFACE('',#13224,0.15);
#13224 = AXIS2_PLACEMENT_3D('',#13225,#13226,#13227);
#13225 = CARTESIAN_POINT('',(20.889754963249,6.543244322225,-1.));
#13226 = DIRECTION('',(0.,2.2E-16,1.));
#13227 = DIRECTION('',(0.963962860696,0.266036845567,-5.852810602467E-17
    ));
#13228 = ADVANCED_FACE('',(#13229),#13248,.F.);
#13229 = FACE_BOUND('',#13230,.F.);
#13230 = EDGE_LOOP('',(#13231,#13232,#13233,#13241));
#13231 = ORIENTED_EDGE('',*,*,#13209,.T.);
#13232 = ORIENTED_EDGE('',*,*,#116,.T.);
#13233 = ORIENTED_EDGE('',*,*,#13234,.F.);
#13234 = EDGE_CURVE('',#13235,#108,#13237,.T.);
#13235 = VERTEX_POINT('',#13236);
#13236 = CARTESIAN_POINT('',(20.627915667803,6.176390462143,-1.));
#13237 = LINE('',#13238,#13239);
#13238 = CARTESIAN_POINT('',(20.627915667803,6.176390462143,-1.));
#13239 = VECTOR('',#13240,1.);
#13240 = DIRECTION('',(0.,-2.2E-16,-1.));
#13241 = ORIENTED_EDGE('',*,*,#13242,.F.);
#13242 = EDGE_CURVE('',#13210,#13235,#13243,.T.);
#13243 = CIRCLE('',#13244,1.469292842572);
#13244 = AXIS2_PLACEMENT_3D('',#13245,#13246,#13247);
#13245 = CARTESIAN_POINT('',(21.643055405668,5.114169783639,-1.));
#13246 = DIRECTION('',(0.,0.,1.));
#13247 = DIRECTION('',(-0.485536235469,0.874216542995,0.));
#13248 = CYLINDRICAL_SURFACE('',#13249,1.469292842572);
#13249 = AXIS2_PLACEMENT_3D('',#13250,#13251,#13252);
#13250 = CARTESIAN_POINT('',(21.643055405668,5.114169783639,-1.));
#13251 = DIRECTION('',(0.,2.2E-16,1.));
#13252 = DIRECTION('',(-0.485536235469,0.874216542995,
    -1.923276394589E-16));
#13253 = ADVANCED_FACE('',(#13254),#13273,.F.);
#13254 = FACE_BOUND('',#13255,.F.);
#13255 = EDGE_LOOP('',(#13256,#13257,#13258,#13266));
#13256 = ORIENTED_EDGE('',*,*,#13234,.T.);
#13257 = ORIENTED_EDGE('',*,*,#107,.T.);
#13258 = ORIENTED_EDGE('',*,*,#13259,.F.);
#13259 = EDGE_CURVE('',#13260,#99,#13262,.T.);
#13260 = VERTEX_POINT('',#13261);
#13261 = CARTESIAN_POINT('',(20.875875524557,5.277928099365,-1.));
#13262 = LINE('',#13263,#13264);
#13263 = CARTESIAN_POINT('',(20.875875524557,5.277928099365,-1.));
#13264 = VECTOR('',#13265,1.);
#13265 = DIRECTION('',(0.,-2.2E-16,-1.));
#13266 = ORIENTED_EDGE('',*,*,#13267,.F.);
#13267 = EDGE_CURVE('',#13235,#13260,#13268,.T.);
#13268 = CIRCLE('',#13269,0.559359353945);
#13269 = AXIS2_PLACEMENT_3D('',#13270,#13271,#13272);
#13270 = CARTESIAN_POINT('',(21.050106523992,5.809460267424,-1.));
#13271 = DIRECTION('',(0.,0.,1.));
#13272 = DIRECTION('',(-0.754775714773,0.655982942148,0.));
#13273 = CYLINDRICAL_SURFACE('',#13274,0.559359353945);
#13274 = AXIS2_PLACEMENT_3D('',#13275,#13276,#13277);
#13275 = CARTESIAN_POINT('',(21.050106523992,5.809460267424,-1.));
#13276 = DIRECTION('',(0.,2.2E-16,1.));
#13277 = DIRECTION('',(-0.754775714773,0.655982942148,
    -1.443162472726E-16));
#13278 = ADVANCED_FACE('',(#13279),#13298,.F.);
#13279 = FACE_BOUND('',#13280,.F.);
#13280 = EDGE_LOOP('',(#13281,#13282,#13283,#13291));
#13281 = ORIENTED_EDGE('',*,*,#13259,.T.);
#13282 = ORIENTED_EDGE('',*,*,#98,.T.);
#13283 = ORIENTED_EDGE('',*,*,#13284,.F.);
#13284 = EDGE_CURVE('',#13285,#90,#13287,.T.);
#13285 = VERTEX_POINT('',#13286);
#13286 = CARTESIAN_POINT('',(21.248904704764,5.241894460285,-1.));
#13287 = LINE('',#13288,#13289);
#13288 = CARTESIAN_POINT('',(21.248904704764,5.241894460285,-1.));
#13289 = VECTOR('',#13290,1.);
#13290 = DIRECTION('',(0.,-2.2E-16,-1.));
#13291 = ORIENTED_EDGE('',*,*,#13292,.F.);
#13292 = EDGE_CURVE('',#13260,#13285,#13293,.T.);
#13293 = CIRCLE('',#13294,1.469292842572);
#13294 = AXIS2_PLACEMENT_3D('',#13295,#13296,#13297);
#13295 = CARTESIAN_POINT('',(21.202508789414,6.710454597383,-1.));
#13296 = DIRECTION('',(0.,0.,1.));
#13297 = DIRECTION('',(-0.222306442523,-0.974976843629,0.));
#13298 = CYLINDRICAL_SURFACE('',#13299,1.469292842572);
#13299 = AXIS2_PLACEMENT_3D('',#13300,#13301,#13302);
#13300 = CARTESIAN_POINT('',(21.202508789414,6.710454597383,-1.));
#13301 = DIRECTION('',(0.,2.2E-16,1.));
#13302 = DIRECTION('',(-0.222306442523,-0.974976843629,
    2.144949055984E-16));
#13303 = ADVANCED_FACE('',(#13304),#13323,.T.);
#13304 = FACE_BOUND('',#13305,.F.);
#13305 = EDGE_LOOP('',(#13306,#13307,#13308,#13316));
#13306 = ORIENTED_EDGE('',*,*,#13284,.T.);
#13307 = ORIENTED_EDGE('',*,*,#89,.T.);
#13308 = ORIENTED_EDGE('',*,*,#13309,.F.);
#13309 = EDGE_CURVE('',#13310,#82,#13312,.T.);
#13310 = VERTEX_POINT('',#13311);
#13311 = CARTESIAN_POINT('',(21.433404660703,5.137205558016,-1.));
#13312 = LINE('',#13313,#13314);
#13313 = CARTESIAN_POINT('',(21.433404660703,5.137205558016,-1.));
#13314 = VECTOR('',#13315,1.);
#13315 = DIRECTION('',(0.,-2.2E-16,-1.));
#13316 = ORIENTED_EDGE('',*,*,#13317,.F.);
#13317 = EDGE_CURVE('',#13285,#13310,#13318,.T.);
#13318 = CIRCLE('',#13319,0.15);
#13319 = AXIS2_PLACEMENT_3D('',#13320,#13321,#13322);
#13320 = CARTESIAN_POINT('',(21.288810231599,5.097300031181,-1.));
#13321 = DIRECTION('',(0.,0.,-1.));
#13322 = DIRECTION('',(-0.266036845567,0.963962860696,0.));
#13323 = CYLINDRICAL_SURFACE('',#13324,0.15);
#13324 = AXIS2_PLACEMENT_3D('',#13325,#13326,#13327);
#13325 = CARTESIAN_POINT('',(21.288810231599,5.097300031181,-1.));
#13326 = DIRECTION('',(0.,2.2E-16,1.));
#13327 = DIRECTION('',(-0.266036845567,0.963962860696,
    -2.120718293531E-16));
#13328 = ADVANCED_FACE('',(#13329),#13347,.F.);
#13329 = FACE_BOUND('',#13330,.F.);
#13330 = EDGE_LOOP('',(#13331,#13332,#13333,#13341));
#13331 = ORIENTED_EDGE('',*,*,#13309,.T.);
#13332 = ORIENTED_EDGE('',*,*,#81,.T.);
#13333 = ORIENTED_EDGE('',*,*,#13334,.F.);
#13334 = EDGE_CURVE('',#13335,#73,#13337,.T.);
#13335 = VERTEX_POINT('',#13336);
#13336 = CARTESIAN_POINT('',(21.539780288576,4.671143480418,-1.));
#13337 = LINE('',#13338,#13339);
#13338 = CARTESIAN_POINT('',(21.539780288576,4.671143480418,-1.));
#13339 = VECTOR('',#13340,1.);
#13340 = DIRECTION('',(0.,-2.2E-16,-1.));
#13341 = ORIENTED_EDGE('',*,*,#13342,.F.);
#13342 = EDGE_CURVE('',#13310,#13335,#13343,.T.);
#13343 = LINE('',#13344,#13345);
#13344 = CARTESIAN_POINT('',(21.433404660703,5.137205558016,-1.));
#13345 = VECTOR('',#13346,1.);
#13346 = DIRECTION('',(0.222520933956,-0.974927912182,0.));
#13347 = PLANE('',#13348);
#13348 = AXIS2_PLACEMENT_3D('',#13349,#13350,#13351);
#13349 = CARTESIAN_POINT('',(21.433404660703,5.137205558016,-1.));
#13350 = DIRECTION('',(-0.974927912182,-0.222520933956,5.E-17));
#13351 = DIRECTION('',(0.222520933956,-0.974927912182,2.2E-16));
#13352 = ADVANCED_FACE('',(#13353),#13381,.T.);
#13353 = FACE_BOUND('',#13354,.F.);
#13354 = EDGE_LOOP('',(#13355,#13356,#13357,#13366,#13374));
#13355 = ORIENTED_EDGE('',*,*,#13334,.T.);
#13356 = ORIENTED_EDGE('',*,*,#72,.T.);
#13357 = ORIENTED_EDGE('',*,*,#13358,.T.);
#13358 = EDGE_CURVE('',#64,#13359,#13361,.T.);
#13359 = VERTEX_POINT('',#13360);
#13360 = CARTESIAN_POINT('',(21.418974384506,4.496770507908,-11.5));
#13361 = CIRCLE('',#13362,0.15);
#13362 = AXIS2_PLACEMENT_3D('',#13363,#13364,#13365);
#13363 = CARTESIAN_POINT('',(21.392190850286,4.644359946198,-11.5));
#13364 = DIRECTION('',(0.,0.,-1.));
#13365 = DIRECTION('',(0.983929588599,0.178556894799,0.));
#13366 = ORIENTED_EDGE('',*,*,#13367,.F.);
#13367 = EDGE_CURVE('',#13368,#13359,#13370,.T.);
#13368 = VERTEX_POINT('',#13369);
#13369 = CARTESIAN_POINT('',(21.418974384506,4.496770507908,-1.));
#13370 = LINE('',#13371,#13372);
#13371 = CARTESIAN_POINT('',(21.418974384506,4.496770507908,-1.));
#13372 = VECTOR('',#13373,1.);
#13373 = DIRECTION('',(0.,-2.2E-16,-1.));
#13374 = ORIENTED_EDGE('',*,*,#13375,.F.);
#13375 = EDGE_CURVE('',#13335,#13368,#13376,.T.);
#13376 = CIRCLE('',#13377,0.15);
#13377 = AXIS2_PLACEMENT_3D('',#13378,#13379,#13380);
#13378 = CARTESIAN_POINT('',(21.392190850286,4.644359946198,-1.));
#13379 = DIRECTION('',(0.,0.,-1.));
#13380 = DIRECTION('',(0.983929588599,0.178556894799,0.));
#13381 = CYLINDRICAL_SURFACE('',#13382,0.15);
#13382 = AXIS2_PLACEMENT_3D('',#13383,#13384,#13385);
#13383 = CARTESIAN_POINT('',(21.392190850286,4.644359946198,-1.));
#13384 = DIRECTION('',(0.,2.2E-16,1.));
#13385 = DIRECTION('',(0.983929588599,0.178556894799,-3.92825168557E-17)
  );
#13386 = ADVANCED_FACE('',(#13387),#13629,.T.);
#13387 = FACE_BOUND('',#13388,.T.);
#13388 = EDGE_LOOP('',(#13389,#13390,#13391,#13400,#13409,#13418,#13427,
    #13435,#13444,#13453,#13462,#13471,#13480,#13488,#13497,#13506,
    #13515,#13524,#13533,#13541,#13550,#13559,#13568,#13577,#13586,
    #13594,#13603,#13612,#13621,#13628));
#13389 = ORIENTED_EDGE('',*,*,#3570,.F.);
#13390 = ORIENTED_EDGE('',*,*,#13358,.T.);
#13391 = ORIENTED_EDGE('',*,*,#13392,.T.);
#13392 = EDGE_CURVE('',#13359,#13393,#13395,.T.);
#13393 = VERTEX_POINT('',#13394);
#13394 = CARTESIAN_POINT('',(21.098521116378,4.302454025392,-11.5));
#13395 = CIRCLE('',#13396,1.469292842572);
#13396 = AXIS2_PLACEMENT_3D('',#13397,#13398,#13399);
#13397 = CARTESIAN_POINT('',(22.014357472581,3.153513110509,-11.5));
#13398 = DIRECTION('',(0.,0.,1.));
#13399 = DIRECTION('',(-0.405217442585,0.914220336804,0.));
#13400 = ORIENTED_EDGE('',*,*,#13401,.T.);
#13401 = EDGE_CURVE('',#13393,#13402,#13404,.T.);
#13402 = VERTEX_POINT('',#13403);
#13403 = CARTESIAN_POINT('',(21.264945214372,3.385381657748,-11.5));
#13404 = CIRCLE('',#13405,0.559359353945);
#13405 = AXIS2_PLACEMENT_3D('',#13406,#13407,#13408);
#13406 = CARTESIAN_POINT('',(21.486120987231,3.899156087187,-11.5));
#13407 = DIRECTION('',(0.,0.,1.));
#13408 = DIRECTION('',(-0.692935352059,0.720999721128,0.));
#13409 = ORIENTED_EDGE('',*,*,#13410,.T.);
#13410 = EDGE_CURVE('',#13402,#13411,#13413,.T.);
#13411 = VERTEX_POINT('',#13412);
#13412 = CARTESIAN_POINT('',(21.633242658264,3.31605500159,-11.5));
#13413 = CIRCLE('',#13414,1.469292842572);
#13414 = AXIS2_PLACEMENT_3D('',#13415,#13416,#13417);
#13415 = CARTESIAN_POINT('',(21.718674235002,4.782862045114,-11.5));
#13416 = DIRECTION('',(0.,0.,1.));
#13417 = DIRECTION('',(-0.308807752602,-0.951124477622,0.));
#13418 = ORIENTED_EDGE('',*,*,#13419,.T.);
#13419 = EDGE_CURVE('',#13411,#13420,#13422,.T.);
#13420 = VERTEX_POINT('',#13421);
#13421 = CARTESIAN_POINT('',(21.807615630773,3.19524909752,-11.5));
#13422 = CIRCLE('',#13423,0.15);
#13423 = AXIS2_PLACEMENT_3D('',#13424,#13425,#13426);
#13424 = CARTESIAN_POINT('',(21.660026192484,3.1684655633,-11.5));
#13425 = DIRECTION('',(0.,0.,-1.));
#13426 = DIRECTION('',(-0.178556894799,0.983929588599,0.));
#13427 = ORIENTED_EDGE('',*,*,#13428,.T.);
#13428 = EDGE_CURVE('',#13420,#13429,#13431,.T.);
#13429 = VERTEX_POINT('',#13430);
#13430 = CARTESIAN_POINT('',(21.8717855391,2.72152781106,-11.5));
#13431 = LINE('',#13432,#13433);
#13432 = CARTESIAN_POINT('',(21.807615630773,3.19524909752,-11.5));
#13433 = VECTOR('',#13434,1.);
#13434 = DIRECTION('',(0.134233265818,-0.990949761768,0.));
#13435 = ORIENTED_EDGE('',*,*,#13436,.T.);
#13436 = EDGE_CURVE('',#13429,#13437,#13439,.T.);
#13437 = VERTEX_POINT('',#13438);
#13438 = CARTESIAN_POINT('',(21.735835291336,2.558685770625,-11.5));
#13439 = CIRCLE('',#13440,0.15);
#13440 = AXIS2_PLACEMENT_3D('',#13441,#13442,#13443);
#13441 = CARTESIAN_POINT('',(21.722389395001,2.708081914725,-11.5));
#13442 = DIRECTION('',(0.,0.,-1.));
#13443 = DIRECTION('',(0.995974293995,8.963930890344E-02,0.));
#13444 = ORIENTED_EDGE('',*,*,#13445,.T.);
#13445 = EDGE_CURVE('',#13437,#13446,#13448,.T.);
#13446 = VERTEX_POINT('',#13447);
#13447 = CARTESIAN_POINT('',(21.399253678653,2.39387675863,-11.5));
#13448 = CIRCLE('',#13449,1.469292842572);
#13449 = AXIS2_PLACEMENT_3D('',#13450,#13451,#13452);
#13450 = CARTESIAN_POINT('',(22.208412877356,1.167466204049,-11.5));
#13451 = DIRECTION('',(0.,0.,1.));
#13452 = DIRECTION('',(-0.321636077116,0.946863366013,0.));
#13453 = ORIENTED_EDGE('',*,*,#13454,.T.);
#13454 = EDGE_CURVE('',#13446,#13455,#13457,.T.);
#13455 = VERTEX_POINT('',#13456);
#13456 = CARTESIAN_POINT('',(21.482802068907,1.465578113594,-11.5));
#13457 = CIRCLE('',#13458,0.559359353945);
#13458 = AXIS2_PLACEMENT_3D('',#13459,#13460,#13461);
#13459 = CARTESIAN_POINT('',(21.749141837916,1.957458194802,-11.5));
#13460 = DIRECTION('',(0.,0.,1.));
#13461 = DIRECTION('',(-0.62551588133,0.780211434295,0.));
#13462 = ORIENTED_EDGE('',*,*,#13463,.T.);
#13463 = EDGE_CURVE('',#13455,#13464,#13466,.T.);
#13464 = VERTEX_POINT('',#13465);
#13465 = CARTESIAN_POINT('',(21.84340246202,1.363516617831,-11.5));
#13466 = CIRCLE('',#13467,1.469292842572);
#13467 = AXIS2_PLACEMENT_3D('',#13468,#13469,#13470);
#13468 = CARTESIAN_POINT('',(22.059973686023,2.816760699934,-11.5));
#13469 = DIRECTION('',(0.,0.,1.));
#13470 = DIRECTION('',(-0.392822724234,-0.919614216574,0.));
#13471 = ORIENTED_EDGE('',*,*,#13472,.T.);
#13472 = EDGE_CURVE('',#13464,#13473,#13475,.T.);
#13473 = VERTEX_POINT('',#13474);
#13474 = CARTESIAN_POINT('',(22.006244502455,1.227566370067,-11.5));
#13475 = CIRCLE('',#13476,0.15);
#13476 = AXIS2_PLACEMENT_3D('',#13477,#13478,#13479);
#13477 = CARTESIAN_POINT('',(21.856848358356,1.214120473732,-11.5));
#13478 = DIRECTION('',(0.,0.,-1.));
#13479 = DIRECTION('',(-8.963930890344E-02,0.995974293995,0.));
#13480 = ORIENTED_EDGE('',*,*,#13481,.T.);
#13481 = EDGE_CURVE('',#13473,#13482,#13484,.T.);
#13482 = VERTEX_POINT('',#13483);
#13483 = CARTESIAN_POINT('',(22.027692032865,0.75,-11.5));
#13484 = LINE('',#13485,#13486);
#13485 = CARTESIAN_POINT('',(22.006244502455,1.227566370067,-11.5));
#13486 = VECTOR('',#13487,1.);
#13487 = DIRECTION('',(4.486483035052E-02,-0.998993066541,0.));
#13488 = ORIENTED_EDGE('',*,*,#13489,.T.);
#13489 = EDGE_CURVE('',#13482,#13490,#13492,.T.);
#13490 = VERTEX_POINT('',#13491);
#13491 = CARTESIAN_POINT('',(21.877692032865,0.6,-11.5));
#13492 = CIRCLE('',#13493,0.15);
#13493 = AXIS2_PLACEMENT_3D('',#13494,#13495,#13496);
#13494 = CARTESIAN_POINT('',(21.877692032865,0.75,-11.5));
#13495 = DIRECTION('',(0.,-0.,-1.));
#13496 = DIRECTION('',(1.,-7.E-16,0.));
#13497 = ORIENTED_EDGE('',*,*,#13498,.T.);
#13498 = EDGE_CURVE('',#13490,#13499,#13501,.T.);
#13499 = VERTEX_POINT('',#13500);
#13500 = CARTESIAN_POINT('',(21.527692032865,0.466025403784,-11.5));
#13501 = CIRCLE('',#13502,1.469292842572);
#13502 = AXIS2_PLACEMENT_3D('',#13503,#13504,#13505);
#13503 = CARTESIAN_POINT('',(22.223659199979,-0.827980453828,-11.5));
#13504 = DIRECTION('',(0.,0.,1.));
#13505 = DIRECTION('',(-0.235465087074,0.971882808146,0.));
#13506 = ORIENTED_EDGE('',*,*,#13507,.T.);
#13507 = EDGE_CURVE('',#13499,#13508,#13510,.T.);
#13508 = VERTEX_POINT('',#13509);
#13509 = CARTESIAN_POINT('',(21.527692032865,-0.466025403784,-11.5));
#13510 = CIRCLE('',#13511,0.559359353945);
#13511 = AXIS2_PLACEMENT_3D('',#13512,#13513,#13514);
#13512 = CARTESIAN_POINT('',(21.83705138681,-1.7763568394E-15,-11.5));
#13513 = DIRECTION('',(0.,0.,1.));
#13514 = DIRECTION('',(-0.553060124521,0.833141343749,0.));
#13515 = ORIENTED_EDGE('',*,*,#13516,.T.);
#13516 = EDGE_CURVE('',#13508,#13517,#13519,.T.);
#13517 = VERTEX_POINT('',#13518);
#13518 = CARTESIAN_POINT('',(21.877692032865,-0.6,-11.5));
#13519 = CIRCLE('',#13520,1.469292842572);
#13520 = AXIS2_PLACEMENT_3D('',#13521,#13522,#13523);
#13521 = CARTESIAN_POINT('',(22.223659199979,0.827980453828,-11.5));
#13522 = DIRECTION('',(0.,0.,1.));
#13523 = DIRECTION('',(-0.473674918265,-0.880699762579,0.));
#13524 = ORIENTED_EDGE('',*,*,#13525,.T.);
#13525 = EDGE_CURVE('',#13517,#13526,#13528,.T.);
#13526 = VERTEX_POINT('',#13527);
#13527 = CARTESIAN_POINT('',(22.027692032865,-0.75,-11.5));
#13528 = CIRCLE('',#13529,0.15);
#13529 = AXIS2_PLACEMENT_3D('',#13530,#13531,#13532);
#13530 = CARTESIAN_POINT('',(21.877692032865,-0.75,-11.5));
#13531 = DIRECTION('',(0.,0.,-1.));
#13532 = DIRECTION('',(1.1E-16,1.,0.));
#13533 = ORIENTED_EDGE('',*,*,#13534,.T.);
#13534 = EDGE_CURVE('',#13526,#13535,#13537,.T.);
#13535 = VERTEX_POINT('',#13536);
#13536 = CARTESIAN_POINT('',(22.006244502455,-1.227566370067,-11.5));
#13537 = LINE('',#13538,#13539);
#13538 = CARTESIAN_POINT('',(22.027692032865,-0.75,-11.5));
#13539 = VECTOR('',#13540,1.);
#13540 = DIRECTION('',(-4.486483035052E-02,-0.998993066541,0.));
#13541 = ORIENTED_EDGE('',*,*,#13542,.T.);
#13542 = EDGE_CURVE('',#13535,#13543,#13545,.T.);
#13543 = VERTEX_POINT('',#13544);
#13544 = CARTESIAN_POINT('',(21.84340246202,-1.363516617831,-11.5));
#13545 = CIRCLE('',#13546,0.15);
#13546 = AXIS2_PLACEMENT_3D('',#13547,#13548,#13549);
#13547 = CARTESIAN_POINT('',(21.856848358356,-1.214120473732,-11.5));
#13548 = DIRECTION('',(0.,-0.,-1.));
#13549 = DIRECTION('',(0.995974293995,-8.963930890342E-02,0.));
#13550 = ORIENTED_EDGE('',*,*,#13551,.T.);
#13551 = EDGE_CURVE('',#13543,#13552,#13554,.T.);
#13552 = VERTEX_POINT('',#13553);
#13553 = CARTESIAN_POINT('',(21.482802068907,-1.465578113594,-11.5));
#13554 = CIRCLE('',#13555,1.469292842572);
#13555 = AXIS2_PLACEMENT_3D('',#13556,#13557,#13558);
#13556 = CARTESIAN_POINT('',(22.059973686023,-2.816760699934,-11.5));
#13557 = DIRECTION('',(0.,0.,1.));
#13558 = DIRECTION('',(-0.147398270602,0.989077221365,0.));
#13559 = ORIENTED_EDGE('',*,*,#13560,.T.);
#13560 = EDGE_CURVE('',#13552,#13561,#13563,.T.);
#13561 = VERTEX_POINT('',#13562);
#13562 = CARTESIAN_POINT('',(21.399253678653,-2.39387675863,-11.5));
#13563 = CIRCLE('',#13564,0.559359353945);
#13564 = AXIS2_PLACEMENT_3D('',#13565,#13566,#13567);
#13565 = CARTESIAN_POINT('',(21.749141837916,-1.957458194802,-11.5));
#13566 = DIRECTION('',(0.,0.,1.));
#13567 = DIRECTION('',(-0.476151452784,0.879363288983,0.));
#13568 = ORIENTED_EDGE('',*,*,#13569,.T.);
#13569 = EDGE_CURVE('',#13561,#13570,#13572,.T.);
#13570 = VERTEX_POINT('',#13571);
#13571 = CARTESIAN_POINT('',(21.735835291336,-2.558685770625,-11.5));
#13572 = CIRCLE('',#13573,1.469292842572);
#13573 = AXIS2_PLACEMENT_3D('',#13574,#13575,#13576);
#13574 = CARTESIAN_POINT('',(22.208412877356,-1.167466204049,-11.5));
#13575 = DIRECTION('',(0.,0.,1.));
#13576 = DIRECTION('',(-0.550713360372,-0.834694431938,0.));
#13577 = ORIENTED_EDGE('',*,*,#13578,.T.);
#13578 = EDGE_CURVE('',#13570,#13579,#13581,.T.);
#13579 = VERTEX_POINT('',#13580);
#13580 = CARTESIAN_POINT('',(21.8717855391,-2.72152781106,-11.5));
#13581 = CIRCLE('',#13582,0.15);
#13582 = AXIS2_PLACEMENT_3D('',#13583,#13584,#13585);
#13583 = CARTESIAN_POINT('',(21.722389395001,-2.708081914725,-11.5));
#13584 = DIRECTION('',(0.,0.,-1.));
#13585 = DIRECTION('',(8.963930890343E-02,0.995974293995,0.));
#13586 = ORIENTED_EDGE('',*,*,#13587,.T.);
#13587 = EDGE_CURVE('',#13579,#13588,#13590,.T.);
#13588 = VERTEX_POINT('',#13589);
#13589 = CARTESIAN_POINT('',(21.807615630773,-3.19524909752,-11.5));
#13590 = LINE('',#13591,#13592);
#13591 = CARTESIAN_POINT('',(21.8717855391,-2.72152781106,-11.5));
#13592 = VECTOR('',#13593,1.);
#13593 = DIRECTION('',(-0.134233265818,-0.990949761768,0.));
#13594 = ORIENTED_EDGE('',*,*,#13595,.T.);
#13595 = EDGE_CURVE('',#13588,#13596,#13598,.T.);
#13596 = VERTEX_POINT('',#13597);
#13597 = CARTESIAN_POINT('',(21.633242658264,-3.31605500159,-11.5));
#13598 = CIRCLE('',#13599,0.15);
#13599 = AXIS2_PLACEMENT_3D('',#13600,#13601,#13602);
#13600 = CARTESIAN_POINT('',(21.660026192484,-3.1684655633,-11.5));
#13601 = DIRECTION('',(0.,-0.,-1.));
#13602 = DIRECTION('',(0.983929588599,-0.178556894799,0.));
#13603 = ORIENTED_EDGE('',*,*,#13604,.T.);
#13604 = EDGE_CURVE('',#13596,#13605,#13607,.T.);
#13605 = VERTEX_POINT('',#13606);
#13606 = CARTESIAN_POINT('',(21.264945214372,-3.385381657748,-11.5));
#13607 = CIRCLE('',#13608,1.469292842572);
#13608 = AXIS2_PLACEMENT_3D('',#13609,#13610,#13611);
#13609 = CARTESIAN_POINT('',(21.718674235002,-4.782862045114,-11.5));
#13610 = DIRECTION('',(0.,0.,1.));
#13611 = DIRECTION('',(-5.814468992336E-02,0.998308166366,0.));
#13612 = ORIENTED_EDGE('',*,*,#13613,.T.);
#13613 = EDGE_CURVE('',#13605,#13614,#13616,.T.);
#13614 = VERTEX_POINT('',#13615);
#13615 = CARTESIAN_POINT('',(21.098521116378,-4.302454025392,-11.5));
#13616 = CIRCLE('',#13617,0.559359353945);
#13617 = AXIS2_PLACEMENT_3D('',#13618,#13619,#13620);
#13618 = CARTESIAN_POINT('',(21.486120987231,-3.899156087187,-11.5));
#13619 = DIRECTION('',(0.,0.,1.));
#13620 = DIRECTION('',(-0.395409089522,0.918505118071,0.));
#13621 = ORIENTED_EDGE('',*,*,#13622,.T.);
#13622 = EDGE_CURVE('',#13614,#3609,#13623,.T.);
#13623 = CIRCLE('',#13624,1.469292842572);
#13624 = AXIS2_PLACEMENT_3D('',#13625,#13626,#13627);
#13625 = CARTESIAN_POINT('',(22.014357472581,-3.153513110509,-11.5));
#13626 = DIRECTION('',(0.,0.,1.));
#13627 = DIRECTION('',(-0.623317782314,-0.781968632524,0.));
#13628 = ORIENTED_EDGE('',*,*,#3616,.T.);
#13629 = PLANE('',#13630);
#13630 = AXIS2_PLACEMENT_3D('',#13631,#13632,#13633);
#13631 = CARTESIAN_POINT('',(21.143495120688,-1.00675439896E-02,-11.5));
#13632 = DIRECTION('',(0.,0.,1.));
#13633 = DIRECTION('',(1.,0.,0.));
#13634 = ADVANCED_FACE('',(#13635),#13654,.F.);
#13635 = FACE_BOUND('',#13636,.T.);
#13636 = EDGE_LOOP('',(#13637,#13645,#13646,#13647));
#13637 = ORIENTED_EDGE('',*,*,#13638,.T.);
#13638 = EDGE_CURVE('',#13639,#3590,#13641,.T.);
#13639 = VERTEX_POINT('',#13640);
#13640 = CARTESIAN_POINT('',(15.,-3.E-15,-11.5));
#13641 = LINE('',#13642,#13643);
#13642 = CARTESIAN_POINT('',(15.,-2.55E-15,-11.5));
#13643 = VECTOR('',#13644,1.);
#13644 = DIRECTION('',(0.,-2.2E-16,-1.));
#13645 = ORIENTED_EDGE('',*,*,#3589,.T.);
#13646 = ORIENTED_EDGE('',*,*,#13638,.F.);
#13647 = ORIENTED_EDGE('',*,*,#13648,.F.);
#13648 = EDGE_CURVE('',#13639,#13639,#13649,.T.);
#13649 = CIRCLE('',#13650,15.);
#13650 = AXIS2_PLACEMENT_3D('',#13651,#13652,#13653);
#13651 = CARTESIAN_POINT('',(0.,0.,-11.5));
#13652 = DIRECTION('',(0.,0.,-1.));
#13653 = DIRECTION('',(1.,0.,0.));
#13654 = CYLINDRICAL_SURFACE('',#13655,15.);
#13655 = AXIS2_PLACEMENT_3D('',#13656,#13657,#13658);
#13656 = CARTESIAN_POINT('',(0.,-2.55E-15,-11.5));
#13657 = DIRECTION('',(0.,2.2E-16,1.));
#13658 = DIRECTION('',(1.,0.,0.));
#13659 = ADVANCED_FACE('',(#13660),#13679,.F.);
#13660 = FACE_BOUND('',#13661,.F.);
#13661 = EDGE_LOOP('',(#13662,#13670,#13671,#13672));
#13662 = ORIENTED_EDGE('',*,*,#13663,.T.);
#13663 = EDGE_CURVE('',#13664,#13614,#13666,.T.);
#13664 = VERTEX_POINT('',#13665);
#13665 = CARTESIAN_POINT('',(21.098521116378,-4.302454025392,-1.));
#13666 = LINE('',#13667,#13668);
#13667 = CARTESIAN_POINT('',(21.098521116378,-4.302454025392,-1.));
#13668 = VECTOR('',#13669,1.);
#13669 = DIRECTION('',(0.,-2.2E-16,-1.));
#13670 = ORIENTED_EDGE('',*,*,#13622,.T.);
#13671 = ORIENTED_EDGE('',*,*,#3606,.F.);
#13672 = ORIENTED_EDGE('',*,*,#13673,.F.);
#13673 = EDGE_CURVE('',#13664,#3607,#13674,.T.);
#13674 = CIRCLE('',#13675,1.469292842572);
#13675 = AXIS2_PLACEMENT_3D('',#13676,#13677,#13678);
#13676 = CARTESIAN_POINT('',(22.014357472581,-3.153513110509,-1.));
#13677 = DIRECTION('',(0.,0.,1.));
#13678 = DIRECTION('',(-0.623317782314,-0.781968632524,0.));
#13679 = CYLINDRICAL_SURFACE('',#13680,1.469292842572);
#13680 = AXIS2_PLACEMENT_3D('',#13681,#13682,#13683);
#13681 = CARTESIAN_POINT('',(22.014357472581,-3.153513110509,-1.));
#13682 = DIRECTION('',(0.,2.2E-16,1.));
#13683 = DIRECTION('',(-0.623317782314,-0.781968632524,
    1.720330991552E-16));
#13684 = ADVANCED_FACE('',(#13685,#13696),#14320,.F.);
#13685 = FACE_BOUND('',#13686,.F.);
#13686 = EDGE_LOOP('',(#13687));
#13687 = ORIENTED_EDGE('',*,*,#13688,.T.);
#13688 = EDGE_CURVE('',#13689,#13689,#13691,.T.);
#13689 = VERTEX_POINT('',#13690);
#13690 = CARTESIAN_POINT('',(-25.5,-1.E-15,-1.));
#13691 = CIRCLE('',#13692,25.5);
#13692 = AXIS2_PLACEMENT_3D('',#13693,#13694,#13695);
#13693 = CARTESIAN_POINT('',(0.,-4.4E-16,-1.));
#13694 = DIRECTION('',(0.,4.4E-16,1.));
#13695 = DIRECTION('',(-1.,-1.2E-16,5.28E-32));
#13696 = FACE_BOUND('',#13697,.F.);
#13697 = EDGE_LOOP('',(#13698,#13708,#13717,#13726,#13735,#13744,#13753,
    #13761,#13770,#13779,#13788,#13797,#13806,#13814,#13823,#13832,
    #13839,#13840,#13841,#13842,#13843,#13844,#13845,#13846,#13847,
    #13848,#13849,#13850,#13851,#13852,#13853,#13854,#13855,#13856,
    #13857,#13858,#13859,#13860,#13861,#13862,#13863,#13864,#13865,
    #13866,#13867,#13868,#13869,#13870,#13871,#13872,#13873,#13874,
    #13875,#13876,#13877,#13878,#13879,#13880,#13881,#13882,#13883,
    #13884,#13885,#13886,#13887,#13888,#13889,#13890,#13891,#13892,
    #13893,#13894,#13895,#13896,#13897,#13898,#13899,#13900,#13901,
    #13902,#13903,#13904,#13905,#13906,#13907,#13908,#13909,#13910,
    #13911,#13912,#13913,#13914,#13915,#13916,#13917,#13918,#13919,
    #13920,#13921,#13922,#13923,#13924,#13925,#13926,#13927,#13928,
    #13929,#13930,#13931,#13932,#13933,#13934,#13935,#13936,#13937,
    #13938,#13939,#13940,#13941,#13942,#13943,#13944,#13945,#13946,
    #13947,#13948,#13949,#13950,#13951,#13952,#13953,#13954,#13955,
    #13956,#13957,#13958,#13959,#13960,#13961,#13962,#13963,#13964,
    #13965,#13966,#13967,#13968,#13969,#13970,#13971,#13972,#13973,
    #13974,#13975,#13976,#13977,#13978,#13979,#13980,#13981,#13982,
    #13983,#13984,#13985,#13986,#13987,#13988,#13989,#13990,#13991,
    #13992,#13993,#13994,#13995,#13996,#13997,#13998,#13999,#14000,
    #14001,#14002,#14003,#14004,#14005,#14006,#14007,#14008,#14009,
    #14010,#14011,#14012,#14013,#14014,#14015,#14016,#14017,#14018,
    #14019,#14020,#14021,#14022,#14023,#14024,#14025,#14026,#14027,
    #14028,#14029,#14030,#14031,#14032,#14033,#14034,#14035,#14036,
    #14037,#14038,#14039,#14040,#14041,#14042,#14043,#14044,#14045,
    #14046,#14047,#14048,#14049,#14050,#14051,#14052,#14053,#14054,
    #14055,#14056,#14057,#14058,#14059,#14060,#14061,#14062,#14063,
    #14064,#14065,#14066,#14067,#14068,#14069,#14070,#14071,#14072,
    #14073,#14074,#14075,#14076,#14077,#14078,#14079,#14080,#14081,
    #14082,#14083,#14084,#14085,#14086,#14087,#14088,#14089,#14090,
    #14091,#14092,#14093,#14094,#14095,#14096,#14097,#14098,#14099,
    #14100,#14101,#14102,#14103,#14104,#14105,#14106,#14107,#14108,
    #14109,#14110,#14111,#14112,#14113,#14114,#14115,#14116,#14117,
    #14118,#14119,#14120,#14121,#14122,#14123,#14124,#14125,#14126,
    #14127,#14128,#14129,#14130,#14131,#14132,#14133,#14134,#14135,
    #14136,#14137,#14138,#14139,#14140,#14141,#14142,#14143,#14144,
    #14145,#14146,#14147,#14148,#14149,#14150,#14151,#14152,#14153,
    #14154,#14155,#14156,#14157,#14158,#14159,#14160,#14161,#14162,
    #14163,#14164,#14165,#14166,#14167,#14168,#14169,#14170,#14171,
    #14172,#14173,#14174,#14175,#14176,#14177,#14178,#14179,#14180,
    #14181,#14182,#14183,#14184,#14185,#14186,#14187,#14188,#14189,
    #14190,#14191,#14192,#14193,#14194,#14195,#14196,#14197,#14198,
    #14199,#14200,#14201,#14202,#14203,#14204,#14205,#14206,#14207,
    #14208,#14209,#14210,#14211,#14212,#14213,#14214,#14215,#14216,
    #14217,#14218,#14219,#14220,#14221,#14222,#14223,#14224,#14225,
    #14226,#14227,#14228,#14229,#14230,#14231,#14232,#14233,#14242,
    #14251,#14260,#14269,#14277,#14286,#14295,#14304,#14313));
#13698 = ORIENTED_EDGE('',*,*,#13699,.T.);
#13699 = EDGE_CURVE('',#13700,#13702,#13704,.T.);
#13700 = VERTEX_POINT('',#13701);
#13701 = CARTESIAN_POINT('',(22.006244502455,1.227566370067,-1.));
#13702 = VERTEX_POINT('',#13703);
#13703 = CARTESIAN_POINT('',(22.027692032865,0.75,-1.));
#13704 = LINE('',#13705,#13706);
#13705 = CARTESIAN_POINT('',(22.006244502455,1.227566370067,-1.));
#13706 = VECTOR('',#13707,1.);
#13707 = DIRECTION('',(4.486483035052E-02,-0.998993066541,0.));
#13708 = ORIENTED_EDGE('',*,*,#13709,.T.);
#13709 = EDGE_CURVE('',#13702,#13710,#13712,.T.);
#13710 = VERTEX_POINT('',#13711);
#13711 = CARTESIAN_POINT('',(21.877692032865,0.6,-1.));
#13712 = CIRCLE('',#13713,0.15);
#13713 = AXIS2_PLACEMENT_3D('',#13714,#13715,#13716);
#13714 = CARTESIAN_POINT('',(21.877692032865,0.75,-1.));
#13715 = DIRECTION('',(0.,-0.,-1.));
#13716 = DIRECTION('',(1.,-7.E-16,0.));
#13717 = ORIENTED_EDGE('',*,*,#13718,.T.);
#13718 = EDGE_CURVE('',#13710,#13719,#13721,.T.);
#13719 = VERTEX_POINT('',#13720);
#13720 = CARTESIAN_POINT('',(21.527692032865,0.466025403784,-1.));
#13721 = CIRCLE('',#13722,1.469292842572);
#13722 = AXIS2_PLACEMENT_3D('',#13723,#13724,#13725);
#13723 = CARTESIAN_POINT('',(22.223659199979,-0.827980453828,-1.));
#13724 = DIRECTION('',(0.,0.,1.));
#13725 = DIRECTION('',(-0.235465087074,0.971882808146,0.));
#13726 = ORIENTED_EDGE('',*,*,#13727,.T.);
#13727 = EDGE_CURVE('',#13719,#13728,#13730,.T.);
#13728 = VERTEX_POINT('',#13729);
#13729 = CARTESIAN_POINT('',(21.527692032865,-0.466025403784,-1.));
#13730 = CIRCLE('',#13731,0.559359353945);
#13731 = AXIS2_PLACEMENT_3D('',#13732,#13733,#13734);
#13732 = CARTESIAN_POINT('',(21.83705138681,0.,-1.));
#13733 = DIRECTION('',(0.,0.,1.));
#13734 = DIRECTION('',(-0.553060124521,0.833141343749,0.));
#13735 = ORIENTED_EDGE('',*,*,#13736,.T.);
#13736 = EDGE_CURVE('',#13728,#13737,#13739,.T.);
#13737 = VERTEX_POINT('',#13738);
#13738 = CARTESIAN_POINT('',(21.877692032865,-0.6,-1.));
#13739 = CIRCLE('',#13740,1.469292842572);
#13740 = AXIS2_PLACEMENT_3D('',#13741,#13742,#13743);
#13741 = CARTESIAN_POINT('',(22.223659199979,0.827980453828,-1.));
#13742 = DIRECTION('',(0.,0.,1.));
#13743 = DIRECTION('',(-0.473674918265,-0.880699762579,0.));
#13744 = ORIENTED_EDGE('',*,*,#13745,.T.);
#13745 = EDGE_CURVE('',#13737,#13746,#13748,.T.);
#13746 = VERTEX_POINT('',#13747);
#13747 = CARTESIAN_POINT('',(22.027692032865,-0.75,-1.));
#13748 = CIRCLE('',#13749,0.15);
#13749 = AXIS2_PLACEMENT_3D('',#13750,#13751,#13752);
#13750 = CARTESIAN_POINT('',(21.877692032865,-0.75,-1.));
#13751 = DIRECTION('',(0.,0.,-1.));
#13752 = DIRECTION('',(1.1E-16,1.,0.));
#13753 = ORIENTED_EDGE('',*,*,#13754,.T.);
#13754 = EDGE_CURVE('',#13746,#13755,#13757,.T.);
#13755 = VERTEX_POINT('',#13756);
#13756 = CARTESIAN_POINT('',(22.006244502455,-1.227566370067,-1.));
#13757 = LINE('',#13758,#13759);
#13758 = CARTESIAN_POINT('',(22.027692032865,-0.75,-1.));
#13759 = VECTOR('',#13760,1.);
#13760 = DIRECTION('',(-4.486483035052E-02,-0.998993066541,0.));
#13761 = ORIENTED_EDGE('',*,*,#13762,.T.);
#13762 = EDGE_CURVE('',#13755,#13763,#13765,.T.);
#13763 = VERTEX_POINT('',#13764);
#13764 = CARTESIAN_POINT('',(21.84340246202,-1.363516617831,-1.));
#13765 = CIRCLE('',#13766,0.15);
#13766 = AXIS2_PLACEMENT_3D('',#13767,#13768,#13769);
#13767 = CARTESIAN_POINT('',(21.856848358356,-1.214120473732,-1.));
#13768 = DIRECTION('',(0.,-0.,-1.));
#13769 = DIRECTION('',(0.995974293995,-8.963930890342E-02,0.));
#13770 = ORIENTED_EDGE('',*,*,#13771,.T.);
#13771 = EDGE_CURVE('',#13763,#13772,#13774,.T.);
#13772 = VERTEX_POINT('',#13773);
#13773 = CARTESIAN_POINT('',(21.482802068907,-1.465578113594,-1.));
#13774 = CIRCLE('',#13775,1.469292842572);
#13775 = AXIS2_PLACEMENT_3D('',#13776,#13777,#13778);
#13776 = CARTESIAN_POINT('',(22.059973686023,-2.816760699934,-1.));
#13777 = DIRECTION('',(0.,0.,1.));
#13778 = DIRECTION('',(-0.147398270602,0.989077221365,0.));
#13779 = ORIENTED_EDGE('',*,*,#13780,.T.);
#13780 = EDGE_CURVE('',#13772,#13781,#13783,.T.);
#13781 = VERTEX_POINT('',#13782);
#13782 = CARTESIAN_POINT('',(21.399253678653,-2.39387675863,-1.));
#13783 = CIRCLE('',#13784,0.559359353945);
#13784 = AXIS2_PLACEMENT_3D('',#13785,#13786,#13787);
#13785 = CARTESIAN_POINT('',(21.749141837916,-1.957458194802,-1.));
#13786 = DIRECTION('',(0.,0.,1.));
#13787 = DIRECTION('',(-0.476151452784,0.879363288983,0.));
#13788 = ORIENTED_EDGE('',*,*,#13789,.T.);
#13789 = EDGE_CURVE('',#13781,#13790,#13792,.T.);
#13790 = VERTEX_POINT('',#13791);
#13791 = CARTESIAN_POINT('',(21.735835291336,-2.558685770625,-1.));
#13792 = CIRCLE('',#13793,1.469292842572);
#13793 = AXIS2_PLACEMENT_3D('',#13794,#13795,#13796);
#13794 = CARTESIAN_POINT('',(22.208412877356,-1.167466204049,-1.));
#13795 = DIRECTION('',(0.,0.,1.));
#13796 = DIRECTION('',(-0.550713360372,-0.834694431938,0.));
#13797 = ORIENTED_EDGE('',*,*,#13798,.T.);
#13798 = EDGE_CURVE('',#13790,#13799,#13801,.T.);
#13799 = VERTEX_POINT('',#13800);
#13800 = CARTESIAN_POINT('',(21.8717855391,-2.72152781106,-1.));
#13801 = CIRCLE('',#13802,0.15);
#13802 = AXIS2_PLACEMENT_3D('',#13803,#13804,#13805);
#13803 = CARTESIAN_POINT('',(21.722389395001,-2.708081914725,-1.));
#13804 = DIRECTION('',(0.,0.,-1.));
#13805 = DIRECTION('',(8.963930890343E-02,0.995974293995,0.));
#13806 = ORIENTED_EDGE('',*,*,#13807,.T.);
#13807 = EDGE_CURVE('',#13799,#13808,#13810,.T.);
#13808 = VERTEX_POINT('',#13809);
#13809 = CARTESIAN_POINT('',(21.807615630773,-3.19524909752,-1.));
#13810 = LINE('',#13811,#13812);
#13811 = CARTESIAN_POINT('',(21.8717855391,-2.72152781106,-1.));
#13812 = VECTOR('',#13813,1.);
#13813 = DIRECTION('',(-0.134233265818,-0.990949761768,0.));
#13814 = ORIENTED_EDGE('',*,*,#13815,.T.);
#13815 = EDGE_CURVE('',#13808,#13816,#13818,.T.);
#13816 = VERTEX_POINT('',#13817);
#13817 = CARTESIAN_POINT('',(21.633242658264,-3.31605500159,-1.));
#13818 = CIRCLE('',#13819,0.15);
#13819 = AXIS2_PLACEMENT_3D('',#13820,#13821,#13822);
#13820 = CARTESIAN_POINT('',(21.660026192484,-3.1684655633,-1.));
#13821 = DIRECTION('',(0.,-0.,-1.));
#13822 = DIRECTION('',(0.983929588599,-0.178556894799,0.));
#13823 = ORIENTED_EDGE('',*,*,#13824,.T.);
#13824 = EDGE_CURVE('',#13816,#13825,#13827,.T.);
#13825 = VERTEX_POINT('',#13826);
#13826 = CARTESIAN_POINT('',(21.264945214372,-3.385381657748,-1.));
#13827 = CIRCLE('',#13828,1.469292842572);
#13828 = AXIS2_PLACEMENT_3D('',#13829,#13830,#13831);
#13829 = CARTESIAN_POINT('',(21.718674235002,-4.782862045114,-1.));
#13830 = DIRECTION('',(0.,0.,1.));
#13831 = DIRECTION('',(-5.814468992336E-02,0.998308166366,0.));
#13832 = ORIENTED_EDGE('',*,*,#13833,.T.);
#13833 = EDGE_CURVE('',#13825,#13664,#13834,.T.);
#13834 = CIRCLE('',#13835,0.559359353945);
#13835 = AXIS2_PLACEMENT_3D('',#13836,#13837,#13838);
#13836 = CARTESIAN_POINT('',(21.486120987231,-3.899156087187,-1.));
#13837 = DIRECTION('',(0.,0.,1.));
#13838 = DIRECTION('',(-0.395409089522,0.918505118071,0.));
#13839 = ORIENTED_EDGE('',*,*,#13673,.T.);
#13840 = ORIENTED_EDGE('',*,*,#3632,.T.);
#13841 = ORIENTED_EDGE('',*,*,#3657,.T.);
#13842 = ORIENTED_EDGE('',*,*,#3681,.T.);
#13843 = ORIENTED_EDGE('',*,*,#3706,.T.);
#13844 = ORIENTED_EDGE('',*,*,#3731,.T.);
#13845 = ORIENTED_EDGE('',*,*,#3756,.T.);
#13846 = ORIENTED_EDGE('',*,*,#3781,.T.);
#13847 = ORIENTED_EDGE('',*,*,#3806,.T.);
#13848 = ORIENTED_EDGE('',*,*,#3830,.T.);
#13849 = ORIENTED_EDGE('',*,*,#3855,.T.);
#13850 = ORIENTED_EDGE('',*,*,#3880,.T.);
#13851 = ORIENTED_EDGE('',*,*,#3905,.T.);
#13852 = ORIENTED_EDGE('',*,*,#3930,.T.);
#13853 = ORIENTED_EDGE('',*,*,#3955,.T.);
#13854 = ORIENTED_EDGE('',*,*,#3979,.T.);
#13855 = ORIENTED_EDGE('',*,*,#4004,.T.);
#13856 = ORIENTED_EDGE('',*,*,#4029,.T.);
#13857 = ORIENTED_EDGE('',*,*,#4054,.T.);
#13858 = ORIENTED_EDGE('',*,*,#4079,.T.);
#13859 = ORIENTED_EDGE('',*,*,#4104,.T.);
#13860 = ORIENTED_EDGE('',*,*,#4128,.T.);
#13861 = ORIENTED_EDGE('',*,*,#4153,.T.);
#13862 = ORIENTED_EDGE('',*,*,#4178,.T.);
#13863 = ORIENTED_EDGE('',*,*,#4203,.T.);
#13864 = ORIENTED_EDGE('',*,*,#4228,.T.);
#13865 = ORIENTED_EDGE('',*,*,#4253,.T.);
#13866 = ORIENTED_EDGE('',*,*,#4277,.T.);
#13867 = ORIENTED_EDGE('',*,*,#4302,.T.);
#13868 = ORIENTED_EDGE('',*,*,#4327,.T.);
#13869 = ORIENTED_EDGE('',*,*,#4352,.T.);
#13870 = ORIENTED_EDGE('',*,*,#4377,.T.);
#13871 = ORIENTED_EDGE('',*,*,#4402,.T.);
#13872 = ORIENTED_EDGE('',*,*,#4426,.T.);
#13873 = ORIENTED_EDGE('',*,*,#4451,.T.);
#13874 = ORIENTED_EDGE('',*,*,#4476,.T.);
#13875 = ORIENTED_EDGE('',*,*,#4501,.T.);
#13876 = ORIENTED_EDGE('',*,*,#4526,.T.);
#13877 = ORIENTED_EDGE('',*,*,#4551,.T.);
#13878 = ORIENTED_EDGE('',*,*,#4575,.T.);
#13879 = ORIENTED_EDGE('',*,*,#4600,.T.);
#13880 = ORIENTED_EDGE('',*,*,#4625,.T.);
#13881 = ORIENTED_EDGE('',*,*,#4650,.T.);
#13882 = ORIENTED_EDGE('',*,*,#4675,.T.);
#13883 = ORIENTED_EDGE('',*,*,#4700,.T.);
#13884 = ORIENTED_EDGE('',*,*,#4724,.T.);
#13885 = ORIENTED_EDGE('',*,*,#4749,.T.);
#13886 = ORIENTED_EDGE('',*,*,#4774,.T.);
#13887 = ORIENTED_EDGE('',*,*,#4799,.T.);
#13888 = ORIENTED_EDGE('',*,*,#4824,.T.);
#13889 = ORIENTED_EDGE('',*,*,#4849,.T.);
#13890 = ORIENTED_EDGE('',*,*,#4873,.T.);
#13891 = ORIENTED_EDGE('',*,*,#4898,.T.);
#13892 = ORIENTED_EDGE('',*,*,#4923,.T.);
#13893 = ORIENTED_EDGE('',*,*,#4948,.T.);
#13894 = ORIENTED_EDGE('',*,*,#4973,.T.);
#13895 = ORIENTED_EDGE('',*,*,#4998,.T.);
#13896 = ORIENTED_EDGE('',*,*,#5022,.T.);
#13897 = ORIENTED_EDGE('',*,*,#5047,.T.);
#13898 = ORIENTED_EDGE('',*,*,#5072,.T.);
#13899 = ORIENTED_EDGE('',*,*,#5097,.T.);
#13900 = ORIENTED_EDGE('',*,*,#5122,.T.);
#13901 = ORIENTED_EDGE('',*,*,#5147,.T.);
#13902 = ORIENTED_EDGE('',*,*,#5171,.T.);
#13903 = ORIENTED_EDGE('',*,*,#5196,.T.);
#13904 = ORIENTED_EDGE('',*,*,#5221,.T.);
#13905 = ORIENTED_EDGE('',*,*,#5246,.T.);
#13906 = ORIENTED_EDGE('',*,*,#5271,.T.);
#13907 = ORIENTED_EDGE('',*,*,#5296,.T.);
#13908 = ORIENTED_EDGE('',*,*,#5320,.T.);
#13909 = ORIENTED_EDGE('',*,*,#5345,.T.);
#13910 = ORIENTED_EDGE('',*,*,#5370,.T.);
#13911 = ORIENTED_EDGE('',*,*,#5395,.T.);
#13912 = ORIENTED_EDGE('',*,*,#5420,.T.);
#13913 = ORIENTED_EDGE('',*,*,#5445,.T.);
#13914 = ORIENTED_EDGE('',*,*,#5469,.T.);
#13915 = ORIENTED_EDGE('',*,*,#5494,.T.);
#13916 = ORIENTED_EDGE('',*,*,#5519,.T.);
#13917 = ORIENTED_EDGE('',*,*,#5544,.T.);
#13918 = ORIENTED_EDGE('',*,*,#5569,.T.);
#13919 = ORIENTED_EDGE('',*,*,#5594,.T.);
#13920 = ORIENTED_EDGE('',*,*,#5618,.T.);
#13921 = ORIENTED_EDGE('',*,*,#5643,.T.);
#13922 = ORIENTED_EDGE('',*,*,#5668,.T.);
#13923 = ORIENTED_EDGE('',*,*,#5693,.T.);
#13924 = ORIENTED_EDGE('',*,*,#5718,.T.);
#13925 = ORIENTED_EDGE('',*,*,#5743,.T.);
#13926 = ORIENTED_EDGE('',*,*,#5767,.T.);
#13927 = ORIENTED_EDGE('',*,*,#5792,.T.);
#13928 = ORIENTED_EDGE('',*,*,#5817,.T.);
#13929 = ORIENTED_EDGE('',*,*,#5842,.T.);
#13930 = ORIENTED_EDGE('',*,*,#5867,.T.);
#13931 = ORIENTED_EDGE('',*,*,#5892,.T.);
#13932 = ORIENTED_EDGE('',*,*,#5916,.T.);
#13933 = ORIENTED_EDGE('',*,*,#5941,.T.);
#13934 = ORIENTED_EDGE('',*,*,#5966,.T.);
#13935 = ORIENTED_EDGE('',*,*,#5991,.T.);
#13936 = ORIENTED_EDGE('',*,*,#6016,.T.);
#13937 = ORIENTED_EDGE('',*,*,#6041,.T.);
#13938 = ORIENTED_EDGE('',*,*,#6065,.T.);
#13939 = ORIENTED_EDGE('',*,*,#6090,.T.);
#13940 = ORIENTED_EDGE('',*,*,#6115,.T.);
#13941 = ORIENTED_EDGE('',*,*,#6140,.T.);
#13942 = ORIENTED_EDGE('',*,*,#6165,.T.);
#13943 = ORIENTED_EDGE('',*,*,#6190,.T.);
#13944 = ORIENTED_EDGE('',*,*,#6214,.T.);
#13945 = ORIENTED_EDGE('',*,*,#6239,.T.);
#13946 = ORIENTED_EDGE('',*,*,#6264,.T.);
#13947 = ORIENTED_EDGE('',*,*,#6289,.T.);
#13948 = ORIENTED_EDGE('',*,*,#6314,.T.);
#13949 = ORIENTED_EDGE('',*,*,#6339,.T.);
#13950 = ORIENTED_EDGE('',*,*,#6363,.T.);
#13951 = ORIENTED_EDGE('',*,*,#6388,.T.);
#13952 = ORIENTED_EDGE('',*,*,#6413,.T.);
#13953 = ORIENTED_EDGE('',*,*,#6438,.T.);
#13954 = ORIENTED_EDGE('',*,*,#6463,.T.);
#13955 = ORIENTED_EDGE('',*,*,#6488,.T.);
#13956 = ORIENTED_EDGE('',*,*,#6512,.T.);
#13957 = ORIENTED_EDGE('',*,*,#6537,.T.);
#13958 = ORIENTED_EDGE('',*,*,#6562,.T.);
#13959 = ORIENTED_EDGE('',*,*,#6587,.T.);
#13960 = ORIENTED_EDGE('',*,*,#6612,.T.);
#13961 = ORIENTED_EDGE('',*,*,#6637,.T.);
#13962 = ORIENTED_EDGE('',*,*,#6661,.T.);
#13963 = ORIENTED_EDGE('',*,*,#6686,.T.);
#13964 = ORIENTED_EDGE('',*,*,#6711,.T.);
#13965 = ORIENTED_EDGE('',*,*,#6736,.T.);
#13966 = ORIENTED_EDGE('',*,*,#6761,.T.);
#13967 = ORIENTED_EDGE('',*,*,#6786,.T.);
#13968 = ORIENTED_EDGE('',*,*,#6810,.T.);
#13969 = ORIENTED_EDGE('',*,*,#6835,.T.);
#13970 = ORIENTED_EDGE('',*,*,#6860,.T.);
#13971 = ORIENTED_EDGE('',*,*,#6885,.T.);
#13972 = ORIENTED_EDGE('',*,*,#6910,.T.);
#13973 = ORIENTED_EDGE('',*,*,#6935,.T.);
#13974 = ORIENTED_EDGE('',*,*,#6959,.T.);
#13975 = ORIENTED_EDGE('',*,*,#6984,.T.);
#13976 = ORIENTED_EDGE('',*,*,#7009,.T.);
#13977 = ORIENTED_EDGE('',*,*,#7034,.T.);
#13978 = ORIENTED_EDGE('',*,*,#7059,.T.);
#13979 = ORIENTED_EDGE('',*,*,#7084,.T.);
#13980 = ORIENTED_EDGE('',*,*,#7108,.T.);
#13981 = ORIENTED_EDGE('',*,*,#7133,.T.);
#13982 = ORIENTED_EDGE('',*,*,#7158,.T.);
#13983 = ORIENTED_EDGE('',*,*,#7183,.T.);
#13984 = ORIENTED_EDGE('',*,*,#7208,.T.);
#13985 = ORIENTED_EDGE('',*,*,#7233,.T.);
#13986 = ORIENTED_EDGE('',*,*,#7257,.T.);
#13987 = ORIENTED_EDGE('',*,*,#7282,.T.);
#13988 = ORIENTED_EDGE('',*,*,#7307,.T.);
#13989 = ORIENTED_EDGE('',*,*,#7332,.T.);
#13990 = ORIENTED_EDGE('',*,*,#7357,.T.);
#13991 = ORIENTED_EDGE('',*,*,#7382,.T.);
#13992 = ORIENTED_EDGE('',*,*,#7406,.T.);
#13993 = ORIENTED_EDGE('',*,*,#7431,.T.);
#13994 = ORIENTED_EDGE('',*,*,#7456,.T.);
#13995 = ORIENTED_EDGE('',*,*,#7481,.T.);
#13996 = ORIENTED_EDGE('',*,*,#7506,.T.);
#13997 = ORIENTED_EDGE('',*,*,#7531,.T.);
#13998 = ORIENTED_EDGE('',*,*,#7555,.T.);
#13999 = ORIENTED_EDGE('',*,*,#7580,.T.);
#14000 = ORIENTED_EDGE('',*,*,#7605,.T.);
#14001 = ORIENTED_EDGE('',*,*,#7630,.T.);
#14002 = ORIENTED_EDGE('',*,*,#7655,.T.);
#14003 = ORIENTED_EDGE('',*,*,#7680,.T.);
#14004 = ORIENTED_EDGE('',*,*,#7704,.T.);
#14005 = ORIENTED_EDGE('',*,*,#7729,.T.);
#14006 = ORIENTED_EDGE('',*,*,#7754,.T.);
#14007 = ORIENTED_EDGE('',*,*,#7779,.T.);
#14008 = ORIENTED_EDGE('',*,*,#7804,.T.);
#14009 = ORIENTED_EDGE('',*,*,#7829,.T.);
#14010 = ORIENTED_EDGE('',*,*,#7853,.T.);
#14011 = ORIENTED_EDGE('',*,*,#7878,.T.);
#14012 = ORIENTED_EDGE('',*,*,#7903,.T.);
#14013 = ORIENTED_EDGE('',*,*,#7928,.T.);
#14014 = ORIENTED_EDGE('',*,*,#7953,.T.);
#14015 = ORIENTED_EDGE('',*,*,#7978,.T.);
#14016 = ORIENTED_EDGE('',*,*,#8002,.T.);
#14017 = ORIENTED_EDGE('',*,*,#8027,.T.);
#14018 = ORIENTED_EDGE('',*,*,#8052,.T.);
#14019 = ORIENTED_EDGE('',*,*,#8077,.T.);
#14020 = ORIENTED_EDGE('',*,*,#8102,.T.);
#14021 = ORIENTED_EDGE('',*,*,#8127,.T.);
#14022 = ORIENTED_EDGE('',*,*,#8151,.T.);
#14023 = ORIENTED_EDGE('',*,*,#8176,.T.);
#14024 = ORIENTED_EDGE('',*,*,#8201,.T.);
#14025 = ORIENTED_EDGE('',*,*,#8226,.T.);
#14026 = ORIENTED_EDGE('',*,*,#8251,.T.);
#14027 = ORIENTED_EDGE('',*,*,#8276,.T.);
#14028 = ORIENTED_EDGE('',*,*,#8300,.T.);
#14029 = ORIENTED_EDGE('',*,*,#8325,.T.);
#14030 = ORIENTED_EDGE('',*,*,#8350,.T.);
#14031 = ORIENTED_EDGE('',*,*,#8375,.T.);
#14032 = ORIENTED_EDGE('',*,*,#8400,.T.);
#14033 = ORIENTED_EDGE('',*,*,#8425,.T.);
#14034 = ORIENTED_EDGE('',*,*,#8449,.T.);
#14035 = ORIENTED_EDGE('',*,*,#8474,.T.);
#14036 = ORIENTED_EDGE('',*,*,#8499,.T.);
#14037 = ORIENTED_EDGE('',*,*,#8524,.T.);
#14038 = ORIENTED_EDGE('',*,*,#8549,.T.);
#14039 = ORIENTED_EDGE('',*,*,#8574,.T.);
#14040 = ORIENTED_EDGE('',*,*,#8598,.T.);
#14041 = ORIENTED_EDGE('',*,*,#8623,.T.);
#14042 = ORIENTED_EDGE('',*,*,#8648,.T.);
#14043 = ORIENTED_EDGE('',*,*,#8673,.T.);
#14044 = ORIENTED_EDGE('',*,*,#8698,.T.);
#14045 = ORIENTED_EDGE('',*,*,#8723,.T.);
#14046 = ORIENTED_EDGE('',*,*,#8747,.T.);
#14047 = ORIENTED_EDGE('',*,*,#8772,.T.);
#14048 = ORIENTED_EDGE('',*,*,#8797,.T.);
#14049 = ORIENTED_EDGE('',*,*,#8822,.T.);
#14050 = ORIENTED_EDGE('',*,*,#8847,.T.);
#14051 = ORIENTED_EDGE('',*,*,#8872,.T.);
#14052 = ORIENTED_EDGE('',*,*,#8896,.T.);
#14053 = ORIENTED_EDGE('',*,*,#8921,.T.);
#14054 = ORIENTED_EDGE('',*,*,#8946,.T.);
#14055 = ORIENTED_EDGE('',*,*,#8971,.T.);
#14056 = ORIENTED_EDGE('',*,*,#8996,.T.);
#14057 = ORIENTED_EDGE('',*,*,#9021,.T.);
#14058 = ORIENTED_EDGE('',*,*,#9045,.T.);
#14059 = ORIENTED_EDGE('',*,*,#9070,.T.);
#14060 = ORIENTED_EDGE('',*,*,#9095,.T.);
#14061 = ORIENTED_EDGE('',*,*,#9120,.T.);
#14062 = ORIENTED_EDGE('',*,*,#9145,.T.);
#14063 = ORIENTED_EDGE('',*,*,#9170,.T.);
#14064 = ORIENTED_EDGE('',*,*,#9194,.T.);
#14065 = ORIENTED_EDGE('',*,*,#9219,.T.);
#14066 = ORIENTED_EDGE('',*,*,#9244,.T.);
#14067 = ORIENTED_EDGE('',*,*,#9269,.T.);
#14068 = ORIENTED_EDGE('',*,*,#9294,.T.);
#14069 = ORIENTED_EDGE('',*,*,#9319,.T.);
#14070 = ORIENTED_EDGE('',*,*,#9343,.T.);
#14071 = ORIENTED_EDGE('',*,*,#9368,.T.);
#14072 = ORIENTED_EDGE('',*,*,#9393,.T.);
#14073 = ORIENTED_EDGE('',*,*,#9418,.T.);
#14074 = ORIENTED_EDGE('',*,*,#9443,.T.);
#14075 = ORIENTED_EDGE('',*,*,#9468,.T.);
#14076 = ORIENTED_EDGE('',*,*,#9492,.T.);
#14077 = ORIENTED_EDGE('',*,*,#9517,.T.);
#14078 = ORIENTED_EDGE('',*,*,#9542,.T.);
#14079 = ORIENTED_EDGE('',*,*,#9567,.T.);
#14080 = ORIENTED_EDGE('',*,*,#9592,.T.);
#14081 = ORIENTED_EDGE('',*,*,#9617,.T.);
#14082 = ORIENTED_EDGE('',*,*,#9641,.T.);
#14083 = ORIENTED_EDGE('',*,*,#9666,.T.);
#14084 = ORIENTED_EDGE('',*,*,#9691,.T.);
#14085 = ORIENTED_EDGE('',*,*,#9716,.T.);
#14086 = ORIENTED_EDGE('',*,*,#9741,.T.);
#14087 = ORIENTED_EDGE('',*,*,#9766,.T.);
#14088 = ORIENTED_EDGE('',*,*,#9790,.T.);
#14089 = ORIENTED_EDGE('',*,*,#9815,.T.);
#14090 = ORIENTED_EDGE('',*,*,#9840,.T.);
#14091 = ORIENTED_EDGE('',*,*,#9865,.T.);
#14092 = ORIENTED_EDGE('',*,*,#9890,.T.);
#14093 = ORIENTED_EDGE('',*,*,#9915,.T.);
#14094 = ORIENTED_EDGE('',*,*,#9939,.T.);
#14095 = ORIENTED_EDGE('',*,*,#9964,.T.);
#14096 = ORIENTED_EDGE('',*,*,#9989,.T.);
#14097 = ORIENTED_EDGE('',*,*,#10014,.T.);
#14098 = ORIENTED_EDGE('',*,*,#10039,.T.);
#14099 = ORIENTED_EDGE('',*,*,#10064,.T.);
#14100 = ORIENTED_EDGE('',*,*,#10088,.T.);
#14101 = ORIENTED_EDGE('',*,*,#10113,.T.);
#14102 = ORIENTED_EDGE('',*,*,#10138,.T.);
#14103 = ORIENTED_EDGE('',*,*,#10163,.T.);
#14104 = ORIENTED_EDGE('',*,*,#10188,.T.);
#14105 = ORIENTED_EDGE('',*,*,#10213,.T.);
#14106 = ORIENTED_EDGE('',*,*,#10237,.T.);
#14107 = ORIENTED_EDGE('',*,*,#10262,.T.);
#14108 = ORIENTED_EDGE('',*,*,#10287,.T.);
#14109 = ORIENTED_EDGE('',*,*,#10312,.T.);
#14110 = ORIENTED_EDGE('',*,*,#10337,.T.);
#14111 = ORIENTED_EDGE('',*,*,#10362,.T.);
#14112 = ORIENTED_EDGE('',*,*,#10386,.T.);
#14113 = ORIENTED_EDGE('',*,*,#10411,.T.);
#14114 = ORIENTED_EDGE('',*,*,#10436,.T.);
#14115 = ORIENTED_EDGE('',*,*,#10461,.T.);
#14116 = ORIENTED_EDGE('',*,*,#10486,.T.);
#14117 = ORIENTED_EDGE('',*,*,#10511,.T.);
#14118 = ORIENTED_EDGE('',*,*,#10535,.T.);
#14119 = ORIENTED_EDGE('',*,*,#10560,.T.);
#14120 = ORIENTED_EDGE('',*,*,#10585,.T.);
#14121 = ORIENTED_EDGE('',*,*,#10610,.T.);
#14122 = ORIENTED_EDGE('',*,*,#10635,.T.);
#14123 = ORIENTED_EDGE('',*,*,#10660,.T.);
#14124 = ORIENTED_EDGE('',*,*,#10684,.T.);
#14125 = ORIENTED_EDGE('',*,*,#10709,.T.);
#14126 = ORIENTED_EDGE('',*,*,#10734,.T.);
#14127 = ORIENTED_EDGE('',*,*,#10759,.T.);
#14128 = ORIENTED_EDGE('',*,*,#10784,.T.);
#14129 = ORIENTED_EDGE('',*,*,#10809,.T.);
#14130 = ORIENTED_EDGE('',*,*,#10833,.T.);
#14131 = ORIENTED_EDGE('',*,*,#10858,.T.);
#14132 = ORIENTED_EDGE('',*,*,#10883,.T.);
#14133 = ORIENTED_EDGE('',*,*,#10908,.T.);
#14134 = ORIENTED_EDGE('',*,*,#10933,.T.);
#14135 = ORIENTED_EDGE('',*,*,#10958,.T.);
#14136 = ORIENTED_EDGE('',*,*,#10982,.T.);
#14137 = ORIENTED_EDGE('',*,*,#11007,.T.);
#14138 = ORIENTED_EDGE('',*,*,#11032,.T.);
#14139 = ORIENTED_EDGE('',*,*,#11057,.T.);
#14140 = ORIENTED_EDGE('',*,*,#11082,.T.);
#14141 = ORIENTED_EDGE('',*,*,#11107,.T.);
#14142 = ORIENTED_EDGE('',*,*,#11131,.T.);
#14143 = ORIENTED_EDGE('',*,*,#11156,.T.);
#14144 = ORIENTED_EDGE('',*,*,#11181,.T.);
#14145 = ORIENTED_EDGE('',*,*,#11206,.T.);
#14146 = ORIENTED_EDGE('',*,*,#11231,.T.);
#14147 = ORIENTED_EDGE('',*,*,#11256,.T.);
#14148 = ORIENTED_EDGE('',*,*,#11280,.T.);
#14149 = ORIENTED_EDGE('',*,*,#11305,.T.);
#14150 = ORIENTED_EDGE('',*,*,#11330,.T.);
#14151 = ORIENTED_EDGE('',*,*,#11355,.T.);
#14152 = ORIENTED_EDGE('',*,*,#11380,.T.);
#14153 = ORIENTED_EDGE('',*,*,#11405,.T.);
#14154 = ORIENTED_EDGE('',*,*,#11429,.T.);
#14155 = ORIENTED_EDGE('',*,*,#11454,.T.);
#14156 = ORIENTED_EDGE('',*,*,#11479,.T.);
#14157 = ORIENTED_EDGE('',*,*,#11504,.T.);
#14158 = ORIENTED_EDGE('',*,*,#11529,.T.);
#14159 = ORIENTED_EDGE('',*,*,#11554,.T.);
#14160 = ORIENTED_EDGE('',*,*,#11578,.T.);
#14161 = ORIENTED_EDGE('',*,*,#11603,.T.);
#14162 = ORIENTED_EDGE('',*,*,#11628,.T.);
#14163 = ORIENTED_EDGE('',*,*,#11653,.T.);
#14164 = ORIENTED_EDGE('',*,*,#11678,.T.);
#14165 = ORIENTED_EDGE('',*,*,#11703,.T.);
#14166 = ORIENTED_EDGE('',*,*,#11727,.T.);
#14167 = ORIENTED_EDGE('',*,*,#11752,.T.);
#14168 = ORIENTED_EDGE('',*,*,#11777,.T.);
#14169 = ORIENTED_EDGE('',*,*,#11802,.T.);
#14170 = ORIENTED_EDGE('',*,*,#11827,.T.);
#14171 = ORIENTED_EDGE('',*,*,#11852,.T.);
#14172 = ORIENTED_EDGE('',*,*,#11876,.T.);
#14173 = ORIENTED_EDGE('',*,*,#11901,.T.);
#14174 = ORIENTED_EDGE('',*,*,#11926,.T.);
#14175 = ORIENTED_EDGE('',*,*,#11951,.T.);
#14176 = ORIENTED_EDGE('',*,*,#11976,.T.);
#14177 = ORIENTED_EDGE('',*,*,#12001,.T.);
#14178 = ORIENTED_EDGE('',*,*,#12025,.T.);
#14179 = ORIENTED_EDGE('',*,*,#12050,.T.);
#14180 = ORIENTED_EDGE('',*,*,#12075,.T.);
#14181 = ORIENTED_EDGE('',*,*,#12100,.T.);
#14182 = ORIENTED_EDGE('',*,*,#12125,.T.);
#14183 = ORIENTED_EDGE('',*,*,#12150,.T.);
#14184 = ORIENTED_EDGE('',*,*,#12174,.T.);
#14185 = ORIENTED_EDGE('',*,*,#12199,.T.);
#14186 = ORIENTED_EDGE('',*,*,#12224,.T.);
#14187 = ORIENTED_EDGE('',*,*,#12249,.T.);
#14188 = ORIENTED_EDGE('',*,*,#12274,.T.);
#14189 = ORIENTED_EDGE('',*,*,#12299,.T.);
#14190 = ORIENTED_EDGE('',*,*,#12323,.T.);
#14191 = ORIENTED_EDGE('',*,*,#12348,.T.);
#14192 = ORIENTED_EDGE('',*,*,#12373,.T.);
#14193 = ORIENTED_EDGE('',*,*,#12398,.T.);
#14194 = ORIENTED_EDGE('',*,*,#12423,.T.);
#14195 = ORIENTED_EDGE('',*,*,#12448,.T.);
#14196 = ORIENTED_EDGE('',*,*,#12472,.T.);
#14197 = ORIENTED_EDGE('',*,*,#12497,.T.);
#14198 = ORIENTED_EDGE('',*,*,#12522,.T.);
#14199 = ORIENTED_EDGE('',*,*,#12547,.T.);
#14200 = ORIENTED_EDGE('',*,*,#12572,.T.);
#14201 = ORIENTED_EDGE('',*,*,#12597,.T.);
#14202 = ORIENTED_EDGE('',*,*,#12621,.T.);
#14203 = ORIENTED_EDGE('',*,*,#12646,.T.);
#14204 = ORIENTED_EDGE('',*,*,#12671,.T.);
#14205 = ORIENTED_EDGE('',*,*,#12696,.T.);
#14206 = ORIENTED_EDGE('',*,*,#12721,.T.);
#14207 = ORIENTED_EDGE('',*,*,#12746,.T.);
#14208 = ORIENTED_EDGE('',*,*,#12770,.T.);
#14209 = ORIENTED_EDGE('',*,*,#12795,.T.);
#14210 = ORIENTED_EDGE('',*,*,#12820,.T.);
#14211 = ORIENTED_EDGE('',*,*,#12845,.T.);
#14212 = ORIENTED_EDGE('',*,*,#12870,.T.);
#14213 = ORIENTED_EDGE('',*,*,#12895,.T.);
#14214 = ORIENTED_EDGE('',*,*,#12919,.T.);
#14215 = ORIENTED_EDGE('',*,*,#12944,.T.);
#14216 = ORIENTED_EDGE('',*,*,#12969,.T.);
#14217 = ORIENTED_EDGE('',*,*,#12994,.T.);
#14218 = ORIENTED_EDGE('',*,*,#13019,.T.);
#14219 = ORIENTED_EDGE('',*,*,#13044,.T.);
#14220 = ORIENTED_EDGE('',*,*,#13068,.T.);
#14221 = ORIENTED_EDGE('',*,*,#13093,.T.);
#14222 = ORIENTED_EDGE('',*,*,#13118,.T.);
#14223 = ORIENTED_EDGE('',*,*,#13143,.T.);
#14224 = ORIENTED_EDGE('',*,*,#13168,.T.);
#14225 = ORIENTED_EDGE('',*,*,#13193,.T.);
#14226 = ORIENTED_EDGE('',*,*,#13217,.T.);
#14227 = ORIENTED_EDGE('',*,*,#13242,.T.);
#14228 = ORIENTED_EDGE('',*,*,#13267,.T.);
#14229 = ORIENTED_EDGE('',*,*,#13292,.T.);
#14230 = ORIENTED_EDGE('',*,*,#13317,.T.);
#14231 = ORIENTED_EDGE('',*,*,#13342,.T.);
#14232 = ORIENTED_EDGE('',*,*,#13375,.T.);
#14233 = ORIENTED_EDGE('',*,*,#14234,.T.);
#14234 = EDGE_CURVE('',#13368,#14235,#14237,.T.);
#14235 = VERTEX_POINT('',#14236);
#14236 = CARTESIAN_POINT('',(21.098521116378,4.302454025392,-1.));
#14237 = CIRCLE('',#14238,1.469292842572);
#14238 = AXIS2_PLACEMENT_3D('',#14239,#14240,#14241);
#14239 = CARTESIAN_POINT('',(22.014357472581,3.153513110509,-1.));
#14240 = DIRECTION('',(0.,0.,1.));
#14241 = DIRECTION('',(-0.405217442585,0.914220336804,0.));
#14242 = ORIENTED_EDGE('',*,*,#14243,.T.);
#14243 = EDGE_CURVE('',#14235,#14244,#14246,.T.);
#14244 = VERTEX_POINT('',#14245);
#14245 = CARTESIAN_POINT('',(21.264945214372,3.385381657748,-1.));
#14246 = CIRCLE('',#14247,0.559359353945);
#14247 = AXIS2_PLACEMENT_3D('',#14248,#14249,#14250);
#14248 = CARTESIAN_POINT('',(21.486120987231,3.899156087187,-1.));
#14249 = DIRECTION('',(0.,0.,1.));
#14250 = DIRECTION('',(-0.692935352059,0.720999721128,0.));
#14251 = ORIENTED_EDGE('',*,*,#14252,.T.);
#14252 = EDGE_CURVE('',#14244,#14253,#14255,.T.);
#14253 = VERTEX_POINT('',#14254);
#14254 = CARTESIAN_POINT('',(21.633242658264,3.31605500159,-1.));
#14255 = CIRCLE('',#14256,1.469292842572);
#14256 = AXIS2_PLACEMENT_3D('',#14257,#14258,#14259);
#14257 = CARTESIAN_POINT('',(21.718674235002,4.782862045114,-1.));
#14258 = DIRECTION('',(0.,0.,1.));
#14259 = DIRECTION('',(-0.308807752602,-0.951124477622,0.));
#14260 = ORIENTED_EDGE('',*,*,#14261,.T.);
#14261 = EDGE_CURVE('',#14253,#14262,#14264,.T.);
#14262 = VERTEX_POINT('',#14263);
#14263 = CARTESIAN_POINT('',(21.807615630773,3.19524909752,-1.));
#14264 = CIRCLE('',#14265,0.15);
#14265 = AXIS2_PLACEMENT_3D('',#14266,#14267,#14268);
#14266 = CARTESIAN_POINT('',(21.660026192484,3.1684655633,-1.));
#14267 = DIRECTION('',(0.,0.,-1.));
#14268 = DIRECTION('',(-0.178556894799,0.983929588599,0.));
#14269 = ORIENTED_EDGE('',*,*,#14270,.T.);
#14270 = EDGE_CURVE('',#14262,#14271,#14273,.T.);
#14271 = VERTEX_POINT('',#14272);
#14272 = CARTESIAN_POINT('',(21.8717855391,2.72152781106,-1.));
#14273 = LINE('',#14274,#14275);
#14274 = CARTESIAN_POINT('',(21.807615630773,3.19524909752,-1.));
#14275 = VECTOR('',#14276,1.);
#14276 = DIRECTION('',(0.134233265818,-0.990949761768,0.));
#14277 = ORIENTED_EDGE('',*,*,#14278,.T.);
#14278 = EDGE_CURVE('',#14271,#14279,#14281,.T.);
#14279 = VERTEX_POINT('',#14280);
#14280 = CARTESIAN_POINT('',(21.735835291336,2.558685770625,-1.));
#14281 = CIRCLE('',#14282,0.15);
#14282 = AXIS2_PLACEMENT_3D('',#14283,#14284,#14285);
#14283 = CARTESIAN_POINT('',(21.722389395001,2.708081914725,-1.));
#14284 = DIRECTION('',(0.,0.,-1.));
#14285 = DIRECTION('',(0.995974293995,8.963930890344E-02,0.));
#14286 = ORIENTED_EDGE('',*,*,#14287,.T.);
#14287 = EDGE_CURVE('',#14279,#14288,#14290,.T.);
#14288 = VERTEX_POINT('',#14289);
#14289 = CARTESIAN_POINT('',(21.399253678653,2.39387675863,-1.));
#14290 = CIRCLE('',#14291,1.469292842572);
#14291 = AXIS2_PLACEMENT_3D('',#14292,#14293,#14294);
#14292 = CARTESIAN_POINT('',(22.208412877356,1.167466204049,-1.));
#14293 = DIRECTION('',(0.,0.,1.));
#14294 = DIRECTION('',(-0.321636077116,0.946863366013,0.));
#14295 = ORIENTED_EDGE('',*,*,#14296,.T.);
#14296 = EDGE_CURVE('',#14288,#14297,#14299,.T.);
#14297 = VERTEX_POINT('',#14298);
#14298 = CARTESIAN_POINT('',(21.482802068907,1.465578113594,-1.));
#14299 = CIRCLE('',#14300,0.559359353945);
#14300 = AXIS2_PLACEMENT_3D('',#14301,#14302,#14303);
#14301 = CARTESIAN_POINT('',(21.749141837916,1.957458194802,-1.));
#14302 = DIRECTION('',(0.,0.,1.));
#14303 = DIRECTION('',(-0.62551588133,0.780211434295,0.));
#14304 = ORIENTED_EDGE('',*,*,#14305,.T.);
#14305 = EDGE_CURVE('',#14297,#14306,#14308,.T.);
#14306 = VERTEX_POINT('',#14307);
#14307 = CARTESIAN_POINT('',(21.84340246202,1.363516617831,-1.));
#14308 = CIRCLE('',#14309,1.469292842572);
#14309 = AXIS2_PLACEMENT_3D('',#14310,#14311,#14312);
#14310 = CARTESIAN_POINT('',(22.059973686023,2.816760699934,-1.));
#14311 = DIRECTION('',(0.,0.,1.));
#14312 = DIRECTION('',(-0.392822724234,-0.919614216574,0.));
#14313 = ORIENTED_EDGE('',*,*,#14314,.T.);
#14314 = EDGE_CURVE('',#14306,#13700,#14315,.T.);
#14315 = CIRCLE('',#14316,0.15);
#14316 = AXIS2_PLACEMENT_3D('',#14317,#14318,#14319);
#14317 = CARTESIAN_POINT('',(21.856848358356,1.214120473732,-1.));
#14318 = DIRECTION('',(0.,0.,-1.));
#14319 = DIRECTION('',(-8.963930890344E-02,0.995974293995,0.));
#14320 = PLANE('',#14321);
#14321 = AXIS2_PLACEMENT_3D('',#14322,#14323,#14324);
#14322 = CARTESIAN_POINT('',(0.,-4.4E-16,-1.));
#14323 = DIRECTION('',(0.,4.4E-16,1.));
#14324 = DIRECTION('',(-1.,-1.2E-16,5.28E-32));
#14325 = ADVANCED_FACE('',(#14326),#14337,.F.);
#14326 = FACE_BOUND('',#14327,.F.);
#14327 = EDGE_LOOP('',(#14328,#14329,#14330,#14336));
#14328 = ORIENTED_EDGE('',*,*,#13367,.T.);
#14329 = ORIENTED_EDGE('',*,*,#13392,.T.);
#14330 = ORIENTED_EDGE('',*,*,#14331,.F.);
#14331 = EDGE_CURVE('',#14235,#13393,#14332,.T.);
#14332 = LINE('',#14333,#14334);
#14333 = CARTESIAN_POINT('',(21.098521116378,4.302454025392,-1.));
#14334 = VECTOR('',#14335,1.);
#14335 = DIRECTION('',(0.,-2.2E-16,-1.));
#14336 = ORIENTED_EDGE('',*,*,#14234,.F.);
#14337 = CYLINDRICAL_SURFACE('',#14338,1.469292842572);
#14338 = AXIS2_PLACEMENT_3D('',#14339,#14340,#14341);
#14339 = CARTESIAN_POINT('',(22.014357472581,3.153513110509,-1.));
#14340 = DIRECTION('',(0.,2.2E-16,1.));
#14341 = DIRECTION('',(-0.405217442585,0.914220336804,
    -2.011284740968E-16));
#14342 = ADVANCED_FACE('',(#14343),#14354,.F.);
#14343 = FACE_BOUND('',#14344,.F.);
#14344 = EDGE_LOOP('',(#14345,#14351,#14352,#14353));
#14345 = ORIENTED_EDGE('',*,*,#14346,.T.);
#14346 = EDGE_CURVE('',#13825,#13605,#14347,.T.);
#14347 = LINE('',#14348,#14349);
#14348 = CARTESIAN_POINT('',(21.264945214372,-3.385381657748,-1.));
#14349 = VECTOR('',#14350,1.);
#14350 = DIRECTION('',(0.,-2.2E-16,-1.));
#14351 = ORIENTED_EDGE('',*,*,#13613,.T.);
#14352 = ORIENTED_EDGE('',*,*,#13663,.F.);
#14353 = ORIENTED_EDGE('',*,*,#13833,.F.);
#14354 = CYLINDRICAL_SURFACE('',#14355,0.559359353945);
#14355 = AXIS2_PLACEMENT_3D('',#14356,#14357,#14358);
#14356 = CARTESIAN_POINT('',(21.486120987231,-3.899156087187,-1.));
#14357 = DIRECTION('',(0.,2.2E-16,1.));
#14358 = DIRECTION('',(-0.395409089522,0.918505118071,
    -2.020711259757E-16));
#14359 = ADVANCED_FACE('',(#14360),#14371,.F.);
#14360 = FACE_BOUND('',#14361,.F.);
#14361 = EDGE_LOOP('',(#14362,#14368,#14369,#14370));
#14362 = ORIENTED_EDGE('',*,*,#14363,.T.);
#14363 = EDGE_CURVE('',#13816,#13596,#14364,.T.);
#14364 = LINE('',#14365,#14366);
#14365 = CARTESIAN_POINT('',(21.633242658264,-3.31605500159,-1.));
#14366 = VECTOR('',#14367,1.);
#14367 = DIRECTION('',(0.,-2.2E-16,-1.));
#14368 = ORIENTED_EDGE('',*,*,#13604,.T.);
#14369 = ORIENTED_EDGE('',*,*,#14346,.F.);
#14370 = ORIENTED_EDGE('',*,*,#13824,.F.);
#14371 = CYLINDRICAL_SURFACE('',#14372,1.469292842572);
#14372 = AXIS2_PLACEMENT_3D('',#14373,#14374,#14375);
#14373 = CARTESIAN_POINT('',(21.718674235002,-4.782862045114,-1.));
#14374 = DIRECTION('',(0.,2.2E-16,1.));
#14375 = DIRECTION('',(-5.814468992336E-02,0.998308166366,
    -2.196277966006E-16));
#14376 = ADVANCED_FACE('',(#14377),#14388,.T.);
#14377 = FACE_BOUND('',#14378,.F.);
#14378 = EDGE_LOOP('',(#14379,#14385,#14386,#14387));
#14379 = ORIENTED_EDGE('',*,*,#14380,.T.);
#14380 = EDGE_CURVE('',#13808,#13588,#14381,.T.);
#14381 = LINE('',#14382,#14383);
#14382 = CARTESIAN_POINT('',(21.807615630773,-3.19524909752,-1.));
#14383 = VECTOR('',#14384,1.);
#14384 = DIRECTION('',(0.,-2.2E-16,-1.));
#14385 = ORIENTED_EDGE('',*,*,#13595,.T.);
#14386 = ORIENTED_EDGE('',*,*,#14363,.F.);
#14387 = ORIENTED_EDGE('',*,*,#13815,.F.);
#14388 = CYLINDRICAL_SURFACE('',#14389,0.15);
#14389 = AXIS2_PLACEMENT_3D('',#14390,#14391,#14392);
#14390 = CARTESIAN_POINT('',(21.660026192484,-3.1684655633,-1.));
#14391 = DIRECTION('',(0.,2.2E-16,1.));
#14392 = DIRECTION('',(0.983929588599,-0.178556894799,3.92825168557E-17)
  );
#14393 = ADVANCED_FACE('',(#14394),#14405,.F.);
#14394 = FACE_BOUND('',#14395,.F.);
#14395 = EDGE_LOOP('',(#14396,#14402,#14403,#14404));
#14396 = ORIENTED_EDGE('',*,*,#14397,.T.);
#14397 = EDGE_CURVE('',#13799,#13579,#14398,.T.);
#14398 = LINE('',#14399,#14400);
#14399 = CARTESIAN_POINT('',(21.8717855391,-2.72152781106,-1.));
#14400 = VECTOR('',#14401,1.);
#14401 = DIRECTION('',(0.,-2.2E-16,-1.));
#14402 = ORIENTED_EDGE('',*,*,#13587,.T.);
#14403 = ORIENTED_EDGE('',*,*,#14380,.F.);
#14404 = ORIENTED_EDGE('',*,*,#13807,.F.);
#14405 = PLANE('',#14406);
#14406 = AXIS2_PLACEMENT_3D('',#14407,#14408,#14409);
#14407 = CARTESIAN_POINT('',(21.8717855391,-2.72152781106,-1.));
#14408 = DIRECTION('',(-0.990949761768,0.134233265818,-3.E-17));
#14409 = DIRECTION('',(-0.134233265818,-0.990949761768,2.2E-16));
#14410 = ADVANCED_FACE('',(#14411),#14422,.T.);
#14411 = FACE_BOUND('',#14412,.F.);
#14412 = EDGE_LOOP('',(#14413,#14419,#14420,#14421));
#14413 = ORIENTED_EDGE('',*,*,#14414,.T.);
#14414 = EDGE_CURVE('',#13790,#13570,#14415,.T.);
#14415 = LINE('',#14416,#14417);
#14416 = CARTESIAN_POINT('',(21.735835291336,-2.558685770625,-1.));
#14417 = VECTOR('',#14418,1.);
#14418 = DIRECTION('',(0.,-2.2E-16,-1.));
#14419 = ORIENTED_EDGE('',*,*,#13578,.T.);
#14420 = ORIENTED_EDGE('',*,*,#14397,.F.);
#14421 = ORIENTED_EDGE('',*,*,#13798,.F.);
#14422 = CYLINDRICAL_SURFACE('',#14423,0.15);
#14423 = AXIS2_PLACEMENT_3D('',#14424,#14425,#14426);
#14424 = CARTESIAN_POINT('',(21.722389395001,-2.708081914725,-1.));
#14425 = DIRECTION('',(0.,2.2E-16,1.));
#14426 = DIRECTION('',(8.963930890343E-02,0.995974293995,
    -2.19114344679E-16));
#14427 = ADVANCED_FACE('',(#14428),#14439,.F.);
#14428 = FACE_BOUND('',#14429,.F.);
#14429 = EDGE_LOOP('',(#14430,#14436,#14437,#14438));
#14430 = ORIENTED_EDGE('',*,*,#14431,.T.);
#14431 = EDGE_CURVE('',#13781,#13561,#14432,.T.);
#14432 = LINE('',#14433,#14434);
#14433 = CARTESIAN_POINT('',(21.399253678653,-2.39387675863,-1.));
#14434 = VECTOR('',#14435,1.);
#14435 = DIRECTION('',(0.,-2.2E-16,-1.));
#14436 = ORIENTED_EDGE('',*,*,#13569,.T.);
#14437 = ORIENTED_EDGE('',*,*,#14414,.F.);
#14438 = ORIENTED_EDGE('',*,*,#13789,.F.);
#14439 = CYLINDRICAL_SURFACE('',#14440,1.469292842572);
#14440 = AXIS2_PLACEMENT_3D('',#14441,#14442,#14443);
#14441 = CARTESIAN_POINT('',(22.208412877356,-1.167466204049,-1.));
#14442 = DIRECTION('',(0.,2.2E-16,1.));
#14443 = DIRECTION('',(-0.550713360372,-0.834694431938,
    1.836327750263E-16));
#14444 = ADVANCED_FACE('',(#14445),#14456,.F.);
#14445 = FACE_BOUND('',#14446,.F.);
#14446 = EDGE_LOOP('',(#14447,#14453,#14454,#14455));
#14447 = ORIENTED_EDGE('',*,*,#14448,.T.);
#14448 = EDGE_CURVE('',#13772,#13552,#14449,.T.);
#14449 = LINE('',#14450,#14451);
#14450 = CARTESIAN_POINT('',(21.482802068907,-1.465578113594,-1.));
#14451 = VECTOR('',#14452,1.);
#14452 = DIRECTION('',(0.,-2.2E-16,-1.));
#14453 = ORIENTED_EDGE('',*,*,#13560,.T.);
#14454 = ORIENTED_EDGE('',*,*,#14431,.F.);
#14455 = ORIENTED_EDGE('',*,*,#13780,.F.);
#14456 = CYLINDRICAL_SURFACE('',#14457,0.559359353945);
#14457 = AXIS2_PLACEMENT_3D('',#14458,#14459,#14460);
#14458 = CARTESIAN_POINT('',(21.749141837916,-1.957458194802,-1.));
#14459 = DIRECTION('',(0.,2.2E-16,1.));
#14460 = DIRECTION('',(-0.476151452784,0.879363288983,
    -1.934599235763E-16));
#14461 = ADVANCED_FACE('',(#14462),#14473,.F.);
#14462 = FACE_BOUND('',#14463,.F.);
#14463 = EDGE_LOOP('',(#14464,#14470,#14471,#14472));
#14464 = ORIENTED_EDGE('',*,*,#14465,.T.);
#14465 = EDGE_CURVE('',#13763,#13543,#14466,.T.);
#14466 = LINE('',#14467,#14468);
#14467 = CARTESIAN_POINT('',(21.84340246202,-1.363516617831,-1.));
#14468 = VECTOR('',#14469,1.);
#14469 = DIRECTION('',(0.,-2.2E-16,-1.));
#14470 = ORIENTED_EDGE('',*,*,#13551,.T.);
#14471 = ORIENTED_EDGE('',*,*,#14448,.F.);
#14472 = ORIENTED_EDGE('',*,*,#13771,.F.);
#14473 = CYLINDRICAL_SURFACE('',#14474,1.469292842572);
#14474 = AXIS2_PLACEMENT_3D('',#14475,#14476,#14477);
#14475 = CARTESIAN_POINT('',(22.059973686023,-2.816760699934,-1.));
#14476 = DIRECTION('',(0.,2.2E-16,1.));
#14477 = DIRECTION('',(-0.147398270602,0.989077221365,
    -2.175969887004E-16));
#14478 = ADVANCED_FACE('',(#14479),#14490,.T.);
#14479 = FACE_BOUND('',#14480,.F.);
#14480 = EDGE_LOOP('',(#14481,#14487,#14488,#14489));
#14481 = ORIENTED_EDGE('',*,*,#14482,.T.);
#14482 = EDGE_CURVE('',#13755,#13535,#14483,.T.);
#14483 = LINE('',#14484,#14485);
#14484 = CARTESIAN_POINT('',(22.006244502455,-1.227566370067,-1.));
#14485 = VECTOR('',#14486,1.);
#14486 = DIRECTION('',(0.,-2.2E-16,-1.));
#14487 = ORIENTED_EDGE('',*,*,#13542,.T.);
#14488 = ORIENTED_EDGE('',*,*,#14465,.F.);
#14489 = ORIENTED_EDGE('',*,*,#13762,.F.);
#14490 = CYLINDRICAL_SURFACE('',#14491,0.15);
#14491 = AXIS2_PLACEMENT_3D('',#14492,#14493,#14494);
#14492 = CARTESIAN_POINT('',(21.856848358356,-1.214120473732,-1.));
#14493 = DIRECTION('',(0.,2.2E-16,1.));
#14494 = DIRECTION('',(0.995974293995,-8.963930890342E-02,
    1.972064795875E-17));
#14495 = ADVANCED_FACE('',(#14496),#14507,.F.);
#14496 = FACE_BOUND('',#14497,.F.);
#14497 = EDGE_LOOP('',(#14498,#14504,#14505,#14506));
#14498 = ORIENTED_EDGE('',*,*,#14499,.T.);
#14499 = EDGE_CURVE('',#13746,#13526,#14500,.T.);
#14500 = LINE('',#14501,#14502);
#14501 = CARTESIAN_POINT('',(22.027692032865,-0.75,-1.));
#14502 = VECTOR('',#14503,1.);
#14503 = DIRECTION('',(0.,-2.2E-16,-1.));
#14504 = ORIENTED_EDGE('',*,*,#13534,.T.);
#14505 = ORIENTED_EDGE('',*,*,#14482,.F.);
#14506 = ORIENTED_EDGE('',*,*,#13754,.F.);
#14507 = PLANE('',#14508);
#14508 = AXIS2_PLACEMENT_3D('',#14509,#14510,#14511);
#14509 = CARTESIAN_POINT('',(22.027692032865,-0.75,-1.));
#14510 = DIRECTION('',(-0.998993066541,4.486483035052E-02,-1.E-17));
#14511 = DIRECTION('',(-4.486483035052E-02,-0.998993066541,2.2E-16));
#14512 = ADVANCED_FACE('',(#14513),#14524,.T.);
#14513 = FACE_BOUND('',#14514,.F.);
#14514 = EDGE_LOOP('',(#14515,#14521,#14522,#14523));
#14515 = ORIENTED_EDGE('',*,*,#14516,.T.);
#14516 = EDGE_CURVE('',#13737,#13517,#14517,.T.);
#14517 = LINE('',#14518,#14519);
#14518 = CARTESIAN_POINT('',(21.877692032865,-0.6,-1.));
#14519 = VECTOR('',#14520,1.);
#14520 = DIRECTION('',(0.,-2.2E-16,-1.));
#14521 = ORIENTED_EDGE('',*,*,#13525,.T.);
#14522 = ORIENTED_EDGE('',*,*,#14499,.F.);
#14523 = ORIENTED_EDGE('',*,*,#13745,.F.);
#14524 = CYLINDRICAL_SURFACE('',#14525,0.15);
#14525 = AXIS2_PLACEMENT_3D('',#14526,#14527,#14528);
#14526 = CARTESIAN_POINT('',(21.877692032865,-0.75,-1.));
#14527 = DIRECTION('',(0.,2.2E-16,1.));
#14528 = DIRECTION('',(1.1E-16,1.,-2.2E-16));
#14529 = ADVANCED_FACE('',(#14530),#14541,.F.);
#14530 = FACE_BOUND('',#14531,.F.);
#14531 = EDGE_LOOP('',(#14532,#14538,#14539,#14540));
#14532 = ORIENTED_EDGE('',*,*,#14533,.T.);
#14533 = EDGE_CURVE('',#13728,#13508,#14534,.T.);
#14534 = LINE('',#14535,#14536);
#14535 = CARTESIAN_POINT('',(21.527692032865,-0.466025403784,-1.));
#14536 = VECTOR('',#14537,1.);
#14537 = DIRECTION('',(0.,-2.2E-16,-1.));
#14538 = ORIENTED_EDGE('',*,*,#13516,.T.);
#14539 = ORIENTED_EDGE('',*,*,#14516,.F.);
#14540 = ORIENTED_EDGE('',*,*,#13736,.F.);
#14541 = CYLINDRICAL_SURFACE('',#14542,1.469292842572);
#14542 = AXIS2_PLACEMENT_3D('',#14543,#14544,#14545);
#14543 = CARTESIAN_POINT('',(22.223659199979,0.827980453828,-1.));
#14544 = DIRECTION('',(0.,2.2E-16,1.));
#14545 = DIRECTION('',(-0.473674918265,-0.880699762579,
    1.937539477673E-16));
#14546 = ADVANCED_FACE('',(#14547),#14558,.F.);
#14547 = FACE_BOUND('',#14548,.F.);
#14548 = EDGE_LOOP('',(#14549,#14555,#14556,#14557));
#14549 = ORIENTED_EDGE('',*,*,#14550,.T.);
#14550 = EDGE_CURVE('',#13719,#13499,#14551,.T.);
#14551 = LINE('',#14552,#14553);
#14552 = CARTESIAN_POINT('',(21.527692032865,0.466025403784,-1.));
#14553 = VECTOR('',#14554,1.);
#14554 = DIRECTION('',(0.,-2.2E-16,-1.));
#14555 = ORIENTED_EDGE('',*,*,#13507,.T.);
#14556 = ORIENTED_EDGE('',*,*,#14533,.F.);
#14557 = ORIENTED_EDGE('',*,*,#13727,.F.);
#14558 = CYLINDRICAL_SURFACE('',#14559,0.559359353945);
#14559 = AXIS2_PLACEMENT_3D('',#14560,#14561,#14562);
#14560 = CARTESIAN_POINT('',(21.83705138681,-4.4E-16,-1.));
#14561 = DIRECTION('',(0.,2.2E-16,1.));
#14562 = DIRECTION('',(-0.553060124521,0.833141343749,
    -1.832910956249E-16));
#14563 = ADVANCED_FACE('',(#14564),#14575,.F.);
#14564 = FACE_BOUND('',#14565,.F.);
#14565 = EDGE_LOOP('',(#14566,#14572,#14573,#14574));
#14566 = ORIENTED_EDGE('',*,*,#14567,.T.);
#14567 = EDGE_CURVE('',#13710,#13490,#14568,.T.);
#14568 = LINE('',#14569,#14570);
#14569 = CARTESIAN_POINT('',(21.877692032865,0.6,-1.));
#14570 = VECTOR('',#14571,1.);
#14571 = DIRECTION('',(0.,-2.2E-16,-1.));
#14572 = ORIENTED_EDGE('',*,*,#13498,.T.);
#14573 = ORIENTED_EDGE('',*,*,#14550,.F.);
#14574 = ORIENTED_EDGE('',*,*,#13718,.F.);
#14575 = CYLINDRICAL_SURFACE('',#14576,1.469292842572);
#14576 = AXIS2_PLACEMENT_3D('',#14577,#14578,#14579);
#14577 = CARTESIAN_POINT('',(22.223659199979,-0.827980453828,-1.));
#14578 = DIRECTION('',(0.,2.2E-16,1.));
#14579 = DIRECTION('',(-0.235465087074,0.971882808146,
    -2.138142177921E-16));
#14580 = ADVANCED_FACE('',(#14581),#14592,.T.);
#14581 = FACE_BOUND('',#14582,.F.);
#14582 = EDGE_LOOP('',(#14583,#14589,#14590,#14591));
#14583 = ORIENTED_EDGE('',*,*,#14584,.T.);
#14584 = EDGE_CURVE('',#13702,#13482,#14585,.T.);
#14585 = LINE('',#14586,#14587);
#14586 = CARTESIAN_POINT('',(22.027692032865,0.75,-1.));
#14587 = VECTOR('',#14588,1.);
#14588 = DIRECTION('',(0.,-2.2E-16,-1.));
#14589 = ORIENTED_EDGE('',*,*,#13489,.T.);
#14590 = ORIENTED_EDGE('',*,*,#14567,.F.);
#14591 = ORIENTED_EDGE('',*,*,#13709,.F.);
#14592 = CYLINDRICAL_SURFACE('',#14593,0.15);
#14593 = AXIS2_PLACEMENT_3D('',#14594,#14595,#14596);
#14594 = CARTESIAN_POINT('',(21.877692032865,0.75,-1.));
#14595 = DIRECTION('',(0.,2.2E-16,1.));
#14596 = DIRECTION('',(1.,-7.E-16,1.54E-31));
#14597 = ADVANCED_FACE('',(#14598),#14609,.F.);
#14598 = FACE_BOUND('',#14599,.F.);
#14599 = EDGE_LOOP('',(#14600,#14606,#14607,#14608));
#14600 = ORIENTED_EDGE('',*,*,#14601,.T.);
#14601 = EDGE_CURVE('',#13700,#13473,#14602,.T.);
#14602 = LINE('',#14603,#14604);
#14603 = CARTESIAN_POINT('',(22.006244502455,1.227566370067,-1.));
#14604 = VECTOR('',#14605,1.);
#14605 = DIRECTION('',(0.,-2.2E-16,-1.));
#14606 = ORIENTED_EDGE('',*,*,#13481,.T.);
#14607 = ORIENTED_EDGE('',*,*,#14584,.F.);
#14608 = ORIENTED_EDGE('',*,*,#13699,.F.);
#14609 = PLANE('',#14610);
#14610 = AXIS2_PLACEMENT_3D('',#14611,#14612,#14613);
#14611 = CARTESIAN_POINT('',(22.006244502455,1.227566370067,-1.));
#14612 = DIRECTION('',(-0.998993066541,-4.486483035052E-02,1.E-17));
#14613 = DIRECTION('',(4.486483035052E-02,-0.998993066541,2.2E-16));
#14614 = ADVANCED_FACE('',(#14615),#14626,.T.);
#14615 = FACE_BOUND('',#14616,.F.);
#14616 = EDGE_LOOP('',(#14617,#14623,#14624,#14625));
#14617 = ORIENTED_EDGE('',*,*,#14618,.T.);
#14618 = EDGE_CURVE('',#14306,#13464,#14619,.T.);
#14619 = LINE('',#14620,#14621);
#14620 = CARTESIAN_POINT('',(21.84340246202,1.363516617831,-1.));
#14621 = VECTOR('',#14622,1.);
#14622 = DIRECTION('',(0.,-2.2E-16,-1.));
#14623 = ORIENTED_EDGE('',*,*,#13472,.T.);
#14624 = ORIENTED_EDGE('',*,*,#14601,.F.);
#14625 = ORIENTED_EDGE('',*,*,#14314,.F.);
#14626 = CYLINDRICAL_SURFACE('',#14627,0.15);
#14627 = AXIS2_PLACEMENT_3D('',#14628,#14629,#14630);
#14628 = CARTESIAN_POINT('',(21.856848358356,1.214120473732,-1.));
#14629 = DIRECTION('',(0.,2.2E-16,1.));
#14630 = DIRECTION('',(-8.963930890344E-02,0.995974293995,
    -2.19114344679E-16));
#14631 = ADVANCED_FACE('',(#14632),#14643,.F.);
#14632 = FACE_BOUND('',#14633,.F.);
#14633 = EDGE_LOOP('',(#14634,#14640,#14641,#14642));
#14634 = ORIENTED_EDGE('',*,*,#14635,.T.);
#14635 = EDGE_CURVE('',#14297,#13455,#14636,.T.);
#14636 = LINE('',#14637,#14638);
#14637 = CARTESIAN_POINT('',(21.482802068907,1.465578113594,-1.));
#14638 = VECTOR('',#14639,1.);
#14639 = DIRECTION('',(0.,-2.2E-16,-1.));
#14640 = ORIENTED_EDGE('',*,*,#13463,.T.);
#14641 = ORIENTED_EDGE('',*,*,#14618,.F.);
#14642 = ORIENTED_EDGE('',*,*,#14305,.F.);
#14643 = CYLINDRICAL_SURFACE('',#14644,1.469292842572);
#14644 = AXIS2_PLACEMENT_3D('',#14645,#14646,#14647);
#14645 = CARTESIAN_POINT('',(22.059973686023,2.816760699934,-1.));
#14646 = DIRECTION('',(0.,2.2E-16,1.));
#14647 = DIRECTION('',(-0.392822724234,-0.919614216574,
    2.023151276464E-16));
#14648 = ADVANCED_FACE('',(#14649),#14660,.F.);
#14649 = FACE_BOUND('',#14650,.F.);
#14650 = EDGE_LOOP('',(#14651,#14657,#14658,#14659));
#14651 = ORIENTED_EDGE('',*,*,#14652,.T.);
#14652 = EDGE_CURVE('',#14288,#13446,#14653,.T.);
#14653 = LINE('',#14654,#14655);
#14654 = CARTESIAN_POINT('',(21.399253678653,2.39387675863,-1.));
#14655 = VECTOR('',#14656,1.);
#14656 = DIRECTION('',(0.,-2.2E-16,-1.));
#14657 = ORIENTED_EDGE('',*,*,#13454,.T.);
#14658 = ORIENTED_EDGE('',*,*,#14635,.F.);
#14659 = ORIENTED_EDGE('',*,*,#14296,.F.);
#14660 = CYLINDRICAL_SURFACE('',#14661,0.559359353945);
#14661 = AXIS2_PLACEMENT_3D('',#14662,#14663,#14664);
#14662 = CARTESIAN_POINT('',(21.749141837916,1.957458194802,-1.));
#14663 = DIRECTION('',(0.,2.2E-16,1.));
#14664 = DIRECTION('',(-0.62551588133,0.780211434295,-1.716465155449E-16
    ));
#14665 = ADVANCED_FACE('',(#14666),#14677,.F.);
#14666 = FACE_BOUND('',#14667,.F.);
#14667 = EDGE_LOOP('',(#14668,#14674,#14675,#14676));
#14668 = ORIENTED_EDGE('',*,*,#14669,.T.);
#14669 = EDGE_CURVE('',#14279,#13437,#14670,.T.);
#14670 = LINE('',#14671,#14672);
#14671 = CARTESIAN_POINT('',(21.735835291336,2.558685770625,-1.));
#14672 = VECTOR('',#14673,1.);
#14673 = DIRECTION('',(0.,-2.2E-16,-1.));
#14674 = ORIENTED_EDGE('',*,*,#13445,.T.);
#14675 = ORIENTED_EDGE('',*,*,#14652,.F.);
#14676 = ORIENTED_EDGE('',*,*,#14287,.F.);
#14677 = CYLINDRICAL_SURFACE('',#14678,1.469292842572);
#14678 = AXIS2_PLACEMENT_3D('',#14679,#14680,#14681);
#14679 = CARTESIAN_POINT('',(22.208412877356,1.167466204049,-1.));
#14680 = DIRECTION('',(0.,2.2E-16,1.));
#14681 = DIRECTION('',(-0.321636077116,0.946863366013,
    -2.083099405228E-16));
#14682 = ADVANCED_FACE('',(#14683),#14694,.T.);
#14683 = FACE_BOUND('',#14684,.F.);
#14684 = EDGE_LOOP('',(#14685,#14691,#14692,#14693));
#14685 = ORIENTED_EDGE('',*,*,#14686,.T.);
#14686 = EDGE_CURVE('',#14271,#13429,#14687,.T.);
#14687 = LINE('',#14688,#14689);
#14688 = CARTESIAN_POINT('',(21.8717855391,2.72152781106,-1.));
#14689 = VECTOR('',#14690,1.);
#14690 = DIRECTION('',(0.,-2.2E-16,-1.));
#14691 = ORIENTED_EDGE('',*,*,#13436,.T.);
#14692 = ORIENTED_EDGE('',*,*,#14669,.F.);
#14693 = ORIENTED_EDGE('',*,*,#14278,.F.);
#14694 = CYLINDRICAL_SURFACE('',#14695,0.15);
#14695 = AXIS2_PLACEMENT_3D('',#14696,#14697,#14698);
#14696 = CARTESIAN_POINT('',(21.722389395001,2.708081914725,-1.));
#14697 = DIRECTION('',(0.,2.2E-16,1.));
#14698 = DIRECTION('',(0.995974293995,8.963930890344E-02,
    -1.972064795876E-17));
#14699 = ADVANCED_FACE('',(#14700),#14711,.F.);
#14700 = FACE_BOUND('',#14701,.F.);
#14701 = EDGE_LOOP('',(#14702,#14708,#14709,#14710));
#14702 = ORIENTED_EDGE('',*,*,#14703,.T.);
#14703 = EDGE_CURVE('',#14262,#13420,#14704,.T.);
#14704 = LINE('',#14705,#14706);
#14705 = CARTESIAN_POINT('',(21.807615630773,3.19524909752,-1.));
#14706 = VECTOR('',#14707,1.);
#14707 = DIRECTION('',(0.,-2.2E-16,-1.));
#14708 = ORIENTED_EDGE('',*,*,#13428,.T.);
#14709 = ORIENTED_EDGE('',*,*,#14686,.F.);
#14710 = ORIENTED_EDGE('',*,*,#14270,.F.);
#14711 = PLANE('',#14712);
#14712 = AXIS2_PLACEMENT_3D('',#14713,#14714,#14715);
#14713 = CARTESIAN_POINT('',(21.807615630773,3.19524909752,-1.));
#14714 = DIRECTION('',(-0.990949761768,-0.134233265818,3.E-17));
#14715 = DIRECTION('',(0.134233265818,-0.990949761768,2.2E-16));
#14716 = ADVANCED_FACE('',(#14717),#14728,.T.);
#14717 = FACE_BOUND('',#14718,.F.);
#14718 = EDGE_LOOP('',(#14719,#14725,#14726,#14727));
#14719 = ORIENTED_EDGE('',*,*,#14720,.T.);
#14720 = EDGE_CURVE('',#14253,#13411,#14721,.T.);
#14721 = LINE('',#14722,#14723);
#14722 = CARTESIAN_POINT('',(21.633242658264,3.31605500159,-1.));
#14723 = VECTOR('',#14724,1.);
#14724 = DIRECTION('',(0.,-2.2E-16,-1.));
#14725 = ORIENTED_EDGE('',*,*,#13419,.T.);
#14726 = ORIENTED_EDGE('',*,*,#14703,.F.);
#14727 = ORIENTED_EDGE('',*,*,#14261,.F.);
#14728 = CYLINDRICAL_SURFACE('',#14729,0.15);
#14729 = AXIS2_PLACEMENT_3D('',#14730,#14731,#14732);
#14730 = CARTESIAN_POINT('',(21.660026192484,3.1684655633,-1.));
#14731 = DIRECTION('',(0.,2.2E-16,1.));
#14732 = DIRECTION('',(-0.178556894799,0.983929588599,
    -2.164645094917E-16));
#14733 = ADVANCED_FACE('',(#14734),#14745,.F.);
#14734 = FACE_BOUND('',#14735,.F.);
#14735 = EDGE_LOOP('',(#14736,#14742,#14743,#14744));
#14736 = ORIENTED_EDGE('',*,*,#14737,.T.);
#14737 = EDGE_CURVE('',#14244,#13402,#14738,.T.);
#14738 = LINE('',#14739,#14740);
#14739 = CARTESIAN_POINT('',(21.264945214372,3.385381657748,-1.));
#14740 = VECTOR('',#14741,1.);
#14741 = DIRECTION('',(0.,-2.2E-16,-1.));
#14742 = ORIENTED_EDGE('',*,*,#13410,.T.);
#14743 = ORIENTED_EDGE('',*,*,#14720,.F.);
#14744 = ORIENTED_EDGE('',*,*,#14252,.F.);
#14745 = CYLINDRICAL_SURFACE('',#14746,1.469292842572);
#14746 = AXIS2_PLACEMENT_3D('',#14747,#14748,#14749);
#14747 = CARTESIAN_POINT('',(21.718674235002,4.782862045114,-1.));
#14748 = DIRECTION('',(0.,2.2E-16,1.));
#14749 = DIRECTION('',(-0.308807752602,-0.951124477622,
    2.092473850769E-16));
#14750 = ADVANCED_FACE('',(#14751),#14757,.F.);
#14751 = FACE_BOUND('',#14752,.F.);
#14752 = EDGE_LOOP('',(#14753,#14754,#14755,#14756));
#14753 = ORIENTED_EDGE('',*,*,#14331,.T.);
#14754 = ORIENTED_EDGE('',*,*,#13401,.T.);
#14755 = ORIENTED_EDGE('',*,*,#14737,.F.);
#14756 = ORIENTED_EDGE('',*,*,#14243,.F.);
#14757 = CYLINDRICAL_SURFACE('',#14758,0.559359353945);
#14758 = AXIS2_PLACEMENT_3D('',#14759,#14760,#14761);
#14759 = CARTESIAN_POINT('',(21.486120987231,3.899156087187,-1.));
#14760 = DIRECTION('',(0.,2.2E-16,1.));
#14761 = DIRECTION('',(-0.692935352059,0.720999721128,
    -1.586199386482E-16));
#14762 = ADVANCED_FACE('',(#14763,#14766),#14819,.F.);
#14763 = FACE_BOUND('',#14764,.F.);
#14764 = EDGE_LOOP('',(#14765));
#14765 = ORIENTED_EDGE('',*,*,#13648,.F.);
#14766 = FACE_BOUND('',#14767,.F.);
#14767 = EDGE_LOOP('',(#14768,#14779,#14787,#14796,#14804,#14813));
#14768 = ORIENTED_EDGE('',*,*,#14769,.F.);
#14769 = EDGE_CURVE('',#14770,#14772,#14774,.T.);
#14770 = VERTEX_POINT('',#14771);
#14771 = CARTESIAN_POINT('',(-6.779616761705,-1.742640687119,-11.5));
#14772 = VERTEX_POINT('',#14773);
#14773 = CARTESIAN_POINT('',(-4.898979485566,-5.,-11.5));
#14774 = CIRCLE('',#14775,2.106493299796);
#14775 = AXIS2_PLACEMENT_3D('',#14776,#14777,#14778);
#14776 = CARTESIAN_POINT('',(-5.01747813528,-2.896842352057,-11.5));
#14777 = DIRECTION('',(0.,0.,1.));
#14778 = DIRECTION('',(-1.,0.,0.));
#14779 = ORIENTED_EDGE('',*,*,#14780,.T.);
#14780 = EDGE_CURVE('',#14770,#14781,#14783,.T.);
#14781 = VERTEX_POINT('',#14782);
#14782 = CARTESIAN_POINT('',(-1.880637276139,6.742640687119,-11.5));
#14783 = LINE('',#14784,#14785);
#14784 = CARTESIAN_POINT('',(-5.554871890314,0.37867965644,-11.5));
#14785 = VECTOR('',#14786,1.);
#14786 = DIRECTION('',(0.5,0.866025403784,0.));
#14787 = ORIENTED_EDGE('',*,*,#14788,.F.);
#14788 = EDGE_CURVE('',#14789,#14781,#14791,.T.);
#14789 = VERTEX_POINT('',#14790);
#14790 = CARTESIAN_POINT('',(1.880637276139,6.742640687119,-11.5));
#14791 = CIRCLE('',#14792,1.993849526567);
#14792 = AXIS2_PLACEMENT_3D('',#14793,#14794,#14795);
#14793 = CARTESIAN_POINT('',(3.875289056109E-14,6.080342136472,-11.5));
#14794 = DIRECTION('',(0.,0.,1.));
#14795 = DIRECTION('',(-1.,0.,0.));
#14796 = ORIENTED_EDGE('',*,*,#14797,.F.);
#14797 = EDGE_CURVE('',#14798,#14789,#14800,.T.);
#14798 = VERTEX_POINT('',#14799);
#14799 = CARTESIAN_POINT('',(6.779616761705,-1.742640687119,-11.5));
#14800 = LINE('',#14801,#14802);
#14801 = CARTESIAN_POINT('',(5.554871890314,0.37867965644,-11.5));
#14802 = VECTOR('',#14803,1.);
#14803 = DIRECTION('',(-0.5,0.866025403784,0.));
#14804 = ORIENTED_EDGE('',*,*,#14805,.F.);
#14805 = EDGE_CURVE('',#14806,#14798,#14808,.T.);
#14806 = VERTEX_POINT('',#14807);
#14807 = CARTESIAN_POINT('',(4.898979485566,-5.,-11.5));
#14808 = CIRCLE('',#14809,1.996932119535);
#14809 = AXIS2_PLACEMENT_3D('',#14810,#14811,#14812);
#14810 = CARTESIAN_POINT('',(5.257743316055,-3.035559518854,-11.5));
#14811 = DIRECTION('',(0.,0.,1.));
#14812 = DIRECTION('',(-1.,0.,0.));
#14813 = ORIENTED_EDGE('',*,*,#14814,.F.);
#14814 = EDGE_CURVE('',#14772,#14806,#14815,.T.);
#14815 = LINE('',#14816,#14817);
#14816 = CARTESIAN_POINT('',(-2.449489742783,-5.,-11.5));
#14817 = VECTOR('',#14818,1.);
#14818 = DIRECTION('',(1.,0.,0.));
#14819 = PLANE('',#14820);
#14820 = AXIS2_PLACEMENT_3D('',#14821,#14822,#14823);
#14821 = CARTESIAN_POINT('',(2.24E-15,-1.7763568394E-15,-11.5));
#14822 = DIRECTION('',(0.,0.,1.));
#14823 = DIRECTION('',(1.,0.,0.));
#14824 = ADVANCED_FACE('',(#14825),#14844,.T.);
#14825 = FACE_BOUND('',#14826,.F.);
#14826 = EDGE_LOOP('',(#14827,#14836,#14842,#14843));
#14827 = ORIENTED_EDGE('',*,*,#14828,.T.);
#14828 = EDGE_CURVE('',#14829,#14829,#14831,.T.);
#14829 = VERTEX_POINT('',#14830);
#14830 = CARTESIAN_POINT('',(-25.5,4.E-15,4.));
#14831 = CIRCLE('',#14832,25.5);
#14832 = AXIS2_PLACEMENT_3D('',#14833,#14834,#14835);
#14833 = CARTESIAN_POINT('',(0.,1.78E-15,4.));
#14834 = DIRECTION('',(0.,4.4E-16,1.));
#14835 = DIRECTION('',(-1.,-1.2E-16,5.28E-32));
#14836 = ORIENTED_EDGE('',*,*,#14837,.T.);
#14837 = EDGE_CURVE('',#14829,#13689,#14838,.T.);
#14838 = LINE('',#14839,#14840);
#14839 = CARTESIAN_POINT('',(-25.5,4.E-15,4.));
#14840 = VECTOR('',#14841,1.);
#14841 = DIRECTION('',(0.,-1.E-15,-1.));
#14842 = ORIENTED_EDGE('',*,*,#13688,.F.);
#14843 = ORIENTED_EDGE('',*,*,#14837,.F.);
#14844 = CYLINDRICAL_SURFACE('',#14845,25.5);
#14845 = AXIS2_PLACEMENT_3D('',#14846,#14847,#14848);
#14846 = CARTESIAN_POINT('',(0.,1.78E-15,4.));
#14847 = DIRECTION('',(0.,-4.4E-16,-1.));
#14848 = DIRECTION('',(-1.,-1.2E-16,5.28E-32));
#14849 = ADVANCED_FACE('',(#14850),#14876,.F.);
#14850 = FACE_BOUND('',#14851,.F.);
#14851 = EDGE_LOOP('',(#14852,#14863,#14869,#14870));
#14852 = ORIENTED_EDGE('',*,*,#14853,.F.);
#14853 = EDGE_CURVE('',#14854,#14856,#14858,.T.);
#14854 = VERTEX_POINT('',#14855);
#14855 = CARTESIAN_POINT('',(-6.779616761705,-1.742640687119,19.));
#14856 = VERTEX_POINT('',#14857);
#14857 = CARTESIAN_POINT('',(-4.898979485566,-5.,19.));
#14858 = CIRCLE('',#14859,2.106493299796);
#14859 = AXIS2_PLACEMENT_3D('',#14860,#14861,#14862);
#14860 = CARTESIAN_POINT('',(-5.01747813528,-2.896842352057,19.));
#14861 = DIRECTION('',(0.,0.,1.));
#14862 = DIRECTION('',(-1.,0.,0.));
#14863 = ORIENTED_EDGE('',*,*,#14864,.T.);
#14864 = EDGE_CURVE('',#14854,#14770,#14865,.T.);
#14865 = LINE('',#14866,#14867);
#14866 = CARTESIAN_POINT('',(-6.779616761705,-1.742640687119,19.));
#14867 = VECTOR('',#14868,1.);
#14868 = DIRECTION('',(0.,0.,-1.));
#14869 = ORIENTED_EDGE('',*,*,#14769,.T.);
#14870 = ORIENTED_EDGE('',*,*,#14871,.F.);
#14871 = EDGE_CURVE('',#14856,#14772,#14872,.T.);
#14872 = LINE('',#14873,#14874);
#14873 = CARTESIAN_POINT('',(-4.898979485566,-5.,19.));
#14874 = VECTOR('',#14875,1.);
#14875 = DIRECTION('',(0.,0.,-1.));
#14876 = CYLINDRICAL_SURFACE('',#14877,2.106493299796);
#14877 = AXIS2_PLACEMENT_3D('',#14878,#14879,#14880);
#14878 = CARTESIAN_POINT('',(-5.01747813528,-2.896842352057,19.));
#14879 = DIRECTION('',(0.,0.,1.));
#14880 = DIRECTION('',(-1.,0.,0.));
#14881 = ADVANCED_FACE('',(#14882),#14900,.F.);
#14882 = FACE_BOUND('',#14883,.F.);
#14883 = EDGE_LOOP('',(#14884,#14892,#14893,#14894));
#14884 = ORIENTED_EDGE('',*,*,#14885,.F.);
#14885 = EDGE_CURVE('',#14856,#14886,#14888,.T.);
#14886 = VERTEX_POINT('',#14887);
#14887 = CARTESIAN_POINT('',(4.898979485566,-5.,19.));
#14888 = LINE('',#14889,#14890);
#14889 = CARTESIAN_POINT('',(-4.898979485566,-5.,19.));
#14890 = VECTOR('',#14891,1.);
#14891 = DIRECTION('',(1.,0.,0.));
#14892 = ORIENTED_EDGE('',*,*,#14871,.T.);
#14893 = ORIENTED_EDGE('',*,*,#14814,.T.);
#14894 = ORIENTED_EDGE('',*,*,#14895,.F.);
#14895 = EDGE_CURVE('',#14886,#14806,#14896,.T.);
#14896 = LINE('',#14897,#14898);
#14897 = CARTESIAN_POINT('',(4.898979485566,-5.,19.));
#14898 = VECTOR('',#14899,1.);
#14899 = DIRECTION('',(0.,0.,-1.));
#14900 = PLANE('',#14901);
#14901 = AXIS2_PLACEMENT_3D('',#14902,#14903,#14904);
#14902 = CARTESIAN_POINT('',(-4.898979485566,-5.,19.));
#14903 = DIRECTION('',(0.,-1.,0.));
#14904 = DIRECTION('',(1.,0.,0.));
#14905 = ADVANCED_FACE('',(#14906),#14925,.F.);
#14906 = FACE_BOUND('',#14907,.F.);
#14907 = EDGE_LOOP('',(#14908,#14917,#14918,#14919));
#14908 = ORIENTED_EDGE('',*,*,#14909,.F.);
#14909 = EDGE_CURVE('',#14886,#14910,#14912,.T.);
#14910 = VERTEX_POINT('',#14911);
#14911 = CARTESIAN_POINT('',(6.779616761705,-1.742640687119,19.));
#14912 = CIRCLE('',#14913,1.996932119535);
#14913 = AXIS2_PLACEMENT_3D('',#14914,#14915,#14916);
#14914 = CARTESIAN_POINT('',(5.257743316055,-3.035559518854,19.));
#14915 = DIRECTION('',(0.,0.,1.));
#14916 = DIRECTION('',(-1.,0.,0.));
#14917 = ORIENTED_EDGE('',*,*,#14895,.T.);
#14918 = ORIENTED_EDGE('',*,*,#14805,.T.);
#14919 = ORIENTED_EDGE('',*,*,#14920,.F.);
#14920 = EDGE_CURVE('',#14910,#14798,#14921,.T.);
#14921 = LINE('',#14922,#14923);
#14922 = CARTESIAN_POINT('',(6.779616761705,-1.742640687119,19.));
#14923 = VECTOR('',#14924,1.);
#14924 = DIRECTION('',(0.,0.,-1.));
#14925 = CYLINDRICAL_SURFACE('',#14926,1.996932119535);
#14926 = AXIS2_PLACEMENT_3D('',#14927,#14928,#14929);
#14927 = CARTESIAN_POINT('',(5.257743316055,-3.035559518854,19.));
#14928 = DIRECTION('',(0.,0.,1.));
#14929 = DIRECTION('',(-1.,0.,0.));
#14930 = ADVANCED_FACE('',(#14931),#14949,.F.);
#14931 = FACE_BOUND('',#14932,.F.);
#14932 = EDGE_LOOP('',(#14933,#14941,#14942,#14943));
#14933 = ORIENTED_EDGE('',*,*,#14934,.F.);
#14934 = EDGE_CURVE('',#14910,#14935,#14937,.T.);
#14935 = VERTEX_POINT('',#14936);
#14936 = CARTESIAN_POINT('',(1.880637276139,6.742640687119,19.));
#14937 = LINE('',#14938,#14939);
#14938 = CARTESIAN_POINT('',(6.779616761705,-1.742640687119,19.));
#14939 = VECTOR('',#14940,1.);
#14940 = DIRECTION('',(-0.5,0.866025403784,0.));
#14941 = ORIENTED_EDGE('',*,*,#14920,.T.);
#14942 = ORIENTED_EDGE('',*,*,#14797,.T.);
#14943 = ORIENTED_EDGE('',*,*,#14944,.F.);
#14944 = EDGE_CURVE('',#14935,#14789,#14945,.T.);
#14945 = LINE('',#14946,#14947);
#14946 = CARTESIAN_POINT('',(1.880637276139,6.742640687119,19.));
#14947 = VECTOR('',#14948,1.);
#14948 = DIRECTION('',(0.,0.,-1.));
#14949 = PLANE('',#14950);
#14950 = AXIS2_PLACEMENT_3D('',#14951,#14952,#14953);
#14951 = CARTESIAN_POINT('',(6.779616761705,-1.742640687119,19.));
#14952 = DIRECTION('',(0.866025403784,0.5,0.));
#14953 = DIRECTION('',(-0.5,0.866025403784,0.));
#14954 = ADVANCED_FACE('',(#14955),#14974,.F.);
#14955 = FACE_BOUND('',#14956,.F.);
#14956 = EDGE_LOOP('',(#14957,#14966,#14967,#14968));
#14957 = ORIENTED_EDGE('',*,*,#14958,.F.);
#14958 = EDGE_CURVE('',#14935,#14959,#14961,.T.);
#14959 = VERTEX_POINT('',#14960);
#14960 = CARTESIAN_POINT('',(-1.880637276139,6.742640687119,19.));
#14961 = CIRCLE('',#14962,1.993849526567);
#14962 = AXIS2_PLACEMENT_3D('',#14963,#14964,#14965);
#14963 = CARTESIAN_POINT('',(3.875289056109E-14,6.080342136472,19.));
#14964 = DIRECTION('',(0.,0.,1.));
#14965 = DIRECTION('',(-1.,0.,0.));
#14966 = ORIENTED_EDGE('',*,*,#14944,.T.);
#14967 = ORIENTED_EDGE('',*,*,#14788,.T.);
#14968 = ORIENTED_EDGE('',*,*,#14969,.F.);
#14969 = EDGE_CURVE('',#14959,#14781,#14970,.T.);
#14970 = LINE('',#14971,#14972);
#14971 = CARTESIAN_POINT('',(-1.880637276139,6.742640687119,19.));
#14972 = VECTOR('',#14973,1.);
#14973 = DIRECTION('',(0.,0.,-1.));
#14974 = CYLINDRICAL_SURFACE('',#14975,1.993849526567);
#14975 = AXIS2_PLACEMENT_3D('',#14976,#14977,#14978);
#14976 = CARTESIAN_POINT('',(3.875289056109E-14,6.080342136472,19.));
#14977 = DIRECTION('',(0.,0.,1.));
#14978 = DIRECTION('',(-1.,0.,0.));
#14979 = ADVANCED_FACE('',(#14980),#14991,.T.);
#14980 = FACE_BOUND('',#14981,.T.);
#14981 = EDGE_LOOP('',(#14982,#14988,#14989,#14990));
#14982 = ORIENTED_EDGE('',*,*,#14983,.F.);
#14983 = EDGE_CURVE('',#14854,#14959,#14984,.T.);
#14984 = LINE('',#14985,#14986);
#14985 = CARTESIAN_POINT('',(-6.779616761705,-1.742640687119,19.));
#14986 = VECTOR('',#14987,1.);
#14987 = DIRECTION('',(0.5,0.866025403784,0.));
#14988 = ORIENTED_EDGE('',*,*,#14864,.T.);
#14989 = ORIENTED_EDGE('',*,*,#14780,.T.);
#14990 = ORIENTED_EDGE('',*,*,#14969,.F.);
#14991 = PLANE('',#14992);
#14992 = AXIS2_PLACEMENT_3D('',#14993,#14994,#14995);
#14993 = CARTESIAN_POINT('',(-6.779616761705,-1.742640687119,19.));
#14994 = DIRECTION('',(0.866025403784,-0.5,0.));
#14995 = DIRECTION('',(0.5,0.866025403784,0.));
#14996 = ADVANCED_FACE('',(#14997,#15008),#15011,.T.);
#14997 = FACE_BOUND('',#14998,.F.);
#14998 = EDGE_LOOP('',(#14999));
#14999 = ORIENTED_EDGE('',*,*,#15000,.T.);
#15000 = EDGE_CURVE('',#15001,#15001,#15003,.T.);
#15001 = VERTEX_POINT('',#15002);
#15002 = CARTESIAN_POINT('',(-23.5,4.E-15,4.));
#15003 = CIRCLE('',#15004,23.5);
#15004 = AXIS2_PLACEMENT_3D('',#15005,#15006,#15007);
#15005 = CARTESIAN_POINT('',(0.,1.78E-15,4.));
#15006 = DIRECTION('',(0.,4.4E-16,1.));
#15007 = DIRECTION('',(-1.,-1.2E-16,5.28E-32));
#15008 = FACE_BOUND('',#15009,.F.);
#15009 = EDGE_LOOP('',(#15010));
#15010 = ORIENTED_EDGE('',*,*,#14828,.F.);
#15011 = PLANE('',#15012);
#15012 = AXIS2_PLACEMENT_3D('',#15013,#15014,#15015);
#15013 = CARTESIAN_POINT('',(0.,1.78E-15,4.));
#15014 = DIRECTION('',(0.,4.4E-16,1.));
#15015 = DIRECTION('',(-1.,-1.2E-16,5.28E-32));
#15016 = ADVANCED_FACE('',(#15017,#15028,#15039,#15050,#15058),#15069,
  .T.);
#15017 = FACE_BOUND('',#15018,.F.);
#15018 = EDGE_LOOP('',(#15019));
#15019 = ORIENTED_EDGE('',*,*,#15020,.F.);
#15020 = EDGE_CURVE('',#15021,#15021,#15023,.T.);
#15021 = VERTEX_POINT('',#15022);
#15022 = CARTESIAN_POINT('',(-12.5,1.9E-14,19.));
#15023 = CIRCLE('',#15024,12.5);
#15024 = AXIS2_PLACEMENT_3D('',#15025,#15026,#15027);
#15025 = CARTESIAN_POINT('',(0.,8.44E-15,19.));
#15026 = DIRECTION('',(0.,4.4E-16,1.));
#15027 = DIRECTION('',(-1.,-1.2E-16,5.28E-32));
#15028 = FACE_BOUND('',#15029,.F.);
#15029 = EDGE_LOOP('',(#15030));
#15030 = ORIENTED_EDGE('',*,*,#15031,.T.);
#15031 = EDGE_CURVE('',#15032,#15032,#15034,.T.);
#15032 = VERTEX_POINT('',#15033);
#15033 = CARTESIAN_POINT('',(-8.91922863406,2.551442841485,19.));
#15034 = CIRCLE('',#15035,2.25);
#15035 = AXIS2_PLACEMENT_3D('',#15036,#15037,#15038);
#15036 = CARTESIAN_POINT('',(-7.79422863406,4.5,19.));
#15037 = DIRECTION('',(4.807406715959E-17,-2.775557561563E-17,1.));
#15038 = DIRECTION('',(-0.5,-0.866025403784,0.));
#15039 = FACE_BOUND('',#15040,.F.);
#15040 = EDGE_LOOP('',(#15041));
#15041 = ORIENTED_EDGE('',*,*,#15042,.T.);
#15042 = EDGE_CURVE('',#15043,#15043,#15045,.T.);
#15043 = VERTEX_POINT('',#15044);
#15044 = CARTESIAN_POINT('',(6.66922863406,6.448557158515,19.));
#15045 = CIRCLE('',#15046,2.25);
#15046 = AXIS2_PLACEMENT_3D('',#15047,#15048,#15049);
#15047 = CARTESIAN_POINT('',(7.79422863406,4.5,19.));
#15048 = DIRECTION('',(1.387778780781E-17,-2.403703357979E-17,1.));
#15049 = DIRECTION('',(-0.5,0.866025403784,2.775557561563E-17));
#15050 = FACE_BOUND('',#15051,.F.);
#15051 = EDGE_LOOP('',(#15052,#15053,#15054,#15055,#15056,#15057));
#15052 = ORIENTED_EDGE('',*,*,#14983,.F.);
#15053 = ORIENTED_EDGE('',*,*,#14853,.T.);
#15054 = ORIENTED_EDGE('',*,*,#14885,.T.);
#15055 = ORIENTED_EDGE('',*,*,#14909,.T.);
#15056 = ORIENTED_EDGE('',*,*,#14934,.T.);
#15057 = ORIENTED_EDGE('',*,*,#14958,.T.);
#15058 = FACE_BOUND('',#15059,.F.);
#15059 = EDGE_LOOP('',(#15060));
#15060 = ORIENTED_EDGE('',*,*,#15061,.T.);
#15061 = EDGE_CURVE('',#15062,#15062,#15064,.T.);
#15062 = VERTEX_POINT('',#15063);
#15063 = CARTESIAN_POINT('',(2.25,-9.,19.));
#15064 = CIRCLE('',#15065,2.25);
#15065 = AXIS2_PLACEMENT_3D('',#15066,#15067,#15068);
#15066 = CARTESIAN_POINT('',(0.,-9.,19.));
#15067 = DIRECTION('',(0.,0.,1.));
#15068 = DIRECTION('',(1.,0.,0.));
#15069 = PLANE('',#15070);
#15070 = AXIS2_PLACEMENT_3D('',#15071,#15072,#15073);
#15071 = CARTESIAN_POINT('',(0.,8.44E-15,19.));
#15072 = DIRECTION('',(0.,4.4E-16,1.));
#15073 = DIRECTION('',(-1.,-1.2E-16,5.28E-32));
#15074 = ADVANCED_FACE('',(#15075),#15094,.F.);
#15075 = FACE_BOUND('',#15076,.F.);
#15076 = EDGE_LOOP('',(#15077,#15086,#15092,#15093));
#15077 = ORIENTED_EDGE('',*,*,#15078,.T.);
#15078 = EDGE_CURVE('',#15079,#15079,#15081,.T.);
#15079 = VERTEX_POINT('',#15080);
#15080 = CARTESIAN_POINT('',(-23.5,1.E-15,1.));
#15081 = CIRCLE('',#15082,23.5);
#15082 = AXIS2_PLACEMENT_3D('',#15083,#15084,#15085);
#15083 = CARTESIAN_POINT('',(0.,4.4E-16,1.));
#15084 = DIRECTION('',(0.,4.4E-16,1.));
#15085 = DIRECTION('',(-1.,-1.2E-16,5.28E-32));
#15086 = ORIENTED_EDGE('',*,*,#15087,.T.);
#15087 = EDGE_CURVE('',#15079,#15001,#15088,.T.);
#15088 = LINE('',#15089,#15090);
#15089 = CARTESIAN_POINT('',(-23.5,1.E-15,1.));
#15090 = VECTOR('',#15091,1.);
#15091 = DIRECTION('',(-0.,1.E-15,1.));
#15092 = ORIENTED_EDGE('',*,*,#15000,.F.);
#15093 = ORIENTED_EDGE('',*,*,#15087,.F.);
#15094 = CYLINDRICAL_SURFACE('',#15095,23.5);
#15095 = AXIS2_PLACEMENT_3D('',#15096,#15097,#15098);
#15096 = CARTESIAN_POINT('',(0.,4.4E-16,1.));
#15097 = DIRECTION('',(0.,4.4E-16,1.));
#15098 = DIRECTION('',(-1.,-1.2E-16,5.28E-32));
#15099 = ADVANCED_FACE('',(#15100),#15119,.T.);
#15100 = FACE_BOUND('',#15101,.F.);
#15101 = EDGE_LOOP('',(#15102,#15103,#15111,#15118));
#15102 = ORIENTED_EDGE('',*,*,#15020,.T.);
#15103 = ORIENTED_EDGE('',*,*,#15104,.T.);
#15104 = EDGE_CURVE('',#15021,#15105,#15107,.T.);
#15105 = VERTEX_POINT('',#15106);
#15106 = CARTESIAN_POINT('',(-12.5,1.E-15,1.));
#15107 = LINE('',#15108,#15109);
#15108 = CARTESIAN_POINT('',(-12.5,1.9E-14,19.));
#15109 = VECTOR('',#15110,1.);
#15110 = DIRECTION('',(0.,-1.E-15,-1.));
#15111 = ORIENTED_EDGE('',*,*,#15112,.F.);
#15112 = EDGE_CURVE('',#15105,#15105,#15113,.T.);
#15113 = CIRCLE('',#15114,12.5);
#15114 = AXIS2_PLACEMENT_3D('',#15115,#15116,#15117);
#15115 = CARTESIAN_POINT('',(0.,4.4E-16,1.));
#15116 = DIRECTION('',(0.,4.4E-16,1.));
#15117 = DIRECTION('',(-1.,-1.2E-16,5.28E-32));
#15118 = ORIENTED_EDGE('',*,*,#15104,.F.);
#15119 = CYLINDRICAL_SURFACE('',#15120,12.5);
#15120 = AXIS2_PLACEMENT_3D('',#15121,#15122,#15123);
#15121 = CARTESIAN_POINT('',(0.,8.44E-15,19.));
#15122 = DIRECTION('',(0.,-4.4E-16,-1.));
#15123 = DIRECTION('',(-1.,-1.2E-16,5.28E-32));
#15124 = ADVANCED_FACE('',(#15125),#15144,.F.);
#15125 = FACE_BOUND('',#15126,.T.);
#15126 = EDGE_LOOP('',(#15127,#15135,#15136,#15137));
#15127 = ORIENTED_EDGE('',*,*,#15128,.F.);
#15128 = EDGE_CURVE('',#15032,#15129,#15131,.T.);
#15129 = VERTEX_POINT('',#15130);
#15130 = CARTESIAN_POINT('',(-8.91922863406,2.551442841485,9.));
#15131 = LINE('',#15132,#15133);
#15132 = CARTESIAN_POINT('',(-8.91922863406,2.551442841485,19.));
#15133 = VECTOR('',#15134,1.);
#15134 = DIRECTION('',(0.,3.845925372767E-17,-1.));
#15135 = ORIENTED_EDGE('',*,*,#15031,.T.);
#15136 = ORIENTED_EDGE('',*,*,#15128,.T.);
#15137 = ORIENTED_EDGE('',*,*,#15138,.F.);
#15138 = EDGE_CURVE('',#15129,#15129,#15139,.T.);
#15139 = CIRCLE('',#15140,2.25);
#15140 = AXIS2_PLACEMENT_3D('',#15141,#15142,#15143);
#15141 = CARTESIAN_POINT('',(-7.79422863406,4.5,9.));
#15142 = DIRECTION('',(4.807406715959E-17,-2.775557561563E-17,1.));
#15143 = DIRECTION('',(-0.5,-0.866025403784,0.));
#15144 = CYLINDRICAL_SURFACE('',#15145,2.25);
#15145 = AXIS2_PLACEMENT_3D('',#15146,#15147,#15148);
#15146 = CARTESIAN_POINT('',(-7.79422863406,4.5,19.));
#15147 = DIRECTION('',(0.,-2.465190328816E-32,-1.));
#15148 = DIRECTION('',(-0.5,-0.866025403784,0.));
#15149 = ADVANCED_FACE('',(#15150),#15169,.F.);
#15150 = FACE_BOUND('',#15151,.T.);
#15151 = EDGE_LOOP('',(#15152,#15160,#15161,#15162));
#15152 = ORIENTED_EDGE('',*,*,#15153,.F.);
#15153 = EDGE_CURVE('',#15043,#15154,#15156,.T.);
#15154 = VERTEX_POINT('',#15155);
#15155 = CARTESIAN_POINT('',(6.66922863406,6.448557158515,9.));
#15156 = LINE('',#15157,#15158);
#15157 = CARTESIAN_POINT('',(6.66922863406,6.448557158515,19.));
#15158 = VECTOR('',#15159,1.);
#15159 = DIRECTION('',(-5.551115123126E-17,-3.845925372767E-17,-1.));
#15160 = ORIENTED_EDGE('',*,*,#15042,.T.);
#15161 = ORIENTED_EDGE('',*,*,#15153,.T.);
#15162 = ORIENTED_EDGE('',*,*,#15163,.F.);
#15163 = EDGE_CURVE('',#15154,#15154,#15164,.T.);
#15164 = CIRCLE('',#15165,2.25);
#15165 = AXIS2_PLACEMENT_3D('',#15166,#15167,#15168);
#15166 = CARTESIAN_POINT('',(7.79422863406,4.5,9.));
#15167 = DIRECTION('',(1.387778780781E-17,-2.403703357979E-17,1.));
#15168 = DIRECTION('',(-0.5,0.866025403784,2.775557561563E-17));
#15169 = CYLINDRICAL_SURFACE('',#15170,2.25);
#15170 = AXIS2_PLACEMENT_3D('',#15171,#15172,#15173);
#15171 = CARTESIAN_POINT('',(7.79422863406,4.5,19.));
#15172 = DIRECTION('',(-5.551115123126E-17,2.465190328816E-32,-1.));
#15173 = DIRECTION('',(-0.5,0.866025403784,2.775557561563E-17));
#15174 = ADVANCED_FACE('',(#15175),#15194,.F.);
#15175 = FACE_BOUND('',#15176,.T.);
#15176 = EDGE_LOOP('',(#15177,#15185,#15186,#15187));
#15177 = ORIENTED_EDGE('',*,*,#15178,.F.);
#15178 = EDGE_CURVE('',#15062,#15179,#15181,.T.);
#15179 = VERTEX_POINT('',#15180);
#15180 = CARTESIAN_POINT('',(2.25,-9.,9.));
#15181 = LINE('',#15182,#15183);
#15182 = CARTESIAN_POINT('',(2.25,-9.,19.));
#15183 = VECTOR('',#15184,1.);
#15184 = DIRECTION('',(-4.440892098501E-17,0.,-1.));
#15185 = ORIENTED_EDGE('',*,*,#15061,.T.);
#15186 = ORIENTED_EDGE('',*,*,#15178,.T.);
#15187 = ORIENTED_EDGE('',*,*,#15188,.F.);
#15188 = EDGE_CURVE('',#15179,#15179,#15189,.T.);
#15189 = CIRCLE('',#15190,2.25);
#15190 = AXIS2_PLACEMENT_3D('',#15191,#15192,#15193);
#15191 = CARTESIAN_POINT('',(0.,-9.,9.));
#15192 = DIRECTION('',(0.,0.,1.));
#15193 = DIRECTION('',(1.,0.,0.));
#15194 = CYLINDRICAL_SURFACE('',#15195,2.25);
#15195 = AXIS2_PLACEMENT_3D('',#15196,#15197,#15198);
#15196 = CARTESIAN_POINT('',(0.,-9.,19.));
#15197 = DIRECTION('',(0.,0.,-1.));
#15198 = DIRECTION('',(1.,0.,0.));
#15199 = ADVANCED_FACE('',(#15200,#15203),#15206,.T.);
#15200 = FACE_BOUND('',#15201,.F.);
#15201 = EDGE_LOOP('',(#15202));
#15202 = ORIENTED_EDGE('',*,*,#15112,.T.);
#15203 = FACE_BOUND('',#15204,.F.);
#15204 = EDGE_LOOP('',(#15205));
#15205 = ORIENTED_EDGE('',*,*,#15078,.F.);
#15206 = PLANE('',#15207);
#15207 = AXIS2_PLACEMENT_3D('',#15208,#15209,#15210);
#15208 = CARTESIAN_POINT('',(0.,4.4E-16,1.));
#15209 = DIRECTION('',(0.,4.4E-16,1.));
#15210 = DIRECTION('',(-1.,-1.2E-16,5.28E-32));
#15211 = ADVANCED_FACE('',(#15212),#15224,.F.);
#15212 = FACE_BOUND('',#15213,.T.);
#15213 = EDGE_LOOP('',(#15214,#15215,#15223));
#15214 = ORIENTED_EDGE('',*,*,#15138,.T.);
#15215 = ORIENTED_EDGE('',*,*,#15216,.T.);
#15216 = EDGE_CURVE('',#15129,#15217,#15219,.T.);
#15217 = VERTEX_POINT('',#15218);
#15218 = CARTESIAN_POINT('',(-7.79422863406,4.5,7.648063607188));
#15219 = LINE('',#15220,#15221);
#15220 = CARTESIAN_POINT('',(-8.91922863406,2.551442841485,9.));
#15221 = VECTOR('',#15222,1.);
#15222 = DIRECTION('',(0.428583650351,0.742328657701,-0.51503807491));
#15223 = ORIENTED_EDGE('',*,*,#15216,.F.);
#15224 = CONICAL_SURFACE('',#15225,2.25,1.029744258677);
#15225 = AXIS2_PLACEMENT_3D('',#15226,#15227,#15228);
#15226 = CARTESIAN_POINT('',(-7.79422863406,4.5,9.));
#15227 = DIRECTION('',(0.,2.465190328816E-32,1.));
#15228 = DIRECTION('',(-0.5,-0.866025403784,0.));
#15229 = ADVANCED_FACE('',(#15230),#15242,.F.);
#15230 = FACE_BOUND('',#15231,.T.);
#15231 = EDGE_LOOP('',(#15232,#15233,#15241));
#15232 = ORIENTED_EDGE('',*,*,#15163,.T.);
#15233 = ORIENTED_EDGE('',*,*,#15234,.T.);
#15234 = EDGE_CURVE('',#15154,#15235,#15237,.T.);
#15235 = VERTEX_POINT('',#15236);
#15236 = CARTESIAN_POINT('',(7.79422863406,4.5,7.648063607188));
#15237 = LINE('',#15238,#15239);
#15238 = CARTESIAN_POINT('',(6.66922863406,6.448557158515,9.));
#15239 = VECTOR('',#15240,1.);
#15240 = DIRECTION('',(0.428583650351,-0.742328657701,-0.51503807491));
#15241 = ORIENTED_EDGE('',*,*,#15234,.F.);
#15242 = CONICAL_SURFACE('',#15243,2.25,1.029744258677);
#15243 = AXIS2_PLACEMENT_3D('',#15244,#15245,#15246);
#15244 = CARTESIAN_POINT('',(7.79422863406,4.5,9.));
#15245 = DIRECTION('',(5.551115123126E-17,-2.465190328816E-32,1.));
#15246 = DIRECTION('',(-0.5,0.866025403784,2.775557561563E-17));
#15247 = ADVANCED_FACE('',(#15248),#15260,.F.);
#15248 = FACE_BOUND('',#15249,.T.);
#15249 = EDGE_LOOP('',(#15250,#15251,#15259));
#15250 = ORIENTED_EDGE('',*,*,#15188,.T.);
#15251 = ORIENTED_EDGE('',*,*,#15252,.T.);
#15252 = EDGE_CURVE('',#15179,#15253,#15255,.T.);
#15253 = VERTEX_POINT('',#15254);
#15254 = CARTESIAN_POINT('',(0.,-9.,7.648063607188));
#15255 = LINE('',#15256,#15257);
#15256 = CARTESIAN_POINT('',(2.25,-9.,9.));
#15257 = VECTOR('',#15258,1.);
#15258 = DIRECTION('',(-0.857167300702,0.,-0.51503807491));
#15259 = ORIENTED_EDGE('',*,*,#15252,.F.);
#15260 = CONICAL_SURFACE('',#15261,2.25,1.029744258677);
#15261 = AXIS2_PLACEMENT_3D('',#15262,#15263,#15264);
#15262 = CARTESIAN_POINT('',(0.,-9.,9.));
#15263 = DIRECTION('',(0.,0.,1.));
#15264 = DIRECTION('',(1.,0.,0.));
#15265 = ( GEOMETRIC_REPRESENTATION_CONTEXT(3) 
GLOBAL_UNCERTAINTY_ASSIGNED_CONTEXT((#15269)) 
GLOBAL_UNIT_ASSIGNED_CONTEXT((#15266,#15267,#15268)) 
REPRESENTATION_CONTEXT('Context #1',
  '3D Context with UNIT and UNCERTAINTY') );
#15266 = ( LENGTH_UNIT() NAMED_UNIT(*) SI_UNIT(.MILLI.,.METRE.) );
#15267 = ( NAMED_UNIT(*) PLANE_ANGLE_UNIT() SI_UNIT($,.RADIAN.) );
#15268 = ( NAMED_UNIT(*) SI_UNIT($,.STERADIAN.) SOLID_ANGLE_UNIT() );
#15269 = UNCERTAINTY_MEASURE_WITH_UNIT(LENGTH_MEASURE(5.E-07),#15266,
  'distance_accuracy_value','confusion accuracy');
#15270 = PRODUCT_RELATED_PRODUCT_CATEGORY('part',$,(#7));
#15271 = MECHANICAL_DESIGN_GEOMETRIC_PRESENTATION_REPRESENTATION('',(
    #15272),#15265);
#15272 = STYLED_ITEM('color',(#15273),#15);
#15273 = PRESENTATION_STYLE_ASSIGNMENT((#15274,#15282));
#15274 = SURFACE_STYLE_USAGE(.BOTH.,#15275);
#15275 = SURFACE_SIDE_STYLE('',(#15276,#15280));
#15276 = SURFACE_STYLE_FILL_AREA(#15277);
#15277 = FILL_AREA_STYLE('',(#15278));
#15278 = FILL_AREA_STYLE_COLOUR('',#15279);
#15279 = COLOUR_RGB('',0.447058818107,0.474509808674,0.501960817233);
#15280 = SURFACE_STYLE_RENDERING_WITH_PROPERTIES(.NORMAL_SHADING.,#15279
  ,(#15281));
#15281 = SURFACE_STYLE_TRANSPARENT(0.5);
#15282 = CURVE_STYLE('',#15283,POSITIVE_LENGTH_MEASURE(0.1),#15284);
#15283 = DRAUGHTING_PRE_DEFINED_CURVE_FONT('continuous');
#15284 = COLOUR_RGB('',9.803921802644E-02,9.803921802644E-02,
  9.803921802644E-02);
ENDSEC;
END-ISO-10303-21;
