999
FreeCAD v1.0 39319 (Git)
  0
SECTION
  2
HEADER
  9
$ACADVER
  1
AC1014
  9
$ACADMAINTVER
 70
     9
  9
$DWGCODEPAGE
  3
ANSI_1252
  9
$TEXTSTYLE
  7
STANDARD
  9
$DIMSTYLE
  2
STANDARD
  9
$DIMTXSTY
  7
STANDARD
  9
$CMLSTYLE
  2
STANDARD
  9
$LUNITS
 70
2
  9
$INSUNITS
 70
4
  9
$PEXTMAX
 10
50
 20
50
 30
50
  9
$PEXTMIN
 10
0
 20
0
 30
0
  9
$HANDSEED
  5
FFFF
  0
ENDSEC
  0
SECTION
  2
CLASSES
  0
CLASS
  1
ACDBDICTIONARYWDFLT
  2
AcDbDictionaryWithDefault
  3
ObjectDBX Classes
 90
        0
280
     0
281
     0
  0
CLASS
  1
XRECORD
  2
AcDbXrecord
  3
ObjectDBX Classes
 90
        0
280
     0
281
     0
  0
CLASS
  1
LWPOLYLINE
  2
AcDbPolyline
  3
ObjectDBX Classes
 90
        0
280
     0
281
     1
  0
ENDSEC
  0
SECTION
  2
TABLES
  0
TABLE
  2
VPORT
  5
20
330
0
100
AcDbSymbolTable
 70
     1
  0
VPORT
  5
21
330
20
100
AcDbSymbolTableRecord
100
AcDbViewportTableRecord
  2
*ACTIVE
 70
     0
  0
ENDTAB
  0
TABLE
  2
LTYPE
  5
22
330
0
100
AcDbSymbolTable
 70
     1
  0
LTYPE
  5
23
330
21
100
AcDbSymbolTableRecord
100
AcDbLinetypeTableRecord
  2
BYBLOCK
 70
     0
  3

 72
    65
 73
     0
 40
0.0
  0
LTYPE
  5
24
330
21
100
AcDbSymbolTableRecord
100
AcDbLinetypeTableRecord
  2
BYLAYER
 70
     0
  3

 72
    65
 73
     0
 40
0.0
  0
LTYPE
  5
25
330
21
100
AcDbSymbolTableRecord
100
AcDbLinetypeTableRecord
  2
CONTINUOUS
 70
     0
  3
Solid line
 72
    65
 73
     0
 40
0.0
  0
ENDTAB
  0
TABLE
  2
LAYER
  5
FA2
330
0
100
AcDbSymbolTable
 70
20
  0
LAYER
  5
FA3
330
FA2
100
AcDbSymbolTableRecord
100
AcDbLayerTableRecord
  2
0
 70
   0
 62
   7
  6
CONTINUOUS
  0
LAYER
  5
FA4
330
FA2
100
AcDbSymbolTableRecord
100
AcDbLayerTableRecord
  2
View
 70
    0
 62
    7
  6
CONTINUOUS
  0
LAYER
  5
FA5
330
FA2
100
AcDbSymbolTableRecord
100
AcDbLayerTableRecord
  2
ProjItem
 70
    0
 62
    7
  6
CONTINUOUS
  0
LAYER
  5
FA6
330
FA2
100
AcDbSymbolTableRecord
100
AcDbLayerTableRecord
  2
ProjItem001
 70
    0
 62
    7
  6
CONTINUOUS
  0
LAYER
  5
FA7
330
FA2
100
AcDbSymbolTableRecord
100
AcDbLayerTableRecord
  2
ProjItem002
 70
    0
 62
    7
  6
CONTINUOUS
  0
LAYER
  5
FA8
330
FA2
100
AcDbSymbolTableRecord
100
AcDbLayerTableRecord
  2
Dimension
 70
    0
 62
    7
  6
CONTINUOUS
  0
LAYER
  5
FA9
330
FA2
100
AcDbSymbolTableRecord
100
AcDbLayerTableRecord
  2
Dimension001
 70
    0
 62
    7
  6
CONTINUOUS
  0
LAYER
  5
FAA
330
FA2
100
AcDbSymbolTableRecord
100
AcDbLayerTableRecord
  2
Dimension002
 70
    0
 62
    7
  6
CONTINUOUS
  0
LAYER
  5
FAB
330
FA2
100
AcDbSymbolTableRecord
100
AcDbLayerTableRecord
  2
Dimension003
 70
    0
 62
    7
  6
CONTINUOUS
  0
LAYER
  5
FAC
330
FA2
100
AcDbSymbolTableRecord
100
AcDbLayerTableRecord
  2
Dimension004
 70
    0
 62
    7
  6
CONTINUOUS
  0
LAYER
  5
FAD
330
FA2
100
AcDbSymbolTableRecord
100
AcDbLayerTableRecord
  2
Dimension005
 70
    0
 62
    7
  6
CONTINUOUS
  0
LAYER
  5
FAE
330
FA2
100
AcDbSymbolTableRecord
100
AcDbLayerTableRecord
  2
Dimension007
 70
    0
 62
    7
  6
CONTINUOUS
  0
LAYER
  5
FAF
330
FA2
100
AcDbSymbolTableRecord
100
AcDbLayerTableRecord
  2
Dimension008
 70
    0
 62
    7
  6
CONTINUOUS
  0
LAYER
  5
FB0
330
FA2
100
AcDbSymbolTableRecord
100
AcDbLayerTableRecord
  2
Dimension010
 70
    0
 62
    7
  6
CONTINUOUS
  0
LAYER
  5
FB1
330
FA2
100
AcDbSymbolTableRecord
100
AcDbLayerTableRecord
  2
Dimension011
 70
    0
 62
    7
  6
CONTINUOUS
  0
LAYER
  5
FB2
330
FA2
100
AcDbSymbolTableRecord
100
AcDbLayerTableRecord
  2
Dimension012
 70
    0
 62
    7
  6
CONTINUOUS
  0
LAYER
  5
FB3
330
FA2
100
AcDbSymbolTableRecord
100
AcDbLayerTableRecord
  2
Dimension013
 70
    0
 62
    7
  6
CONTINUOUS
  0
LAYER
  5
FB4
330
FA2
100
AcDbSymbolTableRecord
100
AcDbLayerTableRecord
  2
Dimension014
 70
    0
 62
    7
  6
CONTINUOUS
  0
LAYER
  5
FB5
330
FA2
100
AcDbSymbolTableRecord
100
AcDbLayerTableRecord
  2
Dimension015
 70
    0
 62
    7
  6
CONTINUOUS
  0
LAYER
  5
FB6
330
FA2
100
AcDbSymbolTableRecord
100
AcDbLayerTableRecord
  2
Dimension016
 70
    0
 62
    7
  6
CONTINUOUS
  0
ENDTAB
  0
TABLE
  2
STYLE
  5
70
330
0
100
AcDbSymbolTable
 70
     2
  0
STYLE
  5
71
330
70
100
AcDbSymbolTableRecord
100
AcDbTextStyleTableRecord
  2
STANDARD
 70
     0
 40
0.0
 41
1.0
 50
0.0
 71
     0
 42
2.5
  3
arial.ttf
  4

  0
STYLE
  5
72
330
70
100
AcDbSymbolTableRecord
100
AcDbTextStyleTableRecord
  2
ANNOTATIVE
 70
     0
 40
0.0
 41
1.0
 50
0.0
 71
     0
 42
2.5
  3
arial.ttf
  4

  0
ENDTAB
  0
TABLE
  2
VIEW
  5
73
330
0
100
AcDbSymbolTable
 70
     0
  0
ENDTAB
  0
TABLE
  2
UCS
  5
74
330
0
100
AcDbSymbolTable
 70
     0
  0
ENDTAB
  0
TABLE
  2
APPID
  5
75
330
0
100
AcDbSymbolTable
 70
     2
  0
APPID
  5
76
330
75
100
AcDbSymbolTableRecord
100
AcDbRegAppTableRecord
  2
ACAD
 70
     0
  0
APPID
  5
77
330
75
100
AcDbSymbolTableRecord
100
AcDbRegAppTableRecord
  2
ACADANNOTATIVE
 70
     0
  0
ENDTAB
  0
TABLE
  2
DIMSTYLE
  5
78
330
0
100
AcDbSymbolTable
 70
     2
  0
DIMSTYLE
105
79
330
78
100
AcDbSymbolTableRecord
100
AcDbDimStyleTableRecord
  2
STANDARD
 70
     0
  3

  4

  5

  6

  7

 40
0.0
 41
2.5
 42
0.625
 43
3.75
 44
1.25
 45
0.0
 46
0.0
 47
0.0
 48
0.0
140
2.5
141
2.5
142
0.0
143
0.03937007874016
144
1.0
145
0.0
146
1.0
147
0.625
 71
     0
 72
     0
 73
     0
 74
     0
 75
     0
 76
     0
 77
     1
 78
     8
170
     0
171
     3
172
     1
173
     0
174
     0
175
     0
176
     0
177
     0
178
     0
270
     2
271
     2
272
     2
273
     2
274
     3
340
71
275
     0
280
     0
281
     0
282
     0
283
     0
284
     8
285
     0
286
     0
287
     3
288
     0
  0
ENDTAB
  0
TABLE
  2
BLOCK_RECORD
  5
A01
330
0
100
AcDbSymbolTable
  70
5
  0
BLOCK_RECORD
  5
A02
330
A01
100
AcDbSymbolTableRecord
100
AcDbBlockTableRecord
  2
*MODEL_SPACE
  0
BLOCK_RECORD
  5
A03
330
A01
100
AcDbSymbolTableRecord
100
AcDbBlockTableRecord
  2
*PAPER_SPACE
  0
BLOCK_RECORD
  5
F20
330
A01
100
AcDbSymbolTableRecord
100
AcDbBlockTableRecord
  2
*Dimension
  0
BLOCK_RECORD
  5
F2A
330
A01
100
AcDbSymbolTableRecord
100
AcDbBlockTableRecord
  2
*Dimension001
  0
BLOCK_RECORD
  5
F34
330
A01
100
AcDbSymbolTableRecord
100
AcDbBlockTableRecord
  2
*Dimension002
  0
BLOCK_RECORD
  5
F3E
330
A01
100
AcDbSymbolTableRecord
100
AcDbBlockTableRecord
  2
*Dimension003
  0
BLOCK_RECORD
  5
F48
330
A01
100
AcDbSymbolTableRecord
100
AcDbBlockTableRecord
  2
*Dimension004
  0
BLOCK_RECORD
  5
F50
330
A01
100
AcDbSymbolTableRecord
100
AcDbBlockTableRecord
  2
*Dimension005
  0
BLOCK_RECORD
  5
F57
330
A01
100
AcDbSymbolTableRecord
100
AcDbBlockTableRecord
  2
*Dimension007
  0
BLOCK_RECORD
  5
F5F
330
A01
100
AcDbSymbolTableRecord
100
AcDbBlockTableRecord
  2
*Dimension008
  0
BLOCK_RECORD
  5
F67
330
A01
100
AcDbSymbolTableRecord
100
AcDbBlockTableRecord
  2
*Dimension010
  0
BLOCK_RECORD
  5
F6F
330
A01
100
AcDbSymbolTableRecord
100
AcDbBlockTableRecord
  2
*Dimension011
  0
BLOCK_RECORD
  5
F79
330
A01
100
AcDbSymbolTableRecord
100
AcDbBlockTableRecord
  2
*Dimension012
  0
BLOCK_RECORD
  5
F83
330
A01
100
AcDbSymbolTableRecord
100
AcDbBlockTableRecord
  2
*Dimension013
  0
BLOCK_RECORD
  5
F8A
330
A01
100
AcDbSymbolTableRecord
100
AcDbBlockTableRecord
  2
*Dimension014
  0
BLOCK_RECORD
  5
F94
330
A01
100
AcDbSymbolTableRecord
100
AcDbBlockTableRecord
  2
*Dimension015
  0
BLOCK_RECORD
  5
F9B
330
A01
100
AcDbSymbolTableRecord
100
AcDbBlockTableRecord
  2
*Dimension016
  0
ENDTAB
  0
ENDSEC
  0
SECTION
  2
BLOCKS
  0
BLOCK
  5
A04
330
A02
100
AcDbEntity
  8
0
100
AcDbBlockBegin
  2
*MODEL_SPACE
 70
   0
 10
0
 20
0
 30
0
  3
*MODEL_SPACE
  1
 
  0
ENDBLK
  5
A05
330
A02
100
AcDbEntity
  8
0
100
AcDbBlockEnd
  0
BLOCK
  5
A06
330
A03
100
AcDbEntity
 67
1
  8
0
100
AcDbBlockBegin
  2
*PAPER_SPACE
 70
   0
 10
0
 20
0
 30
0
  3
*PAPER_SPACE
  1
 
  0
ENDBLK
  5
A07
330
A03
100
AcDbEntity
 67
    1
  8
0
100
AcDbBlockEnd
  0
BLOCK
  5
F21
330
F20
100
AcDbEntity
  8
Dimension
100
AcDbBlockBegin
  2
*Dimension
 70
   1
 10
0
 20
0
 30
0
  3
*Dimension
  1
 
  0
LINE
  5
F22
330
F20
100
AcDbEntity
  8
Dimension
100
AcDbLine
 10
71.487
 20
114.896
 30
0
 11
42.6272
 21
114.896
 31
0
  0
LINE
  5
F23
330
F20
100
AcDbEntity
  8
Dimension
100
AcDbLine
 10
71.487
 20
129.896
 30
0
 11
42.6272
 21
129.896
 31
0
  0
LINE
  5
F24
330
F20
100
AcDbEntity
  8
Dimension
100
AcDbLine
 10
42.6272
 20
129.896
 30
0
 11
42.6272
 21
114.896
 31
0
  0
TEXT
  5
F25
330
F20
100
AcDbEntity
  8
Dimension
100
AcDbText
 10
37.6272
 20
122.396
 30
0
 40
3.5
  1
15
  7
STANDARD
 72
1
 11
42.6272
 21
122.396
 31
0
100
AcDbText
  0
SOLID
  5
F26
330
F20
100
AcDbEntity
  8
0
 62
     0
100
AcDbTrace
 10
42.2105
 20
134.896
 30
0
 11
43.0439
 21
134.896
 31
0
 12
42.6272
 22
129.896
 32
0
 13
42.6272
 23
129.896
 33
0
  0
SOLID
  5
F27
330
F20
100
AcDbEntity
  8
0
 62
     0
100
AcDbTrace
 10
42.2105
 20
109.896
 30
0
 11
43.0439
 21
109.896
 31
0
 12
42.6272
 22
114.896
 32
0
 13
42.6272
 23
114.896
 33
0
  0
ENDBLK
  5
F28
330
F20
100
AcDbEntity
  8
Dimension
100
AcDbBlockEnd
  0
BLOCK
  5
F2B
330
F2A
100
AcDbEntity
  8
Dimension001
100
AcDbBlockBegin
  2
*Dimension001
 70
   1
 10
0
 20
0
 30
0
  3
*Dimension001
  1
 
  0
LINE
  5
F2C
330
F2A
100
AcDbEntity
  8
Dimension001
100
AcDbLine
 10
58.487
 20
109.896
 30
0
 11
42.6272
 21
109.896
 31
0
  0
LINE
  5
F2D
330
F2A
100
AcDbEntity
  8
Dimension001
100
AcDbLine
 10
58.487
 20
114.896
 30
0
 11
42.6272
 21
114.896
 31
0
  0
LINE
  5
F2E
330
F2A
100
AcDbEntity
  8
Dimension001
100
AcDbLine
 10
42.6272
 20
114.896
 30
0
 11
42.6272
 21
109.896
 31
0
  0
TEXT
  5
F2F
330
F2A
100
AcDbEntity
  8
Dimension001
100
AcDbText
 10
37.6272
 20
112.396
 30
0
 40
3.5
  1
5
  7
STANDARD
 72
1
 11
42.6272
 21
112.396
 31
0
100
AcDbText
  0
SOLID
  5
F30
330
F2A
100
AcDbEntity
  8
0
 62
     0
100
AcDbTrace
 10
42.2105
 20
119.896
 30
0
 11
43.0439
 21
119.896
 31
0
 12
42.6272
 22
114.896
 32
0
 13
42.6272
 23
114.896
 33
0
  0
SOLID
  5
F31
330
F2A
100
AcDbEntity
  8
0
 62
     0
100
AcDbTrace
 10
42.2105
 20
104.896
 30
0
 11
43.0439
 21
104.896
 31
0
 12
42.6272
 22
109.896
 32
0
 13
42.6272
 23
109.896
 33
0
  0
ENDBLK
  5
F32
330
F2A
100
AcDbEntity
  8
Dimension001
100
AcDbBlockEnd
  0
BLOCK
  5
F35
330
F34
100
AcDbEntity
  8
Dimension002
100
AcDbBlockBegin
  2
*Dimension002
 70
   1
 10
0
 20
0
 30
0
  3
*Dimension002
  1
 
  0
LINE
  5
F36
330
F34
100
AcDbEntity
  8
Dimension002
100
AcDbLine
 10
62.1146
 20
109.896
 30
0
 11
32.6272
 21
109.896
 31
0
  0
LINE
  5
F37
330
F34
100
AcDbEntity
  8
Dimension002
100
AcDbLine
 10
62.1146
 20
99.3959
 30
0
 11
32.6272
 21
99.3959
 31
0
  0
LINE
  5
F38
330
F34
100
AcDbEntity
  8
Dimension002
100
AcDbLine
 10
32.6272
 20
99.3959
 30
0
 11
32.6272
 21
109.896
 31
0
  0
TEXT
  5
F39
330
F34
100
AcDbEntity
  8
Dimension002
100
AcDbText
 10
37.6272
 20
101.693
 30
0
 40
3.5
  1
10.5
  7
STANDARD
 72
1
 11
32.6272
 21
101.693
 31
0
100
AcDbText
  0
SOLID
  5
F3A
330
F34
100
AcDbEntity
  8
0
 62
     0
100
AcDbTrace
 10
32.2105
 20
94.3959
 30
0
 11
33.0439
 21
94.3959
 31
0
 12
32.6272
 22
99.3959
 32
0
 13
32.6272
 23
99.3959
 33
0
  0
SOLID
  5
F3B
330
F34
100
AcDbEntity
  8
0
 62
     0
100
AcDbTrace
 10
32.2105
 20
114.896
 30
0
 11
33.0439
 21
114.896
 31
0
 12
32.6272
 22
109.896
 32
0
 13
32.6272
 23
109.896
 33
0
  0
ENDBLK
  5
F3C
330
F34
100
AcDbEntity
  8
Dimension002
100
AcDbBlockEnd
  0
BLOCK
  5
F3F
330
F3E
100
AcDbEntity
  8
Dimension003
100
AcDbBlockBegin
  2
*Dimension003
 70
   1
 10
0
 20
0
 30
0
  3
*Dimension003
  1
 
  0
LINE
  5
F40
330
F3E
100
AcDbEntity
  8
Dimension003
100
AcDbLine
 10
63.837
 20
99.3959
 30
0
 11
39.6272
 21
93.0195
 31
0
  0
LINE
  5
F41
330
F3E
100
AcDbEntity
  8
Dimension003
100
AcDbLine
 10
63.837
 20
93.3959
 30
0
 11
39.6272
 21
87.0195
 31
0
  0
LINE
  5
F42
330
F3E
100
AcDbEntity
  8
Dimension003
100
AcDbLine
 10
39.6272
 20
87.0195
 30
0
 11
39.6272
 21
93.0195
 31
0
  0
TEXT
  5
F43
330
F3E
100
AcDbEntity
  8
Dimension003
100
AcDbText
 10
44.6272
 20
87.0195
 30
0
 40
3.5
  1
6
  7
STANDARD
 72
1
 11
39.6272
 21
87.0195
 31
0
100
AcDbText
  0
SOLID
  5
F44
330
F3E
100
AcDbEntity
  8
0
 62
     0
100
AcDbTrace
 10
40.0301
 20
92.1257
 30
0
 11
39.2243
 21
91.9134
 31
0
 12
39.6272
 22
87.0195
 32
0
 13
39.6272
 23
87.0195
 33
0
  0
SOLID
  5
F45
330
F3E
100
AcDbEntity
  8
0
 62
     0
100
AcDbTrace
 10
40.0301
 20
88.1257
 30
0
 11
39.2243
 21
87.9134
 31
0
 12
39.6272
 22
93.0195
 32
0
 13
39.6272
 23
93.0195
 33
0
  0
ENDBLK
  5
F46
330
F3E
100
AcDbEntity
  8
Dimension003
100
AcDbBlockEnd
  0
BLOCK
  5
F49
330
F48
100
AcDbEntity
  8
Dimension004
100
AcDbBlockBegin
  2
*Dimension004
 70
   1
 10
0
 20
0
 30
0
  3
*Dimension004
  1
 
  0
LINE
  5
F4A
330
F48
100
AcDbEntity
  8
Dimension004
100
AcDbLine
 10
108.469
 20
177.527
 30
0
 11
59.5046
 21
163.264
 31
0
  0
TEXT
  5
F4B
330
F48
100
AcDbEntity
  8
Dimension004
100
AcDbText
 10
127.832
 20
193.493
 30
0
 40
3.5
  1
⌀51
  7
STANDARD
 72
1
 11
127.832
 21
193.493
 31
0
100
AcDbText
  0
SOLID
  5
F4C
330
F48
100
AcDbEntity
  8
0
 62
     0
100
AcDbTrace
 10
103.786
 20
175.729
 30
0
 11
103.552
 21
176.529
 31
0
 12
108.469
 22
177.527
 32
0
 13
108.469
 23
177.527
 33
0
  0
SOLID
  5
F4D
330
F48
100
AcDbEntity
  8
0
 62
     0
100
AcDbTrace
 10
64.4216
 20
164.263
 30
0
 11
64.1885
 21
165.063
 31
0
 12
59.5046
 22
163.264
 32
0
 13
59.5046
 23
163.264
 33
0
  0
ENDBLK
  5
F4E
330
F48
100
AcDbEntity
  8
Dimension004
100
AcDbBlockEnd
  0
BLOCK
  5
F51
330
F50
100
AcDbEntity
  8
Dimension005
100
AcDbBlockBegin
  2
*Dimension005
 70
   1
 10
0
 20
0
 30
0
  3
*Dimension005
  1
 
  0
LINE
  5
F52
330
F50
100
AcDbEntity
  8
Dimension005
100
AcDbLine
 10
83.987
 20
170.396
 30
0
 11
63.9065
 21
172.068
 31
0
  0
TEXT
  5
F53
330
F50
100
AcDbEntity
  8
Dimension005
100
AcDbText
 10
33.0869
 20
184.567
 30
0
 40
3.5
  1
R20.15
  7
STANDARD
 72
1
 11
33.0869
 21
184.567
 31
0
100
AcDbText
  0
SOLID
  5
F54
330
F50
100
AcDbEntity
  8
0
 62
     0
100
AcDbTrace
 10
68.8547
 20
171.238
 30
0
 11
68.9238
 21
172.068
 31
0
 12
63.9065
 22
172.068
 32
0
 13
63.9065
 23
172.068
 33
0
  0
ENDBLK
  5
F55
330
F50
100
AcDbEntity
  8
Dimension005
100
AcDbBlockEnd
  0
BLOCK
  5
F58
330
F57
100
AcDbEntity
  8
Dimension007
100
AcDbBlockBegin
  2
*Dimension007
 70
   1
 10
0
 20
0
 30
0
  3
*Dimension007
  1
 
  0
LINE
  5
F59
330
F57
100
AcDbEntity
  8
Dimension007
100
AcDbLine
 10
59.7198
 20
60.7286
 30
0
 11
108.254
 21
45.0631
 31
0
  0
TEXT
  5
F5A
330
F57
100
AcDbEntity
  8
Dimension007
100
AcDbText
 10
38.2707
 20
78.0685
 30
0
 40
3.5
  1
⌀51
  7
STANDARD
 72
1
 11
38.2707
 21
78.0685
 31
0
100
AcDbText
  0
SOLID
  5
F5B
330
F57
100
AcDbEntity
  8
0
 62
     0
100
AcDbTrace
 10
64.6061
 20
59.5893
 30
0
 11
64.3501
 21
58.7963
 31
0
 12
59.7198
 22
60.7286
 32
0
 13
59.7198
 23
60.7286
 33
0
  0
SOLID
  5
F5C
330
F57
100
AcDbEntity
  8
0
 62
     0
100
AcDbTrace
 10
103.624
 20
46.9955
 30
0
 11
103.368
 21
46.2024
 31
0
 12
108.254
 22
45.0631
 32
0
 13
108.254
 23
45.0631
 33
0
  0
ENDBLK
  5
F5D
330
F57
100
AcDbEntity
  8
Dimension007
100
AcDbBlockEnd
  0
BLOCK
  5
F60
330
F5F
100
AcDbEntity
  8
Dimension008
100
AcDbBlockBegin
  2
*Dimension008
 70
   1
 10
0
 20
0
 30
0
  3
*Dimension008
  1
 
  0
LINE
  5
F61
330
F5F
100
AcDbEntity
  8
Dimension008
100
AcDbLine
 10
104.779
 20
63.847
 30
0
 11
63.1946
 21
41.9448
 31
0
  0
TEXT
  5
F62
330
F5F
100
AcDbEntity
  8
Dimension008
100
AcDbText
 10
107.791
 20
76.6371
 30
0
 40
3.5
  1
⌀47
  7
STANDARD
 72
1
 11
107.791
 21
76.6371
 31
0
100
AcDbText
  0
SOLID
  5
F63
330
F5F
100
AcDbEntity
  8
0
 62
     0
100
AcDbTrace
 10
100.55
 20
61.1483
 30
0
 11
100.161
 21
61.8856
 31
0
 12
104.779
 22
63.847
 32
0
 13
104.779
 23
63.847
 33
0
  0
SOLID
  5
F64
330
F5F
100
AcDbEntity
  8
0
 62
     0
100
AcDbTrace
 10
67.8127
 20
43.9061
 30
0
 11
67.4244
 21
44.6435
 31
0
 12
63.1946
 22
41.9448
 32
0
 13
63.1946
 23
41.9448
 33
0
  0
ENDBLK
  5
F65
330
F5F
100
AcDbEntity
  8
Dimension008
100
AcDbBlockEnd
  0
BLOCK
  5
F68
330
F67
100
AcDbEntity
  8
Dimension010
100
AcDbBlockBegin
  2
*Dimension010
 70
   1
 10
0
 20
0
 30
0
  3
*Dimension010
  1
 
  0
LINE
  5
F69
330
F67
100
AcDbEntity
  8
Dimension010
100
AcDbLine
 10
90.7149
 20
63.4309
 30
0
 11
77.2592
 21
42.3609
 31
0
  0
TEXT
  5
F6A
330
F67
100
AcDbEntity
  8
Dimension010
100
AcDbText
 10
87.1823
 20
76.3174
 30
0
 40
3.5
  1
⌀25
  7
STANDARD
 72
1
 11
87.1823
 21
76.3174
 31
0
100
AcDbText
  0
SOLID
  5
F6B
330
F67
100
AcDbEntity
  8
0
 62
     0
100
AcDbTrace
 10
88.3749
 20
58.9926
 30
0
 11
87.6726
 21
59.4411
 31
0
 12
90.7149
 22
63.4309
 32
0
 13
90.7149
 23
63.4309
 33
0
  0
SOLID
  5
F6C
330
F67
100
AcDbEntity
  8
0
 62
     0
100
AcDbTrace
 10
80.3015
 20
46.3506
 30
0
 11
79.5991
 21
46.7992
 31
0
 12
77.2592
 22
42.3609
 32
0
 13
77.2592
 23
42.3609
 33
0
  0
ENDBLK
  5
F6D
330
F67
100
AcDbEntity
  8
Dimension010
100
AcDbBlockEnd
  0
BLOCK
  5
F70
330
F6F
100
AcDbEntity
  8
Dimension011
100
AcDbBlockBegin
  2
*Dimension011
 70
   1
 10
0
 20
0
 30
0
  3
*Dimension011
  1
 
  0
LINE
  5
F71
330
F6F
100
AcDbEntity
  8
Dimension011
100
AcDbLine
 10
80.487
 20
46.8337
 30
0
 11
89.4401
 21
51.5893
 31
0
  0
LINE
  5
F72
330
F6F
100
AcDbEntity
  8
Dimension011
100
AcDbLine
 10
87.487
 20
46.8337
 30
0
 11
96.4401
 21
51.5893
 31
0
  0
LINE
  5
F73
330
F6F
100
AcDbEntity
  8
Dimension011
100
AcDbLine
 10
96.4401
 20
51.5893
 30
0
 11
89.4401
 21
51.5893
 31
0
  0
TEXT
  5
F74
330
F6F
100
AcDbEntity
  8
Dimension011
100
AcDbText
 10
96.4401
 20
46.5893
 30
0
 40
3.5
  1
7
  7
STANDARD
 72
1
 11
96.4401
 21
51.5893
 31
0
100
AcDbText
  0
SOLID
  5
F75
330
F6F
100
AcDbEntity
  8
0
 62
     0
100
AcDbTrace
 10
91.0722
 20
51.3939
 30
0
 11
91.8081
 21
51.7848
 31
0
 12
96.4401
 22
51.5893
 32
0
 13
96.4401
 23
51.5893
 33
0
  0
SOLID
  5
F76
330
F6F
100
AcDbEntity
  8
0
 62
     0
100
AcDbTrace
 10
94.0722
 20
51.3939
 30
0
 11
94.8081
 21
51.7848
 31
0
 12
89.4401
 22
51.5893
 32
0
 13
89.4401
 23
51.5893
 33
0
  0
ENDBLK
  5
F77
330
F6F
100
AcDbEntity
  8
Dimension011
100
AcDbBlockEnd
  0
BLOCK
  5
F7A
330
F79
100
AcDbEntity
  8
Dimension012
100
AcDbBlockBegin
  2
*Dimension012
 70
   1
 10
0
 20
0
 30
0
  3
*Dimension012
  1
 
  0
LINE
  5
F7B
330
F79
100
AcDbEntity
  8
Dimension012
100
AcDbLine
 10
78.7331
 20
49.8625
 30
0
 11
91.882
 21
46.8568
 31
0
  0
LINE
  5
F7C
330
F79
100
AcDbEntity
  8
Dimension012
100
AcDbLine
 10
89.2464
 20
49.8594
 30
0
 11
102.395
 21
46.8536
 31
0
  0
LINE
  5
F7D
330
F79
100
AcDbEntity
  8
Dimension012
100
AcDbLine
 10
102.395
 20
46.8536
 30
0
 11
91.882
 21
46.8568
 31
0
  0
TEXT
  5
F7E
330
F79
100
AcDbEntity
  8
Dimension012
100
AcDbText
 10
102.397
 20
41.8536
 30
0
 40
3.5
  1
10.51
  7
STANDARD
 72
1
 11
102.395
 21
46.8536
 31
0
100
AcDbText
  0
SOLID
  5
F7F
330
F79
100
AcDbEntity
  8
0
 62
     0
100
AcDbTrace
 10
96.9891
 20
46.948
 30
0
 11
97.8015
 21
46.7623
 31
0
 12
102.395
 22
46.8536
 32
0
 13
102.395
 23
46.8536
 33
0
  0
SOLID
  5
F80
330
F79
100
AcDbEntity
  8
0
 62
     0
100
AcDbTrace
 10
96.4758
 20
46.9481
 30
0
 11
97.2882
 21
46.7624
 31
0
 12
91.882
 22
46.8568
 32
0
 13
91.882
 23
46.8568
 33
0
  0
ENDBLK
  5
F81
330
F79
100
AcDbEntity
  8
Dimension012
100
AcDbBlockEnd
  0
BLOCK
  5
F84
330
F83
100
AcDbEntity
  8
Dimension013
100
AcDbBlockBegin
  2
*Dimension013
 70
   1
 10
0
 20
0
 30
0
  3
*Dimension013
  1
 
  0
LINE
  5
F85
330
F83
100
AcDbEntity
  8
Dimension013
100
AcDbLine
 10
78.7331
 20
49.8625
 30
0
 11
77.0481
 21
46.7948
 31
0
  0
TEXT
  5
F86
330
F83
100
AcDbEntity
  8
Dimension013
100
AcDbText
 10
57.9287
 20
32.5579
 30
0
 40
3.5
  1
R3.5
  7
STANDARD
 72
1
 11
57.9287
 21
32.5579
 31
0
100
AcDbText
  0
SOLID
  5
F87
330
F83
100
AcDbEntity
  8
0
 62
     0
100
AcDbTrace
 10
79.8204
 20
50.9766
 30
0
 11
79.09
 21
51.3778
 31
0
 12
77.0481
 22
46.7948
 32
0
 13
77.0481
 23
46.7948
 33
0
  0
ENDBLK
  5
F88
330
F83
100
AcDbEntity
  8
Dimension013
100
AcDbBlockEnd
  0
BLOCK
  5
F8B
330
F8A
100
AcDbEntity
  8
Dimension014
100
AcDbBlockBegin
  2
*Dimension014
 70
   1
 10
0
 20
0
 30
0
  3
*Dimension014
  1
 
  0
LINE
  5
F8C
330
F8A
100
AcDbEntity
  8
Dimension014
100
AcDbLine
 10
102.986
 20
170.405
 30
0
 11
128.533
 21
159.649
 31
0
  0
LINE
  5
F8D
330
F8A
100
AcDbEntity
  8
Dimension014
100
AcDbLine
 10
98.987
 20
170.403
 30
0
 11
124.534
 21
159.647
 31
0
  0
LINE
  5
F8E
330
F8A
100
AcDbEntity
  8
Dimension014
100
AcDbLine
 10
124.534
 20
159.647
 30
0
 11
128.533
 21
159.649
 31
0
  0
TEXT
  5
F8F
330
F8A
100
AcDbEntity
  8
Dimension014
100
AcDbText
 10
128.535
 20
164.649
 30
0
 40
3.5
  1
4
  7
STANDARD
 72
1
 11
128.533
 21
159.649
 31
0
100
AcDbText
  0
SOLID
  5
F90
330
F8A
100
AcDbEntity
  8
0
 62
     0
100
AcDbTrace
 10
129.15
 20
159.811
 30
0
 11
129.918
 21
159.488
 31
0
 12
124.534
 22
159.647
 32
0
 13
124.534
 23
159.647
 33
0
  0
SOLID
  5
F91
330
F8A
100
AcDbEntity
  8
0
 62
     0
100
AcDbTrace
 10
123.149
 20
159.808
 30
0
 11
123.917
 21
159.485
 31
0
 12
128.533
 22
159.649
 32
0
 13
128.533
 23
159.649
 33
0
  0
ENDBLK
  5
F92
330
F8A
100
AcDbEntity
  8
Dimension014
100
AcDbBlockEnd
  0
BLOCK
  5
F95
330
F94
100
AcDbEntity
  8
Dimension015
100
AcDbBlockBegin
  2
*Dimension015
 70
   1
 10
0
 20
0
 30
0
  3
*Dimension015
  1
 
  0
LINE
  5
F96
330
F94
100
AcDbEntity
  8
Dimension015
100
AcDbLine
 10
102.986
 20
170.405
 30
0
 11
108.094
 21
169.512
 31
0
  0
TEXT
  5
F97
330
F94
100
AcDbEntity
  8
Dimension015
100
AcDbText
 10
127.847
 20
176.109
 30
0
 40
3.5
  1
R5.19
  7
STANDARD
 72
1
 11
127.847
 21
176.109
 31
0
100
AcDbText
  0
SOLID
  5
F98
330
F94
100
AcDbEntity
  8
0
 62
     0
100
AcDbTrace
 10
103.241
 20
170.783
 30
0
 11
103.097
 21
169.962
 31
0
 12
108.094
 22
169.512
 32
0
 13
108.094
 23
169.512
 33
0
  0
ENDBLK
  5
F99
330
F94
100
AcDbEntity
  8
Dimension015
100
AcDbBlockEnd
  0
BLOCK
  5
F9C
330
F9B
100
AcDbEntity
  8
Dimension016
100
AcDbBlockBegin
  2
*Dimension016
 70
   1
 10
0
 20
0
 30
0
  3
*Dimension016
  1
 
  0
LINE
  5
F9D
330
F9B
100
AcDbEntity
  8
Dimension016
100
AcDbLine
 10
71.2874
 20
162.413
 30
0
 11
96.6866
 21
178.378
 31
0
  0
TEXT
  5
F9E
330
F9B
100
AcDbEntity
  8
Dimension016
100
AcDbText
 10
39.9752
 20
154.441
 30
0
 40
3.5
  1
⌀30
  7
STANDARD
 72
1
 11
39.9752
 21
154.441
 31
0
100
AcDbText
  0
SOLID
  5
F9F
330
F9B
100
AcDbEntity
  8
0
 62
     0
100
AcDbTrace
 10
75.2989
 20
165.427
 30
0
 11
75.7423
 21
164.721
 31
0
 12
71.2874
 22
162.413
 32
0
 13
71.2874
 23
162.413
 33
0
  0
SOLID
  5
FA0
330
F9B
100
AcDbEntity
  8
0
 62
     0
100
AcDbTrace
 10
92.2317
 20
176.07
 30
0
 11
92.6752
 21
175.365
 31
0
 12
96.6866
 22
178.378
 32
0
 13
96.6866
 23
178.378
 33
0
  0
ENDBLK
  5
FA1
330
F9B
100
AcDbEntity
  8
Dimension016
100
AcDbBlockEnd
  0
ENDSEC
  0
SECTION
  2
ENTITIES
  0
SPLINE
  5
A08
330
A02
100
AcDbEntity
  8
View
100
AcDbSpline
210
0
220
0
230
1
 70
8
 71
1
 72
17
 73
15
 74
0
 40
0.259653177
 40
0.259653177
 40
0.465505997
 40
0.671358817
 40
0.877211637
 40
1.083064456
 40
1.288917276
 40
1.494770096
 40
1.700622915
 40
1.906475735
 40
2.112328555
 40
2.318181375
 40
2.524034194
 40
2.729887014
 40
2.935739834
 40
3.141592654
 40
3.141592654
 10
103.461567796
 20
93.395879051
 30
0.000000000
 10
101.992944501
 20
93.395879051
 30
0.000000000
 10
99.764003604
 20
93.395879051
 30
0.000000000
 10
96.868864264
 20
93.395879051
 30
0.000000000
 10
93.429776506
 20
93.395879051
 30
0.000000000
 10
89.591959094
 20
93.395879051
 30
0.000000000
 10
85.517467535
 20
93.395879051
 30
0.000000000
 10
81.378351126
 20
93.395879051
 30
0.000000000
 10
77.349388012
 20
93.395879051
 30
0.000000000
 10
73.600705008
 20
93.395879051
 30
0.000000000
 10
70.290593835
 20
93.395879051
 30
0.000000000
 10
67.558827099
 20
93.395879051
 30
0.000000000
 10
65.520756260
 20
93.395879051
 30
0.000000000
 10
64.262440805
 20
93.395879051
 30
0.000000000
 10
63.837014306
 20
93.395879051
 30
0.000000000
  0
LINE
  5
A09
330
A02
100
AcDbEntity
  8
View
100
AcDbLine
 10
103.461567796
 20
93.395879051
 30
0.000000000
 11
103.461567796
 21
99.395879051
 31
0.000000000
  0
SPLINE
  5
A0A
330
A02
100
AcDbEntity
  8
View
100
AcDbSpline
210
0
220
0
230
1
 70
8
 71
1
 72
4
 73
2
 74
0
 40
1.211757166
 40
1.211757166
 40
1.391276747
 40
1.391276747
 10
105.526794595
 20
99.395879051
 30
0.000000000
 10
105.529205157
 20
99.395879051
 30
0.000000000
  0
SPLINE
  5
A0B
330
A02
100
AcDbEntity
  8
View
100
AcDbSpline
210
0
220
0
230
1
 70
8
 71
1
 72
4
 73
2
 74
0
 40
1.391276747
 40
1.391276747
 40
1.570796327
 40
1.570796327
 10
105.529205157
 20
99.395879051
 30
0.000000000
 10
105.526794595
 20
99.395879051
 30
0.000000000
  0
LINE
  5
A0C
330
A02
100
AcDbEntity
  8
View
100
AcDbLine
 10
105.526794595
 20
99.395879051
 30
0.000000000
 11
105.420418967
 21
99.395879051
 31
0.000000000
  0
SPLINE
  5
A0D
330
A02
100
AcDbEntity
  8
View
100
AcDbSpline
210
0
220
0
230
1
 70
8
 71
3
 72
8
 73
4
 74
0
 40
0.000000000
 40
0.000000000
 40
0.000000000
 40
0.000000000
 40
1.570796327
 40
1.570796327
 40
1.570796327
 40
1.570796327
 10
105.420418967
 20
99.395879051
 30
0.000000000
 10
105.400708406
 20
99.395879051
 30
0.000000000
 10
105.312761550
 20
99.395879051
 30
0.000000000
 10
105.235919011
 20
99.395879051
 30
0.000000000
  0
SPLINE
  5
A0E
330
A02
100
AcDbEntity
  8
View
100
AcDbSpline
210
0
220
0
230
1
 70
8
 71
1
 72
4
 73
2
 74
0
 40
0.000000000
 40
0.000000000
 40
0.142580249
 40
0.142580249
 10
105.235919011
 20
99.395879051
 30
0.000000000
 10
105.026769270
 20
99.395879051
 30
0.000000000
  0
SPLINE
  5
A0F
330
A02
100
AcDbEntity
  8
View
100
AcDbSpline
210
0
220
0
230
1
 70
8
 71
2
 72
6
 73
3
 74
0
 40
1.032237586
 40
1.032237586
 40
1.032237586
 40
1.301516956
 40
1.301516956
 40
1.301516956
 10
105.021363699
 20
99.395879051
 30
0.000000000
 10
105.026744575
 20
99.395879051
 30
0.000000000
 10
105.026769270
 20
99.395879051
 30
0.000000000
  0
SPLINE
  5
A10
330
A02
100
AcDbEntity
  8
View
100
AcDbSpline
210
0
220
0
230
1
 70
8
 71
2
 72
6
 73
3
 74
0
 40
1.301516956
 40
1.301516956
 40
1.301516956
 40
1.570796327
 40
1.570796327
 40
1.570796327
 10
105.026769270
 20
99.395879051
 30
0.000000000
 10
105.026744575
 20
99.395879051
 30
0.000000000
 10
105.021363699
 20
99.395879051
 30
0.000000000
  0
LINE
  5
A11
330
A02
100
AcDbEntity
  8
View
100
AcDbLine
 10
105.021363699
 20
99.395879051
 30
0.000000000
 11
104.873638825
 21
99.395879051
 31
0.000000000
  0
SPLINE
  5
A12
330
A02
100
AcDbEntity
  8
View
100
AcDbSpline
210
0
220
0
230
1
 70
8
 71
3
 72
8
 73
4
 74
0
 40
0.000000000
 40
0.000000000
 40
0.000000000
 40
0.000000000
 40
1.570796327
 40
1.570796327
 40
1.570796327
 40
1.570796327
 10
104.873638825
 20
99.395879051
 30
0.000000000
 10
104.847039346
 20
99.395879051
 30
0.000000000
 10
104.754973288
 20
99.395879051
 30
0.000000000
 10
104.680497371
 20
99.395879051
 30
0.000000000
  0
SPLINE
  5
A13
330
A02
100
AcDbEntity
  8
View
100
AcDbSpline
210
0
220
0
230
1
 70
8
 71
1
 72
4
 73
2
 74
0
 40
0.000000000
 40
0.000000000
 40
0.221220073
 40
0.221220073
 10
104.680497371
 20
99.395879051
 30
0.000000000
 10
104.356141359
 20
99.395879051
 30
0.000000000
  0
SPLINE
  5
A14
330
A02
100
AcDbEntity
  8
View
100
AcDbSpline
210
0
220
0
230
1
 70
8
 71
2
 72
6
 73
3
 74
0
 40
0.852718006
 40
0.852718006
 40
0.852718006
 40
1.211757166
 40
1.211757166
 40
1.211757166
 10
104.346576589
 20
99.395879051
 30
0.000000000
 10
104.356079950
 20
99.395879051
 30
0.000000000
 10
104.356141359
 20
99.395879051
 30
0.000000000
  0
SPLINE
  5
A15
330
A02
100
AcDbEntity
  8
View
100
AcDbSpline
210
0
220
0
230
1
 70
8
 71
2
 72
6
 73
3
 74
0
 40
1.211757166
 40
1.211757166
 40
1.211757166
 40
1.570796327
 40
1.570796327
 40
1.570796327
 10
104.356141359
 20
99.395879051
 30
0.000000000
 10
104.356079950
 20
99.395879051
 30
0.000000000
 10
104.346576589
 20
99.395879051
 30
0.000000000
  0
LINE
  5
A16
330
A02
100
AcDbEntity
  8
View
100
AcDbLine
 10
104.346576589
 20
99.395879051
 30
0.000000000
 11
104.158691864
 21
99.395879051
 31
0.000000000
  0
SPLINE
  5
A17
330
A02
100
AcDbEntity
  8
View
100
AcDbSpline
210
0
220
0
230
1
 70
8
 71
3
 72
8
 73
4
 74
0
 40
0.000000000
 40
0.000000000
 40
0.000000000
 40
0.000000000
 40
1.570796327
 40
1.570796327
 40
1.570796327
 40
1.570796327
 10
104.158691864
 20
99.395879051
 30
0.000000000
 10
104.125417630
 20
99.395879051
 30
0.000000000
 10
104.029973632
 20
99.395879051
 30
0.000000000
 10
103.958463973
 20
99.395879051
 30
0.000000000
  0
SPLINE
  5
A18
330
A02
100
AcDbEntity
  8
View
100
AcDbSpline
210
0
220
0
230
1
 70
8
 71
2
 72
6
 73
3
 74
0
 40
0.000000000
 40
0.000000000
 40
0.000000000
 40
0.255761761
 40
0.255761761
 40
0.255761761
 10
103.958463973
 20
99.395879051
 30
0.000000000
 10
103.773715180
 20
99.395879051
 30
0.000000000
 10
103.584995471
 20
99.395879051
 30
0.000000000
  0
SPLINE
  5
A19
330
A02
100
AcDbEntity
  8
View
100
AcDbSpline
210
0
220
0
230
1
 70
8
 71
1
 72
4
 73
2
 74
0
 40
0.000000000
 40
0.000000000
 40
0.113521140
 40
0.113521140
 10
103.584995471
 20
99.395879051
 30
0.000000000
 10
103.522720925
 20
99.395879051
 30
0.000000000
  0
SPLINE
  5
A1A
330
A02
100
AcDbEntity
  8
View
100
AcDbSpline
210
0
220
0
230
1
 70
8
 71
2
 72
6
 73
3
 74
0
 40
1.121997376
 40
1.121997376
 40
1.121997376
 40
1.570796327
 40
1.570796327
 40
1.570796327
 10
103.522720925
 20
99.395879051
 30
0.000000000
 10
103.522590013
 20
99.395879051
 30
0.000000000
 10
103.507866255
 20
99.395879051
 30
0.000000000
  0
LINE
  5
A1B
330
A02
100
AcDbEntity
  8
View
100
AcDbLine
 10
103.507866255
 20
99.395879051
 30
0.000000000
 11
103.281334416
 21
99.395879051
 31
0.000000000
  0
SPLINE
  5
A1C
330
A02
100
AcDbEntity
  8
View
100
AcDbSpline
210
0
220
0
230
1
 70
8
 71
3
 72
8
 73
4
 74
0
 40
0.000000000
 40
0.000000000
 40
0.000000000
 40
0.000000000
 40
1.570796327
 40
1.570796327
 40
1.570796327
 40
1.570796327
 10
103.281334416
 20
99.395879051
 30
0.000000000
 10
103.241653331
 20
99.395879051
 30
0.000000000
 10
103.143599852
 20
99.395879051
 30
0.000000000
 10
103.075632205
 20
99.395879051
 30
0.000000000
  0
SPLINE
  5
A1D
330
A02
100
AcDbEntity
  8
View
100
AcDbSpline
210
0
220
0
230
1
 70
8
 71
2
 72
6
 73
3
 74
0
 40
0.000000000
 40
0.000000000
 40
0.000000000
 40
0.255761761
 40
0.255761761
 40
0.255761761
 10
103.075632205
 20
99.395879051
 30
0.000000000
 10
102.895157039
 20
99.395879051
 30
0.000000000
 10
102.706459654
 20
99.395879051
 30
0.000000000
  0
SPLINE
  5
A1E
330
A02
100
AcDbEntity
  8
View
100
AcDbSpline
210
0
220
0
230
1
 70
8
 71
2
 72
6
 73
3
 74
0
 40
0.000000000
 40
0.000000000
 40
0.000000000
 40
0.317762561
 40
0.317762561
 40
0.317762561
 10
102.706459654
 20
99.395879051
 30
0.000000000
 10
102.616965443
 20
99.395879051
 30
0.000000000
 10
102.533218181
 20
99.395879051
 30
0.000000000
  0
SPLINE
  5
A1F
330
A02
100
AcDbEntity
  8
View
100
AcDbSpline
210
0
220
0
230
1
 70
8
 71
2
 72
6
 73
3
 74
0
 40
1.032237586
 40
1.032237586
 40
1.032237586
 40
1.570796327
 40
1.570796327
 40
1.570796327
 10
102.533218181
 20
99.395879051
 30
0.000000000
 10
102.532968593
 20
99.395879051
 30
0.000000000
 10
102.511985500
 20
99.395879051
 30
0.000000000
  0
LINE
  5
A20
330
A02
100
AcDbEntity
  8
View
100
AcDbLine
 10
102.511985500
 20
99.395879051
 30
0.000000000
 11
102.248630447
 21
99.395879051
 31
0.000000000
  0
SPLINE
  5
A21
330
A02
100
AcDbEntity
  8
View
100
AcDbSpline
210
0
220
0
230
1
 70
8
 71
3
 72
8
 73
4
 74
0
 40
0.000000000
 40
0.000000000
 40
0.000000000
 40
0.000000000
 40
1.570796327
 40
1.570796327
 40
1.570796327
 40
1.570796327
 10
102.248630447
 20
99.395879051
 30
0.000000000
 10
102.202862001
 20
99.395879051
 30
0.000000000
 10
102.102988509
 20
99.395879051
 30
0.000000000
 10
102.039110110
 20
99.395879051
 30
0.000000000
  0
SPLINE
  5
A22
330
A02
100
AcDbEntity
  8
View
100
AcDbSpline
210
0
220
0
230
1
 70
8
 71
2
 72
6
 73
3
 74
0
 40
0.000000000
 40
0.000000000
 40
0.000000000
 40
0.255761761
 40
0.255761761
 40
0.255761761
 10
102.039110110
 20
99.395879051
 30
0.000000000
 10
101.864361651
 20
99.395879051
 30
0.000000000
 10
101.677205870
 20
99.395879051
 30
0.000000000
  0
SPLINE
  5
A23
330
A02
100
AcDbEntity
  8
View
100
AcDbSpline
210
0
220
0
230
1
 70
8
 71
2
 72
6
 73
3
 74
0
 40
0.000000000
 40
0.000000000
 40
0.000000000
 40
0.521599521
 40
0.521599521
 40
0.521599521
 10
101.677205870
 20
99.395879051
 30
0.000000000
 10
101.528244750
 20
99.395879051
 30
0.000000000
 10
101.395600020
 20
99.395879051
 30
0.000000000
  0
SPLINE
  5
A24
330
A02
100
AcDbEntity
  8
View
100
AcDbSpline
210
0
220
0
230
1
 70
8
 71
2
 72
6
 73
3
 74
0
 40
0.942477796
 40
0.942477796
 40
0.942477796
 40
1.570796327
 40
1.570796327
 40
1.570796327
 10
101.395600020
 20
99.395879051
 30
0.000000000
 10
101.395162938
 20
99.395879051
 30
0.000000000
 10
101.366952569
 20
99.395879051
 30
0.000000000
  0
LINE
  5
A25
330
A02
100
AcDbEntity
  8
View
100
AcDbLine
 10
101.366952569
 20
99.395879051
 30
0.000000000
 11
101.068894683
 21
99.395879051
 31
0.000000000
  0
SPLINE
  5
A26
330
A02
100
AcDbEntity
  8
View
100
AcDbSpline
210
0
220
0
230
1
 70
8
 71
3
 72
8
 73
4
 74
0
 40
0.000000000
 40
0.000000000
 40
0.000000000
 40
0.000000000
 40
1.570796327
 40
1.570796327
 40
1.570796327
 40
1.570796327
 10
101.068894683
 20
99.395879051
 30
0.000000000
 10
101.017407375
 20
99.395879051
 30
0.000000000
 10
100.916517994
 20
99.395879051
 30
0.000000000
 10
100.857243154
 20
99.395879051
 30
0.000000000
  0
SPLINE
  5
A27
330
A02
100
AcDbEntity
  8
View
100
AcDbSpline
210
0
220
0
230
1
 70
8
 71
2
 72
6
 73
3
 74
0
 40
0.000000000
 40
0.000000000
 40
0.000000000
 40
0.255761761
 40
0.255761761
 40
0.255761761
 10
100.857243154
 20
99.395879051
 30
0.000000000
 10
100.689628374
 20
99.395879051
 30
0.000000000
 10
100.505521066
 20
99.395879051
 30
0.000000000
  0
SPLINE
  5
A28
330
A02
100
AcDbEntity
  8
View
100
AcDbSpline
210
0
220
0
230
1
 70
8
 71
3
 72
8
 73
4
 74
0
 40
0.000000000
 40
0.000000000
 40
0.000000000
 40
0.000000000
 40
0.725584624
 40
0.725584624
 40
0.725584624
 40
0.725584624
 10
100.505521066
 20
99.395879051
 30
0.000000000
 10
100.371272389
 20
99.395879051
 30
0.000000000
 10
100.231201859
 20
99.395879051
 30
0.000000000
 10
100.119025874
 20
99.395879051
 30
0.000000000
  0
SPLINE
  5
A29
330
A02
100
AcDbEntity
  8
View
100
AcDbSpline
210
0
220
0
230
1
 70
8
 71
2
 72
6
 73
3
 74
0
 40
0.852718006
 40
0.852718006
 40
0.852718006
 40
1.570796327
 40
1.570796327
 40
1.570796327
 10
100.119025874
 20
99.395879051
 30
0.000000000
 10
100.118309791
 20
99.395879051
 30
0.000000000
 10
100.081986594
 20
99.395879051
 30
0.000000000
  0
LINE
  5
A2A
330
A02
100
AcDbEntity
  8
View
100
AcDbLine
 10
100.081986594
 20
99.395879051
 30
0.000000000
 11
99.751625662
 21
99.395879051
 31
0.000000000
  0
SPLINE
  5
A2B
330
A02
100
AcDbEntity
  8
View
100
AcDbSpline
210
0
220
0
230
1
 70
8
 71
3
 72
8
 73
4
 74
0
 40
0.000000000
 40
0.000000000
 40
0.000000000
 40
0.000000000
 40
1.570796327
 40
1.570796327
 40
1.570796327
 40
1.570796327
 10
99.751625662
 20
99.395879051
 30
0.000000000
 10
99.694834039
 20
99.395879051
 30
0.000000000
 10
99.593741070
 20
99.395879051
 30
0.000000000
 10
99.539547035
 20
99.395879051
 30
0.000000000
  0
SPLINE
  5
A2C
330
A02
100
AcDbEntity
  8
View
100
AcDbSpline
210
0
220
0
230
1
 70
8
 71
2
 72
6
 73
3
 74
0
 40
0.000000000
 40
0.000000000
 40
0.000000000
 40
0.255761761
 40
0.255761761
 40
0.255761761
 10
99.539547035
 20
99.395879051
 30
0.000000000
 10
99.380415469
 20
99.395879051
 30
0.000000000
 10
99.200838958
 20
99.395879051
 30
0.000000000
  0
SPLINE
  5
A2D
330
A02
100
AcDbEntity
  8
View
100
AcDbSpline
210
0
220
0
230
1
 70
8
 71
3
 72
8
 73
4
 74
0
 40
0.000000000
 40
0.000000000
 40
0.000000000
 40
0.000000000
 40
0.930395520
 40
0.930395520
 40
0.930395520
 40
0.930395520
 10
99.200838958
 20
99.395879051
 30
0.000000000
 10
99.031261747
 20
99.395879051
 30
0.000000000
 10
98.845417186
 20
99.395879051
 30
0.000000000
 10
98.713773969
 20
99.395879051
 30
0.000000000
  0
SPLINE
  5
A2E
330
A02
100
AcDbEntity
  8
View
100
AcDbSpline
210
0
220
0
230
1
 70
8
 71
2
 72
6
 73
3
 74
0
 40
0.762958216
 40
0.762958216
 40
0.762958216
 40
1.570796327
 40
1.570796327
 40
1.570796327
 10
98.713773969
 20
99.395879051
 30
0.000000000
 10
98.712661902
 20
99.395879051
 30
0.000000000
 10
98.667433366
 20
99.395879051
 30
0.000000000
  0
LINE
  5
A2F
330
A02
100
AcDbEntity
  8
View
100
AcDbLine
 10
98.667433366
 20
99.395879051
 30
0.000000000
 11
98.307429259
 21
99.395879051
 31
0.000000000
  0
SPLINE
  5
A30
330
A02
100
AcDbEntity
  8
View
100
AcDbSpline
210
0
220
0
230
1
 70
8
 71
3
 72
8
 73
4
 74
0
 40
0.000000000
 40
0.000000000
 40
0.000000000
 40
0.000000000
 40
1.570796327
 40
1.570796327
 40
1.570796327
 40
1.570796327
 10
98.307429259
 20
99.395879051
 30
0.000000000
 10
98.245790574
 20
99.395879051
 30
0.000000000
 10
98.145307958
 20
99.395879051
 30
0.000000000
 10
98.096631067
 20
99.395879051
 30
0.000000000
  0
SPLINE
  5
A31
330
A02
100
AcDbEntity
  8
View
100
AcDbSpline
210
0
220
0
230
1
 70
8
 71
2
 72
6
 73
3
 74
0
 40
0.000000000
 40
0.000000000
 40
0.000000000
 40
0.255761761
 40
0.255761761
 40
0.255761761
 10
98.096631067
 20
99.395879051
 30
0.000000000
 10
97.947263950
 20
99.395879051
 30
0.000000000
 10
97.773664079
 20
99.395879051
 30
0.000000000
  0
SPLINE
  5
A32
330
A02
100
AcDbEntity
  8
View
100
AcDbSpline
210
0
220
0
230
1
 70
8
 71
3
 72
8
 73
4
 74
0
 40
0.000000000
 40
0.000000000
 40
0.000000000
 40
0.000000000
 40
1.136982577
 40
1.136982577
 40
1.136982577
 40
1.136982577
 10
97.773664079
 20
99.395879051
 30
0.000000000
 10
97.571141758
 20
99.395879051
 30
0.000000000
 10
97.334556819
 20
99.395879051
 30
0.000000000
 10
97.191158565
 20
99.395879051
 30
0.000000000
  0
SPLINE
  5
A33
330
A02
100
AcDbEntity
  8
View
100
AcDbSpline
210
0
220
0
230
1
 70
8
 71
2
 72
6
 73
3
 74
0
 40
0.673198426
 40
0.673198426
 40
0.673198426
 40
1.570796327
 40
1.570796327
 40
1.570796327
 10
97.191158565
 20
99.395879051
 30
0.000000000
 10
97.189505557
 20
99.395879051
 30
0.000000000
 10
97.134682036
 20
99.395879051
 30
0.000000000
  0
LINE
  5
A34
330
A02
100
AcDbEntity
  8
View
100
AcDbLine
 10
97.134682036
 20
99.395879051
 30
0.000000000
 11
96.747933296
 21
99.395879051
 31
0.000000000
  0
SPLINE
  5
A35
330
A02
100
AcDbEntity
  8
View
100
AcDbSpline
210
0
220
0
230
1
 70
8
 71
3
 72
8
 73
4
 74
0
 40
0.000000000
 40
0.000000000
 40
0.000000000
 40
0.000000000
 40
1.570796327
 40
1.570796327
 40
1.570796327
 40
1.570796327
 10
96.747933296
 20
99.395879051
 30
0.000000000
 10
96.681943826
 20
99.395879051
 30
0.000000000
 10
96.582880591
 20
99.395879051
 30
0.000000000
 10
96.540112761
 20
99.395879051
 30
0.000000000
  0
SPLINE
  5
A36
330
A02
100
AcDbEntity
  8
View
100
AcDbSpline
210
0
220
0
230
1
 70
8
 71
2
 72
6
 73
3
 74
0
 40
0.000000000
 40
0.000000000
 40
0.000000000
 40
0.255761761
 40
0.255761761
 40
0.255761761
 10
96.540112761
 20
99.395879051
 30
0.000000000
 10
96.401712708
 20
99.395879051
 30
0.000000000
 10
96.235487203
 20
99.395879051
 30
0.000000000
  0
SPLINE
  5
A37
330
A02
100
AcDbEntity
  8
View
100
AcDbSpline
210
0
220
0
230
1
 70
8
 71
3
 72
8
 73
4
 74
0
 40
0.000000000
 40
0.000000000
 40
0.000000000
 40
0.000000000
 40
1.346880891
 40
1.346880891
 40
1.346880891
 40
1.346880891
 10
96.235487203
 20
99.395879051
 30
0.000000000
 10
96.002945936
 20
99.395879051
 30
0.000000000
 10
95.709317522
 20
99.395879051
 30
0.000000000
 10
95.563438868
 20
99.395879051
 30
0.000000000
  0
SPLINE
  5
A38
330
A02
100
AcDbEntity
  8
View
100
AcDbSpline
210
0
220
0
230
1
 70
8
 71
2
 72
6
 73
3
 74
0
 40
0.583438636
 40
0.583438636
 40
0.583438636
 40
1.570796327
 40
1.570796327
 40
1.570796327
 10
95.563438868
 20
99.395879051
 30
0.000000000
 10
95.561069807
 20
99.395879051
 30
0.000000000
 10
95.496073415
 20
99.395879051
 30
0.000000000
  0
LINE
  5
A39
330
A02
100
AcDbEntity
  8
View
100
AcDbLine
 10
95.496073415
 20
99.395879051
 30
0.000000000
 11
95.085693916
 21
99.395879051
 31
0.000000000
  0
SPLINE
  5
A3A
330
A02
100
AcDbEntity
  8
View
100
AcDbSpline
210
0
220
0
230
1
 70
8
 71
3
 72
8
 73
4
 74
0
 40
0.000000000
 40
0.000000000
 40
0.000000000
 40
0.000000000
 40
1.570796327
 40
1.570796327
 40
1.570796327
 40
1.570796327
 10
95.085693916
 20
99.395879051
 30
0.000000000
 10
95.015884971
 20
99.395879051
 30
0.000000000
 10
94.919038714
 20
99.395879051
 30
0.000000000
 10
94.882524287
 20
99.395879051
 30
0.000000000
  0
SPLINE
  5
A3B
330
A02
100
AcDbEntity
  8
View
100
AcDbSpline
210
0
220
0
230
1
 70
8
 71
2
 72
6
 73
3
 74
0
 40
0.000000000
 40
0.000000000
 40
0.000000000
 40
0.255761761
 40
0.255761761
 40
0.255761761
 10
94.882524287
 20
99.395879051
 30
0.000000000
 10
94.756205615
 20
99.395879051
 30
0.000000000
 10
94.598692824
 20
99.395879051
 30
0.000000000
  0
SPLINE
  5
A3C
330
A02
100
AcDbEntity
  8
View
100
AcDbSpline
210
0
220
0
230
1
 70
8
 71
3
 72
11
 73
7
 74
0
 40
0.000000000
 40
0.000000000
 40
0.000000000
 40
0.000000000
 40
0.781508479
 40
0.781508479
 40
0.781508479
 40
1.563016958
 40
1.563016958
 40
1.563016958
 40
1.563016958
 10
94.598692824
 20
99.395879051
 30
0.000000000
 10
94.469674793
 20
99.395879051
 30
0.000000000
 10
94.314803420
 20
99.395879051
 30
0.000000000
 10
94.174731459
 20
99.395879051
 30
0.000000000
 10
94.034937004
 20
99.395879051
 30
0.000000000
 10
93.914019973
 20
99.395879051
 30
0.000000000
 10
93.843720319
 20
99.395879051
 30
0.000000000
  0
SPLINE
  5
A3D
330
A02
100
AcDbEntity
  8
View
100
AcDbSpline
210
0
220
0
230
1
 70
8
 71
2
 72
6
 73
3
 74
0
 40
0.000000000
 40
0.000000000
 40
0.000000000
 40
0.493678846
 40
0.493678846
 40
0.493678846
 10
93.825809649
 20
99.395879051
 30
0.000000000
 10
93.843537369
 20
99.395879051
 30
0.000000000
 10
93.843720319
 20
99.395879051
 30
0.000000000
  0
SPLINE
  5
A3E
330
A02
100
AcDbEntity
  8
View
100
AcDbSpline
210
0
220
0
230
1
 70
8
 71
2
 72
6
 73
3
 74
0
 40
0.493678846
 40
0.493678846
 40
0.493678846
 40
1.570796327
 40
1.570796327
 40
1.570796327
 10
93.843720319
 20
99.395879051
 30
0.000000000
 10
93.840428109
 20
99.395879051
 30
0.000000000
 10
93.764800619
 20
99.395879051
 30
0.000000000
  0
LINE
  5
A3F
330
A02
100
AcDbEntity
  8
View
100
AcDbLine
 10
93.764800619
 20
99.395879051
 30
0.000000000
 11
93.334094494
 21
99.395879051
 31
0.000000000
  0
SPLINE
  5
A40
330
A02
100
AcDbEntity
  8
View
100
AcDbSpline
210
0
220
0
230
1
 70
8
 71
3
 72
8
 73
4
 74
0
 40
0.000000000
 40
0.000000000
 40
0.000000000
 40
0.000000000
 40
1.570796327
 40
1.570796327
 40
1.570796327
 40
1.570796327
 10
93.334094494
 20
99.395879051
 30
0.000000000
 10
93.261028134
 20
99.395879051
 30
0.000000000
 10
93.167178606
 20
99.395879051
 30
0.000000000
 10
93.137211574
 20
99.395879051
 30
0.000000000
  0
SPLINE
  5
A41
330
A02
100
AcDbEntity
  8
View
100
AcDbSpline
210
0
220
0
230
1
 70
8
 71
2
 72
6
 73
3
 74
0
 40
0.000000000
 40
0.000000000
 40
0.000000000
 40
0.255761761
 40
0.255761761
 40
0.255761761
 10
93.137211574
 20
99.395879051
 30
0.000000000
 10
93.023991326
 20
99.395879051
 30
0.000000000
 10
92.876459451
 20
99.395879051
 30
0.000000000
  0
SPLINE
  5
A42
330
A02
100
AcDbEntity
  8
View
100
AcDbSpline
210
0
220
0
230
1
 70
8
 71
3
 72
20
 73
16
 74
0
 40
0.000000000
 40
0.000000000
 40
0.000000000
 40
0.000000000
 40
0.896253280
 40
0.896253280
 40
0.896253280
 40
1.280361829
 40
1.280361829
 40
1.280361829
 40
1.536434195
 40
1.536434195
 40
1.536434195
 40
1.664470378
 40
1.664470378
 40
1.664470378
 40
1.792506561
 40
1.792506561
 40
1.792506561
 40
1.792506561
 10
92.876459451
 20
99.395879051
 30
0.000000000
 10
92.736016272
 20
99.395879051
 30
0.000000000
 10
92.555568140
 20
99.395879051
 30
0.000000000
 10
92.396005986
 20
99.395879051
 30
0.000000000
 10
92.327766076
 20
99.395879051
 30
0.000000000
 10
92.265557236
 20
99.395879051
 30
0.000000000
 10
92.209379467
 20
99.395879051
 30
0.000000000
 10
92.173651441
 20
99.395879051
 30
0.000000000
 10
92.141431267
 20
99.395879051
 30
0.000000000
 10
92.112718946
 20
99.395879051
 30
0.000000000
 10
92.100225324
 20
99.395879051
 30
0.000000000
 10
92.087731702
 20
99.395879051
 30
0.000000000
 10
92.075238081
 20
99.395879051
 30
0.000000000
 10
92.065441747
 20
99.395879051
 30
0.000000000
 10
92.055645414
 20
99.395879051
 30
0.000000000
 10
92.045849081
 20
99.395879051
 30
0.000000000
  0
SPLINE
  5
A43
330
A02
100
AcDbEntity
  8
View
100
AcDbSpline
210
0
220
0
230
1
 70
8
 71
2
 72
6
 73
3
 74
0
 40
0.000000000
 40
0.000000000
 40
0.000000000
 40
0.403919055
 40
0.403919055
 40
0.403919055
 10
92.033778247
 20
99.395879051
 30
0.000000000
 10
92.045757964
 20
99.395879051
 30
0.000000000
 10
92.045849081
 20
99.395879051
 30
0.000000000
  0
SPLINE
  5
A44
330
A02
100
AcDbEntity
  8
View
100
AcDbSpline
210
0
220
0
230
1
 70
8
 71
3
 72
8
 73
4
 74
0
 40
0.403919055
 40
0.403919055
 40
0.403919055
 40
0.403919055
 40
1.570796327
 40
1.570796327
 40
1.570796327
 40
1.570796327
 10
92.045849081
 20
99.395879051
 30
0.000000000
 10
92.046376189
 20
99.395879051
 30
0.000000000
 10
92.009032021
 20
99.395879051
 30
0.000000000
 10
91.954802836
 20
99.395879051
 30
0.000000000
  0
LINE
  5
A45
330
A02
100
AcDbEntity
  8
View
100
AcDbLine
 10
91.954802836
 20
99.395879051
 30
0.000000000
 11
91.507237879
 21
99.395879051
 31
0.000000000
  0
SPLINE
  5
A46
330
A02
100
AcDbEntity
  8
View
100
AcDbSpline
210
0
220
0
230
1
 70
8
 71
3
 72
8
 73
4
 74
0
 40
0.000000000
 40
0.000000000
 40
0.000000000
 40
0.000000000
 40
1.570796327
 40
1.570796327
 40
1.570796327
 40
1.570796327
 10
91.507237879
 20
99.395879051
 30
0.000000000
 10
91.431502390
 20
99.395879051
 30
0.000000000
 10
91.341405212
 20
99.395879051
 30
0.000000000
 10
91.318226852
 20
99.395879051
 30
0.000000000
  0
SPLINE
  5
A47
330
A02
100
AcDbEntity
  8
View
100
AcDbSpline
210
0
220
0
230
1
 70
8
 71
2
 72
6
 73
3
 74
0
 40
0.000000000
 40
0.000000000
 40
0.000000000
 40
0.255761761
 40
0.255761761
 40
0.255761761
 10
91.318226852
 20
99.395879051
 30
0.000000000
 10
91.219016611
 20
99.395879051
 30
0.000000000
 10
91.082653491
 20
99.395879051
 30
0.000000000
  0
SPLINE
  5
A48
330
A02
100
AcDbEntity
  8
View
100
AcDbSpline
210
0
220
0
230
1
 70
8
 71
3
 72
23
 73
19
 74
0
 40
0.000000000
 40
0.000000000
 40
0.000000000
 40
0.000000000
 40
0.984763552
 40
0.984763552
 40
0.984763552
 40
1.266124567
 40
1.266124567
 40
1.266124567
 40
1.547485582
 40
1.547485582
 40
1.547485582
 40
1.688166089
 40
1.688166089
 40
1.688166089
 40
1.828846597
 40
1.828846597
 40
1.828846597
 40
1.969527104
 40
1.969527104
 40
1.969527104
 40
1.969527104
 10
91.082653491
 20
99.395879051
 30
0.000000000
 10
90.937892502
 20
99.395879051
 30
0.000000000
 10
90.737743421
 20
99.395879051
 30
0.000000000
 10
90.562182746
 20
99.395879051
 30
0.000000000
 10
90.512684856
 20
99.395879051
 30
0.000000000
 10
90.465713110
 20
99.395879051
 30
0.000000000
 10
90.421267509
 20
99.395879051
 30
0.000000000
 10
90.378659873
 20
99.395879051
 30
0.000000000
 10
90.339913331
 20
99.395879051
 30
0.000000000
 10
90.305027881
 20
99.395879051
 30
0.000000000
 10
90.289723553
 20
99.395879051
 30
0.000000000
 10
90.274419225
 20
99.395879051
 30
0.000000000
 10
90.259114897
 20
99.395879051
 30
0.000000000
 10
90.246945035
 20
99.395879051
 30
0.000000000
 10
90.234775174
 20
99.395879051
 30
0.000000000
 10
90.222605312
 20
99.395879051
 30
0.000000000
 10
90.213810374
 20
99.395879051
 30
0.000000000
 10
90.205015436
 20
99.395879051
 30
0.000000000
 10
90.196220497
 20
99.395879051
 30
0.000000000
  0
SPLINE
  5
A49
330
A02
100
AcDbEntity
  8
View
100
AcDbSpline
210
0
220
0
230
1
 70
8
 71
1
 72
4
 73
2
 74
0
 40
0.000000000
 40
0.000000000
 40
0.053371679
 40
0.053371679
 10
90.196220497
 20
99.395879051
 30
0.000000000
 10
90.184300555
 20
99.395879051
 30
0.000000000
  0
SPLINE
  5
A4A
330
A02
100
AcDbEntity
  8
View
100
AcDbSpline
210
0
220
0
230
1
 70
8
 71
2
 72
6
 73
3
 74
0
 40
0.000000000
 40
0.000000000
 40
0.000000000
 40
0.314159265
 40
0.314159265
 40
0.314159265
 10
90.176959033
 20
99.395879051
 30
0.000000000
 10
90.184260711
 20
99.395879051
 30
0.000000000
 10
90.184300555
 20
99.395879051
 30
0.000000000
  0
SPLINE
  5
A4B
330
A02
100
AcDbEntity
  8
View
100
AcDbSpline
210
0
220
0
230
1
 70
8
 71
3
 72
8
 73
4
 74
0
 40
0.314159265
 40
0.314159265
 40
0.314159265
 40
0.314159265
 40
1.570796327
 40
1.570796327
 40
1.570796327
 40
1.570796327
 10
90.184300555
 20
99.395879051
 30
0.000000000
 10
90.185014935
 20
99.395879051
 30
0.000000000
 10
90.141177485
 20
99.395879051
 30
0.000000000
 10
90.080653104
 20
99.395879051
 30
0.000000000
  0
LINE
  5
A4C
330
A02
100
AcDbEntity
  8
View
100
AcDbLine
 10
90.080653104
 20
99.395879051
 30
0.000000000
 11
89.619832845
 21
99.395879051
 31
0.000000000
  0
SPLINE
  5
A4D
330
A02
100
AcDbEntity
  8
View
100
AcDbSpline
210
0
220
0
230
1
 70
8
 71
3
 72
8
 73
4
 74
0
 40
0.000000000
 40
0.000000000
 40
0.000000000
 40
0.000000000
 40
1.570796327
 40
1.570796327
 40
1.570796327
 40
1.570796327
 10
89.619832845
 20
99.395879051
 30
0.000000000
 10
89.542038006
 20
99.395879051
 30
0.000000000
 10
89.456418586
 20
99.395879051
 30
0.000000000
 10
89.440215518
 20
99.395879051
 30
0.000000000
  0
SPLINE
  5
A4E
330
A02
100
AcDbEntity
  8
View
100
AcDbSpline
210
0
220
0
230
1
 70
8
 71
2
 72
6
 73
3
 74
0
 40
0.000000000
 40
0.000000000
 40
0.000000000
 40
0.255761761
 40
0.255761761
 40
0.255761761
 10
89.440215518
 20
99.395879051
 30
0.000000000
 10
89.355814066
 20
99.395879051
 30
0.000000000
 10
89.231717617
 20
99.395879051
 30
0.000000000
  0
SPLINE
  5
A4F
330
A02
100
AcDbEntity
  8
View
100
AcDbSpline
210
0
220
0
230
1
 70
8
 71
3
 72
23
 73
19
 74
0
 40
0.000000000
 40
0.000000000
 40
0.000000000
 40
0.000000000
 40
0.984763552
 40
0.984763552
 40
0.984763552
 40
1.266124567
 40
1.266124567
 40
1.266124567
 40
1.547485582
 40
1.547485582
 40
1.547485582
 40
1.688166089
 40
1.688166089
 40
1.688166089
 40
1.828846597
 40
1.828846597
 40
1.828846597
 40
1.969527104
 40
1.969527104
 40
1.969527104
 40
1.969527104
 10
89.231717617
 20
99.395879051
 30
0.000000000
 10
89.097788888
 20
99.395879051
 30
0.000000000
 10
88.901677369
 20
99.395879051
 30
0.000000000
 10
88.721746210
 20
99.395879051
 30
0.000000000
 10
88.670851516
 20
99.395879051
 30
0.000000000
 10
88.622009763
 20
99.395879051
 30
0.000000000
 10
88.575220949
 20
99.395879051
 30
0.000000000
 10
88.530019551
 20
99.395879051
 30
0.000000000
 10
88.488281749
 20
99.395879051
 30
0.000000000
 10
88.450007544
 20
99.395879051
 30
0.000000000
 10
88.432857650
 20
99.395879051
 30
0.000000000
 10
88.415707756
 20
99.395879051
 30
0.000000000
 10
88.398557862
 20
99.395879051
 30
0.000000000
 10
88.384356298
 20
99.395879051
 30
0.000000000
 10
88.370154735
 20
99.395879051
 30
0.000000000
 10
88.355953171
 20
99.395879051
 30
0.000000000
 10
88.344980537
 20
99.395879051
 30
0.000000000
 10
88.334007903
 20
99.395879051
 30
0.000000000
 10
88.323035270
 20
99.395879051
 30
0.000000000
  0
SPLINE
  5
A50
330
A02
100
AcDbEntity
  8
View
100
AcDbSpline
210
0
220
0
230
1
 70
8
 71
2
 72
6
 73
3
 74
0
 40
0.000000000
 40
0.000000000
 40
0.000000000
 40
0.196269410
 40
0.196269410
 40
0.196269410
 10
88.323035270
 20
99.395879051
 30
0.000000000
 10
88.284679383
 20
99.395879051
 30
0.000000000
 10
88.274062836
 20
99.395879051
 30
0.000000000
  0
SPLINE
  5
A51
330
A02
100
AcDbEntity
  8
View
100
AcDbSpline
210
0
220
0
230
1
 70
8
 71
1
 72
4
 73
2
 74
0
 40
0.000000000
 40
0.000000000
 40
0.224399475
 40
0.224399475
 10
88.270302023
 20
99.395879051
 30
0.000000000
 10
88.274062836
 20
99.395879051
 30
0.000000000
  0
SPLINE
  5
A52
330
A02
100
AcDbEntity
  8
View
100
AcDbSpline
210
0
220
0
230
1
 70
8
 71
3
 72
8
 73
4
 74
0
 40
0.224399475
 40
0.224399475
 40
0.224399475
 40
0.224399475
 40
1.570796327
 40
1.570796327
 40
1.570796327
 40
1.570796327
 10
88.274062836
 20
99.395879051
 30
0.000000000
 10
88.275002505
 20
99.395879051
 30
0.000000000
 10
88.224057687
 20
99.395879051
 30
0.000000000
 10
88.157440976
 20
99.395879051
 30
0.000000000
  0
LINE
  5
A53
330
A02
100
AcDbEntity
  8
View
100
AcDbLine
 10
88.157440976
 20
99.395879051
 30
0.000000000
 11
87.687075668
 21
99.395879051
 31
0.000000000
  0
SPLINE
  5
A54
330
A02
100
AcDbEntity
  8
View
100
AcDbSpline
210
0
220
0
230
1
 70
8
 71
3
 72
8
 73
4
 74
0
 40
0.000000000
 40
0.000000000
 40
0.000000000
 40
0.000000000
 40
1.570796327
 40
1.570796327
 40
1.570796327
 40
1.570796327
 10
87.687075668
 20
99.395879051
 30
0.000000000
 10
87.607847837
 20
99.395879051
 30
0.000000000
 10
87.527395534
 20
99.395879051
 30
0.000000000
 10
87.518298214
 20
99.395879051
 30
0.000000000
  0
SPLINE
  5
A55
330
A02
100
AcDbEntity
  8
View
100
AcDbSpline
210
0
220
0
230
1
 70
8
 71
2
 72
6
 73
3
 74
0
 40
0.000000000
 40
0.000000000
 40
0.000000000
 40
0.255761761
 40
0.255761761
 40
0.255761761
 10
87.518298214
 20
99.395879051
 30
0.000000000
 10
87.449385103
 20
99.395879051
 30
0.000000000
 10
87.338554476
 20
99.395879051
 30
0.000000000
  0
SPLINE
  5
A56
330
A02
100
AcDbEntity
  8
View
100
AcDbSpline
210
0
220
0
230
1
 70
8
 71
3
 72
23
 73
19
 74
0
 40
0.000000000
 40
0.000000000
 40
0.000000000
 40
0.000000000
 40
0.984763552
 40
0.984763552
 40
0.984763552
 40
1.266124567
 40
1.266124567
 40
1.266124567
 40
1.547485582
 40
1.547485582
 40
1.547485582
 40
1.688166089
 40
1.688166089
 40
1.688166089
 40
1.828846597
 40
1.828846597
 40
1.828846597
 40
1.969527104
 40
1.969527104
 40
1.969527104
 40
1.969527104
 10
87.338554476
 20
99.395879051
 30
0.000000000
 10
87.216536322
 20
99.395879051
 30
0.000000000
 10
87.026041340
 20
99.395879051
 30
0.000000000
 10
86.843188397
 20
99.395879051
 30
0.000000000
 10
86.791306674
 20
99.395879051
 30
0.000000000
 10
86.740988157
 20
99.395879051
 30
0.000000000
 10
86.692232847
 20
99.395879051
 30
0.000000000
 10
86.644801622
 20
99.395879051
 30
0.000000000
 10
86.600408609
 20
99.395879051
 30
0.000000000
 10
86.559053809
 20
99.395879051
 30
0.000000000
 10
86.540196430
 20
99.395879051
 30
0.000000000
 10
86.521339051
 20
99.395879051
 30
0.000000000
 10
86.502481673
 20
99.395879051
 30
0.000000000
 10
86.486362749
 20
99.395879051
 30
0.000000000
 10
86.470243826
 20
99.395879051
 30
0.000000000
 10
86.454124903
 20
99.395879051
 30
0.000000000
 10
86.441062919
 20
99.395879051
 30
0.000000000
 10
86.428000935
 20
99.395879051
 30
0.000000000
 10
86.414938951
 20
99.395879051
 30
0.000000000
  0
SPLINE
  5
A57
330
A02
100
AcDbEntity
  8
View
100
AcDbSpline
210
0
220
0
230
1
 70
8
 71
2
 72
6
 73
3
 74
0
 40
0.000000000
 40
0.000000000
 40
0.000000000
 40
0.247139866
 40
0.247139866
 40
0.247139866
 10
86.414938951
 20
99.395879051
 30
0.000000000
 10
86.351037545
 20
99.395879051
 30
0.000000000
 10
86.330516035
 20
99.395879051
 30
0.000000000
  0
SPLINE
  5
A58
330
A02
100
AcDbEntity
  8
View
100
AcDbSpline
210
0
220
0
230
1
 70
8
 71
1
 72
4
 73
2
 74
0
 40
0.000000000
 40
0.000000000
 40
0.134639685
 40
0.134639685
 10
86.329158500
 20
99.395879051
 30
0.000000000
 10
86.330516035
 20
99.395879051
 30
0.000000000
  0
SPLINE
  5
A59
330
A02
100
AcDbEntity
  8
View
100
AcDbSpline
210
0
220
0
230
1
 70
8
 71
3
 72
8
 73
4
 74
0
 40
0.134639685
 40
0.134639685
 40
0.134639685
 40
0.134639685
 40
1.570796327
 40
1.570796327
 40
1.570796327
 40
1.570796327
 10
86.330516035
 20
99.395879051
 30
0.000000000
 10
86.331721060
 20
99.395879051
 30
0.000000000
 10
86.273038285
 20
99.395879051
 30
0.000000000
 10
86.200651025
 20
99.395879051
 30
0.000000000
  0
LINE
  5
A5A
330
A02
100
AcDbEntity
  8
View
100
AcDbLine
 10
86.200651025
 20
99.395879051
 30
0.000000000
 11
85.724527772
 21
99.395879051
 31
0.000000000
  0
SPLINE
  5
A5B
330
A02
100
AcDbEntity
  8
View
100
AcDbSpline
210
0
220
0
230
1
 70
8
 71
3
 72
8
 73
4
 74
0
 40
0.000000000
 40
0.000000000
 40
0.000000000
 40
0.000000000
 40
1.570796327
 40
1.570796327
 40
1.570796327
 40
1.570796327
 10
85.724527772
 20
99.395879051
 30
0.000000000
 10
85.644504846
 20
99.395879051
 30
0.000000000
 10
85.569867413
 20
99.395879051
 30
0.000000000
 10
85.567949088
 20
99.395879051
 30
0.000000000
  0
SPLINE
  5
A5C
330
A02
100
AcDbEntity
  8
View
100
AcDbSpline
210
0
220
0
230
1
 70
8
 71
2
 72
6
 73
3
 74
0
 40
0.000000000
 40
0.000000000
 40
0.000000000
 40
0.255761761
 40
0.255761761
 40
0.255761761
 10
85.567949088
 20
99.395879051
 30
0.000000000
 10
85.515079165
 20
99.395879051
 30
0.000000000
 10
85.418406705
 20
99.395879051
 30
0.000000000
  0
SPLINE
  5
A5D
330
A02
100
AcDbEntity
  8
View
100
AcDbSpline
210
0
220
0
230
1
 70
8
 71
3
 72
26
 73
22
 74
0
 40
0.000000000
 40
0.000000000
 40
0.000000000
 40
0.000000000
 40
0.140680507
 40
0.140680507
 40
0.140680507
 40
0.422041522
 40
0.422041522
 40
0.422041522
 40
0.984763552
 40
0.984763552
 40
0.984763552
 40
1.406805074
 40
1.406805074
 40
1.406805074
 40
1.688166089
 40
1.688166089
 40
1.688166089
 40
1.828846597
 40
1.828846597
 40
1.828846597
 40
1.969527104
 40
1.969527104
 40
1.969527104
 40
1.969527104
 10
85.418406705
 20
99.395879051
 30
0.000000000
 10
85.401497498
 20
99.395879051
 30
0.000000000
 10
85.384588291
 20
99.395879051
 30
0.000000000
 10
85.367679084
 20
99.395879051
 30
0.000000000
 10
85.329843633
 20
99.395879051
 30
0.000000000
 10
85.288489386
 20
99.395879051
 30
0.000000000
 10
85.243616342
 20
99.395879051
 30
0.000000000
 10
85.151506172
 20
99.395879051
 30
0.000000000
 10
85.046738178
 20
99.395879051
 30
0.000000000
 10
84.941634350
 20
99.395879051
 30
0.000000000
 10
84.862279918
 20
99.395879051
 30
0.000000000
 10
84.786715215
 20
99.395879051
 30
0.000000000
 10
84.714940241
 20
99.395879051
 30
0.000000000
 10
84.668728208
 20
99.395879051
 30
0.000000000
 10
84.625798934
 20
99.395879051
 30
0.000000000
 10
84.586152419
 20
99.395879051
 30
0.000000000
 10
84.568245916
 20
99.395879051
 30
0.000000000
 10
84.550339413
 20
99.395879051
 30
0.000000000
 10
84.532432911
 20
99.395879051
 30
0.000000000
 10
84.517386744
 20
99.395879051
 30
0.000000000
 10
84.502340577
 20
99.395879051
 30
0.000000000
 10
84.487294410
 20
99.395879051
 30
0.000000000
  0
SPLINE
  5
A5E
330
A02
100
AcDbEntity
  8
View
100
AcDbSpline
210
0
220
0
230
1
 70
8
 71
2
 72
6
 73
3
 74
0
 40
0.000000000
 40
0.000000000
 40
0.000000000
 40
0.255226042
 40
0.255226042
 40
0.255226042
 10
84.487294410
 20
99.395879051
 30
0.000000000
 10
84.405730706
 20
99.395879051
 30
0.000000000
 10
84.369308448
 20
99.395879051
 30
0.000000000
  0
SPLINE
  5
A5F
330
A02
100
AcDbEntity
  8
View
100
AcDbSpline
210
0
220
0
230
1
 70
8
 71
1
 72
4
 73
2
 74
0
 40
0.000000000
 40
0.000000000
 40
0.044879895
 40
0.044879895
 10
84.369157408
 20
99.395879051
 30
0.000000000
 10
84.369308448
 20
99.395879051
 30
0.000000000
  0
SPLINE
  5
A60
330
A02
100
AcDbEntity
  8
View
100
AcDbSpline
210
0
220
0
230
1
 70
8
 71
3
 72
8
 73
4
 74
0
 40
0.044879895
 40
0.044879895
 40
0.044879895
 40
0.044879895
 40
1.570796327
 40
1.570796327
 40
1.570796327
 40
1.570796327
 10
84.369308448
 20
99.395879051
 30
0.000000000
 10
84.370820114
 20
99.395879051
 30
0.000000000
 10
84.303754929
 20
99.395879051
 30
0.000000000
 10
84.226038173
 20
99.395879051
 30
0.000000000
  0
LINE
  5
A61
330
A02
100
AcDbEntity
  8
View
100
AcDbLine
 10
84.226038173
 20
99.395879051
 30
0.000000000
 11
83.747990440
 21
99.395879051
 31
0.000000000
  0
SPLINE
  5
A62
330
A02
100
AcDbEntity
  8
View
100
AcDbSpline
210
0
220
0
230
1
 70
8
 71
3
 72
8
 73
4
 74
0
 40
0.000000000
 40
0.000000000
 40
0.000000000
 40
0.000000000
 40
1.525916432
 40
1.525916432
 40
1.525916432
 40
1.525916432
 10
83.747990440
 20
99.395879051
 30
0.000000000
 10
83.670273684
 20
99.395879051
 30
0.000000000
 10
83.603208499
 20
99.395879051
 30
0.000000000
 10
83.604720165
 20
99.395879051
 30
0.000000000
  0
SPLINE
  5
A63
330
A02
100
AcDbEntity
  8
View
100
AcDbSpline
210
0
220
0
230
1
 70
8
 71
1
 72
4
 73
2
 74
0
 40
1.525916432
 40
1.525916432
 40
1.570796327
 40
1.570796327
 10
83.604720165
 20
99.395879051
 30
0.000000000
 10
83.604871205
 20
99.395879051
 30
0.000000000
  0
SPLINE
  5
A64
330
A02
100
AcDbEntity
  8
View
100
AcDbSpline
210
0
220
0
230
1
 70
8
 71
2
 72
6
 73
3
 74
0
 40
0.000535719
 40
0.000535719
 40
0.000535719
 40
0.255761761
 40
0.255761761
 40
0.255761761
 10
83.604720165
 20
99.395879051
 30
0.000000000
 10
83.568297907
 20
99.395879051
 30
0.000000000
 10
83.486734203
 20
99.395879051
 30
0.000000000
  0
SPLINE
  5
A65
330
A02
100
AcDbEntity
  8
View
100
AcDbSpline
210
0
220
0
230
1
 70
8
 71
3
 72
23
 73
19
 74
0
 40
0.000000000
 40
0.000000000
 40
0.000000000
 40
0.000000000
 40
0.140680507
 40
0.140680507
 40
0.140680507
 40
0.422041522
 40
0.422041522
 40
0.422041522
 40
0.984763552
 40
0.984763552
 40
0.984763552
 40
1.406805074
 40
1.406805074
 40
1.406805074
 40
1.688166089
 40
1.688166089
 40
1.688166089
 40
1.969527104
 40
1.969527104
 40
1.969527104
 40
1.969527104
 10
83.486734203
 20
99.395879051
 30
0.000000000
 10
83.471688036
 20
99.395879051
 30
0.000000000
 10
83.456641869
 20
99.395879051
 30
0.000000000
 10
83.441595702
 20
99.395879051
 30
0.000000000
 10
83.407188454
 20
99.395879051
 30
0.000000000
 10
83.368868916
 20
99.395879051
 30
0.000000000
 10
83.326637088
 20
99.395879051
 30
0.000000000
 10
83.239444431
 20
99.395879051
 30
0.000000000
 10
83.137361422
 20
99.395879051
 30
0.000000000
 10
83.032394263
 20
99.395879051
 30
0.000000000
 10
82.952885471
 20
99.395879051
 30
0.000000000
 10
82.875852755
 20
99.395879051
 30
0.000000000
 10
82.801296114
 20
99.395879051
 30
0.000000000
 10
82.753017470
 20
99.395879051
 30
0.000000000
 10
82.707585184
 20
99.395879051
 30
0.000000000
 10
82.664999257
 20
99.395879051
 30
0.000000000
 10
82.624418433
 20
99.395879051
 30
0.000000000
 10
82.587959317
 20
99.395879051
 30
0.000000000
 10
82.555621908
 20
99.395879051
 30
0.000000000
  0
SPLINE
  5
A66
330
A02
100
AcDbEntity
  8
View
100
AcDbSpline
210
0
220
0
230
1
 70
8
 71
2
 72
6
 73
3
 74
0
 40
0.000000000
 40
0.000000000
 40
0.000000000
 40
0.255761761
 40
0.255761761
 40
0.255761761
 10
82.555621908
 20
99.395879051
 30
0.000000000
 10
82.458949448
 20
99.395879051
 30
0.000000000
 10
82.406079525
 20
99.395879051
 30
0.000000000
  0
SPLINE
  5
A67
330
A02
100
AcDbEntity
  8
View
100
AcDbSpline
210
0
220
0
230
1
 70
8
 71
3
 72
8
 73
4
 74
0
 40
0.000000000
 40
0.000000000
 40
0.000000000
 40
0.000000000
 40
1.570796327
 40
1.570796327
 40
1.570796327
 40
1.570796327
 10
82.406079525
 20
99.395879051
 30
0.000000000
 10
82.404161199
 20
99.395879051
 30
0.000000000
 10
82.329523767
 20
99.395879051
 30
0.000000000
 10
82.249500840
 20
99.395879051
 30
0.000000000
  0
LINE
  5
A68
330
A02
100
AcDbEntity
  8
View
100
AcDbLine
 10
82.249500840
 20
99.395879051
 30
0.000000000
 11
81.773377588
 21
99.395879051
 31
0.000000000
  0
SPLINE
  5
A69
330
A02
100
AcDbEntity
  8
View
100
AcDbSpline
210
0
220
0
230
1
 70
8
 71
3
 72
8
 73
4
 74
0
 40
0.000000000
 40
0.000000000
 40
0.000000000
 40
0.000000000
 40
1.436156642
 40
1.436156642
 40
1.436156642
 40
1.436156642
 10
81.773377588
 20
99.395879051
 30
0.000000000
 10
81.700990328
 20
99.395879051
 30
0.000000000
 10
81.642307553
 20
99.395879051
 30
0.000000000
 10
81.643512578
 20
99.395879051
 30
0.000000000
  0
SPLINE
  5
A6A
330
A02
100
AcDbEntity
  8
View
100
AcDbSpline
210
0
220
0
230
1
 70
8
 71
1
 72
4
 73
2
 74
0
 40
1.436156642
 40
1.436156642
 40
1.570796327
 40
1.570796327
 10
81.643512578
 20
99.395879051
 30
0.000000000
 10
81.644870113
 20
99.395879051
 30
0.000000000
  0
SPLINE
  5
A6B
330
A02
100
AcDbEntity
  8
View
100
AcDbSpline
210
0
220
0
230
1
 70
8
 71
2
 72
6
 73
3
 74
0
 40
0.008621895
 40
0.008621895
 40
0.008621895
 40
0.255761761
 40
0.255761761
 40
0.255761761
 10
81.643512578
 20
99.395879051
 30
0.000000000
 10
81.622991068
 20
99.395879051
 30
0.000000000
 10
81.559089662
 20
99.395879051
 30
0.000000000
  0
SPLINE
  5
A6C
330
A02
100
AcDbEntity
  8
View
100
AcDbSpline
210
0
220
0
230
1
 70
8
 71
3
 72
23
 73
19
 74
0
 40
0.000000000
 40
0.000000000
 40
0.000000000
 40
0.000000000
 40
0.140680507
 40
0.140680507
 40
0.140680507
 40
0.281361015
 40
0.281361015
 40
0.281361015
 40
0.422041522
 40
0.422041522
 40
0.422041522
 40
0.703402537
 40
0.703402537
 40
0.703402537
 40
0.984763552
 40
0.984763552
 40
0.984763552
 40
1.969527104
 40
1.969527104
 40
1.969527104
 40
1.969527104
 10
81.559089662
 20
99.395879051
 30
0.000000000
 10
81.546027678
 20
99.395879051
 30
0.000000000
 10
81.532965694
 20
99.395879051
 30
0.000000000
 10
81.519903710
 20
99.395879051
 30
0.000000000
 10
81.503784787
 20
99.395879051
 30
0.000000000
 10
81.487665864
 20
99.395879051
 30
0.000000000
 10
81.471546940
 20
99.395879051
 30
0.000000000
 10
81.452689562
 20
99.395879051
 30
0.000000000
 10
81.433832183
 20
99.395879051
 30
0.000000000
 10
81.414974804
 20
99.395879051
 30
0.000000000
 10
81.373620004
 20
99.395879051
 30
0.000000000
 10
81.329226991
 20
99.395879051
 30
0.000000000
 10
81.281795766
 20
99.395879051
 30
0.000000000
 10
81.233040456
 20
99.395879051
 30
0.000000000
 10
81.182721939
 20
99.395879051
 30
0.000000000
 10
81.130840216
 20
99.395879051
 30
0.000000000
 10
80.947987273
 20
99.395879051
 30
0.000000000
 10
80.757492291
 20
99.395879051
 30
0.000000000
 10
80.635474136
 20
99.395879051
 30
0.000000000
  0
SPLINE
  5
A6D
330
A02
100
AcDbEntity
  8
View
100
AcDbSpline
210
0
220
0
230
1
 70
8
 71
2
 72
6
 73
3
 74
0
 40
0.000000000
 40
0.000000000
 40
0.000000000
 40
0.255761761
 40
0.255761761
 40
0.255761761
 10
80.635474136
 20
99.395879051
 30
0.000000000
 10
80.524643510
 20
99.395879051
 30
0.000000000
 10
80.455730399
 20
99.395879051
 30
0.000000000
  0
SPLINE
  5
A6E
330
A02
100
AcDbEntity
  8
View
100
AcDbSpline
210
0
220
0
230
1
 70
8
 71
3
 72
8
 73
4
 74
0
 40
0.000000000
 40
0.000000000
 40
0.000000000
 40
0.000000000
 40
1.570796327
 40
1.570796327
 40
1.570796327
 40
1.570796327
 10
80.455730399
 20
99.395879051
 30
0.000000000
 10
80.446633079
 20
99.395879051
 30
0.000000000
 10
80.366180776
 20
99.395879051
 30
0.000000000
 10
80.286952945
 20
99.395879051
 30
0.000000000
  0
LINE
  5
A6F
330
A02
100
AcDbEntity
  8
View
100
AcDbLine
 10
80.286952945
 20
99.395879051
 30
0.000000000
 11
79.816587637
 21
99.395879051
 31
0.000000000
  0
SPLINE
  5
A70
330
A02
100
AcDbEntity
  8
View
100
AcDbSpline
210
0
220
0
230
1
 70
8
 71
3
 72
8
 73
4
 74
0
 40
0.000000000
 40
0.000000000
 40
0.000000000
 40
0.000000000
 40
1.346396852
 40
1.346396852
 40
1.346396852
 40
1.346396852
 10
79.816587637
 20
99.395879051
 30
0.000000000
 10
79.749970926
 20
99.395879051
 30
0.000000000
 10
79.699026108
 20
99.395879051
 30
0.000000000
 10
79.699965777
 20
99.395879051
 30
0.000000000
  0
SPLINE
  5
A71
330
A02
100
AcDbEntity
  8
View
100
AcDbSpline
210
0
220
0
230
1
 70
8
 71
1
 72
4
 73
2
 74
0
 40
1.346396852
 40
1.346396852
 40
1.570796327
 40
1.570796327
 10
79.699965777
 20
99.395879051
 30
0.000000000
 10
79.703726590
 20
99.395879051
 30
0.000000000
  0
SPLINE
  5
A72
330
A02
100
AcDbEntity
  8
View
100
AcDbSpline
210
0
220
0
230
1
 70
8
 71
2
 72
6
 73
3
 74
0
 40
0.059492351
 40
0.059492351
 40
0.059492351
 40
0.255761761
 40
0.255761761
 40
0.255761761
 10
79.699965777
 20
99.395879051
 30
0.000000000
 10
79.689349230
 20
99.395879051
 30
0.000000000
 10
79.650993343
 20
99.395879051
 30
0.000000000
  0
SPLINE
  5
A73
330
A02
100
AcDbEntity
  8
View
100
AcDbSpline
210
0
220
0
230
1
 70
8
 71
3
 72
23
 73
19
 74
0
 40
0.000000000
 40
0.000000000
 40
0.000000000
 40
0.000000000
 40
0.140680507
 40
0.140680507
 40
0.140680507
 40
0.281361015
 40
0.281361015
 40
0.281361015
 40
0.422041522
 40
0.422041522
 40
0.422041522
 40
0.703402537
 40
0.703402537
 40
0.703402537
 40
0.984763552
 40
0.984763552
 40
0.984763552
 40
1.969527104
 40
1.969527104
 40
1.969527104
 40
1.969527104
 10
79.650993343
 20
99.395879051
 30
0.000000000
 10
79.640020710
 20
99.395879051
 30
0.000000000
 10
79.629048076
 20
99.395879051
 30
0.000000000
 10
79.618075442
 20
99.395879051
 30
0.000000000
 10
79.603873878
 20
99.395879051
 30
0.000000000
 10
79.589672315
 20
99.395879051
 30
0.000000000
 10
79.575470751
 20
99.395879051
 30
0.000000000
 10
79.558320857
 20
99.395879051
 30
0.000000000
 10
79.541170963
 20
99.395879051
 30
0.000000000
 10
79.524021069
 20
99.395879051
 30
0.000000000
 10
79.485746864
 20
99.395879051
 30
0.000000000
 10
79.444009062
 20
99.395879051
 30
0.000000000
 10
79.398807664
 20
99.395879051
 30
0.000000000
 10
79.352018850
 20
99.395879051
 30
0.000000000
 10
79.303177097
 20
99.395879051
 30
0.000000000
 10
79.252282403
 20
99.395879051
 30
0.000000000
 10
79.072351244
 20
99.395879051
 30
0.000000000
 10
78.876239725
 20
99.395879051
 30
0.000000000
 10
78.742310995
 20
99.395879051
 30
0.000000000
  0
SPLINE
  5
A74
330
A02
100
AcDbEntity
  8
View
100
AcDbSpline
210
0
220
0
230
1
 70
8
 71
2
 72
6
 73
3
 74
0
 40
0.000000000
 40
0.000000000
 40
0.000000000
 40
0.255761761
 40
0.255761761
 40
0.255761761
 10
78.742310995
 20
99.395879051
 30
0.000000000
 10
78.618214546
 20
99.395879051
 30
0.000000000
 10
78.533813095
 20
99.395879051
 30
0.000000000
  0
SPLINE
  5
A75
330
A02
100
AcDbEntity
  8
View
100
AcDbSpline
210
0
220
0
230
1
 70
8
 71
3
 72
8
 73
4
 74
0
 40
0.000000000
 40
0.000000000
 40
0.000000000
 40
0.000000000
 40
1.570796327
 40
1.570796327
 40
1.570796327
 40
1.570796327
 10
78.533813095
 20
99.395879051
 30
0.000000000
 10
78.517610027
 20
99.395879051
 30
0.000000000
 10
78.431990607
 20
99.395879051
 30
0.000000000
 10
78.354195768
 20
99.395879051
 30
0.000000000
  0
LINE
  5
A76
330
A02
100
AcDbEntity
  8
View
100
AcDbLine
 10
78.354195768
 20
99.395879051
 30
0.000000000
 11
77.893375509
 21
99.395879051
 31
0.000000000
  0
SPLINE
  5
A77
330
A02
100
AcDbEntity
  8
View
100
AcDbSpline
210
0
220
0
230
1
 70
8
 71
3
 72
8
 73
4
 74
0
 40
0.000000000
 40
0.000000000
 40
0.000000000
 40
0.000000000
 40
1.256637061
 40
1.256637061
 40
1.256637061
 40
1.256637061
 10
77.893375509
 20
99.395879051
 30
0.000000000
 10
77.832851128
 20
99.395879051
 30
0.000000000
 10
77.789013678
 20
99.395879051
 30
0.000000000
 10
77.789728058
 20
99.395879051
 30
0.000000000
  0
SPLINE
  5
A78
330
A02
100
AcDbEntity
  8
View
100
AcDbSpline
210
0
220
0
230
1
 70
8
 71
2
 72
6
 73
3
 74
0
 40
1.256637061
 40
1.256637061
 40
1.256637061
 40
1.570796327
 40
1.570796327
 40
1.570796327
 10
77.789728058
 20
99.395879051
 30
0.000000000
 10
77.789767902
 20
99.395879051
 30
0.000000000
 10
77.797069580
 20
99.395879051
 30
0.000000000
  0
SPLINE
  5
A79
330
A02
100
AcDbEntity
  8
View
100
AcDbSpline
210
0
220
0
230
1
 70
8
 71
1
 72
4
 73
2
 74
0
 40
0.202390082
 40
0.202390082
 40
0.255761761
 40
0.255761761
 10
77.789728058
 20
99.395879051
 30
0.000000000
 10
77.777808116
 20
99.395879051
 30
0.000000000
  0
SPLINE
  5
A7A
330
A02
100
AcDbEntity
  8
View
100
AcDbSpline
210
0
220
0
230
1
 70
8
 71
3
 72
23
 73
19
 74
0
 40
0.000000000
 40
0.000000000
 40
0.000000000
 40
0.000000000
 40
0.140680507
 40
0.140680507
 40
0.140680507
 40
0.281361015
 40
0.281361015
 40
0.281361015
 40
0.422041522
 40
0.422041522
 40
0.422041522
 40
0.703402537
 40
0.703402537
 40
0.703402537
 40
0.984763552
 40
0.984763552
 40
0.984763552
 40
1.969527104
 40
1.969527104
 40
1.969527104
 40
1.969527104
 10
77.777808116
 20
99.395879051
 30
0.000000000
 10
77.769013177
 20
99.395879051
 30
0.000000000
 10
77.760218239
 20
99.395879051
 30
0.000000000
 10
77.751423301
 20
99.395879051
 30
0.000000000
 10
77.739253439
 20
99.395879051
 30
0.000000000
 10
77.727083578
 20
99.395879051
 30
0.000000000
 10
77.714913716
 20
99.395879051
 30
0.000000000
 10
77.699609388
 20
99.395879051
 30
0.000000000
 10
77.684305060
 20
99.395879051
 30
0.000000000
 10
77.669000732
 20
99.395879051
 30
0.000000000
 10
77.634115282
 20
99.395879051
 30
0.000000000
 10
77.595368740
 20
99.395879051
 30
0.000000000
 10
77.552761104
 20
99.395879051
 30
0.000000000
 10
77.508315503
 20
99.395879051
 30
0.000000000
 10
77.461343757
 20
99.395879051
 30
0.000000000
 10
77.411845867
 20
99.395879051
 30
0.000000000
 10
77.236285192
 20
99.395879051
 30
0.000000000
 10
77.036136111
 20
99.395879051
 30
0.000000000
 10
76.891375122
 20
99.395879051
 30
0.000000000
  0
SPLINE
  5
A7B
330
A02
100
AcDbEntity
  8
View
100
AcDbSpline
210
0
220
0
230
1
 70
8
 71
2
 72
6
 73
3
 74
0
 40
0.000000000
 40
0.000000000
 40
0.000000000
 40
0.255761761
 40
0.255761761
 40
0.255761761
 10
76.891375122
 20
99.395879051
 30
0.000000000
 10
76.755012002
 20
99.395879051
 30
0.000000000
 10
76.655801761
 20
99.395879051
 30
0.000000000
  0
SPLINE
  5
A7C
330
A02
100
AcDbEntity
  8
View
100
AcDbSpline
210
0
220
0
230
1
 70
8
 71
3
 72
8
 73
4
 74
0
 40
0.000000000
 40
0.000000000
 40
0.000000000
 40
0.000000000
 40
1.570796327
 40
1.570796327
 40
1.570796327
 40
1.570796327
 10
76.655801761
 20
99.395879051
 30
0.000000000
 10
76.632623401
 20
99.395879051
 30
0.000000000
 10
76.542526223
 20
99.395879051
 30
0.000000000
 10
76.466790734
 20
99.395879051
 30
0.000000000
  0
LINE
  5
A7D
330
A02
100
AcDbEntity
  8
View
100
AcDbLine
 10
76.466790734
 20
99.395879051
 30
0.000000000
 11
76.019225777
 21
99.395879051
 31
0.000000000
  0
SPLINE
  5
A7E
330
A02
100
AcDbEntity
  8
View
100
AcDbSpline
210
0
220
0
230
1
 70
8
 71
3
 72
8
 73
4
 74
0
 40
0.000000000
 40
0.000000000
 40
0.000000000
 40
0.000000000
 40
1.166877271
 40
1.166877271
 40
1.166877271
 40
1.166877271
 10
76.019225777
 20
99.395879051
 30
0.000000000
 10
75.964996592
 20
99.395879051
 30
0.000000000
 10
75.927652424
 20
99.395879051
 30
0.000000000
 10
75.928179532
 20
99.395879051
 30
0.000000000
  0
SPLINE
  5
A7F
330
A02
100
AcDbEntity
  8
View
100
AcDbSpline
210
0
220
0
230
1
 70
8
 71
3
 72
20
 73
16
 74
0
 40
0.177020543
 40
0.177020543
 40
0.177020543
 40
0.177020543
 40
0.305056726
 40
0.305056726
 40
0.305056726
 40
0.561129092
 40
0.561129092
 40
0.561129092
 40
0.817201458
 40
0.817201458
 40
0.817201458
 40
1.073273824
 40
1.073273824
 40
1.073273824
 40
1.969527104
 40
1.969527104
 40
1.969527104
 40
1.969527104
 10
75.928179532
 20
99.395879051
 30
0.000000000
 10
75.918383199
 20
99.395879051
 30
0.000000000
 10
75.908586866
 20
99.395879051
 30
0.000000000
 10
75.898790532
 20
99.395879051
 30
0.000000000
 10
75.875201321
 20
99.395879051
 30
0.000000000
 10
75.847721320
 20
99.395879051
 30
0.000000000
 10
75.816350531
 20
99.395879051
 30
0.000000000
 10
75.782985146
 20
99.395879051
 30
0.000000000
 10
75.746552272
 20
99.395879051
 30
0.000000000
 10
75.707051907
 20
99.395879051
 30
0.000000000
 10
75.666086290
 20
99.395879051
 30
0.000000000
 10
75.623076529
 20
99.395879051
 30
0.000000000
 10
75.578022627
 20
99.395879051
 30
0.000000000
 10
75.418460473
 20
99.395879051
 30
0.000000000
 10
75.238012341
 20
99.395879051
 30
0.000000000
 10
75.097569162
 20
99.395879051
 30
0.000000000
  0
SPLINE
  5
A80
330
A02
100
AcDbEntity
  8
View
100
AcDbSpline
210
0
220
0
230
1
 70
8
 71
2
 72
6
 73
3
 74
0
 40
0.000000000
 40
0.000000000
 40
0.000000000
 40
0.255761761
 40
0.255761761
 40
0.255761761
 10
75.097569162
 20
99.395879051
 30
0.000000000
 10
74.950037287
 20
99.395879051
 30
0.000000000
 10
74.836817039
 20
99.395879051
 30
0.000000000
  0
SPLINE
  5
A81
330
A02
100
AcDbEntity
  8
View
100
AcDbSpline
210
0
220
0
230
1
 70
8
 71
3
 72
8
 73
4
 74
0
 40
0.000000000
 40
0.000000000
 40
0.000000000
 40
0.000000000
 40
1.570796327
 40
1.570796327
 40
1.570796327
 40
1.570796327
 10
74.836817039
 20
99.395879051
 30
0.000000000
 10
74.806850007
 20
99.395879051
 30
0.000000000
 10
74.713000479
 20
99.395879051
 30
0.000000000
 10
74.639934119
 20
99.395879051
 30
0.000000000
  0
LINE
  5
A82
330
A02
100
AcDbEntity
  8
View
100
AcDbLine
 10
74.639934119
 20
99.395879051
 30
0.000000000
 11
74.209227994
 21
99.395879051
 31
0.000000000
  0
SPLINE
  5
A83
330
A02
100
AcDbEntity
  8
View
100
AcDbSpline
210
0
220
0
230
1
 70
8
 71
2
 72
6
 73
3
 74
0
 40
0.000000000
 40
0.000000000
 40
0.000000000
 40
1.077117481
 40
1.077117481
 40
1.077117481
 10
74.209227994
 20
99.395879051
 30
0.000000000
 10
74.133600504
 20
99.395879051
 30
0.000000000
 10
74.130308294
 20
99.395879051
 30
0.000000000
  0
SPLINE
  5
A84
330
A02
100
AcDbEntity
  8
View
100
AcDbSpline
210
0
220
0
230
1
 70
8
 71
3
 72
11
 73
7
 74
0
 40
0.406510146
 40
0.406510146
 40
0.406510146
 40
0.406510146
 40
1.188018625
 40
1.188018625
 40
1.188018625
 40
1.969527104
 40
1.969527104
 40
1.969527104
 40
1.969527104
 10
74.130308294
 20
99.395879051
 30
0.000000000
 10
74.060008640
 20
99.395879051
 30
0.000000000
 10
73.939091609
 20
99.395879051
 30
0.000000000
 10
73.799297154
 20
99.395879051
 30
0.000000000
 10
73.659225193
 20
99.395879051
 30
0.000000000
 10
73.504353820
 20
99.395879051
 30
0.000000000
 10
73.375335788
 20
99.395879051
 30
0.000000000
  0
SPLINE
  5
A85
330
A02
100
AcDbEntity
  8
View
100
AcDbSpline
210
0
220
0
230
1
 70
8
 71
2
 72
6
 73
3
 74
0
 40
0.000000000
 40
0.000000000
 40
0.000000000
 40
0.255761761
 40
0.255761761
 40
0.255761761
 10
73.375335788
 20
99.395879051
 30
0.000000000
 10
73.217822998
 20
99.395879051
 30
0.000000000
 10
73.091504326
 20
99.395879051
 30
0.000000000
  0
SPLINE
  5
A86
330
A02
100
AcDbEntity
  8
View
100
AcDbSpline
210
0
220
0
230
1
 70
8
 71
3
 72
8
 73
4
 74
0
 40
0.000000000
 40
0.000000000
 40
0.000000000
 40
0.000000000
 40
1.570796327
 40
1.570796327
 40
1.570796327
 40
1.570796327
 10
73.091504326
 20
99.395879051
 30
0.000000000
 10
73.054989898
 20
99.395879051
 30
0.000000000
 10
72.958143642
 20
99.395879051
 30
0.000000000
 10
72.888334697
 20
99.395879051
 30
0.000000000
  0
LINE
  5
A87
330
A02
100
AcDbEntity
  8
View
100
AcDbLine
 10
72.888334697
 20
99.395879051
 30
0.000000000
 11
72.477955197
 21
99.395879051
 31
0.000000000
  0
SPLINE
  5
A88
330
A02
100
AcDbEntity
  8
View
100
AcDbSpline
210
0
220
0
230
1
 70
8
 71
2
 72
6
 73
3
 74
0
 40
0.000000000
 40
0.000000000
 40
0.000000000
 40
0.987357691
 40
0.987357691
 40
0.987357691
 10
72.477955197
 20
99.395879051
 30
0.000000000
 10
72.412958806
 20
99.395879051
 30
0.000000000
 10
72.410589745
 20
99.395879051
 30
0.000000000
  0
SPLINE
  5
A89
330
A02
100
AcDbEntity
  8
View
100
AcDbSpline
210
0
220
0
230
1
 70
8
 71
3
 72
8
 73
4
 74
0
 40
0.622646213
 40
0.622646213
 40
0.622646213
 40
0.622646213
 40
1.969527104
 40
1.969527104
 40
1.969527104
 40
1.969527104
 10
72.410589745
 20
99.395879051
 30
0.000000000
 10
72.264711091
 20
99.395879051
 30
0.000000000
 10
71.971082676
 20
99.395879051
 30
0.000000000
 10
71.738541410
 20
99.395879051
 30
0.000000000
  0
SPLINE
  5
A8A
330
A02
100
AcDbEntity
  8
View
100
AcDbSpline
210
0
220
0
230
1
 70
8
 71
2
 72
6
 73
3
 74
0
 40
0.000000000
 40
0.000000000
 40
0.000000000
 40
0.255761761
 40
0.255761761
 40
0.255761761
 10
71.738541410
 20
99.395879051
 30
0.000000000
 10
71.572315905
 20
99.395879051
 30
0.000000000
 10
71.433915852
 20
99.395879051
 30
0.000000000
  0
SPLINE
  5
A8B
330
A02
100
AcDbEntity
  8
View
100
AcDbSpline
210
0
220
0
230
1
 70
8
 71
3
 72
8
 73
4
 74
0
 40
0.000000000
 40
0.000000000
 40
0.000000000
 40
0.000000000
 40
1.570796327
 40
1.570796327
 40
1.570796327
 40
1.570796327
 10
71.433915852
 20
99.395879051
 30
0.000000000
 10
71.391148022
 20
99.395879051
 30
0.000000000
 10
71.292084787
 20
99.395879051
 30
0.000000000
 10
71.226095317
 20
99.395879051
 30
0.000000000
  0
LINE
  5
A8C
330
A02
100
AcDbEntity
  8
View
100
AcDbLine
 10
71.226095317
 20
99.395879051
 30
0.000000000
 11
70.839346577
 21
99.395879051
 31
0.000000000
  0
SPLINE
  5
A8D
330
A02
100
AcDbEntity
  8
View
100
AcDbSpline
210
0
220
0
230
1
 70
8
 71
2
 72
6
 73
3
 74
0
 40
0.000000000
 40
0.000000000
 40
0.000000000
 40
0.897597901
 40
0.897597901
 40
0.897597901
 10
70.839346577
 20
99.395879051
 30
0.000000000
 10
70.784523056
 20
99.395879051
 30
0.000000000
 10
70.782870048
 20
99.395879051
 30
0.000000000
  0
SPLINE
  5
A8E
330
A02
100
AcDbEntity
  8
View
100
AcDbSpline
210
0
220
0
230
1
 70
8
 71
3
 72
8
 73
4
 74
0
 40
0.832544527
 40
0.832544527
 40
0.832544527
 40
0.832544527
 40
1.969527104
 40
1.969527104
 40
1.969527104
 40
1.969527104
 10
70.782870048
 20
99.395879051
 30
0.000000000
 10
70.639471794
 20
99.395879051
 30
0.000000000
 10
70.402886855
 20
99.395879051
 30
0.000000000
 10
70.200364534
 20
99.395879051
 30
0.000000000
  0
SPLINE
  5
A8F
330
A02
100
AcDbEntity
  8
View
100
AcDbSpline
210
0
220
0
230
1
 70
8
 71
2
 72
6
 73
3
 74
0
 40
0.000000000
 40
0.000000000
 40
0.000000000
 40
0.255761761
 40
0.255761761
 40
0.255761761
 10
70.200364534
 20
99.395879051
 30
0.000000000
 10
70.026764663
 20
99.395879051
 30
0.000000000
 10
69.877397546
 20
99.395879051
 30
0.000000000
  0
SPLINE
  5
A90
330
A02
100
AcDbEntity
  8
View
100
AcDbSpline
210
0
220
0
230
1
 70
8
 71
3
 72
8
 73
4
 74
0
 40
0.000000000
 40
0.000000000
 40
0.000000000
 40
0.000000000
 40
1.570796327
 40
1.570796327
 40
1.570796327
 40
1.570796327
 10
69.877397546
 20
99.395879051
 30
0.000000000
 10
69.828720655
 20
99.395879051
 30
0.000000000
 10
69.728238039
 20
99.395879051
 30
0.000000000
 10
69.666599354
 20
99.395879051
 30
0.000000000
  0
LINE
  5
A91
330
A02
100
AcDbEntity
  8
View
100
AcDbLine
 10
69.666599354
 20
99.395879051
 30
0.000000000
 11
69.306595247
 21
99.395879051
 31
0.000000000
  0
SPLINE
  5
A92
330
A02
100
AcDbEntity
  8
View
100
AcDbSpline
210
0
220
0
230
1
 70
8
 71
2
 72
6
 73
3
 74
0
 40
0.000000000
 40
0.000000000
 40
0.000000000
 40
0.807838111
 40
0.807838111
 40
0.807838111
 10
69.306595247
 20
99.395879051
 30
0.000000000
 10
69.261366711
 20
99.395879051
 30
0.000000000
 10
69.260254644
 20
99.395879051
 30
0.000000000
  0
SPLINE
  5
A93
330
A02
100
AcDbEntity
  8
View
100
AcDbSpline
210
0
220
0
230
1
 70
8
 71
3
 72
8
 73
4
 74
0
 40
1.039131584
 40
1.039131584
 40
1.039131584
 40
1.039131584
 40
1.969527104
 40
1.969527104
 40
1.969527104
 40
1.969527104
 10
69.260254644
 20
99.395879051
 30
0.000000000
 10
69.128611427
 20
99.395879051
 30
0.000000000
 10
68.942766865
 20
99.395879051
 30
0.000000000
 10
68.773189655
 20
99.395879051
 30
0.000000000
  0
SPLINE
  5
A94
330
A02
100
AcDbEntity
  8
View
100
AcDbSpline
210
0
220
0
230
1
 70
8
 71
2
 72
6
 73
3
 74
0
 40
0.000000000
 40
0.000000000
 40
0.000000000
 40
0.255761761
 40
0.255761761
 40
0.255761761
 10
68.773189655
 20
99.395879051
 30
0.000000000
 10
68.593613144
 20
99.395879051
 30
0.000000000
 10
68.434481578
 20
99.395879051
 30
0.000000000
  0
SPLINE
  5
A95
330
A02
100
AcDbEntity
  8
View
100
AcDbSpline
210
0
220
0
230
1
 70
8
 71
3
 72
8
 73
4
 74
0
 40
0.000000000
 40
0.000000000
 40
0.000000000
 40
0.000000000
 40
1.570796327
 40
1.570796327
 40
1.570796327
 40
1.570796327
 10
68.434481578
 20
99.395879051
 30
0.000000000
 10
68.380287543
 20
99.395879051
 30
0.000000000
 10
68.279194574
 20
99.395879051
 30
0.000000000
 10
68.222402951
 20
99.395879051
 30
0.000000000
  0
LINE
  5
A96
330
A02
100
AcDbEntity
  8
View
100
AcDbLine
 10
68.222402951
 20
99.395879051
 30
0.000000000
 11
67.892042019
 21
99.395879051
 31
0.000000000
  0
SPLINE
  5
A97
330
A02
100
AcDbEntity
  8
View
100
AcDbSpline
210
0
220
0
230
1
 70
8
 71
2
 72
6
 73
3
 74
0
 40
0.000000000
 40
0.000000000
 40
0.000000000
 40
0.718078321
 40
0.718078321
 40
0.718078321
 10
67.892042019
 20
99.395879051
 30
0.000000000
 10
67.855718821
 20
99.395879051
 30
0.000000000
 10
67.855002739
 20
99.395879051
 30
0.000000000
  0
SPLINE
  5
A98
330
A02
100
AcDbEntity
  8
View
100
AcDbSpline
210
0
220
0
230
1
 70
8
 71
3
 72
8
 73
4
 74
0
 40
1.243942480
 40
1.243942480
 40
1.243942480
 40
1.243942480
 40
1.969527104
 40
1.969527104
 40
1.969527104
 40
1.969527104
 10
67.855002739
 20
99.395879051
 30
0.000000000
 10
67.742826754
 20
99.395879051
 30
0.000000000
 10
67.602756224
 20
99.395879051
 30
0.000000000
 10
67.468507547
 20
99.395879051
 30
0.000000000
  0
SPLINE
  5
A99
330
A02
100
AcDbEntity
  8
View
100
AcDbSpline
210
0
220
0
230
1
 70
8
 71
2
 72
6
 73
3
 74
0
 40
0.000000000
 40
0.000000000
 40
0.000000000
 40
0.255761761
 40
0.255761761
 40
0.255761761
 10
67.468507547
 20
99.395879051
 30
0.000000000
 10
67.284400239
 20
99.395879051
 30
0.000000000
 10
67.116785459
 20
99.395879051
 30
0.000000000
  0
SPLINE
  5
A9A
330
A02
100
AcDbEntity
  8
View
100
AcDbSpline
210
0
220
0
230
1
 70
8
 71
3
 72
8
 73
4
 74
0
 40
0.000000000
 40
0.000000000
 40
0.000000000
 40
0.000000000
 40
1.570796327
 40
1.570796327
 40
1.570796327
 40
1.570796327
 10
67.116785459
 20
99.395879051
 30
0.000000000
 10
67.057510619
 20
99.395879051
 30
0.000000000
 10
66.956621238
 20
99.395879051
 30
0.000000000
 10
66.905133930
 20
99.395879051
 30
0.000000000
  0
LINE
  5
A9B
330
A02
100
AcDbEntity
  8
View
100
AcDbLine
 10
66.905133930
 20
99.395879051
 30
0.000000000
 11
66.607076044
 21
99.395879051
 31
0.000000000
  0
SPLINE
  5
A9C
330
A02
100
AcDbEntity
  8
View
100
AcDbSpline
210
0
220
0
230
1
 70
8
 71
2
 72
6
 73
3
 74
0
 40
0.000000000
 40
0.000000000
 40
0.000000000
 40
0.628318531
 40
0.628318531
 40
0.628318531
 10
66.607076044
 20
99.395879051
 30
0.000000000
 10
66.578865675
 20
99.395879051
 30
0.000000000
 10
66.578428593
 20
99.395879051
 30
0.000000000
  0
SPLINE
  5
A9D
330
A02
100
AcDbEntity
  8
View
100
AcDbSpline
210
0
220
0
230
1
 70
8
 71
2
 72
6
 73
3
 74
0
 40
1.447927583
 40
1.447927583
 40
1.447927583
 40
1.969527104
 40
1.969527104
 40
1.969527104
 10
66.578428593
 20
99.395879051
 30
0.000000000
 10
66.445783863
 20
99.395879051
 30
0.000000000
 10
66.296822743
 20
99.395879051
 30
0.000000000
  0
SPLINE
  5
A9E
330
A02
100
AcDbEntity
  8
View
100
AcDbSpline
210
0
220
0
230
1
 70
8
 71
2
 72
6
 73
3
 74
0
 40
0.000000000
 40
0.000000000
 40
0.000000000
 40
0.255761761
 40
0.255761761
 40
0.255761761
 10
66.296822743
 20
99.395879051
 30
0.000000000
 10
66.109666962
 20
99.395879051
 30
0.000000000
 10
65.934918503
 20
99.395879051
 30
0.000000000
  0
SPLINE
  5
A9F
330
A02
100
AcDbEntity
  8
View
100
AcDbSpline
210
0
220
0
230
1
 70
8
 71
3
 72
8
 73
4
 74
0
 40
0.000000000
 40
0.000000000
 40
0.000000000
 40
0.000000000
 40
1.570796327
 40
1.570796327
 40
1.570796327
 40
1.570796327
 10
65.934918503
 20
99.395879051
 30
0.000000000
 10
65.871040104
 20
99.395879051
 30
0.000000000
 10
65.771166612
 20
99.395879051
 30
0.000000000
 10
65.725398166
 20
99.395879051
 30
0.000000000
  0
LINE
  5
AA0
330
A02
100
AcDbEntity
  8
View
100
AcDbLine
 10
65.725398166
 20
99.395879051
 30
0.000000000
 11
65.462043113
 21
99.395879051
 31
0.000000000
  0
SPLINE
  5
AA1
330
A02
100
AcDbEntity
  8
View
100
AcDbSpline
210
0
220
0
230
1
 70
8
 71
2
 72
6
 73
3
 74
0
 40
0.000000000
 40
0.000000000
 40
0.000000000
 40
0.538558741
 40
0.538558741
 40
0.538558741
 10
65.462043113
 20
99.395879051
 30
0.000000000
 10
65.441060020
 20
99.395879051
 30
0.000000000
 10
65.440810432
 20
99.395879051
 30
0.000000000
  0
SPLINE
  5
AA2
330
A02
100
AcDbEntity
  8
View
100
AcDbSpline
210
0
220
0
230
1
 70
8
 71
2
 72
6
 73
3
 74
0
 40
1.651764543
 40
1.651764543
 40
1.651764543
 40
1.969527104
 40
1.969527104
 40
1.969527104
 10
65.440810432
 20
99.395879051
 30
0.000000000
 10
65.357063169
 20
99.395879051
 30
0.000000000
 10
65.267568959
 20
99.395879051
 30
0.000000000
  0
SPLINE
  5
AA3
330
A02
100
AcDbEntity
  8
View
100
AcDbSpline
210
0
220
0
230
1
 70
8
 71
2
 72
6
 73
3
 74
0
 40
0.000000000
 40
0.000000000
 40
0.000000000
 40
0.255761761
 40
0.255761761
 40
0.255761761
 10
65.267568959
 20
99.395879051
 30
0.000000000
 10
65.078871574
 20
99.395879051
 30
0.000000000
 10
64.898396408
 20
99.395879051
 30
0.000000000
  0
SPLINE
  5
AA4
330
A02
100
AcDbEntity
  8
View
100
AcDbSpline
210
0
220
0
230
1
 70
8
 71
3
 72
8
 73
4
 74
0
 40
0.000000000
 40
0.000000000
 40
0.000000000
 40
0.000000000
 40
1.570796327
 40
1.570796327
 40
1.570796327
 40
1.570796327
 10
64.898396408
 20
99.395879051
 30
0.000000000
 10
64.830428761
 20
99.395879051
 30
0.000000000
 10
64.732375282
 20
99.395879051
 30
0.000000000
 10
64.692694197
 20
99.395879051
 30
0.000000000
  0
LINE
  5
AA5
330
A02
100
AcDbEntity
  8
View
100
AcDbLine
 10
64.692694197
 20
99.395879051
 30
0.000000000
 11
64.466162357
 21
99.395879051
 31
0.000000000
  0
SPLINE
  5
AA6
330
A02
100
AcDbEntity
  8
View
100
AcDbSpline
210
0
220
0
230
1
 70
8
 71
2
 72
6
 73
3
 74
0
 40
0.000000000
 40
0.000000000
 40
0.000000000
 40
0.448798951
 40
0.448798951
 40
0.448798951
 10
64.466162357
 20
99.395879051
 30
0.000000000
 10
64.451438600
 20
99.395879051
 30
0.000000000
 10
64.451307688
 20
99.395879051
 30
0.000000000
  0
SPLINE
  5
AA7
330
A02
100
AcDbEntity
  8
View
100
AcDbSpline
210
0
220
0
230
1
 70
8
 71
1
 72
4
 73
2
 74
0
 40
1.856005964
 40
1.856005964
 40
1.969527104
 40
1.969527104
 10
64.451307688
 20
99.395879051
 30
0.000000000
 10
64.389033142
 20
99.395879051
 30
0.000000000
  0
SPLINE
  5
AA8
330
A02
100
AcDbEntity
  8
View
100
AcDbSpline
210
0
220
0
230
1
 70
8
 71
2
 72
6
 73
3
 74
0
 40
0.000000000
 40
0.000000000
 40
0.000000000
 40
0.255761761
 40
0.255761761
 40
0.255761761
 10
64.389033142
 20
99.395879051
 30
0.000000000
 10
64.200313433
 20
99.395879051
 30
0.000000000
 10
64.015564640
 20
99.395879051
 30
0.000000000
  0
SPLINE
  5
AA9
330
A02
100
AcDbEntity
  8
View
100
AcDbSpline
210
0
220
0
230
1
 70
8
 71
3
 72
8
 73
4
 74
0
 40
0.000000000
 40
0.000000000
 40
0.000000000
 40
0.000000000
 40
1.570796327
 40
1.570796327
 40
1.570796327
 40
1.570796327
 10
64.015564640
 20
99.395879051
 30
0.000000000
 10
63.944054981
 20
99.395879051
 30
0.000000000
 10
63.848610983
 20
99.395879051
 30
0.000000000
 10
63.815336749
 20
99.395879051
 30
0.000000000
  0
LINE
  5
AAA
330
A02
100
AcDbEntity
  8
View
100
AcDbLine
 10
63.815336749
 20
99.395879051
 30
0.000000000
 11
63.627452024
 21
99.395879051
 31
0.000000000
  0
SPLINE
  5
AAB
330
A02
100
AcDbEntity
  8
View
100
AcDbSpline
210
0
220
0
230
1
 70
8
 71
2
 72
6
 73
3
 74
0
 40
0.000000000
 40
0.000000000
 40
0.000000000
 40
0.359039160
 40
0.359039160
 40
0.359039160
 10
63.627452024
 20
99.395879051
 30
0.000000000
 10
63.617948663
 20
99.395879051
 30
0.000000000
 10
63.617887254
 20
99.395879051
 30
0.000000000
  0
SPLINE
  5
AAC
330
A02
100
AcDbEntity
  8
View
100
AcDbSpline
210
0
220
0
230
1
 70
8
 71
2
 72
6
 73
3
 74
0
 40
0.359039160
 40
0.359039160
 40
0.359039160
 40
0.718078321
 40
0.718078321
 40
0.718078321
 10
63.617887254
 20
99.395879051
 30
0.000000000
 10
63.617948663
 20
99.395879051
 30
0.000000000
 10
63.627452024
 20
99.395879051
 30
0.000000000
  0
SPLINE
  5
AAD
330
A02
100
AcDbEntity
  8
View
100
AcDbSpline
210
0
220
0
230
1
 70
8
 71
1
 72
4
 73
2
 74
0
 40
0.034541688
 40
0.034541688
 40
0.255761761
 40
0.255761761
 10
63.617887254
 20
99.395879051
 30
0.000000000
 10
63.293531242
 20
99.395879051
 30
0.000000000
  0
SPLINE
  5
AAE
330
A02
100
AcDbEntity
  8
View
100
AcDbSpline
210
0
220
0
230
1
 70
8
 71
3
 72
8
 73
4
 74
0
 40
0.000000000
 40
0.000000000
 40
0.000000000
 40
0.000000000
 40
1.570796327
 40
1.570796327
 40
1.570796327
 40
1.570796327
 10
63.293531242
 20
99.395879051
 30
0.000000000
 10
63.219055325
 20
99.395879051
 30
0.000000000
 10
63.126989267
 20
99.395879051
 30
0.000000000
 10
63.100389788
 20
99.395879051
 30
0.000000000
  0
LINE
  5
AAF
330
A02
100
AcDbEntity
  8
View
100
AcDbLine
 10
63.100389788
 20
99.395879051
 30
0.000000000
 11
62.952664914
 21
99.395879051
 31
0.000000000
  0
SPLINE
  5
AB0
330
A02
100
AcDbEntity
  8
View
100
AcDbSpline
210
0
220
0
230
1
 70
8
 71
2
 72
6
 73
3
 74
0
 40
0.000000000
 40
0.000000000
 40
0.000000000
 40
0.269279370
 40
0.269279370
 40
0.269279370
 10
62.952664914
 20
99.395879051
 30
0.000000000
 10
62.947284038
 20
99.395879051
 30
0.000000000
 10
62.947259343
 20
99.395879051
 30
0.000000000
  0
SPLINE
  5
AB1
330
A02
100
AcDbEntity
  8
View
100
AcDbSpline
210
0
220
0
230
1
 70
8
 71
2
 72
6
 73
3
 74
0
 40
0.269279370
 40
0.269279370
 40
0.269279370
 40
0.538558741
 40
0.538558741
 40
0.538558741
 10
62.947259343
 20
99.395879051
 30
0.000000000
 10
62.947284038
 20
99.395879051
 30
0.000000000
 10
62.952664914
 20
99.395879051
 30
0.000000000
  0
SPLINE
  5
AB2
330
A02
100
AcDbEntity
  8
View
100
AcDbSpline
210
0
220
0
230
1
 70
8
 71
1
 72
4
 73
2
 74
0
 40
0.113181512
 40
0.113181512
 40
0.255761761
 40
0.255761761
 10
62.947259343
 20
99.395879051
 30
0.000000000
 10
62.738109602
 20
99.395879051
 30
0.000000000
  0
SPLINE
  5
AB3
330
A02
100
AcDbEntity
  8
View
100
AcDbSpline
210
0
220
0
230
1
 70
8
 71
3
 72
8
 73
4
 74
0
 40
0.000000000
 40
0.000000000
 40
0.000000000
 40
0.000000000
 40
1.570796327
 40
1.570796327
 40
1.570796327
 40
1.570796327
 10
62.738109602
 20
99.395879051
 30
0.000000000
 10
62.661267063
 20
99.395879051
 30
0.000000000
 10
62.573320207
 20
99.395879051
 30
0.000000000
 10
62.553609646
 20
99.395879051
 30
0.000000000
  0
LINE
  5
AB4
330
A02
100
AcDbEntity
  8
View
100
AcDbLine
 10
62.553609646
 20
99.395879051
 30
0.000000000
 11
62.447234018
 21
99.395879051
 31
0.000000000
  0
SPLINE
  5
AB5
330
A02
100
AcDbEntity
  8
View
100
AcDbSpline
210
0
220
0
230
1
 70
8
 71
1
 72
4
 73
2
 74
0
 40
0.000000000
 40
0.000000000
 40
0.179519580
 40
0.179519580
 10
62.447234018
 20
99.395879051
 30
0.000000000
 10
62.444823456
 20
99.395879051
 30
0.000000000
  0
SPLINE
  5
AB6
330
A02
100
AcDbEntity
  8
View
100
AcDbSpline
210
0
220
0
230
1
 70
8
 71
1
 72
4
 73
2
 74
0
 40
0.179519580
 40
0.179519580
 40
0.359039160
 40
0.359039160
 10
62.444823456
 20
99.395879051
 30
0.000000000
 10
62.447234018
 20
99.395879051
 30
0.000000000
  0
SPLINE
  5
AB7
330
A02
100
AcDbEntity
  8
View
100
AcDbSpline
210
0
220
0
230
1
 70
8
 71
1
 72
4
 73
2
 74
0
 40
0.193534040
 40
0.193534040
 40
0.255761761
 40
0.255761761
 10
62.444823456
 20
99.395879051
 30
0.000000000
 10
62.353771648
 20
99.395879051
 30
0.000000000
  0
SPLINE
  5
AB8
330
A02
100
AcDbEntity
  8
View
100
AcDbSpline
210
0
220
0
230
1
 70
8
 71
3
 72
8
 73
4
 74
0
 40
0.000000000
 40
0.000000000
 40
0.000000000
 40
0.000000000
 40
1.570796327
 40
1.570796327
 40
1.570796327
 40
1.570796327
 10
62.353771648
 20
99.395879051
 30
0.000000000
 10
62.275181178
 20
99.395879051
 30
0.000000000
 10
62.192061621
 20
99.395879051
 30
0.000000000
 10
62.179398676
 20
99.395879051
 30
0.000000000
  0
LINE
  5
AB9
330
A02
100
AcDbEntity
  8
View
100
AcDbLine
 10
62.179398676
 20
99.395879051
 30
0.000000000
 11
62.115228767
 21
99.395879051
 31
0.000000000
  0
SPLINE
  5
ABA
330
A02
100
AcDbEntity
  8
View
100
AcDbSpline
210
0
220
0
230
1
 70
8
 71
1
 72
4
 73
2
 74
0
 40
0.000000000
 40
0.000000000
 40
0.089759790
 40
0.089759790
 10
62.115228767
 20
99.395879051
 30
0.000000000
 10
62.114624911
 20
99.395879051
 30
0.000000000
  0
SPLINE
  5
ABB
330
A02
100
AcDbEntity
  8
View
100
AcDbSpline
210
0
220
0
230
1
 70
8
 71
1
 72
4
 73
2
 74
0
 40
0.089759790
 40
0.089759790
 40
0.179519580
 40
0.179519580
 10
62.114624911
 20
99.395879051
 30
0.000000000
 10
62.115228767
 20
99.395879051
 30
0.000000000
  0
SPLINE
  5
ABC
330
A02
100
AcDbEntity
  8
View
100
AcDbSpline
210
0
220
0
230
1
 70
8
 71
3
 72
8
 73
4
 74
0
 40
0.193552962
 40
0.193552962
 40
0.193552962
 40
0.193552962
 40
1.570796327
 40
1.570796327
 40
1.570796327
 40
1.570796327
 10
62.114624911
 20
99.395879051
 30
0.000000000
 10
62.045146837
 20
99.395879051
 30
0.000000000
 10
61.985999757
 20
99.395879051
 30
0.000000000
 10
61.980769804
 20
99.395879051
 30
0.000000000
  0
LINE
  5
ABD
330
A02
100
AcDbEntity
  8
View
100
AcDbLine
 10
61.980769804
 20
99.395879051
 30
0.000000000
 11
61.959322274
 21
99.395879051
 31
0.000000000
  0
SPLINE
  5
ABE
330
A02
100
AcDbEntity
  8
View
100
AcDbSpline
210
0
220
0
230
1
 70
8
 71
1
 72
17
 73
15
 74
0
 40
6.283185307
 40
6.283185307
 40
6.358771216
 40
6.434357126
 40
6.509943035
 40
6.585528944
 40
6.661114854
 40
6.736700763
 40
6.812286672
 40
6.887872581
 40
6.963458491
 40
7.039044400
 40
7.114630309
 40
7.190216219
 40
7.265802128
 40
7.341388037
 40
7.341388037
 10
108.171917288
 20
99.395879051
 30
0.000000000
 10
108.157109209
 20
99.395879051
 30
0.000000000
 10
108.112769535
 20
99.395879051
 30
0.000000000
 10
108.039151467
 20
99.395879051
 30
0.000000000
 10
107.936675402
 20
99.395879051
 30
0.000000000
 10
107.805926531
 20
99.395879051
 30
0.000000000
 10
107.647651496
 20
99.395879051
 30
0.000000000
 10
107.462754129
 20
99.395879051
 30
0.000000000
 10
107.252290288
 20
99.395879051
 30
0.000000000
 10
107.017461829
 20
99.395879051
 30
0.000000000
 10
106.759609741
 20
99.395879051
 30
0.000000000
 10
106.480206493
 20
99.395879051
 30
0.000000000
 10
106.180847620
 20
99.395879051
 30
0.000000000
 10
105.863242612
 20
99.395879051
 30
0.000000000
 10
105.529205157
 20
99.395879051
 30
0.000000000
  0
SPLINE
  5
ABF
330
A02
100
AcDbEntity
  8
View
100
AcDbSpline
210
0
220
0
230
1
 70
8
 71
1
 72
17
 73
15
 74
0
 40
6.283185307
 40
6.283185307
 40
6.388821332
 40
6.494457356
 40
6.600093380
 40
6.705729405
 40
6.811365429
 40
6.917001454
 40
7.022637478
 40
7.128273502
 40
7.233909527
 40
7.339545551
 40
7.445181576
 40
7.550817600
 40
7.656453625
 40
7.762089649
 40
7.762089649
 10
108.171917288
 20
93.395879051
 30
0.000000000
 10
108.143007560
 20
93.395879051
 30
0.000000000
 10
108.056600677
 20
93.395879051
 30
0.000000000
 10
107.913659957
 20
93.395879051
 30
0.000000000
 10
107.715778986
 20
93.395879051
 30
0.000000000
 10
107.465163860
 20
93.395879051
 30
0.000000000
 10
107.164608587
 20
93.395879051
 30
0.000000000
 10
106.817463935
 20
93.395879051
 30
0.000000000
 10
106.427600081
 20
93.395879051
 30
0.000000000
 10
105.999363458
 20
93.395879051
 30
0.000000000
 10
105.537528305
 20
93.395879051
 30
0.000000000
 10
105.047243436
 20
93.395879051
 30
0.000000000
 10
104.533974838
 20
93.395879051
 30
0.000000000
 10
104.003444736
 20
93.395879051
 30
0.000000000
 10
103.461567796
 20
93.395879051
 30
0.000000000
  0
LINE
  5
AC0
330
A02
100
AcDbEntity
  8
View
100
AcDbLine
 10
105.526794595
 20
109.895879051
 30
0.000000000
 11
105.526794595
 21
99.395879051
 31
0.000000000
  0
LINE
  5
AC1
330
A02
100
AcDbEntity
  8
View
100
AcDbLine
 10
105.420418967
 20
109.895879051
 30
0.000000000
 11
105.420418967
 21
99.395879051
 31
0.000000000
  0
LINE
  5
AC2
330
A02
100
AcDbEntity
  8
View
100
AcDbLine
 10
105.235919011
 20
109.895879051
 30
0.000000000
 11
105.235919011
 21
99.395879051
 31
0.000000000
  0
LINE
  5
AC3
330
A02
100
AcDbEntity
  8
View
100
AcDbLine
 10
105.021363699
 20
109.895879051
 30
0.000000000
 11
105.021363699
 21
99.395879051
 31
0.000000000
  0
LINE
  5
AC4
330
A02
100
AcDbEntity
  8
View
100
AcDbLine
 10
104.873638825
 20
109.895879051
 30
0.000000000
 11
104.873638825
 21
99.395879051
 31
0.000000000
  0
LINE
  5
AC5
330
A02
100
AcDbEntity
  8
View
100
AcDbLine
 10
104.680497371
 20
109.895879051
 30
0.000000000
 11
104.680497371
 21
99.395879051
 31
0.000000000
  0
LINE
  5
AC6
330
A02
100
AcDbEntity
  8
View
100
AcDbLine
 10
104.346576589
 20
109.895879051
 30
0.000000000
 11
104.346576589
 21
99.395879051
 31
0.000000000
  0
LINE
  5
AC7
330
A02
100
AcDbEntity
  8
View
100
AcDbLine
 10
104.158691864
 20
109.895879051
 30
0.000000000
 11
104.158691864
 21
99.395879051
 31
0.000000000
  0
LINE
  5
AC8
330
A02
100
AcDbEntity
  8
View
100
AcDbLine
 10
103.958463973
 20
109.895879051
 30
0.000000000
 11
103.958463973
 21
99.395879051
 31
0.000000000
  0
LINE
  5
AC9
330
A02
100
AcDbEntity
  8
View
100
AcDbLine
 10
103.584995471
 20
109.895879051
 30
0.000000000
 11
103.584995471
 21
99.395879051
 31
0.000000000
  0
LINE
  5
ACA
330
A02
100
AcDbEntity
  8
View
100
AcDbLine
 10
103.507866255
 20
109.895879051
 30
0.000000000
 11
103.507866255
 21
99.395879051
 31
0.000000000
  0
LINE
  5
ACB
330
A02
100
AcDbEntity
  8
View
100
AcDbLine
 10
103.281334416
 20
109.895879051
 30
0.000000000
 11
103.281334416
 21
99.395879051
 31
0.000000000
  0
LINE
  5
ACC
330
A02
100
AcDbEntity
  8
View
100
AcDbLine
 10
103.075632205
 20
109.895879051
 30
0.000000000
 11
103.075632205
 21
99.395879051
 31
0.000000000
  0
LINE
  5
ACD
330
A02
100
AcDbEntity
  8
View
100
AcDbLine
 10
102.706459654
 20
109.895879051
 30
0.000000000
 11
102.706459654
 21
99.395879051
 31
0.000000000
  0
LINE
  5
ACE
330
A02
100
AcDbEntity
  8
View
100
AcDbLine
 10
102.511985500
 20
109.895879051
 30
0.000000000
 11
102.511985500
 21
99.395879051
 31
0.000000000
  0
LINE
  5
ACF
330
A02
100
AcDbEntity
  8
View
100
AcDbLine
 10
102.248630447
 20
109.895879051
 30
0.000000000
 11
102.248630447
 21
99.395879051
 31
0.000000000
  0
LINE
  5
AD0
330
A02
100
AcDbEntity
  8
View
100
AcDbLine
 10
102.039110110
 20
109.895879051
 30
0.000000000
 11
102.039110110
 21
99.395879051
 31
0.000000000
  0
LINE
  5
AD1
330
A02
100
AcDbEntity
  8
View
100
AcDbLine
 10
101.677205870
 20
109.895879051
 30
0.000000000
 11
101.677205870
 21
99.395879051
 31
0.000000000
  0
LINE
  5
AD2
330
A02
100
AcDbEntity
  8
View
100
AcDbLine
 10
101.366952569
 20
109.895879051
 30
0.000000000
 11
101.366952569
 21
99.395879051
 31
0.000000000
  0
LINE
  5
AD3
330
A02
100
AcDbEntity
  8
View
100
AcDbLine
 10
101.068894683
 20
109.895879051
 30
0.000000000
 11
101.068894683
 21
99.395879051
 31
0.000000000
  0
LINE
  5
AD4
330
A02
100
AcDbEntity
  8
View
100
AcDbLine
 10
100.857243154
 20
109.895879051
 30
0.000000000
 11
100.857243154
 21
99.395879051
 31
0.000000000
  0
LINE
  5
AD5
330
A02
100
AcDbEntity
  8
View
100
AcDbLine
 10
100.505521066
 20
109.895879051
 30
0.000000000
 11
100.505521066
 21
99.395879051
 31
0.000000000
  0
LINE
  5
AD6
330
A02
100
AcDbEntity
  8
View
100
AcDbLine
 10
100.081986594
 20
109.895879051
 30
0.000000000
 11
100.081986594
 21
99.395879051
 31
0.000000000
  0
LINE
  5
AD7
330
A02
100
AcDbEntity
  8
View
100
AcDbLine
 10
99.751625662
 20
109.895879051
 30
0.000000000
 11
99.751625662
 21
99.395879051
 31
0.000000000
  0
LINE
  5
AD8
330
A02
100
AcDbEntity
  8
View
100
AcDbLine
 10
99.539547035
 20
109.895879051
 30
0.000000000
 11
99.539547035
 21
99.395879051
 31
0.000000000
  0
LINE
  5
AD9
330
A02
100
AcDbEntity
  8
View
100
AcDbLine
 10
99.200838958
 20
109.895879051
 30
0.000000000
 11
99.200838958
 21
99.395879051
 31
0.000000000
  0
LINE
  5
ADA
330
A02
100
AcDbEntity
  8
View
100
AcDbLine
 10
98.667433366
 20
109.895879051
 30
0.000000000
 11
98.667433366
 21
99.395879051
 31
0.000000000
  0
LINE
  5
ADB
330
A02
100
AcDbEntity
  8
View
100
AcDbLine
 10
98.307429259
 20
109.895879051
 30
0.000000000
 11
98.307429259
 21
99.395879051
 31
0.000000000
  0
LINE
  5
ADC
330
A02
100
AcDbEntity
  8
View
100
AcDbLine
 10
98.096631067
 20
109.895879051
 30
0.000000000
 11
98.096631067
 21
99.395879051
 31
0.000000000
  0
LINE
  5
ADD
330
A02
100
AcDbEntity
  8
View
100
AcDbLine
 10
97.773664079
 20
109.895879051
 30
0.000000000
 11
97.773664079
 21
99.395879051
 31
0.000000000
  0
LINE
  5
ADE
330
A02
100
AcDbEntity
  8
View
100
AcDbLine
 10
97.134682036
 20
109.895879051
 30
0.000000000
 11
97.134682036
 21
99.395879051
 31
0.000000000
  0
LINE
  5
ADF
330
A02
100
AcDbEntity
  8
View
100
AcDbLine
 10
96.747933296
 20
109.895879051
 30
0.000000000
 11
96.747933296
 21
99.395879051
 31
0.000000000
  0
LINE
  5
AE0
330
A02
100
AcDbEntity
  8
View
100
AcDbLine
 10
96.540112761
 20
109.895879051
 30
0.000000000
 11
96.540112761
 21
99.395879051
 31
0.000000000
  0
LINE
  5
AE1
330
A02
100
AcDbEntity
  8
View
100
AcDbLine
 10
96.235487203
 20
109.895879051
 30
0.000000000
 11
96.235487203
 21
99.395879051
 31
0.000000000
  0
LINE
  5
AE2
330
A02
100
AcDbEntity
  8
View
100
AcDbLine
 10
95.496073415
 20
109.895879051
 30
0.000000000
 11
95.496073415
 21
99.395879051
 31
0.000000000
  0
LINE
  5
AE3
330
A02
100
AcDbEntity
  8
View
100
AcDbLine
 10
95.085693916
 20
109.895879051
 30
0.000000000
 11
95.085693916
 21
99.395879051
 31
0.000000000
  0
LINE
  5
AE4
330
A02
100
AcDbEntity
  8
View
100
AcDbLine
 10
94.882524287
 20
109.895879051
 30
0.000000000
 11
94.882524287
 21
99.395879051
 31
0.000000000
  0
LINE
  5
AE5
330
A02
100
AcDbEntity
  8
View
100
AcDbLine
 10
94.598692824
 20
109.895879051
 30
0.000000000
 11
94.598692824
 21
99.395879051
 31
0.000000000
  0
LINE
  5
AE6
330
A02
100
AcDbEntity
  8
View
100
AcDbLine
 10
93.764800619
 20
109.895879051
 30
0.000000000
 11
93.764800619
 21
99.395879051
 31
0.000000000
  0
LINE
  5
AE7
330
A02
100
AcDbEntity
  8
View
100
AcDbLine
 10
93.334094494
 20
109.895879051
 30
0.000000000
 11
93.334094494
 21
99.395879051
 31
0.000000000
  0
LINE
  5
AE8
330
A02
100
AcDbEntity
  8
View
100
AcDbLine
 10
93.137211574
 20
109.895879051
 30
0.000000000
 11
93.137211574
 21
99.395879051
 31
0.000000000
  0
LINE
  5
AE9
330
A02
100
AcDbEntity
  8
View
100
AcDbLine
 10
92.876459451
 20
109.895879051
 30
0.000000000
 11
92.876459451
 21
99.395879051
 31
0.000000000
  0
LINE
  5
AEA
330
A02
100
AcDbEntity
  8
View
100
AcDbLine
 10
91.954802836
 20
109.895879051
 30
0.000000000
 11
91.954802836
 21
99.395879051
 31
0.000000000
  0
LINE
  5
AEB
330
A02
100
AcDbEntity
  8
View
100
AcDbLine
 10
91.507237879
 20
109.895879051
 30
0.000000000
 11
91.507237879
 21
99.395879051
 31
0.000000000
  0
LINE
  5
AEC
330
A02
100
AcDbEntity
  8
View
100
AcDbLine
 10
91.318226852
 20
109.895879051
 30
0.000000000
 11
91.318226852
 21
99.395879051
 31
0.000000000
  0
LINE
  5
AED
330
A02
100
AcDbEntity
  8
View
100
AcDbLine
 10
91.082653491
 20
109.895879051
 30
0.000000000
 11
91.082653491
 21
99.395879051
 31
0.000000000
  0
LINE
  5
AEE
330
A02
100
AcDbEntity
  8
View
100
AcDbLine
 10
90.196220497
 20
109.895879051
 30
0.000000000
 11
90.196220497
 21
99.395879051
 31
0.000000000
  0
LINE
  5
AEF
330
A02
100
AcDbEntity
  8
View
100
AcDbLine
 10
90.080653104
 20
109.895879051
 30
0.000000000
 11
90.080653104
 21
99.395879051
 31
0.000000000
  0
LINE
  5
AF0
330
A02
100
AcDbEntity
  8
View
100
AcDbLine
 10
89.619832845
 20
109.895879051
 30
0.000000000
 11
89.619832845
 21
99.395879051
 31
0.000000000
  0
LINE
  5
AF1
330
A02
100
AcDbEntity
  8
View
100
AcDbLine
 10
89.440215518
 20
109.895879051
 30
0.000000000
 11
89.440215518
 21
99.395879051
 31
0.000000000
  0
LINE
  5
AF2
330
A02
100
AcDbEntity
  8
View
100
AcDbLine
 10
89.231717617
 20
109.895879051
 30
0.000000000
 11
89.231717617
 21
99.395879051
 31
0.000000000
  0
LINE
  5
AF3
330
A02
100
AcDbEntity
  8
View
100
AcDbLine
 10
88.323035270
 20
109.895879051
 30
0.000000000
 11
88.323035270
 21
99.395879051
 31
0.000000000
  0
LINE
  5
AF4
330
A02
100
AcDbEntity
  8
View
100
AcDbLine
 10
88.157440976
 20
109.895879051
 30
0.000000000
 11
88.157440976
 21
99.395879051
 31
0.000000000
  0
LINE
  5
AF5
330
A02
100
AcDbEntity
  8
View
100
AcDbLine
 10
87.687075668
 20
109.895879051
 30
0.000000000
 11
87.687075668
 21
99.395879051
 31
0.000000000
  0
LINE
  5
AF6
330
A02
100
AcDbEntity
  8
View
100
AcDbLine
 10
87.518298214
 20
109.895879051
 30
0.000000000
 11
87.518298214
 21
99.395879051
 31
0.000000000
  0
LINE
  5
AF7
330
A02
100
AcDbEntity
  8
View
100
AcDbLine
 10
87.338554476
 20
109.895879051
 30
0.000000000
 11
87.338554476
 21
99.395879051
 31
0.000000000
  0
LINE
  5
AF8
330
A02
100
AcDbEntity
  8
View
100
AcDbLine
 10
86.414938951
 20
109.895879051
 30
0.000000000
 11
86.414938951
 21
99.395879051
 31
0.000000000
  0
LINE
  5
AF9
330
A02
100
AcDbEntity
  8
View
100
AcDbLine
 10
86.329158500
 20
109.895879051
 30
0.000000000
 11
86.329158500
 21
99.395879051
 31
0.000000000
  0
LINE
  5
AFA
330
A02
100
AcDbEntity
  8
View
100
AcDbLine
 10
86.200651025
 20
109.895879051
 30
0.000000000
 11
86.200651025
 21
99.395879051
 31
0.000000000
  0
LINE
  5
AFB
330
A02
100
AcDbEntity
  8
View
100
AcDbLine
 10
85.724527772
 20
109.895879051
 30
0.000000000
 11
85.724527772
 21
99.395879051
 31
0.000000000
  0
LINE
  5
AFC
330
A02
100
AcDbEntity
  8
View
100
AcDbLine
 10
85.567949088
 20
109.895879051
 30
0.000000000
 11
85.567949088
 21
99.395879051
 31
0.000000000
  0
LINE
  5
AFD
330
A02
100
AcDbEntity
  8
View
100
AcDbLine
 10
85.418406705
 20
109.895879051
 30
0.000000000
 11
85.418406705
 21
99.395879051
 31
0.000000000
  0
LINE
  5
AFE
330
A02
100
AcDbEntity
  8
View
100
AcDbLine
 10
84.487294410
 20
109.895879051
 30
0.000000000
 11
84.487294410
 21
99.395879051
 31
0.000000000
  0
LINE
  5
AFF
330
A02
100
AcDbEntity
  8
View
100
AcDbLine
 10
84.369157408
 20
109.895879051
 30
0.000000000
 11
84.369157408
 21
99.395879051
 31
0.000000000
  0
LINE
  5
B00
330
A02
100
AcDbEntity
  8
View
100
AcDbLine
 10
84.226038173
 20
109.895879051
 30
0.000000000
 11
84.226038173
 21
99.395879051
 31
0.000000000
  0
LINE
  5
B01
330
A02
100
AcDbEntity
  8
View
100
AcDbLine
 10
83.747990440
 20
109.895879051
 30
0.000000000
 11
83.747990440
 21
99.395879051
 31
0.000000000
  0
LINE
  5
B02
330
A02
100
AcDbEntity
  8
View
100
AcDbLine
 10
83.604871205
 20
109.895879051
 30
0.000000000
 11
83.604871205
 21
99.395879051
 31
0.000000000
  0
LINE
  5
B03
330
A02
100
AcDbEntity
  8
View
100
AcDbLine
 10
83.486734203
 20
109.895879051
 30
0.000000000
 11
83.486734203
 21
99.395879051
 31
0.000000000
  0
LINE
  5
B04
330
A02
100
AcDbEntity
  8
View
100
AcDbLine
 10
82.555621908
 20
109.895879051
 30
0.000000000
 11
82.555621908
 21
99.395879051
 31
0.000000000
  0
LINE
  5
B05
330
A02
100
AcDbEntity
  8
View
100
AcDbLine
 10
82.406079525
 20
109.895879051
 30
0.000000000
 11
82.406079525
 21
99.395879051
 31
0.000000000
  0
LINE
  5
B06
330
A02
100
AcDbEntity
  8
View
100
AcDbLine
 10
82.249500840
 20
109.895879051
 30
0.000000000
 11
82.249500840
 21
99.395879051
 31
0.000000000
  0
LINE
  5
B07
330
A02
100
AcDbEntity
  8
View
100
AcDbLine
 10
81.773377588
 20
109.895879051
 30
0.000000000
 11
81.773377588
 21
99.395879051
 31
0.000000000
  0
LINE
  5
B08
330
A02
100
AcDbEntity
  8
View
100
AcDbLine
 10
81.644870113
 20
109.895879051
 30
0.000000000
 11
81.644870113
 21
99.395879051
 31
0.000000000
  0
LINE
  5
B09
330
A02
100
AcDbEntity
  8
View
100
AcDbLine
 10
81.559089662
 20
109.895879051
 30
0.000000000
 11
81.559089662
 21
99.395879051
 31
0.000000000
  0
LINE
  5
B0A
330
A02
100
AcDbEntity
  8
View
100
AcDbLine
 10
80.635474136
 20
109.895879051
 30
0.000000000
 11
80.635474136
 21
99.395879051
 31
0.000000000
  0
LINE
  5
B0B
330
A02
100
AcDbEntity
  8
View
100
AcDbLine
 10
80.455730399
 20
109.895879051
 30
0.000000000
 11
80.455730399
 21
99.395879051
 31
0.000000000
  0
LINE
  5
B0C
330
A02
100
AcDbEntity
  8
View
100
AcDbLine
 10
80.286952945
 20
109.895879051
 30
0.000000000
 11
80.286952945
 21
99.395879051
 31
0.000000000
  0
LINE
  5
B0D
330
A02
100
AcDbEntity
  8
View
100
AcDbLine
 10
79.816587637
 20
109.895879051
 30
0.000000000
 11
79.816587637
 21
99.395879051
 31
0.000000000
  0
LINE
  5
B0E
330
A02
100
AcDbEntity
  8
View
100
AcDbLine
 10
79.650993343
 20
109.895879051
 30
0.000000000
 11
79.650993343
 21
99.395879051
 31
0.000000000
  0
LINE
  5
B0F
330
A02
100
AcDbEntity
  8
View
100
AcDbLine
 10
78.742310995
 20
109.895879051
 30
0.000000000
 11
78.742310995
 21
99.395879051
 31
0.000000000
  0
LINE
  5
B10
330
A02
100
AcDbEntity
  8
View
100
AcDbLine
 10
78.533813095
 20
109.895879051
 30
0.000000000
 11
78.533813095
 21
99.395879051
 31
0.000000000
  0
LINE
  5
B11
330
A02
100
AcDbEntity
  8
View
100
AcDbLine
 10
78.354195768
 20
109.895879051
 30
0.000000000
 11
78.354195768
 21
99.395879051
 31
0.000000000
  0
LINE
  5
B12
330
A02
100
AcDbEntity
  8
View
100
AcDbLine
 10
77.893375509
 20
109.895879051
 30
0.000000000
 11
77.893375509
 21
99.395879051
 31
0.000000000
  0
LINE
  5
B13
330
A02
100
AcDbEntity
  8
View
100
AcDbLine
 10
77.777808116
 20
109.895879051
 30
0.000000000
 11
77.777808116
 21
99.395879051
 31
0.000000000
  0
LINE
  5
B14
330
A02
100
AcDbEntity
  8
View
100
AcDbLine
 10
76.891375122
 20
109.895879051
 30
0.000000000
 11
76.891375122
 21
99.395879051
 31
0.000000000
  0
LINE
  5
B15
330
A02
100
AcDbEntity
  8
View
100
AcDbLine
 10
76.655801761
 20
109.895879051
 30
0.000000000
 11
76.655801761
 21
99.395879051
 31
0.000000000
  0
LINE
  5
B16
330
A02
100
AcDbEntity
  8
View
100
AcDbLine
 10
76.466790734
 20
109.895879051
 30
0.000000000
 11
76.466790734
 21
99.395879051
 31
0.000000000
  0
LINE
  5
B17
330
A02
100
AcDbEntity
  8
View
100
AcDbLine
 10
76.019225777
 20
109.895879051
 30
0.000000000
 11
76.019225777
 21
99.395879051
 31
0.000000000
  0
LINE
  5
B18
330
A02
100
AcDbEntity
  8
View
100
AcDbLine
 10
75.097569162
 20
109.895879051
 30
0.000000000
 11
75.097569162
 21
99.395879051
 31
0.000000000
  0
LINE
  5
B19
330
A02
100
AcDbEntity
  8
View
100
AcDbLine
 10
74.836817039
 20
109.895879051
 30
0.000000000
 11
74.836817039
 21
99.395879051
 31
0.000000000
  0
LINE
  5
B1A
330
A02
100
AcDbEntity
  8
View
100
AcDbLine
 10
74.639934119
 20
109.895879051
 30
0.000000000
 11
74.639934119
 21
99.395879051
 31
0.000000000
  0
LINE
  5
B1B
330
A02
100
AcDbEntity
  8
View
100
AcDbLine
 10
74.209227994
 20
109.895879051
 30
0.000000000
 11
74.209227994
 21
99.395879051
 31
0.000000000
  0
LINE
  5
B1C
330
A02
100
AcDbEntity
  8
View
100
AcDbLine
 10
73.375335788
 20
109.895879051
 30
0.000000000
 11
73.375335788
 21
99.395879051
 31
0.000000000
  0
LINE
  5
B1D
330
A02
100
AcDbEntity
  8
View
100
AcDbLine
 10
73.091504326
 20
109.895879051
 30
0.000000000
 11
73.091504326
 21
99.395879051
 31
0.000000000
  0
LINE
  5
B1E
330
A02
100
AcDbEntity
  8
View
100
AcDbLine
 10
72.888334697
 20
109.895879051
 30
0.000000000
 11
72.888334697
 21
99.395879051
 31
0.000000000
  0
LINE
  5
B1F
330
A02
100
AcDbEntity
  8
View
100
AcDbLine
 10
72.477955197
 20
109.895879051
 30
0.000000000
 11
72.477955197
 21
99.395879051
 31
0.000000000
  0
LINE
  5
B20
330
A02
100
AcDbEntity
  8
View
100
AcDbLine
 10
71.738541410
 20
109.895879051
 30
0.000000000
 11
71.738541410
 21
99.395879051
 31
0.000000000
  0
LINE
  5
B21
330
A02
100
AcDbEntity
  8
View
100
AcDbLine
 10
71.433915852
 20
109.895879051
 30
0.000000000
 11
71.433915852
 21
99.395879051
 31
0.000000000
  0
LINE
  5
B22
330
A02
100
AcDbEntity
  8
View
100
AcDbLine
 10
71.226095317
 20
109.895879051
 30
0.000000000
 11
71.226095317
 21
99.395879051
 31
0.000000000
  0
LINE
  5
B23
330
A02
100
AcDbEntity
  8
View
100
AcDbLine
 10
70.839346577
 20
109.895879051
 30
0.000000000
 11
70.839346577
 21
99.395879051
 31
0.000000000
  0
LINE
  5
B24
330
A02
100
AcDbEntity
  8
View
100
AcDbLine
 10
70.200364534
 20
109.895879051
 30
0.000000000
 11
70.200364534
 21
99.395879051
 31
0.000000000
  0
LINE
  5
B25
330
A02
100
AcDbEntity
  8
View
100
AcDbLine
 10
69.877397546
 20
109.895879051
 30
0.000000000
 11
69.877397546
 21
99.395879051
 31
0.000000000
  0
LINE
  5
B26
330
A02
100
AcDbEntity
  8
View
100
AcDbLine
 10
69.666599354
 20
109.895879051
 30
0.000000000
 11
69.666599354
 21
99.395879051
 31
0.000000000
  0
LINE
  5
B27
330
A02
100
AcDbEntity
  8
View
100
AcDbLine
 10
69.306595247
 20
109.895879051
 30
0.000000000
 11
69.306595247
 21
99.395879051
 31
0.000000000
  0
LINE
  5
B28
330
A02
100
AcDbEntity
  8
View
100
AcDbLine
 10
68.773189655
 20
109.895879051
 30
0.000000000
 11
68.773189655
 21
99.395879051
 31
0.000000000
  0
LINE
  5
B29
330
A02
100
AcDbEntity
  8
View
100
AcDbLine
 10
68.434481578
 20
109.895879051
 30
0.000000000
 11
68.434481578
 21
99.395879051
 31
0.000000000
  0
LINE
  5
B2A
330
A02
100
AcDbEntity
  8
View
100
AcDbLine
 10
68.222402951
 20
109.895879051
 30
0.000000000
 11
68.222402951
 21
99.395879051
 31
0.000000000
  0
LINE
  5
B2B
330
A02
100
AcDbEntity
  8
View
100
AcDbLine
 10
67.892042019
 20
109.895879051
 30
0.000000000
 11
67.892042019
 21
99.395879051
 31
0.000000000
  0
LINE
  5
B2C
330
A02
100
AcDbEntity
  8
View
100
AcDbLine
 10
67.468507547
 20
109.895879051
 30
0.000000000
 11
67.468507547
 21
99.395879051
 31
0.000000000
  0
LINE
  5
B2D
330
A02
100
AcDbEntity
  8
View
100
AcDbLine
 10
67.116785459
 20
109.895879051
 30
0.000000000
 11
67.116785459
 21
99.395879051
 31
0.000000000
  0
LINE
  5
B2E
330
A02
100
AcDbEntity
  8
View
100
AcDbLine
 10
66.905133930
 20
109.895879051
 30
0.000000000
 11
66.905133930
 21
99.395879051
 31
0.000000000
  0
LINE
  5
B2F
330
A02
100
AcDbEntity
  8
View
100
AcDbLine
 10
66.607076044
 20
109.895879051
 30
0.000000000
 11
66.607076044
 21
99.395879051
 31
0.000000000
  0
LINE
  5
B30
330
A02
100
AcDbEntity
  8
View
100
AcDbLine
 10
66.296822743
 20
109.895879051
 30
0.000000000
 11
66.296822743
 21
99.395879051
 31
0.000000000
  0
LINE
  5
B31
330
A02
100
AcDbEntity
  8
View
100
AcDbLine
 10
65.934918503
 20
109.895879051
 30
0.000000000
 11
65.934918503
 21
99.395879051
 31
0.000000000
  0
LINE
  5
B32
330
A02
100
AcDbEntity
  8
View
100
AcDbLine
 10
65.725398166
 20
109.895879051
 30
0.000000000
 11
65.725398166
 21
99.395879051
 31
0.000000000
  0
LINE
  5
B33
330
A02
100
AcDbEntity
  8
View
100
AcDbLine
 10
65.462043113
 20
109.895879051
 30
0.000000000
 11
65.462043113
 21
99.395879051
 31
0.000000000
  0
LINE
  5
B34
330
A02
100
AcDbEntity
  8
View
100
AcDbLine
 10
65.267568959
 20
109.895879051
 30
0.000000000
 11
65.267568959
 21
99.395879051
 31
0.000000000
  0
LINE
  5
B35
330
A02
100
AcDbEntity
  8
View
100
AcDbLine
 10
64.898396408
 20
109.895879051
 30
0.000000000
 11
64.898396408
 21
99.395879051
 31
0.000000000
  0
LINE
  5
B36
330
A02
100
AcDbEntity
  8
View
100
AcDbLine
 10
64.692694197
 20
109.895879051
 30
0.000000000
 11
64.692694197
 21
99.395879051
 31
0.000000000
  0
LINE
  5
B37
330
A02
100
AcDbEntity
  8
View
100
AcDbLine
 10
64.466162357
 20
109.895879051
 30
0.000000000
 11
64.466162357
 21
99.395879051
 31
0.000000000
  0
LINE
  5
B38
330
A02
100
AcDbEntity
  8
View
100
AcDbLine
 10
64.389033142
 20
109.895879051
 30
0.000000000
 11
64.389033142
 21
99.395879051
 31
0.000000000
  0
LINE
  5
B39
330
A02
100
AcDbEntity
  8
View
100
AcDbLine
 10
64.015564640
 20
109.895879051
 30
0.000000000
 11
64.015564640
 21
99.395879051
 31
0.000000000
  0
LINE
  5
B3A
330
A02
100
AcDbEntity
  8
View
100
AcDbLine
 10
63.815336749
 20
109.895879051
 30
0.000000000
 11
63.815336749
 21
99.395879051
 31
0.000000000
  0
LINE
  5
B3B
330
A02
100
AcDbEntity
  8
View
100
AcDbLine
 10
63.627452024
 20
109.895879051
 30
0.000000000
 11
63.627452024
 21
99.395879051
 31
0.000000000
  0
LINE
  5
B3C
330
A02
100
AcDbEntity
  8
View
100
AcDbLine
 10
63.293531242
 20
109.895879051
 30
0.000000000
 11
63.293531242
 21
99.395879051
 31
0.000000000
  0
LINE
  5
B3D
330
A02
100
AcDbEntity
  8
View
100
AcDbLine
 10
63.100389788
 20
109.895879051
 30
0.000000000
 11
63.100389788
 21
99.395879051
 31
0.000000000
  0
LINE
  5
B3E
330
A02
100
AcDbEntity
  8
View
100
AcDbLine
 10
62.952664914
 20
109.895879051
 30
0.000000000
 11
62.952664914
 21
99.395879051
 31
0.000000000
  0
LINE
  5
B3F
330
A02
100
AcDbEntity
  8
View
100
AcDbLine
 10
62.738109602
 20
109.895879051
 30
0.000000000
 11
62.738109602
 21
99.395879051
 31
0.000000000
  0
LINE
  5
B40
330
A02
100
AcDbEntity
  8
View
100
AcDbLine
 10
62.553609646
 20
109.895879051
 30
0.000000000
 11
62.553609646
 21
99.395879051
 31
0.000000000
  0
LINE
  5
B41
330
A02
100
AcDbEntity
  8
View
100
AcDbLine
 10
62.447234018
 20
109.895879051
 30
0.000000000
 11
62.447234018
 21
99.395879051
 31
0.000000000
  0
LINE
  5
B42
330
A02
100
AcDbEntity
  8
View
100
AcDbLine
 10
62.353771648
 20
109.895879051
 30
0.000000000
 11
62.353771648
 21
99.395879051
 31
0.000000000
  0
LINE
  5
B43
330
A02
100
AcDbEntity
  8
View
100
AcDbLine
 10
62.179398676
 20
109.895879051
 30
0.000000000
 11
62.179398676
 21
99.395879051
 31
0.000000000
  0
LINE
  5
B44
330
A02
100
AcDbEntity
  8
View
100
AcDbLine
 10
62.115228767
 20
109.895879051
 30
0.000000000
 11
62.115228767
 21
99.395879051
 31
0.000000000
  0
LINE
  5
B45
330
A02
100
AcDbEntity
  8
View
100
AcDbLine
 10
61.980769804
 20
109.895879051
 30
0.000000000
 11
61.980769804
 21
99.395879051
 31
0.000000000
  0
LINE
  5
B46
330
A02
100
AcDbEntity
  8
View
100
AcDbLine
 10
61.959322274
 20
109.895879051
 30
0.000000000
 11
61.959322274
 21
99.395879051
 31
0.000000000
  0
SPLINE
  5
B47
330
A02
100
AcDbEntity
  8
View
100
AcDbSpline
210
0
220
0
230
1
 70
8
 71
1
 72
17
 73
15
 74
0
 40
0.000000000
 40
0.000000000
 40
0.224399475
 40
0.448798951
 40
0.673198426
 40
0.897597901
 40
1.121997376
 40
1.346396852
 40
1.570796327
 40
1.795195802
 40
2.019595277
 40
2.243994753
 40
2.468394228
 40
2.692793703
 40
2.917193178
 40
3.141592654
 40
3.141592654
 10
58.487014306
 20
109.895879051
 30
0.000000000
 10
59.126352546
 20
109.895879051
 30
0.000000000
 10
61.012308175
 20
109.895879051
 30
0.000000000
 10
64.050311504
 20
109.895879051
 30
0.000000000
 10
68.088024359
 20
109.895879051
 30
0.000000000
 10
72.922978959
 20
109.895879051
 30
0.000000000
 10
78.312730491
 20
109.895879051
 30
0.000000000
 10
83.987014306
 20
109.895879051
 30
0.000000000
 10
89.661298122
 20
109.895879051
 30
0.000000000
 10
95.051049654
 20
109.895879051
 30
0.000000000
 10
99.886004254
 20
109.895879051
 30
0.000000000
 10
103.923717109
 20
109.895879051
 30
0.000000000
 10
106.961720438
 20
109.895879051
 30
0.000000000
 10
108.847676067
 20
109.895879051
 30
0.000000000
 10
109.487014306
 20
109.895879051
 30
0.000000000
  0
LINE
  5
B48
330
A02
100
AcDbEntity
  8
View
100
AcDbLine
 10
105.620256965
 20
109.895879051
 30
0.000000000
 11
105.620256965
 21
99.395879051
 31
0.000000000
  0
LINE
  5
B49
330
A02
100
AcDbEntity
  8
View
100
AcDbLine
 10
105.794629937
 20
109.895879051
 30
0.000000000
 11
105.794629937
 21
99.395879051
 31
0.000000000
  0
LINE
  5
B4A
330
A02
100
AcDbEntity
  8
View
100
AcDbLine
 10
105.858799846
 20
109.895879051
 30
0.000000000
 11
105.858799846
 21
99.395879051
 31
0.000000000
  0
LINE
  5
B4B
330
A02
100
AcDbEntity
  8
View
100
AcDbLine
 10
105.993258809
 20
109.895879051
 30
0.000000000
 11
105.993258809
 21
99.395879051
 31
0.000000000
  0
LINE
  5
B4C
330
A02
100
AcDbEntity
  8
View
100
AcDbLine
 10
106.014706339
 20
109.895879051
 30
0.000000000
 11
106.014706339
 21
99.395879051
 31
0.000000000
  0
SPLINE
  5
B4D
330
A02
100
AcDbEntity
  8
View
100
AcDbSpline
210
0
220
0
230
1
 70
8
 71
1
 72
17
 73
15
 74
0
 40
0.000000000
 40
0.000000000
 40
0.224399475
 40
0.448798951
 40
0.673198426
 40
0.897597901
 40
1.121997376
 40
1.346396852
 40
1.570796327
 40
1.795195802
 40
2.019595277
 40
2.243994753
 40
2.468394228
 40
2.692793703
 40
2.917193178
 40
3.141592654
 40
3.141592654
 10
58.487014306
 20
114.895879051
 30
0.000000000
 10
59.126352546
 20
114.895879051
 30
0.000000000
 10
61.012308175
 20
114.895879051
 30
0.000000000
 10
64.050311504
 20
114.895879051
 30
0.000000000
 10
68.088024359
 20
114.895879051
 30
0.000000000
 10
72.922978959
 20
114.895879051
 30
0.000000000
 10
78.312730491
 20
114.895879051
 30
0.000000000
 10
83.987014306
 20
114.895879051
 30
0.000000000
 10
89.661298122
 20
114.895879051
 30
0.000000000
 10
95.051049654
 20
114.895879051
 30
0.000000000
 10
99.886004254
 20
114.895879051
 30
0.000000000
 10
103.923717109
 20
114.895879051
 30
0.000000000
 10
106.961720438
 20
114.895879051
 30
0.000000000
 10
108.847676067
 20
114.895879051
 30
0.000000000
 10
109.487014306
 20
114.895879051
 30
0.000000000
  0
LINE
  5
B4E
330
A02
100
AcDbEntity
  8
View
100
AcDbLine
 10
58.487014306
 20
114.895879051
 30
0.000000000
 11
58.487014306
 21
109.895879051
 31
0.000000000
  0
SPLINE
  5
B4F
330
A02
100
AcDbEntity
  8
View
100
AcDbSpline
210
0
220
0
230
1
 70
8
 71
1
 72
17
 73
15
 74
0
 40
0.000000000
 40
0.000000000
 40
0.224399475
 40
0.448798951
 40
0.673198426
 40
0.897597901
 40
1.121997376
 40
1.346396852
 40
1.570796327
 40
1.795195802
 40
2.019595277
 40
2.243994753
 40
2.468394228
 40
2.692793703
 40
2.917193178
 40
3.141592654
 40
3.141592654
 10
71.487014306
 20
129.895879051
 30
0.000000000
 10
71.800415404
 20
129.895879051
 30
0.000000000
 10
72.724903458
 20
129.895879051
 30
0.000000000
 10
74.214120776
 20
129.895879051
 30
0.000000000
 10
76.193391783
 20
129.895879051
 30
0.000000000
 10
78.563467567
 20
129.895879051
 30
0.000000000
 10
81.205502632
 20
129.895879051
 30
0.000000000
 10
83.987014306
 20
129.895879051
 30
0.000000000
 10
86.768525981
 20
129.895879051
 30
0.000000000
 10
89.410561045
 20
129.895879051
 30
0.000000000
 10
91.780636830
 20
129.895879051
 30
0.000000000
 10
93.759907837
 20
129.895879051
 30
0.000000000
 10
95.249125155
 20
129.895879051
 30
0.000000000
 10
96.173613209
 20
129.895879051
 30
0.000000000
 10
96.487014306
 20
129.895879051
 30
0.000000000
  0
LINE
  5
B50
330
A02
100
AcDbEntity
  8
View
100
AcDbLine
 10
71.487014306
 20
129.895879051
 30
0.000000000
 11
71.487014306
 21
114.895879051
 31
0.000000000
  0
LINE
  5
B51
330
A02
100
AcDbEntity
  8
View
100
AcDbLine
 10
63.837014306
 20
93.395879051
 30
0.000000000
 11
63.837014306
 21
99.395879051
 31
0.000000000
  0
LINE
  5
B52
330
A02
100
AcDbEntity
  8
View
100
AcDbLine
 10
108.171917288
 20
93.395879051
 30
0.000000000
 11
108.171917288
 21
99.395879051
 31
0.000000000
  0
LINE
  5
B53
330
A02
100
AcDbEntity
  8
View
100
AcDbLine
 10
105.529205157
 20
99.395879051
 30
0.000000000
 11
105.529205157
 21
109.895879051
 31
0.000000000
  0
LINE
  5
B54
330
A02
100
AcDbEntity
  8
View
100
AcDbLine
 10
105.026769270
 20
99.395879051
 30
0.000000000
 11
105.026769270
 21
109.895879051
 31
0.000000000
  0
LINE
  5
B55
330
A02
100
AcDbEntity
  8
View
100
AcDbLine
 10
104.356141359
 20
99.395879051
 30
0.000000000
 11
104.356141359
 21
109.895879051
 31
0.000000000
  0
LINE
  5
B56
330
A02
100
AcDbEntity
  8
View
100
AcDbLine
 10
103.522720925
 20
99.395879051
 30
0.000000000
 11
103.522720925
 21
109.895879051
 31
0.000000000
  0
LINE
  5
B57
330
A02
100
AcDbEntity
  8
View
100
AcDbLine
 10
102.533218181
 20
99.395879051
 30
0.000000000
 11
102.533218181
 21
109.895879051
 31
0.000000000
  0
LINE
  5
B58
330
A02
100
AcDbEntity
  8
View
100
AcDbLine
 10
101.395600020
 20
99.395879051
 30
0.000000000
 11
101.395600020
 21
109.895879051
 31
0.000000000
  0
LINE
  5
B59
330
A02
100
AcDbEntity
  8
View
100
AcDbLine
 10
100.119025874
 20
99.395879051
 30
0.000000000
 11
100.119025874
 21
109.895879051
 31
0.000000000
  0
LINE
  5
B5A
330
A02
100
AcDbEntity
  8
View
100
AcDbLine
 10
98.713773969
 20
99.395879051
 30
0.000000000
 11
98.713773969
 21
109.895879051
 31
0.000000000
  0
LINE
  5
B5B
330
A02
100
AcDbEntity
  8
View
100
AcDbLine
 10
97.191158565
 20
99.395879051
 30
0.000000000
 11
97.191158565
 21
109.895879051
 31
0.000000000
  0
LINE
  5
B5C
330
A02
100
AcDbEntity
  8
View
100
AcDbLine
 10
95.563438868
 20
99.395879051
 30
0.000000000
 11
95.563438868
 21
109.895879051
 31
0.000000000
  0
LINE
  5
B5D
330
A02
100
AcDbEntity
  8
View
100
AcDbLine
 10
93.843720319
 20
99.395879051
 30
0.000000000
 11
93.843720319
 21
109.895879051
 31
0.000000000
  0
LINE
  5
B5E
330
A02
100
AcDbEntity
  8
View
100
AcDbLine
 10
92.045849081
 20
99.395879051
 30
0.000000000
 11
92.045849081
 21
109.895879051
 31
0.000000000
  0
LINE
  5
B5F
330
A02
100
AcDbEntity
  8
View
100
AcDbLine
 10
90.184300555
 20
99.395879051
 30
0.000000000
 11
90.184300555
 21
109.895879051
 31
0.000000000
  0
LINE
  5
B60
330
A02
100
AcDbEntity
  8
View
100
AcDbLine
 10
88.274062836
 20
99.395879051
 30
0.000000000
 11
88.274062836
 21
109.895879051
 31
0.000000000
  0
LINE
  5
B61
330
A02
100
AcDbEntity
  8
View
100
AcDbLine
 10
86.330516035
 20
99.395879051
 30
0.000000000
 11
86.330516035
 21
109.895879051
 31
0.000000000
  0
LINE
  5
B62
330
A02
100
AcDbEntity
  8
View
100
AcDbLine
 10
84.369308448
 20
99.395879051
 30
0.000000000
 11
84.369308448
 21
109.895879051
 31
0.000000000
  0
LINE
  5
B63
330
A02
100
AcDbEntity
  8
View
100
AcDbLine
 10
83.604720165
 20
99.395879051
 30
0.000000000
 11
83.604720165
 21
109.895879051
 31
0.000000000
  0
LINE
  5
B64
330
A02
100
AcDbEntity
  8
View
100
AcDbLine
 10
81.643512578
 20
99.395879051
 30
0.000000000
 11
81.643512578
 21
109.895879051
 31
0.000000000
  0
LINE
  5
B65
330
A02
100
AcDbEntity
  8
View
100
AcDbLine
 10
79.699965777
 20
99.395879051
 30
0.000000000
 11
79.699965777
 21
109.895879051
 31
0.000000000
  0
LINE
  5
B66
330
A02
100
AcDbEntity
  8
View
100
AcDbLine
 10
77.789728058
 20
99.395879051
 30
0.000000000
 11
77.789728058
 21
109.895879051
 31
0.000000000
  0
LINE
  5
B67
330
A02
100
AcDbEntity
  8
View
100
AcDbLine
 10
75.928179532
 20
99.395879051
 30
0.000000000
 11
75.928179532
 21
109.895879051
 31
0.000000000
  0
LINE
  5
B68
330
A02
100
AcDbEntity
  8
View
100
AcDbLine
 10
74.130308294
 20
99.395879051
 30
0.000000000
 11
74.130308294
 21
109.895879051
 31
0.000000000
  0
LINE
  5
B69
330
A02
100
AcDbEntity
  8
View
100
AcDbLine
 10
72.410589745
 20
99.395879051
 30
0.000000000
 11
72.410589745
 21
109.895879051
 31
0.000000000
  0
LINE
  5
B6A
330
A02
100
AcDbEntity
  8
View
100
AcDbLine
 10
70.782870048
 20
99.395879051
 30
0.000000000
 11
70.782870048
 21
109.895879051
 31
0.000000000
  0
LINE
  5
B6B
330
A02
100
AcDbEntity
  8
View
100
AcDbLine
 10
69.260254644
 20
99.395879051
 30
0.000000000
 11
69.260254644
 21
109.895879051
 31
0.000000000
  0
LINE
  5
B6C
330
A02
100
AcDbEntity
  8
View
100
AcDbLine
 10
67.855002739
 20
99.395879051
 30
0.000000000
 11
67.855002739
 21
109.895879051
 31
0.000000000
  0
LINE
  5
B6D
330
A02
100
AcDbEntity
  8
View
100
AcDbLine
 10
66.578428593
 20
99.395879051
 30
0.000000000
 11
66.578428593
 21
109.895879051
 31
0.000000000
  0
LINE
  5
B6E
330
A02
100
AcDbEntity
  8
View
100
AcDbLine
 10
65.440810432
 20
99.395879051
 30
0.000000000
 11
65.440810432
 21
109.895879051
 31
0.000000000
  0
LINE
  5
B6F
330
A02
100
AcDbEntity
  8
View
100
AcDbLine
 10
64.451307688
 20
99.395879051
 30
0.000000000
 11
64.451307688
 21
109.895879051
 31
0.000000000
  0
LINE
  5
B70
330
A02
100
AcDbEntity
  8
View
100
AcDbLine
 10
63.617887254
 20
99.395879051
 30
0.000000000
 11
63.617887254
 21
109.895879051
 31
0.000000000
  0
LINE
  5
B71
330
A02
100
AcDbEntity
  8
View
100
AcDbLine
 10
62.947259343
 20
99.395879051
 30
0.000000000
 11
62.947259343
 21
109.895879051
 31
0.000000000
  0
LINE
  5
B72
330
A02
100
AcDbEntity
  8
View
100
AcDbLine
 10
62.444823456
 20
99.395879051
 30
0.000000000
 11
62.444823456
 21
109.895879051
 31
0.000000000
  0
LINE
  5
B73
330
A02
100
AcDbEntity
  8
View
100
AcDbLine
 10
62.114624911
 20
99.395879051
 30
0.000000000
 11
62.114624911
 21
109.895879051
 31
0.000000000
  0
LINE
  5
B74
330
A02
100
AcDbEntity
  8
View
100
AcDbLine
 10
105.859403701
 20
99.395879051
 30
0.000000000
 11
105.859403701
 21
109.895879051
 31
0.000000000
  0
LINE
  5
B75
330
A02
100
AcDbEntity
  8
View
100
AcDbLine
 10
109.487014306
 20
114.895879051
 30
0.000000000
 11
109.487014306
 21
109.895879051
 31
0.000000000
  0
LINE
  5
B76
330
A02
100
AcDbEntity
  8
View
100
AcDbLine
 10
96.487014306
 20
129.895879051
 30
0.000000000
 11
96.487014306
 21
114.895879051
 31
0.000000000
  0
ARC
  5
B77
330
A02
100
AcDbEntity
  8
ProjItem
100
AcDbCircle
 10
83.987014306
 20
170.395879201
 30
0.000000000
 40
20.150000000
100
AcDbArc
 50
14.877031196
 51
-14.822468057
  0
ARC
  5
B78
330
A02
100
AcDbEntity
  8
ProjItem
100
AcDbCircle
 10
105.379205157
 20
175.040239147
 30
0.000000000
 40
0.150000000
100
AcDbArc
 50
-39.874497394
 51
10.285714286
  0
LINE
  5
B79
330
A02
100
AcDbEntity
  8
ProjItem
100
AcDbLine
 10
105.526794595
 20
175.067022681
 30
0.000000000
 11
105.420418967
 21
175.533084759
 31
0.000000000
  0
ARC
  5
B7A
330
A02
100
AcDbEntity
  8
ProjItem
100
AcDbCircle
 10
105.275824538
 20
175.493179232
 30
0.000000000
 40
0.150000000
100
AcDbArc
 50
15.428571429
 51
105.428571429
  0
ARC
  5
B7B
330
A02
100
AcDbEntity
  8
ProjItem
100
AcDbCircle
 10
105.189523096
 20
177.106333798
 30
0.000000000
 40
1.469292843
100
AcDbArc
 50
-102.844537673
 51
-88.190468214
  0
ARC
  5
B7C
330
A02
100
AcDbEntity
  8
ProjItem
100
AcDbCircle
 10
105.037120830
 20
176.205339468
 30
0.000000000
 40
0.559359354
100
AcDbArc
 50
139.005776081
 51
-108.148633224
  0
ARC
  5
B7D
330
A02
100
AcDbEntity
  8
ProjItem
100
AcDbCircle
 10
105.630069712
 20
175.510048985
 30
0.000000000
 40
1.469292843
100
AcDbArc
 50
119.047611071
 51
133.701680531
  0
ARC
  5
B7E
330
A02
100
AcDbEntity
  8
ProjItem
100
AcDbCircle
 10
104.876769270
 20
176.939123523
 30
0.000000000
 40
0.150000000
100
AcDbArc
 50
-74.571428571
 51
15.428571429
  0
LINE
  5
B7F
330
A02
100
AcDbEntity
  8
ProjItem
100
AcDbLine
 10
105.021363699
 20
176.979029050
 30
0.000000000
 11
104.873638825
 21
177.433679461
 31
0.000000000
  0
ARC
  5
B80
330
A02
100
AcDbEntity
  8
ProjItem
100
AcDbCircle
 10
104.733203595
 20
177.380973237
 30
0.000000000
 40
0.150000000
100
AcDbArc
 50
20.571428571
 51
110.571428571
  0
ARC
  5
B81
330
A02
100
AcDbEntity
  8
ProjItem
100
AcDbCircle
 10
104.502647516
 20
178.979897716
 30
0.000000000
 40
1.469292843
100
AcDbArc
 50
-97.701680531
 51
-83.047611071
  0
ARC
  5
B82
330
A02
100
AcDbEntity
  8
ProjItem
100
AcDbCircle
 10
104.431623287
 20
178.068869290
 30
0.000000000
 40
0.559359354
100
AcDbArc
 50
144.148633224
 51
-103.005776081
  0
ARC
  5
B83
330
A02
100
AcDbEntity
  8
ProjItem
100
AcDbCircle
 10
105.084510489
 20
177.429529370
 30
0.000000000
 40
1.469292843
100
AcDbArc
 50
124.190468214
 51
138.844537673
  0
ARC
  5
B84
330
A02
100
AcDbEntity
  8
ProjItem
100
AcDbCircle
 10
104.206141359
 20
178.785325543
 30
0.000000000
 40
0.150000000
100
AcDbArc
 50
-69.428571429
 51
20.571428571
  0
LINE
  5
B85
330
A02
100
AcDbEntity
  8
ProjItem
100
AcDbLine
 10
104.346576589
 20
178.838031767
 30
0.000000000
 11
104.158691864
 21
179.277609933
 31
0.000000000
  0
ARC
  5
B86
330
A02
100
AcDbEntity
  8
ProjItem
100
AcDbCircle
 10
104.023546534
 20
179.212527372
 30
0.000000000
 40
0.150000000
100
AcDbArc
 50
25.714285714
 51
115.714285714
  0
ARC
  5
B87
330
A02
100
AcDbEntity
  8
ProjItem
100
AcDbCircle
 10
103.650592121
 20
180.784348164
 30
0.000000000
 40
1.469292843
100
AcDbArc
 50
-92.558823388
 51
-77.904753928
  0
ARC
  5
B88
330
A02
100
AcDbEntity
  8
ProjItem
100
AcDbCircle
 10
103.661517773
 20
179.870620708
 30
0.000000000
 40
0.559359354
100
AcDbArc
 50
149.291490367
 51
-97.862918938
  0
ARC
  5
B89
330
A02
100
AcDbEntity
  8
ProjItem
100
AcDbCircle
 10
104.369086632
 20
179.292378939
 30
0.000000000
 40
1.469292843
100
AcDbArc
 50
129.333325356
 51
143.987394816
  0
ARC
  5
B8A
330
A02
100
AcDbEntity
  8
ProjItem
100
AcDbCircle
 10
103.372720925
 20
180.563980674
 30
0.000000000
 40
0.150000000
100
AcDbArc
 50
-64.285714286
 51
25.714285714
  0
LINE
  5
B8B
330
A02
100
AcDbEntity
  8
ProjItem
100
AcDbLine
 10
103.507866255
 20
180.629063235
 30
0.000000000
 11
103.281334416
 21
181.050029932
 31
0.000000000
  0
ARC
  5
B8C
330
A02
100
AcDbEntity
  8
ProjItem
100
AcDbCircle
 10
103.152567097
 20
180.973095041
 30
0.000000000
 40
0.150000000
100
AcDbArc
 50
30.857142857
 51
120.857142857
  0
ARC
  5
B8D
330
A02
100
AcDbEntity
  8
ProjItem
100
AcDbCircle
 10
102.640217160
 20
182.505156768
 30
0.000000000
 40
1.469292843
100
AcDbArc
 50
-87.415966245
 51
-72.761896785
  0
ARC
  5
B8E
330
A02
100
AcDbEntity
  8
ProjItem
100
AcDbCircle
 10
102.733004725
 20
181.596087078
 30
0.000000000
 40
0.559359354
100
AcDbArc
 50
154.434347510
 51
-92.720061796
  0
ARC
  5
B8F
330
A02
100
AcDbEntity
  8
ProjItem
100
AcDbCircle
 10
103.489558313
 20
181.083599124
 30
0.000000000
 40
1.469292843
100
AcDbArc
 50
134.476182499
 51
149.130251959
  0
ARC
  5
B90
330
A02
100
AcDbEntity
  8
ProjItem
100
AcDbCircle
 10
102.383218181
 20
182.260768231
 30
0.000000000
 40
0.150000000
100
AcDbArc
 50
-59.142857143
 51
30.857142857
  0
LINE
  5
B91
330
A02
100
AcDbEntity
  8
ProjItem
100
AcDbLine
 10
102.511985500
 20
182.337703123
 30
0.000000000
 11
102.248630447
 21
182.736668974
 31
0.000000000
  0
ARC
  5
B92
330
A02
100
AcDbEntity
  8
ProjItem
100
AcDbCircle
 10
102.127277898
 20
182.648501186
 30
0.000000000
 40
0.150000000
100
AcDbArc
 50
36.000000000
 51
126.000000000
  0
ARC
  5
B93
330
A02
100
AcDbEntity
  8
ProjItem
100
AcDbCircle
 10
101.479657576
 20
184.128468589
 30
0.000000000
 40
1.469292843
100
AcDbArc
 50
-82.273109102
 51
-67.619039642
  0
ARC
  5
B94
330
A02
100
AcDbEntity
  8
ProjItem
100
AcDbCircle
 10
101.653559985
 20
183.231375960
 30
0.000000000
 40
0.559359354
100
AcDbArc
 50
159.577204653
 51
-87.577204653
  0
ARC
  5
B95
330
A02
100
AcDbEntity
  8
ProjItem
100
AcDbCircle
 10
102.453006976
 20
182.788768072
 30
0.000000000
 40
1.469292843
100
AcDbArc
 50
139.619039642
 51
154.273109102
  0
ARC
  5
B96
330
A02
100
AcDbEntity
  8
ProjItem
100
AcDbCircle
 10
101.245600020
 20
183.862026678
 30
0.000000000
 40
0.150000000
100
AcDbArc
 50
-54.000000000
 51
36.000000000
  0
LINE
  5
B97
330
A02
100
AcDbEntity
  8
ProjItem
100
AcDbLine
 10
101.366952569
 20
183.950194466
 30
0.000000000
 11
101.068894683
 21
184.323947233
 31
0.000000000
  0
ARC
  5
B98
330
A02
100
AcDbEntity
  8
ProjItem
100
AcDbCircle
 10
100.955933963
 20
184.225256424
 30
0.000000000
 40
0.150000000
100
AcDbArc
 50
41.142857143
 51
131.142857143
  0
ARC
  5
B99
330
A02
100
AcDbEntity
  8
ProjItem
100
AcDbCircle
 10
100.178257515
 20
185.641213675
 30
0.000000000
 40
1.469292843
100
AcDbArc
 50
-77.130251959
 51
-62.476182499
  0
ARC
  5
B9A
330
A02
100
AcDbEntity
  8
ProjItem
100
AcDbCircle
 10
100.431874608
 20
184.763320969
 30
0.000000000
 40
0.559359354
100
AcDbArc
 50
164.720061796
 51
-82.434347510
  0
ARC
  5
B9B
330
A02
100
AcDbEntity
  8
ProjItem
100
AcDbCircle
 10
101.267778325
 20
184.394156766
 30
0.000000000
 40
1.469292843
100
AcDbArc
 50
144.761896785
 51
159.415966245
  0
ARC
  5
B9C
330
A02
100
AcDbEntity
  8
ProjItem
100
AcDbCircle
 10
99.969025874
 20
185.354863623
 30
0.000000000
 40
0.150000000
100
AcDbArc
 50
-48.857142857
 51
41.142857143
  0
LINE
  5
B9D
330
A02
100
AcDbEntity
  8
ProjItem
100
AcDbLine
 10
100.081986594
 20
185.453554432
 30
0.000000000
 11
99.751625662
 21
185.799084877
 31
0.000000000
  0
ARC
  5
B9E
330
A02
100
AcDbEntity
  8
ProjItem
100
AcDbCircle
 10
99.647966264
 20
185.690665648
 30
0.000000000
 40
0.150000000
100
AcDbArc
 50
46.285714286
 51
136.285714286
  0
ARC
  5
B9F
330
A02
100
AcDbEntity
  8
ProjItem
100
AcDbCircle
 10
98.746495084
 20
187.031212292
 30
0.000000000
 40
1.469292843
100
AcDbArc
 50
-71.987394816
 51
-57.333325356
  0
ARC
  5
BA0
330
A02
100
AcDbEntity
  8
ProjItem
100
AcDbCircle
 10
99.077784884
 20
186.179587784
 30
0.000000000
 40
0.559359354
100
AcDbArc
 50
169.862918938
 51
-77.291490367
  0
ARC
  5
BA1
330
A02
100
AcDbEntity
  8
ProjItem
100
AcDbCircle
 10
99.943415123
 20
185.886839560
 30
0.000000000
 40
1.469292843
100
AcDbArc
 50
149.904753928
 51
164.558823388
  0
ARC
  5
BA2
330
A02
100
AcDbEntity
  8
ProjItem
100
AcDbCircle
 10
98.563773969
 20
186.727259621
 30
0.000000000
 40
0.150000000
100
AcDbArc
 50
-43.714285714
 51
46.285714286
  0
LINE
  5
BA3
330
A02
100
AcDbEntity
  8
ProjItem
100
AcDbLine
 10
98.667433366
 20
186.835678851
 30
0.000000000
 11
98.307429259
 21
187.150204967
 31
0.000000000
  0
ARC
  5
BA4
330
A02
100
AcDbEntity
  8
ProjItem
100
AcDbCircle
 10
98.213905789
 20
187.032930245
 30
0.000000000
 40
0.150000000
100
AcDbArc
 50
51.428571429
 51
141.428571429
  0
ARC
  5
BA5
330
A02
100
AcDbEntity
  8
ProjItem
100
AcDbCircle
 10
97.195897992
 20
188.287272988
 30
0.000000000
 40
1.469292843
100
AcDbArc
 50
-66.844537673
 51
-52.190468214
  0
ARC
  5
BA6
330
A02
100
AcDbEntity
  8
ProjItem
100
AcDbCircle
 10
97.602193149
 20
187.468773459
 30
0.000000000
 40
0.559359354
100
AcDbArc
 50
175.005776081
 51
-72.148633224
  0
ARC
  5
BA7
330
A02
100
AcDbEntity
  8
ProjItem
100
AcDbCircle
 10
98.490580363
 20
187.254798250
 30
0.000000000
 40
1.469292843
100
AcDbArc
 50
155.047611071
 51
169.701680531
  0
ARC
  5
BA8
330
A02
100
AcDbEntity
  8
ProjItem
100
AcDbCircle
 10
97.041158565
 20
187.968164947
 30
0.000000000
 40
0.150000000
100
AcDbArc
 50
-38.571428571
 51
51.428571429
  0
LINE
  5
BA9
330
A02
100
AcDbEntity
  8
ProjItem
100
AcDbLine
 10
97.134682036
 20
188.085439670
 30
0.000000000
 11
96.747933296
 21
188.366429077
 31
0.000000000
  0
ARC
  5
BAA
330
A02
100
AcDbEntity
  8
ProjItem
100
AcDbCircle
 10
96.665298749
 20
188.241243089
 30
0.000000000
 40
0.150000000
100
AcDbArc
 50
56.571428571
 51
146.571428571
  0
ARC
  5
BAB
330
A02
100
AcDbEntity
  8
ProjItem
100
AcDbCircle
 10
95.538950735
 20
189.399282702
 30
0.000000000
 40
1.469292843
100
AcDbArc
 50
-61.701680531
 51
-47.047611071
  0
ARC
  5
BAC
330
A02
100
AcDbEntity
  8
ProjItem
100
AcDbCircle
 10
96.016979999
 20
188.620498228
 30
0.000000000
 40
0.559359354
100
AcDbArc
 50
-179.851366776
 51
-67.005776081
  0
ARC
  5
BAD
330
A02
100
AcDbEntity
  8
ProjItem
100
AcDbCircle
 10
96.920971418
 20
188.487018836
 30
0.000000000
 40
1.469292843
100
AcDbArc
 50
160.190468214
 51
174.844537673
  0
ARC
  5
BAE
330
A02
100
AcDbEntity
  8
ProjItem
100
AcDbCircle
 10
95.413438868
 20
189.067588561
 30
0.000000000
 40
0.150000000
100
AcDbArc
 50
-33.428571429
 51
56.571428571
  0
LINE
  5
BAF
330
A02
100
AcDbEntity
  8
ProjItem
100
AcDbLine
 10
95.496073415
 20
189.192774549
 30
0.000000000
 11
95.085693916
 21
189.437964885
 31
0.000000000
  0
ARC
  5
BB0
330
A02
100
AcDbEntity
  8
ProjItem
100
AcDbCircle
 10
95.014613617
 20
189.305875556
 30
0.000000000
 40
0.150000000
100
AcDbArc
 50
61.714285714
 51
151.714285714
  0
ARC
  5
BB1
330
A02
100
AcDbEntity
  8
ProjItem
100
AcDbCircle
 10
93.788994079
 20
190.358288184
 30
0.000000000
 40
1.469292843
100
AcDbArc
 50
-56.558823388
 51
-41.904753928
  0
ARC
  5
BB2
330
A02
100
AcDbEntity
  8
ProjItem
100
AcDbCircle
 10
94.334908639
 20
189.625489081
 30
0.000000000
 40
0.559359354
100
AcDbArc
 50
-174.708509633
 51
-61.862918938
  0
ARC
  5
BB3
330
A02
100
AcDbEntity
  8
ProjItem
100
AcDbCircle
 10
95.247225855
 20
189.573580204
 30
0.000000000
 40
1.469292843
100
AcDbArc
 50
165.333325356
 51
179.987394816
  0
ARC
  5
BB4
330
A02
100
AcDbEntity
  8
ProjItem
100
AcDbCircle
 10
93.693720319
 20
190.016678549
 30
0.000000000
 40
0.150000000
100
AcDbArc
 50
-28.285714286
 51
61.714285714
  0
LINE
  5
BB5
330
A02
100
AcDbEntity
  8
ProjItem
100
AcDbLine
 10
93.764800619
 20
190.148767879
 30
0.000000000
 11
93.334094494
 21
190.356185017
 31
0.000000000
  0
ARC
  5
BB6
330
A02
100
AcDbEntity
  8
ProjItem
100
AcDbCircle
 10
93.275140740
 20
190.218255851
 30
0.000000000
 40
0.150000000
100
AcDbArc
 50
66.857142857
 51
156.857142857
  0
ARC
  5
BB7
330
A02
100
AcDbEntity
  8
ProjItem
100
AcDbCircle
 10
91.960117645
 20
191.156568087
 30
0.000000000
 40
1.469292843
100
AcDbArc
 50
-51.415966245
 51
-36.761896785
  0
ARC
  5
BB8
330
A02
100
AcDbEntity
  8
ProjItem
100
AcDbCircle
 10
92.569522119
 20
190.475654422
 30
0.000000000
 40
0.559359354
100
AcDbArc
 50
-169.565652490
 51
-56.720061796
  0
ARC
  5
BB9
330
A02
100
AcDbEntity
  8
ProjItem
100
AcDbCircle
 10
93.482819689
 20
190.505733999
 30
0.000000000
 40
1.469292843
100
AcDbArc
 50
170.476182499
 51
-174.869748041
  0
ARC
  5
BBA
330
A02
100
AcDbEntity
  8
ProjItem
100
AcDbCircle
 10
91.895849081
 20
190.807793398
 30
0.000000000
 40
0.150000000
100
AcDbArc
 50
-23.142857143
 51
66.857142857
  0
LINE
  5
BBB
330
A02
100
AcDbEntity
  8
ProjItem
100
AcDbLine
 10
91.954802836
 20
190.945722564
 30
0.000000000
 11
91.507237879
 21
191.113696502
 31
0.000000000
  0
ARC
  5
BBC
330
A02
100
AcDbEntity
  8
ProjItem
100
AcDbCircle
 10
91.460885330
 20
190.971038024
 30
0.000000000
 40
0.150000000
100
AcDbArc
 50
72.000000000
 51
162.000000000
  0
ARC
  5
BBD
330
A02
100
AcDbEntity
  8
ProjItem
100
AcDbCircle
 10
90.067046470
 20
191.787695130
 30
0.000000000
 40
1.469292843
100
AcDbArc
 50
-46.273109102
 51
-31.619039642
  0
ARC
  5
BBE
330
A02
100
AcDbEntity
  8
ProjItem
100
AcDbCircle
 10
90.735034292
 20
191.164149219
 30
0.000000000
 40
0.559359354
100
AcDbArc
 50
-164.422795347
 51
-51.577204653
  0
ARC
  5
BBF
330
A02
100
AcDbEntity
  8
ProjItem
100
AcDbCircle
 10
91.641958882
 20
191.275975068
 30
0.000000000
 40
1.469292843
100
AcDbArc
 50
175.619039642
 51
-169.726890898
  0
ARC
  5
BC0
330
A02
100
AcDbEntity
  8
ProjItem
100
AcDbCircle
 10
90.034300555
 20
191.434563516
 30
0.000000000
 40
0.150000000
100
AcDbArc
 50
-18.000000000
 51
72.000000000
  0
LINE
  5
BC1
330
A02
100
AcDbEntity
  8
ProjItem
100
AcDbLine
 10
90.080653104
 20
191.577221993
 30
0.000000000
 11
89.619832845
 21
191.704400304
 31
0.000000000
  0
ARC
  5
BC2
330
A02
100
AcDbEntity
  8
ProjItem
100
AcDbCircle
 10
89.586454705
 20
191.558161117
 30
0.000000000
 40
0.150000000
100
AcDbArc
 50
77.142857143
 51
167.142857143
  0
ARC
  5
BC3
330
A02
100
AcDbEntity
  8
ProjItem
100
AcDbCircle
 10
88.125022452
 20
192.246587850
 30
0.000000000
 40
1.469292843
100
AcDbArc
 50
-41.130251959
 51
-26.476182499
  0
ARC
  5
BC4
330
A02
100
AcDbEntity
  8
ProjItem
100
AcDbCircle
 10
88.846215376
 20
191.685430118
 30
0.000000000
 40
0.559359354
100
AcDbArc
 50
-159.279938204
 51
-46.434347510
  0
ARC
  5
BC5
330
A02
100
AcDbEntity
  8
ProjItem
100
AcDbCircle
 10
89.739464963
 20
191.878101882
 30
0.000000000
 40
1.469292843
100
AcDbArc
 50
-179.238103215
 51
-164.584033755
  0
ARC
  5
BC6
330
A02
100
AcDbEntity
  8
ProjItem
100
AcDbCircle
 10
88.124062836
 20
191.891942518
 30
0.000000000
 40
0.150000000
100
AcDbArc
 50
-12.857142857
 51
77.142857143
  0
LINE
  5
BC7
330
A02
100
AcDbEntity
  8
ProjItem
100
AcDbLine
 10
88.157440976
 20
192.038181705
 30
0.000000000
 11
87.687075668
 21
192.123540424
 31
0.000000000
  0
ARC
  5
BC8
330
A02
100
AcDbEntity
  8
ProjItem
100
AcDbCircle
 10
87.666940678
 20
191.974897960
 30
0.000000000
 40
0.150000000
100
AcDbArc
 50
82.285714286
 51
172.285714286
  0
ARC
  5
BC9
330
A02
100
AcDbEntity
  8
ProjItem
100
AcDbCircle
 10
86.149681626
 20
192.529551511
 30
0.000000000
 40
1.469292843
100
AcDbArc
 50
-35.987394816
 51
-21.333325356
  0
ARC
  5
BCA
330
A02
100
AcDbEntity
  8
ProjItem
100
AcDbCircle
 10
86.918273030
 20
192.035300070
 30
0.000000000
 40
0.559359354
100
AcDbArc
 50
-154.137081062
 51
-41.291490367
  0
ARC
  5
BCB
330
A02
100
AcDbEntity
  8
ProjItem
100
AcDbCircle
 10
87.790655693
 20
192.307266470
 30
0.000000000
 40
1.469292843
100
AcDbArc
 50
-174.095246072
 51
-159.441176612
  0
ARC
  5
BCC
330
A02
100
AcDbEntity
  8
ProjItem
100
AcDbCircle
 10
86.180516035
 20
192.176247858
 30
0.000000000
 40
0.150000000
100
AcDbArc
 50
-7.714285714
 51
82.285714286
  0
LINE
  5
BCD
330
A02
100
AcDbEntity
  8
ProjItem
100
AcDbLine
 10
86.200651025
 20
192.324890323
 30
0.000000000
 11
85.724527772
 21
192.367742191
 31
0.000000000
  0
ARC
  5
BCE
330
A02
100
AcDbEntity
  8
ProjItem
100
AcDbCircle
 10
85.717798048
 20
192.217893231
 30
0.000000000
 40
0.150000000
100
AcDbArc
 50
87.428571429
 51
177.428571429
  0
ARC
  5
BCF
330
A02
100
AcDbEntity
  8
ProjItem
100
AcDbCircle
 10
84.156928274
 20
192.634307857
 30
0.000000000
 40
1.469292843
100
AcDbArc
 50
-30.844537673
 51
-16.190468214
  0
ARC
  5
BD0
330
A02
100
AcDbEntity
  8
ProjItem
100
AcDbCircle
 10
84.966729912
 20
192.210942130
 30
0.000000000
 40
0.559359354
100
AcDbArc
 50
-148.994223919
 51
-36.148633224
  0
ARC
  5
BD1
330
A02
100
AcDbEntity
  8
ProjItem
100
AcDbCircle
 10
85.811221739
 20
192.560013452
 30
0.000000000
 40
1.469292843
100
AcDbArc
 50
-168.952388929
 51
-154.298319469
  0
ARC
  5
BD2
330
A02
100
AcDbEntity
  8
ProjItem
100
AcDbCircle
 10
84.219308448
 20
192.285190476
 30
0.000000000
 40
0.150000000
100
AcDbArc
 50
-2.571428571
 51
87.428571429
  0
LINE
  5
BD3
330
A02
100
AcDbEntity
  8
ProjItem
100
AcDbLine
 10
84.226038173
 20
192.435039436
 30
0.000000000
 11
83.747990440
 21
192.435039436
 31
0.000000000
  0
ARC
  5
BD4
330
A02
100
AcDbEntity
  8
ProjItem
100
AcDbCircle
 10
83.754720165
 20
192.285190476
 30
0.000000000
 40
0.150000000
100
AcDbArc
 50
92.571428571
 51
-177.428571429
  0
ARC
  5
BD5
330
A02
100
AcDbEntity
  8
ProjItem
100
AcDbCircle
 10
82.162806874
 20
192.560013452
 30
0.000000000
 40
1.469292843
100
AcDbArc
 50
-25.701680531
 51
-11.047611071
  0
ARC
  5
BD6
330
A02
100
AcDbEntity
  8
ProjItem
100
AcDbCircle
 10
83.007298701
 20
192.210942130
 30
0.000000000
 40
0.559359354
100
AcDbArc
 50
-143.851366776
 51
-31.005776081
  0
ARC
  5
BD7
330
A02
100
AcDbEntity
  8
ProjItem
100
AcDbCircle
 10
83.817100339
 20
192.634307857
 30
0.000000000
 40
1.469292843
100
AcDbArc
 50
-163.809531786
 51
-149.155462327
  0
ARC
  5
BD8
330
A02
100
AcDbEntity
  8
ProjItem
100
AcDbCircle
 10
82.256230565
 20
192.217893231
 30
0.000000000
 40
0.150000000
100
AcDbArc
 50
2.571428571
 51
92.571428571
  0
LINE
  5
BD9
330
A02
100
AcDbEntity
  8
ProjItem
100
AcDbLine
 10
82.249500840
 20
192.367742191
 30
0.000000000
 11
81.773377588
 21
192.324890323
 31
0.000000000
  0
ARC
  5
BDA
330
A02
100
AcDbEntity
  8
ProjItem
100
AcDbCircle
 10
81.793512578
 20
192.176247858
 30
0.000000000
 40
0.150000000
100
AcDbArc
 50
97.714285714
 51
-172.285714286
  0
ARC
  5
BDB
330
A02
100
AcDbEntity
  8
ProjItem
100
AcDbCircle
 10
80.183372920
 20
192.307266470
 30
0.000000000
 40
1.469292843
100
AcDbArc
 50
-20.558823388
 51
-5.904753928
  0
ARC
  5
BDC
330
A02
100
AcDbEntity
  8
ProjItem
100
AcDbCircle
 10
81.055755583
 20
192.035300070
 30
0.000000000
 40
0.559359354
100
AcDbArc
 50
-138.708509633
 51
-25.862918938
  0
ARC
  5
BDD
330
A02
100
AcDbEntity
  8
ProjItem
100
AcDbCircle
 10
81.824346987
 20
192.529551511
 30
0.000000000
 40
1.469292843
100
AcDbArc
 50
-158.666674644
 51
-144.012605184
  0
ARC
  5
BDE
330
A02
100
AcDbEntity
  8
ProjItem
100
AcDbCircle
 10
80.307087935
 20
191.974897960
 30
0.000000000
 40
0.150000000
100
AcDbArc
 50
7.714285714
 51
97.714285714
  0
LINE
  5
BDF
330
A02
100
AcDbEntity
  8
ProjItem
100
AcDbLine
 10
80.286952945
 20
192.123540424
 30
0.000000000
 11
79.816587637
 21
192.038181705
 31
0.000000000
  0
ARC
  5
BE0
330
A02
100
AcDbEntity
  8
ProjItem
100
AcDbCircle
 10
79.849965777
 20
191.891942518
 30
0.000000000
 40
0.150000000
100
AcDbArc
 50
102.857142857
 51
-167.142857143
  0
ARC
  5
BE1
330
A02
100
AcDbEntity
  8
ProjItem
100
AcDbCircle
 10
78.234563650
 20
191.878101882
 30
0.000000000
 40
1.469292843
100
AcDbArc
 50
-15.415966245
 51
-0.761896785
  0
ARC
  5
BE2
330
A02
100
AcDbEntity
  8
ProjItem
100
AcDbCircle
 10
79.127813237
 20
191.685430118
 30
0.000000000
 40
0.559359354
100
AcDbArc
 50
-133.565652490
 51
-20.720061796
  0
ARC
  5
BE3
330
A02
100
AcDbEntity
  8
ProjItem
100
AcDbCircle
 10
79.849006161
 20
192.246587850
 30
0.000000000
 40
1.469292843
100
AcDbArc
 50
-153.523817501
 51
-138.869748041
  0
ARC
  5
BE4
330
A02
100
AcDbEntity
  8
ProjItem
100
AcDbCircle
 10
78.387573908
 20
191.558161117
 30
0.000000000
 40
0.150000000
100
AcDbArc
 50
12.857142857
 51
102.857142857
  0
LINE
  5
BE5
330
A02
100
AcDbEntity
  8
ProjItem
100
AcDbLine
 10
78.354195768
 20
191.704400304
 30
0.000000000
 11
77.893375509
 21
191.577221993
 31
0.000000000
  0
ARC
  5
BE6
330
A02
100
AcDbEntity
  8
ProjItem
100
AcDbCircle
 10
77.939728058
 20
191.434563516
 30
0.000000000
 40
0.150000000
100
AcDbArc
 50
108.000000000
 51
-162.000000000
  0
ARC
  5
BE7
330
A02
100
AcDbEntity
  8
ProjItem
100
AcDbCircle
 10
76.332069730
 20
191.275975068
 30
0.000000000
 40
1.469292843
100
AcDbArc
 50
-10.273109102
 51
4.380960358
  0
ARC
  5
BE8
330
A02
100
AcDbEntity
  8
ProjItem
100
AcDbCircle
 10
77.238994321
 20
191.164149219
 30
0.000000000
 40
0.559359354
100
AcDbArc
 50
-128.422795347
 51
-15.577204653
  0
ARC
  5
BE9
330
A02
100
AcDbEntity
  8
ProjItem
100
AcDbCircle
 10
77.906982142
 20
191.787695130
 30
0.000000000
 40
1.469292843
100
AcDbArc
 50
-148.380960358
 51
-133.726890898
  0
ARC
  5
BEA
330
A02
100
AcDbEntity
  8
ProjItem
100
AcDbCircle
 10
76.513143283
 20
190.971038024
 30
0.000000000
 40
0.150000000
100
AcDbArc
 50
18.000000000
 51
108.000000000
  0
LINE
  5
BEB
330
A02
100
AcDbEntity
  8
ProjItem
100
AcDbLine
 10
76.466790734
 20
191.113696502
 30
0.000000000
 11
76.019225777
 21
190.945722564
 31
0.000000000
  0
ARC
  5
BEC
330
A02
100
AcDbEntity
  8
ProjItem
100
AcDbCircle
 10
76.078179532
 20
190.807793398
 30
0.000000000
 40
0.150000000
100
AcDbArc
 50
113.142857143
 51
-156.857142857
  0
ARC
  5
BED
330
A02
100
AcDbEntity
  8
ProjItem
100
AcDbCircle
 10
74.491208923
 20
190.505733999
 30
0.000000000
 40
1.469292843
100
AcDbArc
 50
-5.130251959
 51
9.523817501
  0
ARC
  5
BEE
330
A02
100
AcDbEntity
  8
ProjItem
100
AcDbCircle
 10
75.404506494
 20
190.475654422
 30
0.000000000
 40
0.559359354
100
AcDbArc
 50
-123.279938204
 51
-10.434347510
  0
ARC
  5
BEF
330
A02
100
AcDbEntity
  8
ProjItem
100
AcDbCircle
 10
76.013910968
 20
191.156568087
 30
0.000000000
 40
1.469292843
100
AcDbArc
 50
-143.238103215
 51
-128.584033755
  0
ARC
  5
BF0
330
A02
100
AcDbEntity
  8
ProjItem
100
AcDbCircle
 10
74.698887873
 20
190.218255851
 30
0.000000000
 40
0.150000000
100
AcDbArc
 50
23.142857143
 51
113.142857143
  0
LINE
  5
BF1
330
A02
100
AcDbEntity
  8
ProjItem
100
AcDbLine
 10
74.639934119
 20
190.356185017
 30
0.000000000
 11
74.209227994
 21
190.148767879
 31
0.000000000
  0
ARC
  5
BF2
330
A02
100
AcDbEntity
  8
ProjItem
100
AcDbCircle
 10
74.280308294
 20
190.016678549
 30
0.000000000
 40
0.150000000
100
AcDbArc
 50
118.285714286
 51
-151.714285714
  0
ARC
  5
BF3
330
A02
100
AcDbEntity
  8
ProjItem
100
AcDbCircle
 10
72.726802758
 20
189.573580204
 30
0.000000000
 40
1.469292843
100
AcDbArc
 50
0.012605184
 51
14.666674644
  0
ARC
  5
BF4
330
A02
100
AcDbEntity
  8
ProjItem
100
AcDbCircle
 10
73.639119973
 20
189.625489081
 30
0.000000000
 40
0.559359354
100
AcDbArc
 50
-118.137081062
 51
-5.291490367
  0
ARC
  5
BF5
330
A02
100
AcDbEntity
  8
ProjItem
100
AcDbCircle
 10
74.185034534
 20
190.358288184
 30
0.000000000
 40
1.469292843
100
AcDbArc
 50
-138.095246072
 51
-123.441176612
  0
ARC
  5
BF6
330
A02
100
AcDbEntity
  8
ProjItem
100
AcDbCircle
 10
72.959414996
 20
189.305875556
 30
0.000000000
 40
0.150000000
100
AcDbArc
 50
28.285714286
 51
118.285714286
  0
LINE
  5
BF7
330
A02
100
AcDbEntity
  8
ProjItem
100
AcDbLine
 10
72.888334697
 20
189.437964885
 30
0.000000000
 11
72.477955197
 21
189.192774549
 31
0.000000000
  0
ARC
  5
BF8
330
A02
100
AcDbEntity
  8
ProjItem
100
AcDbCircle
 10
72.560589745
 20
189.067588561
 30
0.000000000
 40
0.150000000
100
AcDbArc
 50
123.428571429
 51
-146.571428571
  0
ARC
  5
BF9
330
A02
100
AcDbEntity
  8
ProjItem
100
AcDbCircle
 10
71.053057195
 20
188.487018836
 30
0.000000000
 40
1.469292843
100
AcDbArc
 50
5.155462327
 51
19.809531786
  0
ARC
  5
BFA
330
A02
100
AcDbEntity
  8
ProjItem
100
AcDbCircle
 10
71.957048614
 20
188.620498228
 30
0.000000000
 40
0.559359354
100
AcDbArc
 50
-112.994223919
 51
-0.148633224
  0
ARC
  5
BFB
330
A02
100
AcDbEntity
  8
ProjItem
100
AcDbCircle
 10
72.435077878
 20
189.399282702
 30
0.000000000
 40
1.469292843
100
AcDbArc
 50
-132.952388929
 51
-118.298319469
  0
ARC
  5
BFC
330
A02
100
AcDbEntity
  8
ProjItem
100
AcDbCircle
 10
71.308729864
 20
188.241243089
 30
0.000000000
 40
0.150000000
100
AcDbArc
 50
33.428571429
 51
123.428571429
  0
LINE
  5
BFD
330
A02
100
AcDbEntity
  8
ProjItem
100
AcDbLine
 10
71.226095317
 20
188.366429077
 30
0.000000000
 11
70.839346577
 21
188.085439670
 31
0.000000000
  0
ARC
  5
BFE
330
A02
100
AcDbEntity
  8
ProjItem
100
AcDbCircle
 10
70.932870048
 20
187.968164947
 30
0.000000000
 40
0.150000000
100
AcDbArc
 50
128.571428571
 51
-141.428571429
  0
ARC
  5
BFF
330
A02
100
AcDbEntity
  8
ProjItem
100
AcDbCircle
 10
69.483448250
 20
187.254798250
 30
0.000000000
 40
1.469292843
100
AcDbArc
 50
10.298319469
 51
24.952388929
  0
ARC
  5
C00
330
A02
100
AcDbEntity
  8
ProjItem
100
AcDbCircle
 10
70.371835464
 20
187.468773459
 30
0.000000000
 40
0.559359354
100
AcDbArc
 50
-107.851366776
 51
4.994223919
  0
ARC
  5
C01
330
A02
100
AcDbEntity
  8
ProjItem
100
AcDbCircle
 10
70.778130621
 20
188.287272988
 30
0.000000000
 40
1.469292843
100
AcDbArc
 50
-127.809531786
 51
-113.155462327
  0
ARC
  5
C02
330
A02
100
AcDbEntity
  8
ProjItem
100
AcDbCircle
 10
69.760122824
 20
187.032930245
 30
0.000000000
 40
0.150000000
100
AcDbArc
 50
38.571428571
 51
128.571428571
  0
LINE
  5
C03
330
A02
100
AcDbEntity
  8
ProjItem
100
AcDbLine
 10
69.666599354
 20
187.150204967
 30
0.000000000
 11
69.306595247
 21
186.835678851
 31
0.000000000
  0
ARC
  5
C04
330
A02
100
AcDbEntity
  8
ProjItem
100
AcDbCircle
 10
69.410254644
 20
186.727259621
 30
0.000000000
 40
0.150000000
100
AcDbArc
 50
133.714285714
 51
-136.285714286
  0
ARC
  5
C05
330
A02
100
AcDbEntity
  8
ProjItem
100
AcDbCircle
 10
68.030613490
 20
185.886839560
 30
0.000000000
 40
1.469292843
100
AcDbArc
 50
15.441176612
 51
30.095246072
  0
ARC
  5
C06
330
A02
100
AcDbEntity
  8
ProjItem
100
AcDbCircle
 10
68.896243729
 20
186.179587784
 30
0.000000000
 40
0.559359354
100
AcDbArc
 50
-102.708509633
 51
10.137081062
  0
ARC
  5
C07
330
A02
100
AcDbEntity
  8
ProjItem
100
AcDbCircle
 10
69.227533529
 20
187.031212292
 30
0.000000000
 40
1.469292843
100
AcDbArc
 50
-122.666674644
 51
-108.012605184
  0
ARC
  5
C08
330
A02
100
AcDbEntity
  8
ProjItem
100
AcDbCircle
 10
68.326062349
 20
185.690665648
 30
0.000000000
 40
0.150000000
100
AcDbArc
 50
43.714285714
 51
133.714285714
  0
LINE
  5
C09
330
A02
100
AcDbEntity
  8
ProjItem
100
AcDbLine
 10
68.222402951
 20
185.799084877
 30
0.000000000
 11
67.892042019
 21
185.453554432
 31
0.000000000
  0
ARC
  5
C0A
330
A02
100
AcDbEntity
  8
ProjItem
100
AcDbCircle
 10
68.005002739
 20
185.354863623
 30
0.000000000
 40
0.150000000
100
AcDbArc
 50
138.857142857
 51
-131.142857143
  0
ARC
  5
C0B
330
A02
100
AcDbEntity
  8
ProjItem
100
AcDbCircle
 10
66.706250288
 20
184.394156766
 30
0.000000000
 40
1.469292843
100
AcDbArc
 50
20.584033755
 51
35.238103215
  0
ARC
  5
C0C
330
A02
100
AcDbEntity
  8
ProjItem
100
AcDbCircle
 10
67.542154005
 20
184.763320969
 30
0.000000000
 40
0.559359354
100
AcDbArc
 50
-97.565652490
 51
15.279938204
  0
ARC
  5
C0D
330
A02
100
AcDbEntity
  8
ProjItem
100
AcDbCircle
 10
67.795771098
 20
185.641213675
 30
0.000000000
 40
1.469292843
100
AcDbArc
 50
-117.523817501
 51
-102.869748041
  0
ARC
  5
C0E
330
A02
100
AcDbEntity
  8
ProjItem
100
AcDbCircle
 10
67.018094650
 20
184.225256424
 30
0.000000000
 40
0.150000000
100
AcDbArc
 50
48.857142857
 51
138.857142857
  0
LINE
  5
C0F
330
A02
100
AcDbEntity
  8
ProjItem
100
AcDbLine
 10
66.905133930
 20
184.323947233
 30
0.000000000
 11
66.607076044
 21
183.950194466
 31
0.000000000
  0
ARC
  5
C10
330
A02
100
AcDbEntity
  8
ProjItem
100
AcDbCircle
 10
66.728428593
 20
183.862026678
 30
0.000000000
 40
0.150000000
100
AcDbArc
 50
144.000000000
 51
-126.000000000
  0
ARC
  5
C11
330
A02
100
AcDbEntity
  8
ProjItem
100
AcDbCircle
 10
65.521021637
 20
182.788768072
 30
0.000000000
 40
1.469292843
100
AcDbArc
 50
25.726890898
 51
40.380960358
  0
ARC
  5
C12
330
A02
100
AcDbEntity
  8
ProjItem
100
AcDbCircle
 10
66.320468627
 20
183.231375960
 30
0.000000000
 40
0.559359354
100
AcDbArc
 50
-92.422795347
 51
20.422795347
  0
ARC
  5
C13
330
A02
100
AcDbEntity
  8
ProjItem
100
AcDbCircle
 10
66.494371036
 20
184.128468589
 30
0.000000000
 40
1.469292843
100
AcDbArc
 50
-112.380960358
 51
-97.726890898
  0
ARC
  5
C14
330
A02
100
AcDbEntity
  8
ProjItem
100
AcDbCircle
 10
65.846750715
 20
182.648501186
 30
0.000000000
 40
0.150000000
100
AcDbArc
 50
54.000000000
 51
144.000000000
  0
LINE
  5
C15
330
A02
100
AcDbEntity
  8
ProjItem
100
AcDbLine
 10
65.725398166
 20
182.736668974
 30
0.000000000
 11
65.462043113
 21
182.337703123
 31
0.000000000
  0
ARC
  5
C16
330
A02
100
AcDbEntity
  8
ProjItem
100
AcDbCircle
 10
65.590810432
 20
182.260768231
 30
0.000000000
 40
0.150000000
100
AcDbArc
 50
149.142857143
 51
-120.857142857
  0
ARC
  5
C17
330
A02
100
AcDbEntity
  8
ProjItem
100
AcDbCircle
 10
64.484470300
 20
181.083599124
 30
0.000000000
 40
1.469292843
100
AcDbArc
 50
30.869748041
 51
45.523817501
  0
ARC
  5
C18
330
A02
100
AcDbEntity
  8
ProjItem
100
AcDbCircle
 10
65.241023888
 20
181.596087078
 30
0.000000000
 40
0.559359354
100
AcDbArc
 50
-87.279938204
 51
25.565652490
  0
ARC
  5
C19
330
A02
100
AcDbEntity
  8
ProjItem
100
AcDbCircle
 10
65.333811453
 20
182.505156768
 30
0.000000000
 40
1.469292843
100
AcDbArc
 50
-107.238103215
 51
-92.584033755
  0
ARC
  5
C1A
330
A02
100
AcDbEntity
  8
ProjItem
100
AcDbCircle
 10
64.821461516
 20
180.973095041
 30
0.000000000
 40
0.150000000
100
AcDbArc
 50
59.142857143
 51
149.142857143
  0
LINE
  5
C1B
330
A02
100
AcDbEntity
  8
ProjItem
100
AcDbLine
 10
64.692694197
 20
181.050029932
 30
0.000000000
 11
64.466162357
 21
180.629063235
 31
0.000000000
  0
ARC
  5
C1C
330
A02
100
AcDbEntity
  8
ProjItem
100
AcDbCircle
 10
64.601307688
 20
180.563980674
 30
0.000000000
 40
0.150000000
100
AcDbArc
 50
154.285714286
 51
-115.714285714
  0
ARC
  5
C1D
330
A02
100
AcDbEntity
  8
ProjItem
100
AcDbCircle
 10
63.604941981
 20
179.292378939
 30
0.000000000
 40
1.469292843
100
AcDbArc
 50
36.012605184
 51
50.666674644
  0
ARC
  5
C1E
330
A02
100
AcDbEntity
  8
ProjItem
100
AcDbCircle
 10
64.312510840
 20
179.870620708
 30
0.000000000
 40
0.559359354
100
AcDbArc
 50
-82.137081062
 51
30.708509633
  0
ARC
  5
C1F
330
A02
100
AcDbEntity
  8
ProjItem
100
AcDbCircle
 10
64.323436492
 20
180.784348164
 30
0.000000000
 40
1.469292843
100
AcDbArc
 50
-102.095246072
 51
-87.441176612
  0
ARC
  5
C20
330
A02
100
AcDbEntity
  8
ProjItem
100
AcDbCircle
 10
63.950482079
 20
179.212527372
 30
0.000000000
 40
0.150000000
100
AcDbArc
 50
64.285714286
 51
154.285714286
  0
LINE
  5
C21
330
A02
100
AcDbEntity
  8
ProjItem
100
AcDbLine
 10
63.815336749
 20
179.277609933
 30
0.000000000
 11
63.627452024
 21
178.838031767
 31
0.000000000
  0
ARC
  5
C22
330
A02
100
AcDbEntity
  8
ProjItem
100
AcDbCircle
 10
63.767887254
 20
178.785325543
 30
0.000000000
 40
0.150000000
100
AcDbArc
 50
159.428571429
 51
-110.571428571
  0
ARC
  5
C23
330
A02
100
AcDbEntity
  8
ProjItem
100
AcDbCircle
 10
62.889518124
 20
177.429529370
 30
0.000000000
 40
1.469292843
100
AcDbArc
 50
41.155462327
 51
55.809531786
  0
ARC
  5
C24
330
A02
100
AcDbEntity
  8
ProjItem
100
AcDbCircle
 10
63.542405326
 20
178.068869290
 30
0.000000000
 40
0.559359354
100
AcDbArc
 50
-76.994223919
 51
35.851366776
  0
ARC
  5
C25
330
A02
100
AcDbEntity
  8
ProjItem
100
AcDbCircle
 10
63.471381097
 20
178.979897716
 30
0.000000000
 40
1.469292843
100
AcDbArc
 50
-96.952388929
 51
-82.298319469
  0
ARC
  5
C26
330
A02
100
AcDbEntity
  8
ProjItem
100
AcDbCircle
 10
63.240825018
 20
177.380973237
 30
0.000000000
 40
0.150000000
100
AcDbArc
 50
69.428571429
 51
159.428571429
  0
LINE
  5
C27
330
A02
100
AcDbEntity
  8
ProjItem
100
AcDbLine
 10
63.100389788
 20
177.433679461
 30
0.000000000
 11
62.952664914
 21
176.979029050
 31
0.000000000
  0
ARC
  5
C28
330
A02
100
AcDbEntity
  8
ProjItem
100
AcDbCircle
 10
63.097259343
 20
176.939123523
 30
0.000000000
 40
0.150000000
100
AcDbArc
 50
164.571428571
 51
-105.428571429
  0
ARC
  5
C29
330
A02
100
AcDbEntity
  8
ProjItem
100
AcDbCircle
 10
62.343958901
 20
175.510048985
 30
0.000000000
 40
1.469292843
100
AcDbArc
 50
46.298319469
 51
60.952388929
  0
ARC
  5
C2A
330
A02
100
AcDbEntity
  8
ProjItem
100
AcDbCircle
 10
62.936907782
 20
176.205339468
 30
0.000000000
 40
0.559359354
100
AcDbArc
 50
-71.851366776
 51
40.994223919
  0
ARC
  5
C2B
330
A02
100
AcDbEntity
  8
ProjItem
100
AcDbCircle
 10
62.784505517
 20
177.106333798
 30
0.000000000
 40
1.469292843
100
AcDbArc
 50
-91.809531786
 51
-77.155462327
  0
ARC
  5
C2C
330
A02
100
AcDbEntity
  8
ProjItem
100
AcDbCircle
 10
62.698204075
 20
175.493179232
 30
0.000000000
 40
0.150000000
100
AcDbArc
 50
74.571428571
 51
164.571428571
  0
LINE
  5
C2D
330
A02
100
AcDbEntity
  8
ProjItem
100
AcDbLine
 10
62.553609646
 20
175.533084759
 30
0.000000000
 11
62.447234018
 21
175.067022681
 31
0.000000000
  0
ARC
  5
C2E
330
A02
100
AcDbEntity
  8
ProjItem
100
AcDbCircle
 10
62.594823456
 20
175.040239147
 30
0.000000000
 40
0.150000000
100
AcDbArc
 50
169.714285714
 51
-100.285714286
  0
ARC
  5
C2F
330
A02
100
AcDbEntity
  8
ProjItem
100
AcDbCircle
 10
61.972656834
 20
173.549392311
 30
0.000000000
 40
1.469292843
100
AcDbArc
 50
51.441176612
 51
66.095246072
  0
ARC
  5
C30
330
A02
100
AcDbEntity
  8
ProjItem
100
AcDbCircle
 10
62.500893319
 20
174.295035288
 30
0.000000000
 40
0.559359354
100
AcDbArc
 50
-66.708509633
 51
46.137081062
  0
ARC
  5
C31
330
A02
100
AcDbEntity
  8
ProjItem
100
AcDbCircle
 10
62.268340071
 20
175.178741246
 30
0.000000000
 40
1.469292843
100
AcDbArc
 50
-86.666674644
 51
-72.012605184
  0
ARC
  5
C32
330
A02
100
AcDbEntity
  8
ProjItem
100
AcDbCircle
 10
62.326988114
 20
173.564344764
 30
0.000000000
 40
0.150000000
100
AcDbArc
 50
79.714285714
 51
169.714285714
  0
LINE
  5
C33
330
A02
100
AcDbEntity
  8
ProjItem
100
AcDbLine
 10
62.179398676
 20
173.591128298
 30
0.000000000
 11
62.115228767
 21
173.117407012
 31
0.000000000
  0
ARC
  5
C34
330
A02
100
AcDbEntity
  8
ProjItem
100
AcDbCircle
 10
62.264624911
 20
173.103961116
 30
0.000000000
 40
0.150000000
100
AcDbArc
 50
174.857142857
 51
-95.142857143
  0
ARC
  5
C35
330
A02
100
AcDbEntity
  8
ProjItem
100
AcDbCircle
 10
61.778601429
 20
171.563345405
 30
0.000000000
 40
1.469292843
100
AcDbArc
 50
56.584033755
 51
71.238103215
  0
ARC
  5
C36
330
A02
100
AcDbEntity
  8
ProjItem
100
AcDbCircle
 10
62.237872469
 20
172.353337396
 30
0.000000000
 40
0.559359354
100
AcDbArc
 50
-61.565652490
 51
51.279938204
  0
ARC
  5
C37
330
A02
100
AcDbEntity
  8
ProjItem
100
AcDbCircle
 10
61.927040620
 20
173.212639901
 30
0.000000000
 40
1.469292843
100
AcDbArc
 50
-81.523817501
 51
-66.869748041
  0
ARC
  5
C38
330
A02
100
AcDbEntity
  8
ProjItem
100
AcDbCircle
 10
62.130165948
 20
171.609999675
 30
0.000000000
 40
0.150000000
100
AcDbArc
 50
84.857142857
 51
174.857142857
  0
LINE
  5
C39
330
A02
100
AcDbEntity
  8
ProjItem
100
AcDbLine
 10
61.980769804
 20
171.623445571
 30
0.000000000
 11
61.959322274
 21
171.145879201
 31
0.000000000
  0
ARC
  5
C3A
330
A02
100
AcDbEntity
  8
ProjItem
100
AcDbCircle
 10
62.109322274
 20
171.145879201
 30
0.000000000
 40
0.150000000
100
AcDbArc
 50
180.000000000
 51
-90.000000000
  0
ARC
  5
C3B
330
A02
100
AcDbEntity
  8
ProjItem
100
AcDbCircle
 10
61.763355106
 20
169.567898747
 30
0.000000000
 40
1.469292843
100
AcDbArc
 50
61.726890898
 51
76.380960358
  0
ARC
  5
C3C
330
A02
100
AcDbEntity
  8
ProjItem
100
AcDbCircle
 10
62.149962920
 20
170.395879201
 30
0.000000000
 40
0.559359354
100
AcDbArc
 50
-56.422795347
 51
56.422795347
  0
ARC
  5
C3D
330
A02
100
AcDbEntity
  8
ProjItem
100
AcDbCircle
 10
61.763355106
 20
171.223859655
 30
0.000000000
 40
1.469292843
100
AcDbArc
 50
-76.380960358
 51
-61.726890898
  0
ARC
  5
C3E
330
A02
100
AcDbEntity
  8
ProjItem
100
AcDbCircle
 10
62.109322274
 20
169.645879201
 30
0.000000000
 40
0.150000000
100
AcDbArc
 50
90.000000000
 51
180.000000000
  0
LINE
  5
C3F
330
A02
100
AcDbEntity
  8
ProjItem
100
AcDbLine
 10
61.959322274
 20
169.645879201
 30
0.000000000
 11
61.980769804
 21
169.168312831
 31
0.000000000
  0
ARC
  5
C40
330
A02
100
AcDbEntity
  8
ProjItem
100
AcDbCircle
 10
62.130165948
 20
169.181758727
 30
0.000000000
 40
0.150000000
100
AcDbArc
 50
-174.857142857
 51
-84.857142857
  0
ARC
  5
C41
330
A02
100
AcDbEntity
  8
ProjItem
100
AcDbCircle
 10
61.927040620
 20
167.579118501
 30
0.000000000
 40
1.469292843
100
AcDbArc
 50
66.869748041
 51
81.523817501
  0
ARC
  5
C42
330
A02
100
AcDbEntity
  8
ProjItem
100
AcDbCircle
 10
62.237872469
 20
168.438421006
 30
0.000000000
 40
0.559359354
100
AcDbArc
 50
-51.279938204
 51
61.565652490
  0
ARC
  5
C43
330
A02
100
AcDbEntity
  8
ProjItem
100
AcDbCircle
 10
61.778601429
 20
169.228412997
 30
0.000000000
 40
1.469292843
100
AcDbArc
 50
-71.238103215
 51
-56.584033755
  0
ARC
  5
C44
330
A02
100
AcDbEntity
  8
ProjItem
100
AcDbCircle
 10
62.264624911
 20
167.687797286
 30
0.000000000
 40
0.150000000
100
AcDbArc
 50
95.142857143
 51
-174.857142857
  0
LINE
  5
C45
330
A02
100
AcDbEntity
  8
ProjItem
100
AcDbLine
 10
62.115228767
 20
167.674351390
 30
0.000000000
 11
62.179398676
 21
167.200630103
 31
0.000000000
  0
ARC
  5
C46
330
A02
100
AcDbEntity
  8
ProjItem
100
AcDbCircle
 10
62.326988114
 20
167.227413638
 30
0.000000000
 40
0.150000000
100
AcDbArc
 50
-169.714285714
 51
-79.714285714
  0
ARC
  5
C47
330
A02
100
AcDbEntity
  8
ProjItem
100
AcDbCircle
 10
62.268340071
 20
165.613017156
 30
0.000000000
 40
1.469292843
100
AcDbArc
 50
72.012605184
 51
86.666674644
  0
ARC
  5
C48
330
A02
100
AcDbEntity
  8
ProjItem
100
AcDbCircle
 10
62.500893319
 20
166.496723114
 30
0.000000000
 40
0.559359354
100
AcDbArc
 50
-46.137081062
 51
66.708509633
  0
ARC
  5
C49
330
A02
100
AcDbEntity
  8
ProjItem
100
AcDbCircle
 10
61.972656834
 20
167.242366090
 30
0.000000000
 40
1.469292843
100
AcDbArc
 50
-66.095246072
 51
-51.441176612
  0
ARC
  5
C4A
330
A02
100
AcDbEntity
  8
ProjItem
100
AcDbCircle
 10
62.594823456
 20
165.751519255
 30
0.000000000
 40
0.150000000
100
AcDbArc
 50
100.285714286
 51
-169.714285714
  0
LINE
  5
C4B
330
A02
100
AcDbEntity
  8
ProjItem
100
AcDbLine
 10
62.447234018
 20
165.724735720
 30
0.000000000
 11
62.553609646
 21
165.258673643
 31
0.000000000
  0
ARC
  5
C4C
330
A02
100
AcDbEntity
  8
ProjItem
100
AcDbCircle
 10
62.698204075
 20
165.298579170
 30
0.000000000
 40
0.150000000
100
AcDbArc
 50
-164.571428571
 51
-74.571428571
  0
ARC
  5
C4D
330
A02
100
AcDbEntity
  8
ProjItem
100
AcDbCircle
 10
62.784505517
 20
163.685424604
 30
0.000000000
 40
1.469292843
100
AcDbArc
 50
77.155462327
 51
91.809531786
  0
ARC
  5
C4E
330
A02
100
AcDbEntity
  8
ProjItem
100
AcDbCircle
 10
62.936907782
 20
164.586418933
 30
0.000000000
 40
0.559359354
100
AcDbArc
 50
-40.994223919
 51
71.851366776
  0
ARC
  5
C4F
330
A02
100
AcDbEntity
  8
ProjItem
100
AcDbCircle
 10
62.343958901
 20
165.281709417
 30
0.000000000
 40
1.469292843
100
AcDbArc
 50
-60.952388929
 51
-46.298319469
  0
ARC
  5
C50
330
A02
100
AcDbEntity
  8
ProjItem
100
AcDbCircle
 10
63.097259343
 20
163.852634879
 30
0.000000000
 40
0.150000000
100
AcDbArc
 50
105.428571429
 51
-164.571428571
  0
LINE
  5
C51
330
A02
100
AcDbEntity
  8
ProjItem
100
AcDbLine
 10
62.952664914
 20
163.812729352
 30
0.000000000
 11
63.100389788
 21
163.358078941
 31
0.000000000
  0
ARC
  5
C52
330
A02
100
AcDbEntity
  8
ProjItem
100
AcDbCircle
 10
63.240825018
 20
163.410785165
 30
0.000000000
 40
0.150000000
100
AcDbArc
 50
-159.428571429
 51
-69.428571429
  0
ARC
  5
C53
330
A02
100
AcDbEntity
  8
ProjItem
100
AcDbCircle
 10
63.471381097
 20
161.811860686
 30
0.000000000
 40
1.469292843
100
AcDbArc
 50
82.298319469
 51
96.952388929
  0
ARC
  5
C54
330
A02
100
AcDbEntity
  8
ProjItem
100
AcDbCircle
 10
63.542405326
 20
162.722889111
 30
0.000000000
 40
0.559359354
100
AcDbArc
 50
-35.851366776
 51
76.994223919
  0
ARC
  5
C55
330
A02
100
AcDbEntity
  8
ProjItem
100
AcDbCircle
 10
62.889518124
 20
163.362229032
 30
0.000000000
 40
1.469292843
100
AcDbArc
 50
-55.809531786
 51
-41.155462327
  0
ARC
  5
C56
330
A02
100
AcDbEntity
  8
ProjItem
100
AcDbCircle
 10
63.767887254
 20
162.006432859
 30
0.000000000
 40
0.150000000
100
AcDbArc
 50
110.571428571
 51
-159.428571429
  0
LINE
  5
C57
330
A02
100
AcDbEntity
  8
ProjItem
100
AcDbLine
 10
63.627452024
 20
161.953726635
 30
0.000000000
 11
63.815336749
 21
161.514148468
 31
0.000000000
  0
ARC
  5
C58
330
A02
100
AcDbEntity
  8
ProjItem
100
AcDbCircle
 10
63.950482079
 20
161.579231029
 30
0.000000000
 40
0.150000000
100
AcDbArc
 50
-154.285714286
 51
-64.285714286
  0
ARC
  5
C59
330
A02
100
AcDbEntity
  8
ProjItem
100
AcDbCircle
 10
64.323436492
 20
160.007410238
 30
0.000000000
 40
1.469292843
100
AcDbArc
 50
87.441176612
 51
102.095246072
  0
ARC
  5
C5A
330
A02
100
AcDbEntity
  8
ProjItem
100
AcDbCircle
 10
64.312510840
 20
160.921137694
 30
0.000000000
 40
0.559359354
100
AcDbArc
 50
-30.708509633
 51
82.137081062
  0
ARC
  5
C5B
330
A02
100
AcDbEntity
  8
ProjItem
100
AcDbCircle
 10
63.604941981
 20
161.499379462
 30
0.000000000
 40
1.469292843
100
AcDbArc
 50
-50.666674644
 51
-36.012605184
  0
ARC
  5
C5C
330
A02
100
AcDbEntity
  8
ProjItem
100
AcDbCircle
 10
64.601307688
 20
160.227777727
 30
0.000000000
 40
0.150000000
100
AcDbArc
 50
115.714285714
 51
-154.285714286
  0
LINE
  5
C5D
330
A02
100
AcDbEntity
  8
ProjItem
100
AcDbLine
 10
64.466162357
 20
160.162695167
 30
0.000000000
 11
64.692694197
 21
159.741728470
 31
0.000000000
  0
ARC
  5
C5E
330
A02
100
AcDbEntity
  8
ProjItem
100
AcDbCircle
 10
64.821461516
 20
159.818663361
 30
0.000000000
 40
0.150000000
100
AcDbArc
 50
-149.142857143
 51
-59.142857143
  0
ARC
  5
C5F
330
A02
100
AcDbEntity
  8
ProjItem
100
AcDbCircle
 10
65.333811453
 20
158.286601634
 30
0.000000000
 40
1.469292843
100
AcDbArc
 50
92.584033755
 51
107.238103215
  0
ARC
  5
C60
330
A02
100
AcDbEntity
  8
ProjItem
100
AcDbCircle
 10
65.241023888
 20
159.195671324
 30
0.000000000
 40
0.559359354
100
AcDbArc
 50
-25.565652490
 51
87.279938204
  0
ARC
  5
C61
330
A02
100
AcDbEntity
  8
ProjItem
100
AcDbCircle
 10
64.484470300
 20
159.708159278
 30
0.000000000
 40
1.469292843
100
AcDbArc
 50
-45.523817501
 51
-30.869748041
  0
ARC
  5
C62
330
A02
100
AcDbEntity
  8
ProjItem
100
AcDbCircle
 10
65.590810432
 20
158.530990171
 30
0.000000000
 40
0.150000000
100
AcDbArc
 50
120.857142857
 51
-149.142857143
  0
LINE
  5
C63
330
A02
100
AcDbEntity
  8
ProjItem
100
AcDbLine
 10
65.462043113
 20
158.454055279
 30
0.000000000
 11
65.725398166
 21
158.055089428
 31
0.000000000
  0
ARC
  5
C64
330
A02
100
AcDbEntity
  8
ProjItem
100
AcDbCircle
 10
65.846750715
 20
158.143257216
 30
0.000000000
 40
0.150000000
100
AcDbArc
 50
-144.000000000
 51
-54.000000000
  0
ARC
  5
C65
330
A02
100
AcDbEntity
  8
ProjItem
100
AcDbCircle
 10
66.494371036
 20
156.663289813
 30
0.000000000
 40
1.469292843
100
AcDbArc
 50
97.726890898
 51
112.380960358
  0
ARC
  5
C66
330
A02
100
AcDbEntity
  8
ProjItem
100
AcDbCircle
 10
66.320468627
 20
157.560382442
 30
0.000000000
 40
0.559359354
100
AcDbArc
 50
-20.422795347
 51
92.422795347
  0
ARC
  5
C67
330
A02
100
AcDbEntity
  8
ProjItem
100
AcDbCircle
 10
65.521021637
 20
158.002990329
 30
0.000000000
 40
1.469292843
100
AcDbArc
 50
-40.380960358
 51
-25.726890898
  0
ARC
  5
C68
330
A02
100
AcDbEntity
  8
ProjItem
100
AcDbCircle
 10
66.728428593
 20
156.929731724
 30
0.000000000
 40
0.150000000
100
AcDbArc
 50
126.000000000
 51
-144.000000000
  0
LINE
  5
C69
330
A02
100
AcDbEntity
  8
ProjItem
100
AcDbLine
 10
66.607076044
 20
156.841563936
 30
0.000000000
 11
66.905133930
 21
156.467811169
 31
0.000000000
  0
ARC
  5
C6A
330
A02
100
AcDbEntity
  8
ProjItem
100
AcDbCircle
 10
67.018094650
 20
156.566501978
 30
0.000000000
 40
0.150000000
100
AcDbArc
 50
-138.857142857
 51
-48.857142857
  0
ARC
  5
C6B
330
A02
100
AcDbEntity
  8
ProjItem
100
AcDbCircle
 10
67.795771098
 20
155.150544727
 30
0.000000000
 40
1.469292843
100
AcDbArc
 50
102.869748041
 51
117.523817501
  0
ARC
  5
C6C
330
A02
100
AcDbEntity
  8
ProjItem
100
AcDbCircle
 10
67.542154005
 20
156.028437433
 30
0.000000000
 40
0.559359354
100
AcDbArc
 50
-15.279938204
 51
97.565652490
  0
ARC
  5
C6D
330
A02
100
AcDbEntity
  8
ProjItem
100
AcDbCircle
 10
66.706250288
 20
156.397601635
 30
0.000000000
 40
1.469292843
100
AcDbArc
 50
-35.238103215
 51
-20.584033755
  0
ARC
  5
C6E
330
A02
100
AcDbEntity
  8
ProjItem
100
AcDbCircle
 10
68.005002739
 20
155.436894779
 30
0.000000000
 40
0.150000000
100
AcDbArc
 50
131.142857143
 51
-138.857142857
  0
LINE
  5
C6F
330
A02
100
AcDbEntity
  8
ProjItem
100
AcDbLine
 10
67.892042019
 20
155.338203970
 30
0.000000000
 11
68.222402951
 21
154.992673524
 31
0.000000000
  0
ARC
  5
C70
330
A02
100
AcDbEntity
  8
ProjItem
100
AcDbCircle
 10
68.326062349
 20
155.101092754
 30
0.000000000
 40
0.150000000
100
AcDbArc
 50
-133.714285714
 51
-43.714285714
  0
ARC
  5
C71
330
A02
100
AcDbEntity
  8
ProjItem
100
AcDbCircle
 10
69.227533529
 20
153.760546110
 30
0.000000000
 40
1.469292843
100
AcDbArc
 50
108.012605184
 51
122.666674644
  0
ARC
  5
C72
330
A02
100
AcDbEntity
  8
ProjItem
100
AcDbCircle
 10
68.896243729
 20
154.612170617
 30
0.000000000
 40
0.559359354
100
AcDbArc
 50
-10.137081062
 51
102.708509633
  0
ARC
  5
C73
330
A02
100
AcDbEntity
  8
ProjItem
100
AcDbCircle
 10
68.030613490
 20
154.904918841
 30
0.000000000
 40
1.469292843
100
AcDbArc
 50
-30.095246072
 51
-15.441176612
  0
ARC
  5
C74
330
A02
100
AcDbEntity
  8
ProjItem
100
AcDbCircle
 10
69.410254644
 20
154.064498780
 30
0.000000000
 40
0.150000000
100
AcDbArc
 50
136.285714286
 51
-133.714285714
  0
LINE
  5
C75
330
A02
100
AcDbEntity
  8
ProjItem
100
AcDbLine
 10
69.306595247
 20
153.956079551
 30
0.000000000
 11
69.666599354
 21
153.641553435
 31
0.000000000
  0
ARC
  5
C76
330
A02
100
AcDbEntity
  8
ProjItem
100
AcDbCircle
 10
69.760122824
 20
153.758828157
 30
0.000000000
 40
0.150000000
100
AcDbArc
 50
-128.571428571
 51
-38.571428571
  0
ARC
  5
C77
330
A02
100
AcDbEntity
  8
ProjItem
100
AcDbCircle
 10
70.778130621
 20
152.504485414
 30
0.000000000
 40
1.469292843
100
AcDbArc
 50
113.155462327
 51
127.809531786
  0
ARC
  5
C78
330
A02
100
AcDbEntity
  8
ProjItem
100
AcDbCircle
 10
70.371835464
 20
153.322984942
 30
0.000000000
 40
0.559359354
100
AcDbArc
 50
-4.994223919
 51
107.851366776
  0
ARC
  5
C79
330
A02
100
AcDbEntity
  8
ProjItem
100
AcDbCircle
 10
69.483448250
 20
153.536960152
 30
0.000000000
 40
1.469292843
100
AcDbArc
 50
-24.952388929
 51
-10.298319469
  0
ARC
  5
C7A
330
A02
100
AcDbEntity
  8
ProjItem
100
AcDbCircle
 10
70.932870048
 20
152.823593454
 30
0.000000000
 40
0.150000000
100
AcDbArc
 50
141.428571429
 51
-128.571428571
  0
LINE
  5
C7B
330
A02
100
AcDbEntity
  8
ProjItem
100
AcDbLine
 10
70.839346577
 20
152.706318732
 30
0.000000000
 11
71.226095317
 21
152.425329325
 31
0.000000000
  0
ARC
  5
C7C
330
A02
100
AcDbEntity
  8
ProjItem
100
AcDbCircle
 10
71.308729864
 20
152.550515313
 30
0.000000000
 40
0.150000000
100
AcDbArc
 50
-123.428571429
 51
-33.428571429
  0
ARC
  5
C7D
330
A02
100
AcDbEntity
  8
ProjItem
100
AcDbCircle
 10
72.435077878
 20
151.392475700
 30
0.000000000
 40
1.469292843
100
AcDbArc
 50
118.298319469
 51
132.952388929
  0
ARC
  5
C7E
330
A02
100
AcDbEntity
  8
ProjItem
100
AcDbCircle
 10
71.957048614
 20
152.171260173
 30
0.000000000
 40
0.559359354
100
AcDbArc
 50
0.148633224
 51
112.994223919
  0
ARC
  5
C7F
330
A02
100
AcDbEntity
  8
ProjItem
100
AcDbCircle
 10
71.053057195
 20
152.304739565
 30
0.000000000
 40
1.469292843
100
AcDbArc
 50
-19.809531786
 51
-5.155462327
  0
ARC
  5
C80
330
A02
100
AcDbEntity
  8
ProjItem
100
AcDbCircle
 10
72.560589745
 20
151.724169841
 30
0.000000000
 40
0.150000000
100
AcDbArc
 50
146.571428571
 51
-123.428571429
  0
LINE
  5
C81
330
A02
100
AcDbEntity
  8
ProjItem
100
AcDbLine
 10
72.477955197
 20
151.598983853
 30
0.000000000
 11
72.888334697
 21
151.353793516
 31
0.000000000
  0
ARC
  5
C82
330
A02
100
AcDbEntity
  8
ProjItem
100
AcDbCircle
 10
72.959414996
 20
151.485882846
 30
0.000000000
 40
0.150000000
100
AcDbArc
 50
-118.285714286
 51
-28.285714286
  0
ARC
  5
C83
330
A02
100
AcDbEntity
  8
ProjItem
100
AcDbCircle
 10
74.185034534
 20
150.433470218
 30
0.000000000
 40
1.469292843
100
AcDbArc
 50
123.441176612
 51
138.095246072
  0
ARC
  5
C84
330
A02
100
AcDbEntity
  8
ProjItem
100
AcDbCircle
 10
73.639119973
 20
151.166269321
 30
0.000000000
 40
0.559359354
100
AcDbArc
 50
5.291490367
 51
118.137081062
  0
ARC
  5
C85
330
A02
100
AcDbEntity
  8
ProjItem
100
AcDbCircle
 10
72.726802758
 20
151.218178198
 30
0.000000000
 40
1.469292843
100
AcDbArc
 50
-14.666674644
 51
-0.012605184
  0
ARC
  5
C86
330
A02
100
AcDbEntity
  8
ProjItem
100
AcDbCircle
 10
74.280308294
 20
150.775079853
 30
0.000000000
 40
0.150000000
100
AcDbArc
 50
151.714285714
 51
-118.285714286
  0
LINE
  5
C87
330
A02
100
AcDbEntity
  8
ProjItem
100
AcDbLine
 10
74.209227994
 20
150.642990523
 30
0.000000000
 11
74.639934119
 21
150.435573385
 31
0.000000000
  0
ARC
  5
C88
330
A02
100
AcDbEntity
  8
ProjItem
100
AcDbCircle
 10
74.698887873
 20
150.573502551
 30
0.000000000
 40
0.150000000
100
AcDbArc
 50
-113.142857143
 51
-23.142857143
  0
ARC
  5
C89
330
A02
100
AcDbEntity
  8
ProjItem
100
AcDbCircle
 10
76.013910968
 20
149.635190315
 30
0.000000000
 40
1.469292843
100
AcDbArc
 50
128.584033755
 51
143.238103215
  0
ARC
  5
C8A
330
A02
100
AcDbEntity
  8
ProjItem
100
AcDbCircle
 10
75.404506494
 20
150.316103980
 30
0.000000000
 40
0.559359354
100
AcDbArc
 50
10.434347510
 51
123.279938204
  0
ARC
  5
C8B
330
A02
100
AcDbEntity
  8
ProjItem
100
AcDbCircle
 10
74.491208923
 20
150.286024403
 30
0.000000000
 40
1.469292843
100
AcDbArc
 50
-9.523817501
 51
5.130251959
  0
ARC
  5
C8C
330
A02
100
AcDbEntity
  8
ProjItem
100
AcDbCircle
 10
76.078179532
 20
149.983965004
 30
0.000000000
 40
0.150000000
100
AcDbArc
 50
156.857142857
 51
-113.142857143
  0
LINE
  5
C8D
330
A02
100
AcDbEntity
  8
ProjItem
100
AcDbLine
 10
76.019225777
 20
149.846035838
 30
0.000000000
 11
76.466790734
 21
149.678061900
 31
0.000000000
  0
ARC
  5
C8E
330
A02
100
AcDbEntity
  8
ProjItem
100
AcDbCircle
 10
76.513143283
 20
149.820720377
 30
0.000000000
 40
0.150000000
100
AcDbArc
 50
-108.000000000
 51
-18.000000000
  0
ARC
  5
C8F
330
A02
100
AcDbEntity
  8
ProjItem
100
AcDbCircle
 10
77.906982142
 20
149.004063272
 30
0.000000000
 40
1.469292843
100
AcDbArc
 50
133.726890898
 51
148.380960358
  0
ARC
  5
C90
330
A02
100
AcDbEntity
  8
ProjItem
100
AcDbCircle
 10
77.238994321
 20
149.627609183
 30
0.000000000
 40
0.559359354
100
AcDbArc
 50
15.577204653
 51
128.422795347
  0
ARC
  5
C91
330
A02
100
AcDbEntity
  8
ProjItem
100
AcDbCircle
 10
76.332069730
 20
149.515783334
 30
0.000000000
 40
1.469292843
100
AcDbArc
 50
-4.380960358
 51
10.273109102
  0
ARC
  5
C92
330
A02
100
AcDbEntity
  8
ProjItem
100
AcDbCircle
 10
77.939728058
 20
149.357194886
 30
0.000000000
 40
0.150000000
100
AcDbArc
 50
162.000000000
 51
-108.000000000
  0
LINE
  5
C93
330
A02
100
AcDbEntity
  8
ProjItem
100
AcDbLine
 10
77.893375509
 20
149.214536408
 30
0.000000000
 11
78.354195768
 21
149.087358098
 31
0.000000000
  0
ARC
  5
C94
330
A02
100
AcDbEntity
  8
ProjItem
100
AcDbCircle
 10
78.387573908
 20
149.233597284
 30
0.000000000
 40
0.150000000
100
AcDbArc
 50
-102.857142857
 51
-12.857142857
  0
ARC
  5
C95
330
A02
100
AcDbEntity
  8
ProjItem
100
AcDbCircle
 10
79.849006161
 20
148.545170552
 30
0.000000000
 40
1.469292843
100
AcDbArc
 50
138.869748041
 51
153.523817501
  0
ARC
  5
C96
330
A02
100
AcDbEntity
  8
ProjItem
100
AcDbCircle
 10
79.127813237
 20
149.106328284
 30
0.000000000
 40
0.559359354
100
AcDbArc
 50
20.720061796
 51
133.565652490
  0
ARC
  5
C97
330
A02
100
AcDbEntity
  8
ProjItem
100
AcDbCircle
 10
78.234563650
 20
148.913656520
 30
0.000000000
 40
1.469292843
100
AcDbArc
 50
0.761896785
 51
15.415966245
  0
ARC
  5
C98
330
A02
100
AcDbEntity
  8
ProjItem
100
AcDbCircle
 10
79.849965777
 20
148.899815883
 30
0.000000000
 40
0.150000000
100
AcDbArc
 50
167.142857143
 51
-102.857142857
  0
LINE
  5
C99
330
A02
100
AcDbEntity
  8
ProjItem
100
AcDbLine
 10
79.816587637
 20
148.753576697
 30
0.000000000
 11
80.286952945
 21
148.668217978
 31
0.000000000
  0
ARC
  5
C9A
330
A02
100
AcDbEntity
  8
ProjItem
100
AcDbCircle
 10
80.307087935
 20
148.816860442
 30
0.000000000
 40
0.150000000
100
AcDbArc
 50
-97.714285714
 51
-7.714285714
  0
ARC
  5
C9B
330
A02
100
AcDbEntity
  8
ProjItem
100
AcDbCircle
 10
81.824346987
 20
148.262206891
 30
0.000000000
 40
1.469292843
100
AcDbArc
 50
144.012605184
 51
158.666674644
  0
ARC
  5
C9C
330
A02
100
AcDbEntity
  8
ProjItem
100
AcDbCircle
 10
81.055755583
 20
148.756458331
 30
0.000000000
 40
0.559359354
100
AcDbArc
 50
25.862918938
 51
138.708509633
  0
ARC
  5
C9D
330
A02
100
AcDbEntity
  8
ProjItem
100
AcDbCircle
 10
80.183372920
 20
148.484491931
 30
0.000000000
 40
1.469292843
100
AcDbArc
 50
5.904753928
 51
20.558823388
  0
ARC
  5
C9E
330
A02
100
AcDbEntity
  8
ProjItem
100
AcDbCircle
 10
81.793512578
 20
148.615510544
 30
0.000000000
 40
0.150000000
100
AcDbArc
 50
172.285714286
 51
-97.714285714
  0
LINE
  5
C9F
330
A02
100
AcDbEntity
  8
ProjItem
100
AcDbLine
 10
81.773377588
 20
148.466868079
 30
0.000000000
 11
82.249500840
 21
148.424016211
 31
0.000000000
  0
ARC
  5
CA0
330
A02
100
AcDbEntity
  8
ProjItem
100
AcDbCircle
 10
82.256230565
 20
148.573865171
 30
0.000000000
 40
0.150000000
100
AcDbArc
 50
-92.571428571
 51
-2.571428571
  0
ARC
  5
CA1
330
A02
100
AcDbEntity
  8
ProjItem
100
AcDbCircle
 10
83.817100339
 20
148.157450544
 30
0.000000000
 40
1.469292843
100
AcDbArc
 50
149.155462327
 51
163.809531786
  0
ARC
  5
CA2
330
A02
100
AcDbEntity
  8
ProjItem
100
AcDbCircle
 10
83.007298701
 20
148.580816272
 30
0.000000000
 40
0.559359354
100
AcDbArc
 50
31.005776081
 51
143.851366776
  0
ARC
  5
CA3
330
A02
100
AcDbEntity
  8
ProjItem
100
AcDbCircle
 10
82.162806874
 20
148.231744950
 30
0.000000000
 40
1.469292843
100
AcDbArc
 50
11.047611071
 51
25.701680531
  0
ARC
  5
CA4
330
A02
100
AcDbEntity
  8
ProjItem
100
AcDbCircle
 10
83.754720165
 20
148.506567925
 30
0.000000000
 40
0.150000000
100
AcDbArc
 50
177.428571429
 51
-92.571428571
  0
LINE
  5
CA5
330
A02
100
AcDbEntity
  8
ProjItem
100
AcDbLine
 10
83.747990440
 20
148.356718965
 30
0.000000000
 11
84.226038173
 21
148.356718965
 31
0.000000000
  0
ARC
  5
CA6
330
A02
100
AcDbEntity
  8
ProjItem
100
AcDbCircle
 10
84.219308448
 20
148.506567925
 30
0.000000000
 40
0.150000000
100
AcDbArc
 50
-87.428571429
 51
2.571428571
  0
ARC
  5
CA7
330
A02
100
AcDbEntity
  8
ProjItem
100
AcDbCircle
 10
85.811221739
 20
148.231744950
 30
0.000000000
 40
1.469292843
100
AcDbArc
 50
154.298319469
 51
168.952388929
  0
ARC
  5
CA8
330
A02
100
AcDbEntity
  8
ProjItem
100
AcDbCircle
 10
84.966729912
 20
148.580816272
 30
0.000000000
 40
0.559359354
100
AcDbArc
 50
36.148633224
 51
148.994223919
  0
ARC
  5
CA9
330
A02
100
AcDbEntity
  8
ProjItem
100
AcDbCircle
 10
84.156928274
 20
148.157450544
 30
0.000000000
 40
1.469292843
100
AcDbArc
 50
16.190468214
 51
30.844537673
  0
ARC
  5
CAA
330
A02
100
AcDbEntity
  8
ProjItem
100
AcDbCircle
 10
85.717798048
 20
148.573865171
 30
0.000000000
 40
0.150000000
100
AcDbArc
 50
-177.428571429
 51
-87.428571429
  0
LINE
  5
CAB
330
A02
100
AcDbEntity
  8
ProjItem
100
AcDbLine
 10
85.724527772
 20
148.424016211
 30
0.000000000
 11
86.200651025
 21
148.466868079
 31
0.000000000
  0
ARC
  5
CAC
330
A02
100
AcDbEntity
  8
ProjItem
100
AcDbCircle
 10
86.180516035
 20
148.615510544
 30
0.000000000
 40
0.150000000
100
AcDbArc
 50
-82.285714286
 51
7.714285714
  0
ARC
  5
CAD
330
A02
100
AcDbEntity
  8
ProjItem
100
AcDbCircle
 10
87.790655693
 20
148.484491931
 30
0.000000000
 40
1.469292843
100
AcDbArc
 50
159.441176612
 51
174.095246072
  0
ARC
  5
CAE
330
A02
100
AcDbEntity
  8
ProjItem
100
AcDbCircle
 10
86.918273030
 20
148.756458331
 30
0.000000000
 40
0.559359354
100
AcDbArc
 50
41.291490367
 51
154.137081062
  0
ARC
  5
CAF
330
A02
100
AcDbEntity
  8
ProjItem
100
AcDbCircle
 10
86.149681626
 20
148.262206891
 30
0.000000000
 40
1.469292843
100
AcDbArc
 50
21.333325356
 51
35.987394816
  0
ARC
  5
CB0
330
A02
100
AcDbEntity
  8
ProjItem
100
AcDbCircle
 10
87.666940678
 20
148.816860442
 30
0.000000000
 40
0.150000000
100
AcDbArc
 50
-172.285714286
 51
-82.285714286
  0
LINE
  5
CB1
330
A02
100
AcDbEntity
  8
ProjItem
100
AcDbLine
 10
87.687075668
 20
148.668217978
 30
0.000000000
 11
88.157440976
 21
148.753576697
 31
0.000000000
  0
ARC
  5
CB2
330
A02
100
AcDbEntity
  8
ProjItem
100
AcDbCircle
 10
88.124062836
 20
148.899815883
 30
0.000000000
 40
0.150000000
100
AcDbArc
 50
-77.142857143
 51
12.857142857
  0
ARC
  5
CB3
330
A02
100
AcDbEntity
  8
ProjItem
100
AcDbCircle
 10
89.739464963
 20
148.913656520
 30
0.000000000
 40
1.469292843
100
AcDbArc
 50
164.584033755
 51
179.238103215
  0
ARC
  5
CB4
330
A02
100
AcDbEntity
  8
ProjItem
100
AcDbCircle
 10
88.846215376
 20
149.106328284
 30
0.000000000
 40
0.559359354
100
AcDbArc
 50
46.434347510
 51
159.279938204
  0
ARC
  5
CB5
330
A02
100
AcDbEntity
  8
ProjItem
100
AcDbCircle
 10
88.125022452
 20
148.545170552
 30
0.000000000
 40
1.469292843
100
AcDbArc
 50
26.476182499
 51
41.130251959
  0
ARC
  5
CB6
330
A02
100
AcDbEntity
  8
ProjItem
100
AcDbCircle
 10
89.586454705
 20
149.233597284
 30
0.000000000
 40
0.150000000
100
AcDbArc
 50
-167.142857143
 51
-77.142857143
  0
LINE
  5
CB7
330
A02
100
AcDbEntity
  8
ProjItem
100
AcDbLine
 10
89.619832845
 20
149.087358098
 30
0.000000000
 11
90.080653104
 21
149.214536408
 31
0.000000000
  0
ARC
  5
CB8
330
A02
100
AcDbEntity
  8
ProjItem
100
AcDbCircle
 10
90.034300555
 20
149.357194886
 30
0.000000000
 40
0.150000000
100
AcDbArc
 50
-72.000000000
 51
18.000000000
  0
ARC
  5
CB9
330
A02
100
AcDbEntity
  8
ProjItem
100
AcDbCircle
 10
91.641958882
 20
149.515783334
 30
0.000000000
 40
1.469292843
100
AcDbArc
 50
169.726890898
 51
-175.619039642
  0
ARC
  5
CBA
330
A02
100
AcDbEntity
  8
ProjItem
100
AcDbCircle
 10
90.735034292
 20
149.627609183
 30
0.000000000
 40
0.559359354
100
AcDbArc
 50
51.577204653
 51
164.422795347
  0
ARC
  5
CBB
330
A02
100
AcDbEntity
  8
ProjItem
100
AcDbCircle
 10
90.067046470
 20
149.004063272
 30
0.000000000
 40
1.469292843
100
AcDbArc
 50
31.619039642
 51
46.273109102
  0
ARC
  5
CBC
330
A02
100
AcDbEntity
  8
ProjItem
100
AcDbCircle
 10
91.460885330
 20
149.820720377
 30
0.000000000
 40
0.150000000
100
AcDbArc
 50
-162.000000000
 51
-72.000000000
  0
LINE
  5
CBD
330
A02
100
AcDbEntity
  8
ProjItem
100
AcDbLine
 10
91.507237879
 20
149.678061900
 30
0.000000000
 11
91.954802836
 21
149.846035838
 31
0.000000000
  0
ARC
  5
CBE
330
A02
100
AcDbEntity
  8
ProjItem
100
AcDbCircle
 10
91.895849081
 20
149.983965004
 30
0.000000000
 40
0.150000000
100
AcDbArc
 50
-66.857142857
 51
23.142857143
  0
ARC
  5
CBF
330
A02
100
AcDbEntity
  8
ProjItem
100
AcDbCircle
 10
93.482819689
 20
150.286024403
 30
0.000000000
 40
1.469292843
100
AcDbArc
 50
174.869748041
 51
-170.476182499
  0
ARC
  5
CC0
330
A02
100
AcDbEntity
  8
ProjItem
100
AcDbCircle
 10
92.569522119
 20
150.316103980
 30
0.000000000
 40
0.559359354
100
AcDbArc
 50
56.720061796
 51
169.565652490
  0
ARC
  5
CC1
330
A02
100
AcDbEntity
  8
ProjItem
100
AcDbCircle
 10
91.960117645
 20
149.635190315
 30
0.000000000
 40
1.469292843
100
AcDbArc
 50
36.761896785
 51
51.415966245
  0
ARC
  5
CC2
330
A02
100
AcDbEntity
  8
ProjItem
100
AcDbCircle
 10
93.275140740
 20
150.573502551
 30
0.000000000
 40
0.150000000
100
AcDbArc
 50
-156.857142857
 51
-66.857142857
  0
LINE
  5
CC3
330
A02
100
AcDbEntity
  8
ProjItem
100
AcDbLine
 10
93.334094494
 20
150.435573385
 30
0.000000000
 11
93.764800619
 21
150.642990523
 31
0.000000000
  0
ARC
  5
CC4
330
A02
100
AcDbEntity
  8
ProjItem
100
AcDbCircle
 10
93.693720319
 20
150.775079853
 30
0.000000000
 40
0.150000000
100
AcDbArc
 50
-61.714285714
 51
28.285714286
  0
ARC
  5
CC5
330
A02
100
AcDbEntity
  8
ProjItem
100
AcDbCircle
 10
95.247225855
 20
151.218178198
 30
0.000000000
 40
1.469292843
100
AcDbArc
 50
-179.987394816
 51
-165.333325356
  0
ARC
  5
CC6
330
A02
100
AcDbEntity
  8
ProjItem
100
AcDbCircle
 10
94.334908639
 20
151.166269321
 30
0.000000000
 40
0.559359354
100
AcDbArc
 50
61.862918938
 51
174.708509633
  0
ARC
  5
CC7
330
A02
100
AcDbEntity
  8
ProjItem
100
AcDbCircle
 10
93.788994079
 20
150.433470218
 30
0.000000000
 40
1.469292843
100
AcDbArc
 50
41.904753928
 51
56.558823388
  0
ARC
  5
CC8
330
A02
100
AcDbEntity
  8
ProjItem
100
AcDbCircle
 10
95.014613617
 20
151.485882846
 30
0.000000000
 40
0.150000000
100
AcDbArc
 50
-151.714285714
 51
-61.714285714
  0
LINE
  5
CC9
330
A02
100
AcDbEntity
  8
ProjItem
100
AcDbLine
 10
95.085693916
 20
151.353793516
 30
0.000000000
 11
95.496073415
 21
151.598983853
 31
0.000000000
  0
ARC
  5
CCA
330
A02
100
AcDbEntity
  8
ProjItem
100
AcDbCircle
 10
95.413438868
 20
151.724169841
 30
0.000000000
 40
0.150000000
100
AcDbArc
 50
-56.571428571
 51
33.428571429
  0
ARC
  5
CCB
330
A02
100
AcDbEntity
  8
ProjItem
100
AcDbCircle
 10
96.920971418
 20
152.304739565
 30
0.000000000
 40
1.469292843
100
AcDbArc
 50
-174.844537673
 51
-160.190468214
  0
ARC
  5
CCC
330
A02
100
AcDbEntity
  8
ProjItem
100
AcDbCircle
 10
96.016979999
 20
152.171260173
 30
0.000000000
 40
0.559359354
100
AcDbArc
 50
67.005776081
 51
179.851366776
  0
ARC
  5
CCD
330
A02
100
AcDbEntity
  8
ProjItem
100
AcDbCircle
 10
95.538950735
 20
151.392475700
 30
0.000000000
 40
1.469292843
100
AcDbArc
 50
47.047611071
 51
61.701680531
  0
ARC
  5
CCE
330
A02
100
AcDbEntity
  8
ProjItem
100
AcDbCircle
 10
96.665298749
 20
152.550515313
 30
0.000000000
 40
0.150000000
100
AcDbArc
 50
-146.571428571
 51
-56.571428571
  0
LINE
  5
CCF
330
A02
100
AcDbEntity
  8
ProjItem
100
AcDbLine
 10
96.747933296
 20
152.425329325
 30
0.000000000
 11
97.134682036
 21
152.706318732
 31
0.000000000
  0
ARC
  5
CD0
330
A02
100
AcDbEntity
  8
ProjItem
100
AcDbCircle
 10
97.041158565
 20
152.823593454
 30
0.000000000
 40
0.150000000
100
AcDbArc
 50
-51.428571429
 51
38.571428571
  0
ARC
  5
CD1
330
A02
100
AcDbEntity
  8
ProjItem
100
AcDbCircle
 10
98.490580363
 20
153.536960152
 30
0.000000000
 40
1.469292843
100
AcDbArc
 50
-169.701680531
 51
-155.047611071
  0
ARC
  5
CD2
330
A02
100
AcDbEntity
  8
ProjItem
100
AcDbCircle
 10
97.602193149
 20
153.322984942
 30
0.000000000
 40
0.559359354
100
AcDbArc
 50
72.148633224
 51
-175.005776081
  0
ARC
  5
CD3
330
A02
100
AcDbEntity
  8
ProjItem
100
AcDbCircle
 10
97.195897992
 20
152.504485414
 30
0.000000000
 40
1.469292843
100
AcDbArc
 50
52.190468214
 51
66.844537673
  0
ARC
  5
CD4
330
A02
100
AcDbEntity
  8
ProjItem
100
AcDbCircle
 10
98.213905789
 20
153.758828157
 30
0.000000000
 40
0.150000000
100
AcDbArc
 50
-141.428571429
 51
-51.428571429
  0
LINE
  5
CD5
330
A02
100
AcDbEntity
  8
ProjItem
100
AcDbLine
 10
98.307429259
 20
153.641553435
 30
0.000000000
 11
98.667433366
 21
153.956079551
 31
0.000000000
  0
ARC
  5
CD6
330
A02
100
AcDbEntity
  8
ProjItem
100
AcDbCircle
 10
98.563773969
 20
154.064498780
 30
0.000000000
 40
0.150000000
100
AcDbArc
 50
-46.285714286
 51
43.714285714
  0
ARC
  5
CD7
330
A02
100
AcDbEntity
  8
ProjItem
100
AcDbCircle
 10
99.943415123
 20
154.904918841
 30
0.000000000
 40
1.469292843
100
AcDbArc
 50
-164.558823388
 51
-149.904753928
  0
ARC
  5
CD8
330
A02
100
AcDbEntity
  8
ProjItem
100
AcDbCircle
 10
99.077784884
 20
154.612170617
 30
0.000000000
 40
0.559359354
100
AcDbArc
 50
77.291490367
 51
-169.862918938
  0
ARC
  5
CD9
330
A02
100
AcDbEntity
  8
ProjItem
100
AcDbCircle
 10
98.746495084
 20
153.760546110
 30
0.000000000
 40
1.469292843
100
AcDbArc
 50
57.333325356
 51
71.987394816
  0
ARC
  5
CDA
330
A02
100
AcDbEntity
  8
ProjItem
100
AcDbCircle
 10
99.647966264
 20
155.101092754
 30
0.000000000
 40
0.150000000
100
AcDbArc
 50
-136.285714286
 51
-46.285714286
  0
LINE
  5
CDB
330
A02
100
AcDbEntity
  8
ProjItem
100
AcDbLine
 10
99.751625662
 20
154.992673524
 30
0.000000000
 11
100.081986594
 21
155.338203970
 31
0.000000000
  0
ARC
  5
CDC
330
A02
100
AcDbEntity
  8
ProjItem
100
AcDbCircle
 10
99.969025874
 20
155.436894779
 30
0.000000000
 40
0.150000000
100
AcDbArc
 50
-41.142857143
 51
48.857142857
  0
ARC
  5
CDD
330
A02
100
AcDbEntity
  8
ProjItem
100
AcDbCircle
 10
101.267778325
 20
156.397601635
 30
0.000000000
 40
1.469292843
100
AcDbArc
 50
-159.415966245
 51
-144.761896785
  0
ARC
  5
CDE
330
A02
100
AcDbEntity
  8
ProjItem
100
AcDbCircle
 10
100.431874608
 20
156.028437433
 30
0.000000000
 40
0.559359354
100
AcDbArc
 50
82.434347510
 51
-164.720061796
  0
ARC
  5
CDF
330
A02
100
AcDbEntity
  8
ProjItem
100
AcDbCircle
 10
100.178257515
 20
155.150544727
 30
0.000000000
 40
1.469292843
100
AcDbArc
 50
62.476182499
 51
77.130251959
  0
ARC
  5
CE0
330
A02
100
AcDbEntity
  8
ProjItem
100
AcDbCircle
 10
100.955933963
 20
156.566501978
 30
0.000000000
 40
0.150000000
100
AcDbArc
 50
-131.142857143
 51
-41.142857143
  0
LINE
  5
CE1
330
A02
100
AcDbEntity
  8
ProjItem
100
AcDbLine
 10
101.068894683
 20
156.467811169
 30
0.000000000
 11
101.366952569
 21
156.841563936
 31
0.000000000
  0
ARC
  5
CE2
330
A02
100
AcDbEntity
  8
ProjItem
100
AcDbCircle
 10
101.245600020
 20
156.929731724
 30
0.000000000
 40
0.150000000
100
AcDbArc
 50
-36.000000000
 51
54.000000000
  0
ARC
  5
CE3
330
A02
100
AcDbEntity
  8
ProjItem
100
AcDbCircle
 10
102.453006976
 20
158.002990329
 30
0.000000000
 40
1.469292843
100
AcDbArc
 50
-154.273109102
 51
-139.619039642
  0
ARC
  5
CE4
330
A02
100
AcDbEntity
  8
ProjItem
100
AcDbCircle
 10
101.653559985
 20
157.560382442
 30
0.000000000
 40
0.559359354
100
AcDbArc
 50
87.577204653
 51
-159.577204653
  0
ARC
  5
CE5
330
A02
100
AcDbEntity
  8
ProjItem
100
AcDbCircle
 10
101.479657576
 20
156.663289813
 30
0.000000000
 40
1.469292843
100
AcDbArc
 50
67.619039642
 51
82.273109102
  0
ARC
  5
CE6
330
A02
100
AcDbEntity
  8
ProjItem
100
AcDbCircle
 10
102.127277898
 20
158.143257216
 30
0.000000000
 40
0.150000000
100
AcDbArc
 50
-126.000000000
 51
-36.000000000
  0
LINE
  5
CE7
330
A02
100
AcDbEntity
  8
ProjItem
100
AcDbLine
 10
102.248630447
 20
158.055089428
 30
0.000000000
 11
102.511985500
 21
158.454055279
 31
0.000000000
  0
ARC
  5
CE8
330
A02
100
AcDbEntity
  8
ProjItem
100
AcDbCircle
 10
102.383218181
 20
158.530990171
 30
0.000000000
 40
0.150000000
100
AcDbArc
 50
-30.857142857
 51
59.142857143
  0
ARC
  5
CE9
330
A02
100
AcDbEntity
  8
ProjItem
100
AcDbCircle
 10
103.489558313
 20
159.708159278
 30
0.000000000
 40
1.469292843
100
AcDbArc
 50
-149.130251959
 51
-134.476182499
  0
ARC
  5
CEA
330
A02
100
AcDbEntity
  8
ProjItem
100
AcDbCircle
 10
102.733004725
 20
159.195671324
 30
0.000000000
 40
0.559359354
100
AcDbArc
 50
92.720061796
 51
-154.434347510
  0
ARC
  5
CEB
330
A02
100
AcDbEntity
  8
ProjItem
100
AcDbCircle
 10
102.640217160
 20
158.286601634
 30
0.000000000
 40
1.469292843
100
AcDbArc
 50
72.761896785
 51
87.415966245
  0
ARC
  5
CEC
330
A02
100
AcDbEntity
  8
ProjItem
100
AcDbCircle
 10
103.152567097
 20
159.818663361
 30
0.000000000
 40
0.150000000
100
AcDbArc
 50
-120.857142857
 51
-30.857142857
  0
LINE
  5
CED
330
A02
100
AcDbEntity
  8
ProjItem
100
AcDbLine
 10
103.281334416
 20
159.741728470
 30
0.000000000
 11
103.507866255
 21
160.162695167
 31
0.000000000
  0
ARC
  5
CEE
330
A02
100
AcDbEntity
  8
ProjItem
100
AcDbCircle
 10
103.372720925
 20
160.227777727
 30
0.000000000
 40
0.150000000
100
AcDbArc
 50
-25.714285714
 51
64.285714286
  0
ARC
  5
CEF
330
A02
100
AcDbEntity
  8
ProjItem
100
AcDbCircle
 10
104.369086632
 20
161.499379462
 30
0.000000000
 40
1.469292843
100
AcDbArc
 50
-143.987394816
 51
-129.333325356
  0
ARC
  5
CF0
330
A02
100
AcDbEntity
  8
ProjItem
100
AcDbCircle
 10
103.661517773
 20
160.921137694
 30
0.000000000
 40
0.559359354
100
AcDbArc
 50
97.862918938
 51
-149.291490367
  0
ARC
  5
CF1
330
A02
100
AcDbEntity
  8
ProjItem
100
AcDbCircle
 10
103.650592121
 20
160.007410238
 30
0.000000000
 40
1.469292843
100
AcDbArc
 50
77.904753928
 51
92.558823388
  0
ARC
  5
CF2
330
A02
100
AcDbEntity
  8
ProjItem
100
AcDbCircle
 10
104.023546534
 20
161.579231029
 30
0.000000000
 40
0.150000000
100
AcDbArc
 50
-115.714285714
 51
-25.714285714
  0
LINE
  5
CF3
330
A02
100
AcDbEntity
  8
ProjItem
100
AcDbLine
 10
104.158691864
 20
161.514148468
 30
0.000000000
 11
104.346576589
 21
161.953726635
 31
0.000000000
  0
ARC
  5
CF4
330
A02
100
AcDbEntity
  8
ProjItem
100
AcDbCircle
 10
104.206141359
 20
162.006432859
 30
0.000000000
 40
0.150000000
100
AcDbArc
 50
-20.571428571
 51
69.428571429
  0
ARC
  5
CF5
330
A02
100
AcDbEntity
  8
ProjItem
100
AcDbCircle
 10
105.084510489
 20
163.362229032
 30
0.000000000
 40
1.469292843
100
AcDbArc
 50
-138.844537673
 51
-124.190468214
  0
ARC
  5
CF6
330
A02
100
AcDbEntity
  8
ProjItem
100
AcDbCircle
 10
104.431623287
 20
162.722889111
 30
0.000000000
 40
0.559359354
100
AcDbArc
 50
103.005776081
 51
-144.148633224
  0
ARC
  5
CF7
330
A02
100
AcDbEntity
  8
ProjItem
100
AcDbCircle
 10
104.502647516
 20
161.811860686
 30
0.000000000
 40
1.469292843
100
AcDbArc
 50
83.047611071
 51
97.701680531
  0
ARC
  5
CF8
330
A02
100
AcDbEntity
  8
ProjItem
100
AcDbCircle
 10
104.733203595
 20
163.410785165
 30
0.000000000
 40
0.150000000
100
AcDbArc
 50
-110.571428571
 51
-20.571428571
  0
LINE
  5
CF9
330
A02
100
AcDbEntity
  8
ProjItem
100
AcDbLine
 10
104.873638825
 20
163.358078941
 30
0.000000000
 11
105.021363699
 21
163.812729352
 31
0.000000000
  0
ARC
  5
CFA
330
A02
100
AcDbEntity
  8
ProjItem
100
AcDbCircle
 10
104.876769270
 20
163.852634879
 30
0.000000000
 40
0.150000000
100
AcDbArc
 50
-15.428571429
 51
74.571428571
  0
ARC
  5
CFB
330
A02
100
AcDbEntity
  8
ProjItem
100
AcDbCircle
 10
105.630069712
 20
165.281709417
 30
0.000000000
 40
1.469292843
100
AcDbArc
 50
-133.701680531
 51
-119.047611071
  0
ARC
  5
CFC
330
A02
100
AcDbEntity
  8
ProjItem
100
AcDbCircle
 10
105.037120830
 20
164.586418933
 30
0.000000000
 40
0.559359354
100
AcDbArc
 50
108.148633224
 51
-139.005776081
  0
ARC
  5
CFD
330
A02
100
AcDbEntity
  8
ProjItem
100
AcDbCircle
 10
105.189523096
 20
163.685424604
 30
0.000000000
 40
1.469292843
100
AcDbArc
 50
88.190468214
 51
102.844537673
  0
ARC
  5
CFE
330
A02
100
AcDbEntity
  8
ProjItem
100
AcDbCircle
 10
105.275824538
 20
165.298579170
 30
0.000000000
 40
0.150000000
100
AcDbArc
 50
-105.428571429
 51
-15.428571429
  0
LINE
  5
CFF
330
A02
100
AcDbEntity
  8
ProjItem
100
AcDbLine
 10
105.420418967
 20
165.258673643
 30
0.000000000
 11
105.526794595
 21
165.724735720
 31
0.000000000
  0
ARC
  5
D00
330
A02
100
AcDbEntity
  8
ProjItem
100
AcDbCircle
 10
105.379205157
 20
165.751519255
 30
0.000000000
 40
0.150000000
100
AcDbArc
 50
-10.285714286
 51
46.119321886
  0
ARC
  5
D01
330
A02
100
AcDbEntity
  8
ProjItem
100
AcDbCircle
 10
102.985663025
 20
170.404925469
 30
0.000000000
 40
5.186254263
100
AcDbArc
 50
-84.680413948
 51
84.734977087
  0
CIRCLE
  5
D02
330
A02
100
AcDbEntity
  8
ProjItem
100
AcDbCircle
 10
83.987014306
 20
170.395879201
 30
0.000000000
 40
15.000000000
  0
CIRCLE
  5
D03
330
A02
100
AcDbEntity
  8
ProjItem
100
AcDbCircle
 10
83.987014306
 20
170.395879201
 30
0.000000000
 40
25.500000000
  0
ARC
  5
D04
330
A02
100
AcDbEntity
  8
ProjItem
100
AcDbCircle
 10
78.733066306
 20
173.429247493
 30
0.000000000
 40
3.500002969
100
AcDbArc
 50
59.925372163
 51
-119.925372163
  0
LINE
  5
D05
330
A02
100
AcDbEntity
  8
ProjItem
100
AcDbLine
 10
80.487014306
 20
176.458057027
 30
0.000000000
 11
87.487014306
 21
176.458057027
 31
0.000000000
  0
ARC
  5
D06
330
A02
100
AcDbEntity
  8
ProjItem
100
AcDbCircle
 10
89.246370306
 20
173.432369803
 30
0.000000000
 40
3.500016673
100
AcDbArc
 50
-60.176853146
 51
120.176853146
  0
LINE
  5
D07
330
A02
100
AcDbEntity
  8
ProjItem
100
AcDbLine
 10
90.987014306
 20
170.395879201
 30
0.000000000
 11
87.487014306
 21
164.333701374
 31
0.000000000
  0
ARC
  5
D08
330
A02
100
AcDbEntity
  8
ProjItem
100
AcDbCircle
 10
83.987014307
 20
164.324523201
 30
0.000000000
 40
3.500012034
100
AcDbArc
 50
179.849754440
 51
0.150248400
  0
LINE
  5
D09
330
A02
100
AcDbEntity
  8
ProjItem
100
AcDbLine
 10
76.987014306
 20
170.395879201
 30
0.000000000
 11
80.487014306
 21
164.333701201
 31
0.000000000
  0
CIRCLE
  5
D0A
330
A02
100
AcDbEntity
  8
ProjItem001
100
AcDbCircle
 10
83.987014306
 20
52.895879001
 30
0.000000000
 40
25.500000000
  0
ARC
  5
D0B
330
A02
100
AcDbEntity
  8
ProjItem001
100
AcDbCircle
 10
78.733066306
 20
49.862510709
 30
0.000000000
 40
3.500002969
100
AcDbArc
 50
119.925372163
 51
-59.925372163
  0
LINE
  5
D0C
330
A02
100
AcDbEntity
  8
ProjItem001
100
AcDbLine
 10
80.487014306
 20
46.833701174
 30
0.000000000
 11
87.487014306
 21
46.833701174
 31
0.000000000
  0
ARC
  5
D0D
330
A02
100
AcDbEntity
  8
ProjItem001
100
AcDbCircle
 10
89.246370306
 20
49.859388399
 30
0.000000000
 40
3.500016673
100
AcDbArc
 50
-120.176853146
 51
60.176853146
  0
LINE
  5
D0E
330
A02
100
AcDbEntity
  8
ProjItem001
100
AcDbLine
 10
90.987014306
 20
52.895879001
 30
0.000000000
 11
87.487014306
 21
58.958056827
 31
0.000000000
  0
ARC
  5
D0F
330
A02
100
AcDbEntity
  8
ProjItem001
100
AcDbCircle
 10
83.987014307
 20
58.967235001
 30
0.000000000
 40
3.500012034
100
AcDbArc
 50
-0.150248400
 51
-179.849754440
  0
LINE
  5
D10
330
A02
100
AcDbEntity
  8
ProjItem001
100
AcDbLine
 10
76.987014306
 20
52.895879001
 30
0.000000000
 11
80.487014306
 21
58.958057001
 31
0.000000000
  0
CIRCLE
  5
D11
330
A02
100
AcDbEntity
  8
ProjItem001
100
AcDbCircle
 10
83.987014306
 20
52.895879001
 30
0.000000000
 40
23.500000000
  0
CIRCLE
  5
D12
330
A02
100
AcDbEntity
  8
ProjItem001
100
AcDbCircle
 10
83.987014306
 20
52.895879001
 30
0.000000000
 40
12.500000000
  0
ARC
  5
D13
330
A02
100
AcDbEntity
  8
ProjItem001
100
AcDbCircle
 10
76.192785672
 20
57.395879001
 30
0.000000000
 40
1.260000000
100
AcDbArc
 50
-173.577527303
 51
-120.000000000
  0
SPLINE
  5
D14
330
A02
100
AcDbEntity
  8
ProjItem001
100
AcDbSpline
210
0
220
0
230
1
 70
8
 71
3
 72
11
 73
7
 74
0
 40
0.000000000
 40
0.000000000
 40
0.000000000
 40
0.000000000
 40
0.482752359
 40
0.482752359
 40
0.482752359
 40
0.928164285
 40
0.928164285
 40
0.928164285
 40
0.928164285
 10
76.389880055
 20
58.892961019
 30
0.000000000
 10
75.939183254
 20
58.913953549
 30
0.000000000
 10
75.489608376
 20
58.715380146
 30
0.000000000
 10
75.213784919
 20
58.373604509
 30
0.000000000
 10
74.955710696
 20
58.062019679
 30
0.000000000
 10
74.852495355
 20
57.636366913
 30
0.000000000
 10
74.940693278
 20
57.254937036
 30
0.000000000
  0
SPLINE
  5
D15
330
A02
100
AcDbEntity
  8
ProjItem001
100
AcDbSpline
210
0
220
0
230
1
 70
8
 71
3
 72
8
 73
4
 74
0
 40
0.000000000
 40
0.000000000
 40
0.000000000
 40
0.000000000
 40
1.000000000
 40
1.000000000
 40
1.000000000
 40
1.000000000
 10
77.390749136
 20
58.315109337
 30
0.000000000
 10
77.151029630
 20
58.630147085
 30
0.000000000
 10
76.782569677
 20
58.842877134
 30
0.000000000
 10
76.389880066
 20
58.892961021
 30
0.000000000
  0
SPLINE
  5
D16
330
A02
100
AcDbEntity
  8
ProjItem001
100
AcDbSpline
210
0
220
0
230
1
 70
8
 71
3
 72
11
 73
7
 74
0
 40
0.071831030
 40
0.071831030
 40
0.071831030
 40
0.071831030
 40
0.517247664
 40
0.517247664
 40
0.517247664
 40
1.000000000
 40
1.000000000
 40
1.000000000
 40
1.000000000
 10
76.696747919
 20
56.241053449
 30
0.000000000
 10
77.071183319
 20
56.355381938
 30
0.000000000
 10
77.388211295
 20
56.657597926
 30
0.000000000
 10
77.529019472
 20
57.036894792
 30
0.000000000
 10
77.687097916
 20
57.446654634
 30
0.000000000
 10
77.634279985
 20
57.935288673
 30
0.000000000
 10
77.390749166
 20
58.315109330
 30
0.000000000
  0
ARC
  5
D17
330
A02
100
AcDbEntity
  8
ProjItem001
100
AcDbCircle
 10
76.192785672
 20
57.395879001
 30
0.000000000
 40
1.260000000
100
AcDbArc
 50
-120.000000000
 51
-66.423694666
  0
ARC
  5
D18
330
A02
100
AcDbEntity
  8
ProjItem001
100
AcDbCircle
 10
91.781242941
 20
57.395879001
 30
0.000000000
 40
1.260000000
100
AcDbArc
 50
66.422472697
 51
120.000000000
  0
SPLINE
  5
D19
330
A02
100
AcDbEntity
  8
ProjItem001
100
AcDbSpline
210
0
220
0
230
1
 70
8
 71
3
 72
11
 73
7
 74
0
 40
0.000000000
 40
0.000000000
 40
0.000000000
 40
0.000000000
 40
0.482752359
 40
0.482752359
 40
0.482752359
 40
0.928164285
 40
0.928164285
 40
0.928164285
 40
0.928164285
 10
92.979206809
 20
56.476649249
 30
0.000000000
 10
93.222735273
 20
56.856467864
 30
0.000000000
 10
93.275553101
 20
57.345097831
 30
0.000000000
 10
93.117478445
 20
57.754855769
 30
0.000000000
 10
92.976675179
 20
58.134147018
 30
0.000000000
 10
92.659656740
 20
58.436360508
 30
0.000000000
 10
92.285229816
 20
58.550693805
 30
0.000000000
  0
SPLINE
  5
D1A
330
A02
100
AcDbEntity
  8
ProjItem001
100
AcDbSpline
210
0
220
0
230
1
 70
8
 71
3
 72
8
 73
4
 74
0
 40
0.000000000
 40
0.000000000
 40
0.000000000
 40
0.000000000
 40
1.000000000
 40
1.000000000
 40
1.000000000
 40
1.000000000
 10
91.978338032
 20
55.898797041
 30
0.000000000
 10
92.371028478
 20
55.948881348
 30
0.000000000
 10
92.739488081
 20
56.161612004
 30
0.000000000
 10
92.979206805
 20
56.476649239
 30
0.000000000
  0
SPLINE
  5
D1B
330
A02
100
AcDbEntity
  8
ProjItem001
100
AcDbSpline
210
0
220
0
230
1
 70
8
 71
3
 72
11
 73
7
 74
0
 40
0.071831030
 40
0.071831030
 40
0.071831030
 40
0.071831030
 40
0.517247664
 40
0.517247664
 40
0.517247664
 40
1.000000000
 40
1.000000000
 40
1.000000000
 40
1.000000000
 10
90.529153552
 20
57.536847669
 30
0.000000000
 10
90.440947228
 20
57.155412856
 30
0.000000000
 10
90.544159963
 20
56.729750581
 30
0.000000000
 10
90.802236596
 20
56.418158689
 30
0.000000000
 10
91.078059807
 20
56.076378820
 30
0.000000000
 10
91.527638264
 20
55.877803470
 30
0.000000000
 10
91.978338010
 20
55.898797018
 30
0.000000000
  0
ARC
  5
D1C
330
A02
100
AcDbEntity
  8
ProjItem001
100
AcDbCircle
 10
91.781242941
 20
57.395879001
 30
0.000000000
 40
1.260000000
100
AcDbArc
 50
120.000000000
 51
173.576305334
  0
ARC
  5
D1D
330
A02
100
AcDbEntity
  8
ProjItem001
100
AcDbCircle
 10
83.987014306
 20
43.895879001
 30
0.000000000
 40
1.260000000
100
AcDbArc
 50
-53.577527303
 51
0.000000000
  0
SPLINE
  5
D1E
330
A02
100
AcDbEntity
  8
ProjItem001
100
AcDbSpline
210
0
220
0
230
1
 70
8
 71
3
 72
11
 73
7
 74
0
 40
0.000000000
 40
0.000000000
 40
0.000000000
 40
0.000000000
 40
0.482752359
 40
0.482752359
 40
0.482752359
 40
0.928164285
 40
0.928164285
 40
0.928164285
 40
0.928164285
 10
82.591956056
 20
43.318026734
 30
0.000000000
 10
82.799124392
 20
42.917215590
 30
0.000000000
 10
83.195881443
 20
42.627159026
 30
0.000000000
 10
83.629779555
 20
42.559176724
 30
0.000000000
 10
84.028657045
 20
42.491470306
 30
0.000000000
 10
84.448890824
 20
42.614909582
 30
0.000000000
 10
84.735119825
 20
42.882006162
 30
0.000000000
  0
ARC
  5
D1F
330
A02
100
AcDbEntity
  8
ProjItem001
100
AcDbCircle
 10
83.987014306
 20
43.895879001
 30
0.000000000
 40
1.260000000
100
AcDbArc
 50
0.000000000
 51
53.576305334
  0
SPLINE
  5
D20
330
A02
100
AcDbEntity
  8
ProjItem001
100
AcDbSpline
210
0
220
0
230
1
 70
8
 71
3
 72
8
 73
4
 74
0
 40
0.000000000
 40
0.000000000
 40
0.000000000
 40
0.000000000
 40
1.000000000
 40
1.000000000
 40
1.000000000
 40
1.000000000
 10
82.591955752
 20
44.473730625
 30
0.000000000
 10
82.438984811
 20
44.108608569
 30
0.000000000
 10
82.438985162
 20
43.683147865
 30
0.000000000
 10
82.591956048
 20
43.318026743
 30
0.000000000
  0
SPLINE
  5
D21
330
A02
100
AcDbEntity
  8
ProjItem001
100
AcDbSpline
210
0
220
0
230
1
 70
8
 71
3
 72
11
 73
7
 74
0
 40
0.071831030
 40
0.071831030
 40
0.071831030
 40
0.071831030
 40
0.517247664
 40
0.517247664
 40
0.517247664
 40
1.000000000
 40
1.000000000
 40
1.000000000
 40
1.000000000
 10
84.735141448
 20
44.909735885
 30
0.000000000
 10
84.448912372
 20
45.176842209
 30
0.000000000
 10
84.028671661
 20
45.300288496
 30
0.000000000
 10
83.629786851
 20
45.232583522
 30
0.000000000
 10
83.195885196
 20
45.164603548
 30
0.000000000
 10
82.799124671
 20
44.874544859
 30
0.000000000
 10
82.591955743
 20
44.473730655
 30
0.000000000
  0
SPLINE
  5
D22
330
A02
100
AcDbEntity
  8
ProjItem001
100
AcDbSpline
210
0
220
0
230
1
 70
8
 71
3
 72
26
 73
22
 74
0
 40
0.000057863
 40
0.000057863
 40
0.000057863
 40
0.000057863
 40
0.145690680
 40
0.145690680
 40
0.145690680
 40
0.267344730
 40
0.267344730
 40
0.267344730
 40
0.414484302
 40
0.414484302
 40
0.414484302
 40
0.561880827
 40
0.561880827
 40
0.561880827
 40
0.747605624
 40
0.747605624
 40
0.747605624
 40
0.845115294
 40
0.845115294
 40
0.845115294
 40
1.000000000
 40
1.000000000
 40
1.000000000
 40
1.000000000
 10
74.940693279
 20
57.254937037
 30
0.000000000
 10
74.902765583
 20
57.580303572
 30
0.000000000
 10
74.999050590
 20
57.918524617
 30
0.000000000
 10
75.202650006
 20
58.175129514
 30
0.000000000
 10
75.371264483
 20
58.390414805
 30
0.000000000
 10
75.612056992
 20
58.547726362
 30
0.000000000
 10
75.876942704
 20
58.615650791
 30
0.000000000
 10
76.197044683
 20
58.699928405
 30
0.000000000
 10
76.549401658
 20
58.650226862
 30
0.000000000
 10
76.833703246
 20
58.480694499
 30
0.000000000
 10
77.119880656
 20
58.313193916
 30
0.000000000
 10
77.333662317
 20
58.027837652
 30
0.000000000
 10
77.413993518
 20
57.706123096
 30
0.000000000
 10
77.520270315
 20
57.301156451
 30
0.000000000
 10
77.405489491
 20
56.847691846
 30
0.000000000
 10
77.119391419
 20
56.542062985
 30
0.000000000
 10
76.971126387
 20
56.380760264
 30
0.000000000
 10
76.779939368
 20
56.259423469
 30
0.000000000
 10
76.570862114
 20
56.193939650
 30
0.000000000
 10
76.238901792
 20
56.087797710
 30
0.000000000
 10
75.863772419
 20
56.129014345
 30
0.000000000
 10
75.562785672
 20
56.304686992
 30
0.000000000
  0
SPLINE
  5
D23
330
A02
100
AcDbEntity
  8
ProjItem001
100
AcDbSpline
210
0
220
0
230
1
 70
8
 71
3
 72
8
 73
4
 74
0
 40
2.757583365
 40
2.757583365
 40
2.757583365
 40
2.757583365
 40
3.545465245
 40
3.545465245
 40
3.545465245
 40
3.545465245
 10
76.389880055
 20
58.892961019
 30
0.000000000
 10
76.782570832
 20
58.842876878
 30
0.000000000
 10
77.151030326
 20
58.630146387
 30
0.000000000
 10
77.390749819
 20
58.315108296
 30
0.000000000
  0
SPLINE
  5
D24
330
A02
100
AcDbEntity
  8
ProjItem001
100
AcDbSpline
210
0
220
0
230
1
 70
8
 71
3
 72
26
 73
22
 74
0
 40
0.000057863
 40
0.000057863
 40
0.000057863
 40
0.000057863
 40
0.145690680
 40
0.145690680
 40
0.145690680
 40
0.267344730
 40
0.267344730
 40
0.267344730
 40
0.414484302
 40
0.414484302
 40
0.414484302
 40
0.561880827
 40
0.561880827
 40
0.561880827
 40
0.747605624
 40
0.747605624
 40
0.747605624
 40
0.845115294
 40
0.845115294
 40
0.845115294
 40
1.000000000
 40
1.000000000
 40
1.000000000
 40
1.000000000
 10
92.285229816
 20
58.550693804
 30
0.000000000
 10
92.585969349
 20
58.420856884
 30
0.000000000
 10
92.830734862
 20
58.168361099
 30
0.000000000
 10
92.951161514
 20
57.863736385
 30
0.000000000
 10
93.053296806
 20
57.610069319
 30
0.000000000
 10
93.069136357
 20
57.322881110
 30
0.000000000
 10
92.995517781
 20
57.059521140
 30
0.000000000
 10
92.908453347
 20
56.740165888
 30
0.000000000
 10
92.689232060
 20
56.459866567
 30
0.000000000
 10
92.400261933
 20
56.298420352
 30
0.000000000
 10
92.112113468
 20
56.134333735
 30
0.000000000
 10
91.758096864
 20
56.091871519
 30
0.000000000
 10
91.439318286
 20
56.183159936
 30
0.000000000
 10
91.035468484
 20
56.293604852
 30
0.000000000
 10
90.700147029
 20
56.619740265
 30
0.000000000
 10
90.578513707
 20
57.020322893
 30
0.000000000
 10
90.512953970
 20
57.229375538
 30
0.000000000
 10
90.503466732
 20
57.455616750
 30
0.000000000
 10
90.551294708
 20
57.669424873
 30
0.000000000
 10
90.625353252
 20
58.009981915
 30
0.000000000
 10
90.848612592
 20
58.314245165
 30
0.000000000
 10
91.151242941
 20
58.487071010
 30
0.000000000
  0
SPLINE
  5
D25
330
A02
100
AcDbEntity
  8
ProjItem001
100
AcDbSpline
210
0
220
0
230
1
 70
8
 71
3
 72
8
 73
4
 74
0
 40
2.757583365
 40
2.757583365
 40
2.757583365
 40
2.757583365
 40
3.545465245
 40
3.545465245
 40
3.545465245
 40
3.545465245
 10
92.979206809
 20
56.476649249
 30
0.000000000
 10
92.739487281
 20
56.161611131
 30
0.000000000
 10
92.371027525
 20
55.948881095
 30
0.000000000
 10
91.978336789
 20
55.898796970
 30
0.000000000
  0
SPLINE
  5
D26
330
A02
100
AcDbEntity
  8
ProjItem001
100
AcDbSpline
210
0
220
0
230
1
 70
8
 71
3
 72
26
 73
22
 74
0
 40
0.000057863
 40
0.000057863
 40
0.000057863
 40
0.000057863
 40
0.145690680
 40
0.145690680
 40
0.145690680
 40
0.267344730
 40
0.267344730
 40
0.267344730
 40
0.414484302
 40
0.414484302
 40
0.414484302
 40
0.561880827
 40
0.561880827
 40
0.561880827
 40
0.747605624
 40
0.747605624
 40
0.747605624
 40
0.845115294
 40
0.845115294
 40
0.845115294
 40
1.000000000
 40
1.000000000
 40
1.000000000
 40
1.000000000
 10
84.735119825
 20
42.882006162
 30
0.000000000
 10
84.472307987
 20
42.686476547
 30
0.000000000
 10
84.131257467
 20
42.600751287
 30
0.000000000
 10
83.807231400
 20
42.648771104
 30
0.000000000
 10
83.536481630
 20
42.687152880
 30
0.000000000
 10
83.279849571
 20
42.817029530
 30
0.000000000
 10
83.088582433
 20
43.012465072
 30
0.000000000
 10
82.855544890
 20
43.247542710
 30
0.000000000
 10
82.722409201
 20
43.577543574
 30
0.000000000
 10
82.727077740
 20
43.908522152
 30
0.000000000
 10
82.729048795
 20
44.240109351
 30
0.000000000
 10
82.869283739
 20
44.567927832
 30
0.000000000
 10
83.107731116
 20
44.798353970
 30
0.000000000
 10
83.405304120
 20
45.092875700
 30
0.000000000
 10
83.855406400
 20
45.220204892
 30
0.000000000
 10
84.263137793
 20
45.125251125
 30
0.000000000
 10
84.476962563
 20
45.077501201
 30
0.000000000
 10
84.677636819
 20
44.972596783
 30
0.000000000
 10
84.838886097
 20
44.824272480
 30
0.000000000
 10
85.096787875
 20
44.589857378
 30
0.000000000
 10
85.248657909
 20
44.244377493
 30
0.000000000
 10
85.247014306
 20
43.895879001
 30
0.000000000
  0
SPLINE
  5
D27
330
A02
100
AcDbEntity
  8
ProjItem001
100
AcDbSpline
210
0
220
0
230
1
 70
8
 71
3
 72
8
 73
4
 74
0
 40
2.757583365
 40
2.757583365
 40
2.757583365
 40
2.757583365
 40
3.545465245
 40
3.545465245
 40
3.545465245
 40
3.545465245
 10
82.591956056
 20
43.318026734
 30
0.000000000
 10
82.438984806
 20
43.683148994
 30
0.000000000
 10
82.438985068
 20
44.108609521
 30
0.000000000
 10
82.591956312
 20
44.473731737
 30
0.000000000
  0
SPLINE
  5
D28
330
A02
100
AcDbEntity
  8
ProjItem001
100
AcDbSpline
210
0
220
0
230
1
 70
8
 71
3
 72
23
 73
19
 74
0
 40
0.148832381
 40
0.148832381
 40
0.148832381
 40
0.148832381
 40
0.272797332
 40
0.272797332
 40
0.272797332
 40
0.376353015
 40
0.376353015
 40
0.376353015
 40
0.501569766
 40
0.501569766
 40
0.501569766
 40
0.626951497
 40
0.626951497
 40
0.626951497
 40
0.736216645
 40
0.736216645
 40
0.736216645
 40
0.851172621
 40
0.851172621
 40
0.851172621
 40
0.851172621
 10
74.940693280
 20
57.254937037
 30
0.000000000
 10
74.902764724
 20
57.580308995
 30
0.000000000
 10
74.999054820
 20
57.918533755
 30
0.000000000
 10
75.202654204
 20
58.175134848
 30
0.000000000
 10
75.371272387
 20
58.390422526
 30
0.000000000
 10
75.612070539
 20
58.547734223
 30
0.000000000
 10
75.876961330
 20
58.615655613
 30
0.000000000
 10
76.196984893
 20
58.699906367
 30
0.000000000
 10
76.549246155
 20
58.650247950
 30
0.000000000
 10
76.833507763
 20
58.480809967
 30
0.000000000
 10
77.119519328
 20
58.313472604
 30
0.000000000
 10
77.333263390
 20
58.028432046
 30
0.000000000
 10
77.413771850
 20
57.706994341
 30
0.000000000
 10
77.485796729
 20
57.427540285
 30
0.000000000
 10
77.457219355
 20
57.123688154
 30
0.000000000
 10
77.334352249
 20
56.862563193
 30
0.000000000
 10
77.206703355
 20
56.587046033
 30
0.000000000
 10
76.975446244
 20
56.361622433
 30
0.000000000
 10
76.696747918
 20
56.241053450
 30
0.000000000
  0
SPLINE
  5
D29
330
A02
100
AcDbEntity
  8
ProjItem001
100
AcDbSpline
210
0
220
0
230
1
 70
8
 71
3
 72
23
 73
19
 74
0
 40
0.148832381
 40
0.148832381
 40
0.148832381
 40
0.148832381
 40
0.272797332
 40
0.272797332
 40
0.272797332
 40
0.376353015
 40
0.376353015
 40
0.376353015
 40
0.501569766
 40
0.501569766
 40
0.501569766
 40
0.626951497
 40
0.626951497
 40
0.626951497
 40
0.736216645
 40
0.736216645
 40
0.736216645
 40
0.851172621
 40
0.851172621
 40
0.851172621
 40
0.851172621
 10
92.285229815
 20
58.550693803
 30
0.000000000
 10
92.585974475
 20
58.420854916
 30
0.000000000
 10
92.830740662
 20
58.168352867
 30
0.000000000
 10
92.951164034
 20
57.863730082
 30
0.000000000
 10
93.053299542
 20
57.610058613
 30
0.000000000
 10
93.069136391
 20
57.322865448
 30
0.000000000
 10
92.995512645
 20
57.059502599
 30
0.000000000
 10
92.908464157
 20
56.740228686
 30
0.000000000
 10
92.689328075
 20
56.459990693
 30
0.000000000
 10
92.400459673
 20
56.298531910
 30
0.000000000
 10
92.112535483
 20
56.134507311
 30
0.000000000
 10
91.758811088
 20
56.091919802
 30
0.000000000
 10
91.440183640
 20
56.182916284
 30
0.000000000
 10
91.162156888
 20
56.260267937
 30
0.000000000
 10
90.913301911
 20
56.436942734
 30
0.000000000
 10
90.748594615
 20
56.673911249
 30
0.000000000
 10
90.573814201
 20
56.922217015
 30
0.000000000
 10
90.494220193
 20
57.235203348
 30
0.000000000
 10
90.529153553
 20
57.536847669
 30
0.000000000
  0
SPLINE
  5
D2A
330
A02
100
AcDbEntity
  8
ProjItem001
100
AcDbSpline
210
0
220
0
230
1
 70
8
 71
3
 72
23
 73
19
 74
0
 40
0.148832381
 40
0.148832381
 40
0.148832381
 40
0.148832381
 40
0.272797332
 40
0.272797332
 40
0.272797332
 40
0.376353015
 40
0.376353015
 40
0.376353015
 40
0.501569766
 40
0.501569766
 40
0.501569766
 40
0.626951497
 40
0.626951497
 40
0.626951497
 40
0.736216645
 40
0.736216645
 40
0.736216645
 40
0.851172621
 40
0.851172621
 40
0.851172621
 40
0.851172621
 10
84.735119824
 20
42.882006163
 30
0.000000000
 10
84.472303720
 20
42.686473091
 30
0.000000000
 10
84.131247438
 20
42.600750380
 30
0.000000000
 10
83.807224681
 20
42.648772073
 30
0.000000000
 10
83.536470991
 20
42.687155863
 30
0.000000000
 10
83.279835990
 20
42.817037332
 30
0.000000000
 10
83.088568944
 20
43.012478791
 30
0.000000000
 10
82.855593870
 20
43.247501949
 30
0.000000000
 10
82.722468690
 20
43.577398360
 30
0.000000000
 10
82.727075483
 20
43.908295125
 30
0.000000000
 10
82.728988108
 20
44.239657088
 30
0.000000000
 10
82.868968441
 20
44.567285154
 30
0.000000000
 10
83.107087430
 20
44.797726378
 30
0.000000000
 10
83.313089302
 20
44.999828782
 30
0.000000000
 10
83.590521653
 20
45.127006115
 30
0.000000000
 10
83.878096055
 20
45.151162560
 30
0.000000000
 10
84.180525363
 20
45.178373955
 30
0.000000000
 10
84.491376483
 20
45.090811222
 30
0.000000000
 10
84.735141448
 20
44.909735884
 30
0.000000000
  0
SPLINE
  5
D2B
330
A02
100
AcDbEntity
  8
ProjItem001
100
AcDbSpline
210
0
220
0
230
1
 70
8
 71
3
 72
14
 73
10
 74
0
 40
0.222848547
 40
0.222848547
 40
0.222848547
 40
0.222848547
 40
0.376371233
 40
0.376371233
 40
0.376371233
 40
0.501563087
 40
0.501563087
 40
0.501563087
 40
0.630294048
 40
0.630294048
 40
0.630294048
 40
0.630294048
 10
75.010432143
 20
57.831355901
 30
0.000000000
 10
75.148113184
 20
58.213691724
 30
0.000000000
 10
75.482824982
 20
58.516653146
 30
0.000000000
 10
75.876980040
 20
58.615660458
 30
0.000000000
 10
76.196927617
 20
58.699885001
 30
0.000000000
 10
76.549096055
 20
58.650268193
 30
0.000000000
 10
76.833318785
 20
58.480921549
 30
0.000000000
 10
77.127087737
 20
58.309241989
 30
0.000000000
 10
77.344322305
 20
58.013219144
 30
0.000000000
 10
77.419988290
 20
57.681490157
 30
0.000000000
  0
SPLINE
  5
D2C
330
A02
100
AcDbEntity
  8
ProjItem001
100
AcDbSpline
210
0
220
0
230
1
 70
8
 71
2
 72
6
 73
3
 74
0
 40
0.660370655
 40
0.660370655
 40
0.660370655
 40
0.679092195
 40
0.679092195
 40
0.679092195
 10
77.451792708
 20
57.445891828
 30
0.000000000
 10
77.454733418
 20
57.371763986
 30
0.000000000
 10
77.448962816
 20
57.297802590
 30
0.000000000
  0
SPLINE
  5
D2D
330
A02
100
AcDbEntity
  8
ProjItem001
100
AcDbSpline
210
0
220
0
230
1
 70
8
 71
3
 72
8
 73
4
 74
0
 40
0.715082287
 40
0.715082287
 40
0.715082287
 40
0.715082287
 40
0.821651988
 40
0.821651988
 40
0.821651988
 40
0.821651988
 10
77.394994717
 20
57.018661048
 30
0.000000000
 10
77.311382401
 20
56.749809530
 30
0.000000000
 10
77.134323198
 20
56.511483514
 30
0.000000000
 10
76.901113022
 20
56.353826991
 30
0.000000000
  0
SPLINE
  5
D2E
330
A02
100
AcDbEntity
  8
ProjItem001
100
AcDbSpline
210
0
220
0
230
1
 70
8
 71
1
 72
4
 73
2
 74
0
 40
0.850588086
 40
0.850588086
 40
0.851168170
 40
0.851168170
 10
76.700954903
 20
56.242898516
 30
0.000000000
 10
76.696747913
 20
56.241053462
 30
0.000000000
  0
SPLINE
  5
D2F
330
A02
100
AcDbEntity
  8
ProjItem001
100
AcDbSpline
210
0
220
0
230
1
 70
8
 71
3
 72
14
 73
10
 74
0
 40
0.222848637
 40
0.222848637
 40
0.222848637
 40
0.222848637
 40
0.376371233
 40
0.376371233
 40
0.376371233
 40
0.501563087
 40
0.501563087
 40
0.501563087
 40
0.630294048
 40
0.630294048
 40
0.630294048
 40
0.630294048
 10
92.749554219
 20
58.202088197
 30
0.000000000
 10
93.011825899
 20
57.891685040
 30
0.000000000
 10
93.106842097
 20
57.450335692
 30
0.000000000
 10
92.995507485
 20
57.059483972
 30
0.000000000
 10
92.908474291
 20
56.740288972
 30
0.000000000
 10
92.689420656
 20
56.460110562
 30
0.000000000
 10
92.400650795
 20
56.298639779
 30
0.000000000
 10
92.105087459
 20
56.130068184
 30
0.000000000
 10
91.740106871
 20
56.089948952
 30
0.000000000
 10
91.414988148
 20
56.190284780
 30
0.000000000
  0
SPLINE
  5
D30
330
A02
100
AcDbEntity
  8
ProjItem001
100
AcDbSpline
210
0
220
0
230
1
 70
8
 71
2
 72
6
 73
3
 74
0
 40
0.660371150
 40
0.660371150
 40
0.660371150
 40
0.679092195
 40
0.679092195
 40
0.679092195
 10
91.195048338
 20
56.280542331
 30
0.000000000
 10
91.129383234
 20
56.315058813
 30
0.000000000
 10
91.068217706
 20
56.357035888
 30
0.000000000
  0
SPLINE
  5
D31
330
A02
100
AcDbEntity
  8
ProjItem001
100
AcDbSpline
210
0
220
0
230
1
 70
8
 71
3
 72
8
 73
4
 74
0
 40
0.715082110
 40
0.715082110
 40
0.715082110
 40
0.715082110
 40
0.821651988
 40
0.821651988
 40
0.821651988
 40
0.821651988
 10
90.853459038
 20
56.543343371
 30
0.000000000
 10
90.662432400
 20
56.750179649
 30
0.000000000
 10
90.544565249
 20
57.022680860
 30
0.000000000
 10
90.524635753
 20
57.303475527
 30
0.000000000
  0
SPLINE
  5
D32
330
A02
100
AcDbEntity
  8
ProjItem001
100
AcDbSpline
210
0
220
0
230
1
 70
8
 71
1
 72
4
 73
2
 74
0
 40
0.850588086
 40
0.850588086
 40
0.851168170
 40
0.851168170
 10
90.528647935
 20
57.532281780
 30
0.000000000
 10
90.529153567
 20
57.536847667
 30
0.000000000
  0
SPLINE
  5
D33
330
A02
100
AcDbEntity
  8
ProjItem001
100
AcDbSpline
210
0
220
0
230
1
 70
8
 71
3
 72
14
 73
10
 74
0
 40
0.222848765
 40
0.222848765
 40
0.222848765
 40
0.222848765
 40
0.376371233
 40
0.376371233
 40
0.376371233
 40
0.501563087
 40
0.501563087
 40
0.501563087
 40
0.630294048
 40
0.630294048
 40
0.630294048
 40
0.630294048
 10
84.201055311
 20
42.654192064
 30
0.000000000
 10
83.801102730
 20
42.582260095
 30
0.000000000
 10
83.371375372
 20
42.720648363
 30
0.000000000
 10
83.088555394
 20
43.012492572
 30
0.000000000
 10
82.855641011
 20
43.247463030
 30
0.000000000
 10
82.722526209
 20
43.577258248
 30
0.000000000
 10
82.727073339
 20
43.908075675
 30
0.000000000
 10
82.728867723
 20
44.248326830
 30
0.000000000
 10
82.876613743
 20
44.584468907
 30
0.000000000
 10
83.126066481
 20
44.815862066
 30
0.000000000
  0
SPLINE
  5
D34
330
A02
100
AcDbEntity
  8
ProjItem001
100
AcDbSpline
210
0
220
0
230
1
 70
8
 71
2
 72
6
 73
3
 74
0
 40
0.660370736
 40
0.660370736
 40
0.660370736
 40
0.679092195
 40
0.679092195
 40
0.679092195
 10
83.314198952
 20
44.961205007
 30
0.000000000
 10
83.376924939
 20
45.000815453
 30
0.000000000
 10
83.443862398
 20
45.032798524
 30
0.000000000
  0
SPLINE
  5
D35
330
A02
100
AcDbEntity
  8
ProjItem001
100
AcDbSpline
210
0
220
0
230
1
 70
8
 71
3
 72
8
 73
4
 74
0
 40
0.715082259
 40
0.715082259
 40
0.715082259
 40
0.715082259
 40
0.821651988
 40
0.821651988
 40
0.821651988
 40
0.821651988
 10
83.712589898
 20
45.125631503
 30
0.000000000
 10
83.987228362
 20
45.187646936
 30
0.000000000
 10
84.282154436
 20
45.153472193
 30
0.000000000
 10
84.535294145
 20
45.030334485
 30
0.000000000
  0
SPLINE
  5
D36
330
A02
100
AcDbEntity
  8
ProjItem001
100
AcDbSpline
210
0
220
0
230
1
 70
8
 71
1
 72
4
 73
2
 74
0
 40
0.850588086
 40
0.850588086
 40
0.851168170
 40
0.851168170
 10
84.731440081
 20
44.912456707
 30
0.000000000
 10
84.735141440
 20
44.909735873
 30
0.000000000
  0
SPLINE
  5
D37
330
A02
100
AcDbEntity
  8
ProjItem001
100
AcDbSpline
210
0
220
0
230
1
 70
8
 71
3
 72
14
 73
10
 74
0
 40
0.689839572
 40
0.689839572
 40
0.689839572
 40
0.689839572
 40
0.783715049
 40
0.783715049
 40
0.783715049
 40
0.869496279
 40
0.869496279
 40
0.869496279
 40
1.000000000
 40
1.000000000
 40
1.000000000
 40
1.000000000
 10
77.439437855
 20
57.212964357
 30
0.000000000
 10
77.403889631
 20
56.967678165
 30
0.000000000
 10
77.293670703
 20
56.733933525
 30
0.000000000
 10
77.127067761
 20
56.550469999
 30
0.000000000
 10
76.975368437
 20
56.382366009
 30
0.000000000
 10
76.777384359
 20
56.256629620
 30
0.000000000
 10
76.560731476
 20
56.190799984
 30
0.000000000
 10
76.231280446
 20
56.088557698
 30
0.000000000
 10
75.860717224
 20
56.130851575
 30
0.000000000
 10
75.562785462
 20
56.304687114
 30
0.000000000
  0
SPLINE
  5
D38
330
A02
100
AcDbEntity
  8
ProjItem001
100
AcDbSpline
210
0
220
0
230
1
 70
8
 71
3
 72
11
 73
7
 74
0
 40
0.689839572
 40
0.689839572
 40
0.689839572
 40
0.689839572
 40
0.869496279
 40
0.869496279
 40
0.869496279
 40
1.000000000
 40
1.000000000
 40
1.000000000
 40
1.000000000
 10
90.999508121
 20
56.407703862
 30
0.000000000
 10
90.622239626
 20
56.699395439
 30
0.000000000
 10
90.441042035
 20
57.216395017
 30
0.000000000
 10
90.553640996
 20
57.679768096
 30
0.000000000
 10
90.629822094
 20
58.016202200
 30
0.000000000
 10
90.851731277
 20
58.315972427
 30
0.000000000
 10
91.151243151
 20
58.487071131
 30
0.000000000
  0
SPLINE
  5
D39
330
A02
100
AcDbEntity
  8
ProjItem001
100
AcDbSpline
210
0
220
0
230
1
 70
8
 71
3
 72
11
 73
7
 74
0
 40
0.689839572
 40
0.689839572
 40
0.689839572
 40
0.689839572
 40
0.869496279
 40
0.869496279
 40
0.869496279
 40
1.000000000
 40
1.000000000
 40
1.000000000
 40
1.000000000
 10
83.522096943
 20
45.066968783
 30
0.000000000
 10
83.963343506
 20
45.247847095
 30
0.000000000
 10
84.501677069
 20
45.146269023
 30
0.000000000
 10
84.846670447
 20
44.817068923
 30
0.000000000
 10
85.099940379
 20
44.582877104
 30
0.000000000
 10
85.248594419
 20
44.240813002
 30
0.000000000
 10
85.247014306
 20
43.895878758
 30
0.000000000
  0
SPLINE
  5
D3A
330
A02
100
AcDbEntity
  8
ProjItem001
100
AcDbSpline
210
0
220
0
230
1
 70
8
 71
2
 72
6
 73
3
 74
0
 40
0.030680004
 40
0.030680004
 40
0.030680004
 40
0.102768386
 40
0.102768386
 40
0.102768386
 10
75.365419932
 20
56.445581129
 30
0.000000000
 10
75.147175453
 20
56.636732451
 30
0.000000000
 10
75.032997634
 20
56.903444168
 30
0.000000000
  0
SPLINE
  5
D3B
330
A02
100
AcDbEntity
  8
ProjItem001
100
AcDbSpline
210
0
220
0
230
1
 70
8
 71
3
 72
11
 73
7
 74
0
 40
0.695710228
 40
0.695710228
 40
0.695710228
 40
0.695710228
 40
0.869856119
 40
0.869856119
 40
0.869856119
 40
1.000000000
 40
1.000000000
 40
1.000000000
 40
1.000000000
 10
77.431844406
 20
57.167115188
 30
0.000000000
 10
77.352623157
 20
56.712017661
 30
0.000000000
 10
77.001445507
 20
56.319339551
 30
0.000000000
 10
76.558006373
 20
56.189971296
 30
0.000000000
 10
76.229236287
 20
56.088767514
 30
0.000000000
 10
75.859896962
 20
56.131344524
 30
0.000000000
 10
75.562785462
 20
56.304687114
 30
0.000000000
  0
SPLINE
  5
D3C
330
A02
100
AcDbEntity
  8
ProjItem001
100
AcDbSpline
210
0
220
0
230
1
 70
8
 71
2
 72
6
 73
3
 74
0
 40
0.030680004
 40
0.030680004
 40
0.030680004
 40
0.102768386
 40
0.102768386
 40
0.102768386
 10
91.371943713
 20
58.587547686
 30
0.000000000
 10
91.646607853
 20
58.680977289
 30
0.000000000
 10
91.934675885
 20
58.646502322
 30
0.000000000
  0
SPLINE
  5
D3D
330
A02
100
AcDbEntity
  8
ProjItem001
100
AcDbSpline
210
0
220
0
230
1
 70
8
 71
3
 72
11
 73
7
 74
0
 40
0.695710228
 40
0.695710228
 40
0.695710228
 40
0.695710228
 40
0.869856119
 40
0.869856119
 40
0.869856119
 40
1.000000000
 40
1.000000000
 40
1.000000000
 40
1.000000000
 10
90.963598300
 20
56.437204567
 30
0.000000000
 10
90.609082905
 20
56.733360945
 30
0.000000000
 10
90.444602511
 20
57.233828767
 30
0.000000000
 10
90.554285883
 20
57.682542448
 30
0.000000000
 10
90.631025880
 20
58.017867586
 30
0.000000000
 10
90.852568315
 20
58.316436319
 30
0.000000000
 10
91.151243151
 20
58.487071131
 30
0.000000000
  0
SPLINE
  5
D3E
330
A02
100
AcDbEntity
  8
ProjItem001
100
AcDbSpline
210
0
220
0
230
1
 70
8
 71
2
 72
6
 73
3
 74
0
 40
0.030680004
 40
0.030680004
 40
0.030680004
 40
0.102768386
 40
0.102768386
 40
0.102768386
 10
85.223679274
 20
43.654508187
 30
0.000000000
 10
85.167259614
 20
43.369927263
 30
0.000000000
 10
84.993369401
 20
43.137690513
 30
0.000000000
  0
SPLINE
  5
D3F
330
A02
100
AcDbEntity
  8
ProjItem001
100
AcDbSpline
210
0
220
0
230
1
 70
8
 71
3
 72
11
 73
7
 74
0
 40
0.695710228
 40
0.695710228
 40
0.695710228
 40
0.695710228
 40
0.869856119
 40
0.869856119
 40
0.869856119
 40
1.000000000
 40
1.000000000
 40
1.000000000
 40
1.000000000
 10
83.565600213
 20
45.083317247
 30
0.000000000
 10
83.999336857
 20
45.242258397
 30
0.000000000
 10
84.514994901
 20
45.134468685
 30
0.000000000
 10
84.848750663
 20
44.815123258
 30
0.000000000
 10
85.100780752
 20
44.581001903
 30
0.000000000
 10
85.248577643
 20
44.239856160
 30
0.000000000
 10
85.247014306
 20
43.895878758
 30
0.000000000
  0
SPLINE
  5
D40
330
A02
100
AcDbEntity
  8
ProjItem001
100
AcDbSpline
210
0
220
0
230
1
 70
8
 71
3
 72
11
 73
7
 74
0
 40
0.780827721
 40
0.780827721
 40
0.780827721
 40
0.780827721
 40
0.869567797
 40
0.869567797
 40
0.869567797
 40
1.000000000
 40
1.000000000
 40
1.000000000
 40
1.000000000
 10
77.142300649
 20
56.567615400
 30
0.000000000
 10
76.988571674
 20
56.390843089
 30
0.000000000
 10
76.784388150
 20
56.258611535
 30
0.000000000
 10
76.560189518
 20
56.190634678
 30
0.000000000
 10
76.230873681
 20
56.088599330
 30
0.000000000
 10
75.860554337
 20
56.130949546
 30
0.000000000
 10
75.562785420
 20
56.304687138
 30
0.000000000
  0
SPLINE
  5
D41
330
A02
100
AcDbEntity
  8
ProjItem001
100
AcDbSpline
210
0
220
0
230
1
 70
8
 71
3
 72
11
 73
7
 74
0
 40
0.780827721
 40
0.780827721
 40
0.780827721
 40
0.780827721
 40
0.869567797
 40
0.869567797
 40
0.869567797
 40
1.000000000
 40
1.000000000
 40
1.000000000
 40
1.000000000
 10
90.589188133
 20
56.987706711
 30
0.000000000
 10
90.512963309
 20
57.209226064
 30
0.000000000
 10
90.500539185
 20
57.452169959
 30
0.000000000
 10
90.553768816
 20
57.680320098
 30
0.000000000
 10
90.630061531
 20
58.016533654
 30
0.000000000
 10
90.851897567
 20
58.316064504
 30
0.000000000
 10
91.151243193
 20
58.487071155
 30
0.000000000
  0
SPLINE
  5
D42
330
A02
100
AcDbEntity
  8
ProjItem001
100
AcDbSpline
210
0
220
0
230
1
 70
8
 71
3
 72
11
 73
7
 74
0
 40
0.780827721
 40
0.780827721
 40
0.780827721
 40
0.780827721
 40
0.869567797
 40
0.869567797
 40
0.869567797
 40
1.000000000
 40
1.000000000
 40
1.000000000
 40
1.000000000
 10
84.229554138
 20
45.132314892
 30
0.000000000
 10
84.459507937
 20
45.087567850
 30
0.000000000
 10
84.676115584
 20
44.976855509
 30
0.000000000
 10
84.847084585
 20
44.816682226
 30
0.000000000
 10
85.100107707
 20
44.582504019
 30
0.000000000
 10
85.248591015
 20
44.240622952
 30
0.000000000
 10
85.247014306
 20
43.895878709
 30
0.000000000
  0
SPLINE
  5
D43
330
A02
100
AcDbEntity
  8
ProjItem001
100
AcDbSpline
210
0
220
0
230
1
 70
8
 71
3
 72
11
 73
7
 74
0
 40
0.706000679
 40
0.706000679
 40
0.706000679
 40
0.706000679
 40
0.870162191
 40
0.870162191
 40
0.870162191
 40
1.000000000
 40
1.000000000
 40
1.000000000
 40
1.000000000
 10
77.414495751
 20
57.087620901
 30
0.000000000
 10
77.311717025
 20
56.664842840
 30
0.000000000
 10
76.973252290
 20
56.310883722
 30
0.000000000
 10
76.555661507
 20
56.189263877
 30
0.000000000
 10
76.227483292
 20
56.088951615
 30
0.000000000
 10
75.859197691
 20
56.131765464
 30
0.000000000
 10
75.562785167
 20
56.304687284
 30
0.000000000
  0
SPLINE
  5
D44
330
A02
100
AcDbEntity
  8
ProjItem001
100
AcDbSpline
210
0
220
0
230
1
 70
8
 71
3
 72
11
 73
7
 74
0
 40
0.706000679
 40
0.706000679
 40
0.706000679
 40
0.706000679
 40
0.870162191
 40
0.870162191
 40
0.870162191
 40
1.000000000
 40
1.000000000
 40
1.000000000
 40
1.000000000
 10
90.903428556
 20
56.491976087
 30
0.000000000
 10
90.588681378
 20
56.792374105
 30
0.000000000
 10
90.451376157
 20
57.262472723
 30
0.000000000
 10
90.554845673
 20
57.684926871
 30
0.000000000
 10
90.632061813
 20
58.019293674
 30
0.000000000
 10
90.853282495
 20
58.316831435
 30
0.000000000
 10
91.151243446
 20
58.487071301
 30
0.000000000
  0
SPLINE
  5
D45
330
A02
100
AcDbEntity
  8
ProjItem001
100
AcDbSpline
210
0
220
0
230
1
 70
8
 71
3
 72
11
 73
7
 74
0
 40
0.706000679
 40
0.706000679
 40
0.706000679
 40
0.706000679
 40
0.870162191
 40
0.870162191
 40
0.870162191
 40
1.000000000
 40
1.000000000
 40
1.000000000
 40
1.000000000
 10
83.643118612
 20
45.108040015
 30
0.000000000
 10
84.060644517
 20
45.230420058
 30
0.000000000
 10
84.536414473
 20
45.114280558
 30
0.000000000
 10
84.850535739
 20
44.813446255
 30
0.000000000
 10
85.101497814
 20
44.579391714
 30
0.000000000
 10
85.248562733
 20
44.239040103
 30
0.000000000
 10
85.247014306
 20
43.895878418
 30
0.000000000
  0
SPLINE
  5
D46
330
A02
100
AcDbEntity
  8
ProjItem001
100
AcDbSpline
210
0
220
0
230
1
 70
8
 71
3
 72
11
 73
7
 74
0
 40
0.706568663
 40
0.706568663
 40
0.706568663
 40
0.706568663
 40
0.871248905
 40
0.871248905
 40
0.871248905
 40
1.000000000
 40
1.000000000
 40
1.000000000
 40
1.000000000
 10
77.413389791
 20
57.083270556
 30
0.000000000
 10
77.308802635
 20
56.659498090
 30
0.000000000
 10
76.967189252
 20
56.305937852
 30
0.000000000
 10
76.547424906
 20
56.186817438
 30
0.000000000
 10
76.221322348
 20
56.089603807
 30
0.000000000
 10
75.856716944
 20
56.133254185
 30
0.000000000
 10
75.562785125
 20
56.304687308
 30
0.000000000
  0
SPLINE
  5
D47
330
A02
100
AcDbEntity
  8
ProjItem001
100
AcDbSpline
210
0
220
0
230
1
 70
8
 71
3
 72
11
 73
7
 74
0
 40
0.706568663
 40
0.706568663
 40
0.706568663
 40
0.706568663
 40
0.871248905
 40
0.871248905
 40
0.871248905
 40
1.000000000
 40
1.000000000
 40
1.000000000
 40
1.000000000
 10
90.900214027
 20
56.495109049
 30
0.000000000
 10
90.585509884
 20
56.797570416
 30
0.000000000
 10
90.450124428
 20
57.270196403
 30
0.000000000
 10
90.556845296
 20
57.693283197
 30
0.000000000
 10
90.635707100
 20
58.024303112
 30
0.000000000
 10
90.855812139
 20
58.318235466
 30
0.000000000
 10
91.151243488
 20
58.487071326
 30
0.000000000
  0
SPLINE
  5
D48
330
A02
100
AcDbEntity
  8
ProjItem001
100
AcDbSpline
210
0
220
0
230
1
 70
8
 71
3
 72
11
 73
7
 74
0
 40
0.706568663
 40
0.706568663
 40
0.706568663
 40
0.706568663
 40
0.871248905
 40
0.871248905
 40
0.871248905
 40
1.000000000
 40
1.000000000
 40
1.000000000
 40
1.000000000
 10
83.647439102
 20
45.109257398
 30
0.000000000
 10
84.066730401
 20
45.230568497
 30
0.000000000
 10
84.543729240
 20
45.111502748
 30
0.000000000
 10
84.856772718
 20
44.807536367
 30
0.000000000
 10
85.104013471
 20
44.573730084
 30
0.000000000
 10
85.248513837
 20
44.236147352
 30
0.000000000
 10
85.247014306
 20
43.895878369
 30
0.000000000
  0
SPLINE
  5
D49
330
A02
100
AcDbEntity
  8
ProjItem001
100
AcDbSpline
210
0
220
0
230
1
 70
8
 71
3
 72
11
 73
7
 74
0
 40
0.741984023
 40
0.741984023
 40
0.741984023
 40
0.741984023
 40
0.871640410
 40
0.871640410
 40
0.871640410
 40
0.999997401
 40
0.999997401
 40
0.999997401
 40
0.999997401
 10
77.314300353
 20
56.821594459
 30
0.000000000
 10
77.159478295
 20
56.515861880
 30
0.000000000
 10
76.874011912
 20
56.280143949
 30
0.000000000
 10
76.544494598
 20
56.185961926
 30
0.000000000
 10
76.219147529
 20
56.089844864
 30
0.000000000
 10
75.855858079
 20
56.133777176
 30
0.000000000
 10
75.562802778
 20
56.304677116
 30
0.000000000
  0
SPLINE
  5
D4A
330
A02
100
AcDbEntity
  8
ProjItem001
100
AcDbSpline
210
0
220
0
230
1
 70
8
 71
3
 72
11
 73
7
 74
0
 40
0.741984023
 40
0.741984023
 40
0.741984023
 40
0.741984023
 40
0.871640410
 40
0.871640410
 40
0.871640410
 40
0.999997401
 40
0.999997401
 40
0.999997401
 40
0.999997401
 10
90.723140597
 20
56.711761068
 30
0.000000000
 10
90.535779447
 20
56.998707192
 30
0.000000000
 10
90.474374922
 20
57.363787298
 30
0.000000000
 10
90.557569554
 20
57.696248674
 30
0.000000000
 10
90.637003272
 20
58.026066034
 30
0.000000000
 10
90.856694497
 20
58.318717772
 30
0.000000000
 10
91.151225840
 20
58.487061137
 30
0.000000000
  0
SPLINE
  5
D4B
330
A02
100
AcDbEntity
  8
ProjItem001
100
AcDbSpline
210
0
220
0
230
1
 70
8
 71
3
 72
11
 73
7
 74
0
 40
0.741984023
 40
0.741984023
 40
0.741984023
 40
0.741984023
 40
0.871640410
 40
0.871640410
 40
0.871640410
 40
0.999997434
 40
0.999997434
 40
0.999997434
 40
0.999997434
 10
83.923601969
 20
45.154281476
 30
0.000000000
 10
84.265785178
 20
45.173067930
 30
0.000000000
 10
84.612656086
 20
45.043705756
 30
0.000000000
 10
84.858978767
 20
44.805426403
 30
0.000000000
 10
85.104892184
 20
44.571726046
 30
0.000000000
 10
85.248490419
 20
44.235141881
 30
0.000000000
 10
85.247014306
 20
43.895898487
 30
0.000000000
  0
SPLINE
  5
D4C
330
A02
100
AcDbEntity
  8
ProjItem001
100
AcDbSpline
210
0
220
0
230
1
 70
8
 71
3
 72
14
 73
10
 74
0
 40
0.645206364
 40
0.645206364
 40
0.645206364
 40
0.645206364
 40
0.782089750
 40
0.782089750
 40
0.782089750
 40
0.872091496
 40
0.872091496
 40
0.872091496
 40
0.999997365
 40
0.999997365
 40
0.999997365
 40
0.999997365
 10
77.441357366
 20
57.565191943
 30
0.000000000
 10
77.491876756
 20
57.206779680
 30
0.000000000
 10
77.377167610
 20
56.829649561
 30
0.000000000
 10
77.135670806
 20
56.560076785
 30
0.000000000
 10
76.978343897
 20
56.382034196
 30
0.000000000
 10
76.769488069
 20
56.250279603
 30
0.000000000
 10
76.541046878
 20
56.184965108
 30
0.000000000
 10
76.216576707
 20
56.090126257
 30
0.000000000
 10
75.854818754
 20
56.134399908
 30
0.000000000
 10
75.562802941
 20
56.304677022
 30
0.000000000
  0
SPLINE
  5
D4D
330
A02
100
AcDbEntity
  8
ProjItem001
100
AcDbSpline
210
0
220
0
230
1
 70
8
 71
3
 72
14
 73
10
 74
0
 40
0.645206364
 40
0.645206364
 40
0.645206364
 40
0.645206364
 40
0.782089750
 40
0.782089750
 40
0.782089750
 40
0.872091496
 40
0.872091496
 40
0.872091496
 40
0.999997364
 40
0.999997364
 40
0.999997364
 40
0.999997364
 10
91.303586403
 20
56.229927725
 30
0.000000000
 10
90.967932583
 20
56.365382782
 30
0.000000000
 10
90.698682893
 20
56.653288875
 30
0.000000000
 10
90.585974422
 20
56.997217630
 30
0.000000000
 10
90.510448472
 20
57.222488024
 30
0.000000000
 10
90.500773561
 20
57.469239774
 30
0.000000000
 10
90.558430144
 20
57.699732896
 30
0.000000000
 10
90.638532376
 20
58.028151732
 30
0.000000000
 10
90.857753458
 20
58.319306482
 30
0.000000000
 10
91.151225669
 20
58.487061038
 30
0.000000000
  0
SPLINE
  5
D4E
330
A02
100
AcDbEntity
  8
ProjItem001
100
AcDbSpline
210
0
220
0
230
1
 70
8
 71
3
 72
14
 73
10
 74
0
 40
0.645206364
 40
0.645206364
 40
0.645206364
 40
0.645206364
 40
0.782089750
 40
0.782089750
 40
0.782089750
 40
0.872091496
 40
0.872091496
 40
0.872091496
 40
0.999997398
 40
0.999997398
 40
0.999997398
 40
0.999997398
 10
83.216099151
 20
44.892517335
 30
0.000000000
 10
83.501233581
 20
45.115474541
 30
0.000000000
 10
83.885192417
 20
45.204698567
 30
0.000000000
 10
84.239397692
 20
45.130342588
 30
0.000000000
 10
84.472250550
 20
45.083114782
 30
0.000000000
 10
84.690781289
 20
44.968117626
 30
0.000000000
 10
84.861565897
 20
44.802938999
 30
0.000000000
 10
85.105933901
 20
44.569358952
 30
0.000000000
 10
85.248470778
 20
44.233930435
 30
0.000000000
 10
85.247014306
 20
43.895898678
 30
0.000000000
  0
ELLIPSE
  5
D4F
330
A02
100
AcDbEntity
  8
ProjItem002
100
AcDbEllipse
 10
168.814062320
 20
98.980306322
 30
0.000000000
 11
-20.150000000
 21
0.000000000
 31
0.000000000
 40
0.577350269
 41
-6.282542916
 42
-3.164223988
  0
ELLIPSE
  5
D50
330
A02
100
AcDbEntity
  8
ProjItem002
100
AcDbEllipse
 10
190.703074863
 20
104.028772251
 30
0.000000000
 11
-0.150000000
 21
0.000000000
 31
0.000000000
 40
0.577350269
 41
-3.824693240
 42
-3.164032601
  0
ELLIPSE
  5
D51
330
A02
100
AcDbEntity
  8
ProjItem002
100
AcDbEllipse
 10
190.669417766
 20
103.162964882
 30
0.000000000
 11
-0.150000000
 21
0.000000000
 31
0.000000000
 40
0.577350269
 41
-3.141592654
 42
-3.119152706
  0
ELLIPSE
  5
D52
330
A02
100
AcDbEntity
  8
ProjItem002
100
AcDbEllipse
 10
190.669417766
 20
103.162964882
 30
0.000000000
 11
-0.150000000
 21
0.000000000
 31
0.000000000
 40
0.577350269
 41
-3.164032601
 42
-3.141592654
  0
LINE
  5
D53
330
A02
100
AcDbEntity
  8
ProjItem002
100
AcDbLine
 10
190.819380001
 20
103.161021689
 30
0.000000000
 11
190.787222206
 21
102.885645879
 31
0.000000000
  0
ELLIPSE
  5
D54
330
A02
100
AcDbEntity
  8
ProjItem002
100
AcDbEllipse
 10
190.638165374
 20
102.895342287
 30
0.000000000
 11
-0.150000000
 21
0.000000000
 31
0.000000000
 40
0.577350269
 41
-4.824588718
 42
-3.253792391
  0
ELLIPSE
  5
D55
330
A02
100
AcDbEntity
  8
ProjItem002
100
AcDbEllipse
 10
190.805279418
 20
101.967659063
 30
0.000000000
 11
1.469292843
 21
-0.000000000
 31
0.000000000
 40
0.577350269
 41
1.696293672
 42
1.697084006
  0
ELLIPSE
  5
D56
330
A02
100
AcDbEntity
  8
ProjItem002
100
AcDbEllipse
 10
190.470218660
 20
102.034762269
 30
0.000000000
 11
-0.150000000
 21
0.000000000
 31
0.000000000
 40
0.577350269
 41
-3.141592654
 42
-3.029392916
  0
ELLIPSE
  5
D57
330
A02
100
AcDbEntity
  8
ProjItem002
100
AcDbEllipse
 10
190.470218660
 20
102.034762269
 30
0.000000000
 11
-0.150000000
 21
0.000000000
 31
0.000000000
 40
0.577350269
 41
-3.253792391
 42
-3.141592654
  0
LINE
  5
D58
330
A02
100
AcDbEntity
  8
ProjItem002
100
AcDbLine
 10
190.619275492
 20
102.025065861
 30
0.000000000
 11
190.544492350
 21
101.752462904
 31
0.000000000
  0
ELLIPSE
  5
D59
330
A02
100
AcDbEntity
  8
ProjItem002
100
AcDbEllipse
 10
190.397541041
 20
101.769834457
 30
0.000000000
 11
-0.150000000
 21
0.000000000
 31
0.000000000
 40
0.577350269
 41
-4.914348508
 42
-3.343552181
  0
ELLIPSE
  5
D5A
330
A02
100
AcDbEntity
  8
ProjItem002
100
AcDbEllipse
 10
190.419950386
 20
100.837237114
 30
0.000000000
 11
1.469292843
 21
-0.000000000
 31
0.000000000
 40
0.577350269
 41
1.606533882
 42
1.689014949
  0
ELLIPSE
  5
D5B
330
A02
100
AcDbEntity
  8
ProjItem002
100
AcDbEllipse
 10
190.096656917
 20
100.921410675
 30
0.000000000
 11
-0.150000000
 21
0.000000000
 31
0.000000000
 40
0.577350269
 41
-3.141592654
 42
-2.939633126
  0
ELLIPSE
  5
D5C
330
A02
100
AcDbEntity
  8
ProjItem002
100
AcDbEllipse
 10
190.096656917
 20
100.921410675
 30
0.000000000
 11
-0.150000000
 21
0.000000000
 31
0.000000000
 40
0.577350269
 41
-3.343552181
 42
-3.141592654
  0
LINE
  5
D5D
330
A02
100
AcDbEntity
  8
ProjItem002
100
AcDbLine
 10
190.243608227
 20
100.904039122
 30
0.000000000
 11
190.126801850
 21
100.636403857
 31
0.000000000
  0
ELLIPSE
  5
D5E
330
A02
100
AcDbEntity
  8
ProjItem002
100
AcDbEllipse
 10
189.983139227
 20
100.661310689
 30
0.000000000
 11
-0.150000000
 21
0.000000000
 31
0.000000000
 40
0.577350269
 41
-5.004108298
 42
-3.433311971
  0
ELLIPSE
  5
D5F
330
A02
100
AcDbEntity
  8
ProjItem002
100
AcDbEllipse
 10
189.860663447
 20
99.731307952
 30
0.000000000
 11
1.469292843
 21
-0.000000000
 31
0.000000000
 40
0.577350269
 41
1.516774092
 42
1.679171410
  0
ELLIPSE
  5
D60
330
A02
100
AcDbEntity
  8
ProjItem002
100
AcDbEllipse
 10
189.551740236
 20
99.831874152
 30
0.000000000
 11
-0.150000000
 21
0.000000000
 31
0.000000000
 40
0.577350269
 41
-3.141592654
 42
-2.849873336
  0
ELLIPSE
  5
D61
330
A02
100
AcDbEntity
  8
ProjItem002
100
AcDbEllipse
 10
189.551740236
 20
99.831874152
 30
0.000000000
 11
-0.150000000
 21
0.000000000
 31
0.000000000
 40
0.577350269
 41
-3.433311971
 42
-3.141592654
  0
LINE
  5
D62
330
A02
100
AcDbEntity
  8
ProjItem002
100
AcDbLine
 10
189.695402858
 20
99.806967319
 30
0.000000000
 11
189.537513702
 21
99.546454589
 31
0.000000000
  0
ELLIPSE
  5
D63
330
A02
100
AcDbEntity
  8
ProjItem002
100
AcDbEllipse
 10
189.398296454
 20
99.578696165
 30
0.000000000
 11
-0.150000000
 21
0.000000000
 31
0.000000000
 40
0.577350269
 41
-5.093868088
 42
-3.523071762
  0
ELLIPSE
  5
D64
330
A02
100
AcDbEntity
  8
ProjItem002
100
AcDbEllipse
 10
189.131921651
 20
98.658775868
 30
0.000000000
 11
1.469292843
 21
-0.000000000
 31
0.000000000
 40
0.577350269
 41
1.427014302
 42
1.667637458
  0
ELLIPSE
  5
D65
330
A02
100
AcDbEntity
  8
ProjItem002
100
AcDbEllipse
 10
188.839855966
 20
98.774925007
 30
0.000000000
 11
-0.150000000
 21
0.000000000
 31
0.000000000
 40
0.577350269
 41
-3.523071762
 42
-3.141592654
  0
LINE
  5
D66
330
A02
100
AcDbEntity
  8
ProjItem002
100
AcDbLine
 10
188.979073214
 20
98.742683431
 30
0.000000000
 11
188.781372509
 21
98.491390729
 31
0.000000000
  0
ELLIPSE
  5
D67
330
A02
100
AcDbEntity
  8
ProjItem002
100
AcDbEllipse
 10
188.647721530
 20
98.530707460
 30
0.000000000
 11
-0.150000000
 21
0.000000000
 31
0.000000000
 40
0.577350269
 41
-5.183627878
 42
-3.612831552
  0
ELLIPSE
  5
D68
330
A02
100
AcDbEntity
  8
ProjItem002
100
AcDbEllipse
 10
188.239592398
 20
97.628276261
 30
0.000000000
 11
1.469292843
 21
-0.000000000
 31
0.000000000
 40
0.577350269
 41
1.337254511
 42
1.593016272
  0
ELLIPSE
  5
D69
330
A02
100
AcDbEntity
  8
ProjItem002
100
AcDbEllipse
 10
188.271017575
 20
98.155542700
 30
0.000000000
 11
0.559359354
 21
-0.000000000
 31
0.000000000
 40
0.577350269
 41
1.685590204
 42
1.850237709
  0
ELLIPSE
  5
D6A
330
A02
100
AcDbEntity
  8
ProjItem002
100
AcDbEllipse
 10
187.966735781
 20
97.759073175
 30
0.000000000
 11
-0.150000000
 21
0.000000000
 31
0.000000000
 40
0.577350269
 41
-3.612831552
 42
-3.141592654
  0
LINE
  5
D6B
330
A02
100
AcDbEntity
  8
ProjItem002
100
AcDbLine
 10
188.100386759
 20
97.719756444
 30
0.000000000
 11
187.864466275
 21
97.479707033
 31
0.000000000
  0
ELLIPSE
  5
D6C
330
A02
100
AcDbEntity
  8
ProjItem002
100
AcDbEllipse
 10
187.737457645
 20
97.525782363
 30
0.000000000
 11
-0.150000000
 21
0.000000000
 31
0.000000000
 40
0.577350269
 41
-5.273387669
 42
-3.702591342
  0
ELLIPSE
  5
D6D
330
A02
100
AcDbEntity
  8
ProjItem002
100
AcDbEllipse
 10
187.190860200
 20
96.648106108
 30
0.000000000
 11
1.469292843
 21
-0.000000000
 31
0.000000000
 40
0.577350269
 41
1.247494721
 42
1.503256482
  0
ELLIPSE
  5
D6E
330
A02
100
AcDbEntity
  8
ProjItem002
100
AcDbEllipse
 10
187.304022169
 20
97.171623570
 30
0.000000000
 11
0.559359354
 21
-0.000000000
 31
0.000000000
 40
0.577350269
 41
1.595830413
 42
1.964569762
  0
ELLIPSE
  5
D6F
330
A02
100
AcDbEntity
  8
ProjItem002
100
AcDbEllipse
 10
186.939409530
 20
96.792497696
 30
0.000000000
 11
-0.150000000
 21
0.000000000
 31
0.000000000
 40
0.577350269
 41
-3.702591342
 42
-3.141592654
  0
LINE
  5
D70
330
A02
100
AcDbEntity
  8
ProjItem002
100
AcDbLine
 10
187.066418160
 20
96.746422367
 30
0.000000000
 11
186.794177389
 21
96.519548983
 31
0.000000000
  0
ELLIPSE
  5
D71
330
A02
100
AcDbEntity
  8
ProjItem002
100
AcDbEllipse
 10
186.674833707
 20
96.572011939
 30
0.000000000
 11
-0.150000000
 21
0.000000000
 31
0.000000000
 40
0.577350269
 41
-5.363147459
 42
-3.792351132
  0
ELLIPSE
  5
D72
330
A02
100
AcDbEntity
  8
ProjItem002
100
AcDbEllipse
 10
185.994168830
 20
95.726157161
 30
0.000000000
 11
1.469292843
 21
-0.000000000
 31
0.000000000
 40
0.577350269
 41
1.157734931
 42
1.413496692
  0
ELLIPSE
  5
D73
330
A02
100
AcDbEntity
  8
ProjItem002
100
AcDbEllipse
 10
186.188156478
 20
96.241710594
 30
0.000000000
 11
0.559359354
 21
-0.000000000
 31
0.000000000
 40
0.577350269
 41
1.506070623
 42
2.078629019
  0
ELLIPSE
  5
D74
330
A02
100
AcDbEntity
  8
ProjItem002
100
AcDbEllipse
 10
185.766148641
 20
95.882980868
 30
0.000000000
 11
-0.150000000
 21
0.000000000
 31
0.000000000
 40
0.577350269
 41
-3.792351132
 42
-3.141592654
  0
LINE
  5
D75
330
A02
100
AcDbEntity
  8
ProjItem002
100
AcDbLine
 10
185.885492324
 20
95.830517912
 30
0.000000000
 11
185.579123190
 21
95.618647206
 31
0.000000000
  0
ELLIPSE
  5
D76
330
A02
100
AcDbEntity
  8
ProjItem002
100
AcDbEllipse
 10
185.468405340
 20
95.677075389
 30
0.000000000
 11
-0.150000000
 21
0.000000000
 31
0.000000000
 40
0.577350269
 41
-5.452907249
 42
-3.882110922
  0
ELLIPSE
  5
D77
330
A02
100
AcDbEntity
  8
ProjItem002
100
AcDbEllipse
 10
184.659153344
 20
94.869852412
 30
0.000000000
 11
1.469292843
 21
-0.000000000
 31
0.000000000
 40
0.577350269
 41
1.067975141
 42
1.323736902
  0
ELLIPSE
  5
D78
330
A02
100
AcDbEntity
  8
ProjItem002
100
AcDbEllipse
 10
184.932404798
 20
95.373290881
 30
0.000000000
 11
0.559359354
 21
-0.000000000
 31
0.000000000
 40
0.577350269
 41
1.416310833
 42
2.192989860
  0
ELLIPSE
  5
D79
330
A02
100
AcDbEntity
  8
ProjItem002
100
AcDbEllipse
 10
184.456399521
 20
95.037845586
 30
0.000000000
 11
-0.150000000
 21
0.000000000
 31
0.000000000
 40
0.577350269
 41
-3.882110922
 42
-3.141592654
  0
LINE
  5
D7A
330
A02
100
AcDbEntity
  8
ProjItem002
100
AcDbLine
 10
184.567117371
 20
94.979417403
 30
0.000000000
 11
184.229086577
 21
94.784255233
 31
0.000000000
  0
ELLIPSE
  5
D7B
330
A02
100
AcDbEntity
  8
ProjItem002
100
AcDbEllipse
 10
184.127885996
 20
94.848178214
 30
0.000000000
 11
-0.150000000
 21
0.000000000
 31
0.000000000
 40
0.577350269
 41
-5.542667039
 42
-3.971870712
  0
ELLIPSE
  5
D7C
330
A02
100
AcDbEntity
  8
ProjItem002
100
AcDbEllipse
 10
183.196562502
 20
94.086086324
 30
0.000000000
 11
1.469292843
 21
-0.000000000
 31
0.000000000
 40
0.577350269
 41
0.978215351
 42
1.233977112
  0
ELLIPSE
  5
D7D
330
A02
100
AcDbEntity
  8
ProjItem002
100
AcDbEllipse
 10
183.546877701
 20
94.573356439
 30
0.000000000
 11
0.559359354
 21
-0.000000000
 31
0.000000000
 40
0.577350269
 41
1.326551043
 42
2.308380389
  0
ELLIPSE
  5
D7E
330
A02
100
AcDbEntity
  8
ProjItem002
100
AcDbEllipse
 10
183.020707499
 20
94.263896382
 30
0.000000000
 11
-0.150000000
 21
0.000000000
 31
0.000000000
 40
0.577350269
 41
-3.971870712
 42
-3.141592654
  0
LINE
  5
D7F
330
A02
100
AcDbEntity
  8
ProjItem002
100
AcDbLine
 10
183.121908081
 20
94.199973401
 30
0.000000000
 11
182.754937254
 21
94.023091099
 31
0.000000000
  0
ELLIPSE
  5
D80
330
A02
100
AcDbEntity
  8
ProjItem002
100
AcDbEllipse
 10
182.664068747
 20
94.091994206
 30
0.000000000
 11
-0.150000000
 21
0.000000000
 31
0.000000000
 40
0.577350269
 41
-5.632426829
 42
-4.061630502
  0
ELLIPSE
  5
D81
330
A02
100
AcDbEntity
  8
ProjItem002
100
AcDbEllipse
 10
181.618172226
 20
93.381169319
 30
0.000000000
 11
1.469292843
 21
-0.000000000
 31
0.000000000
 40
0.577350269
 41
0.888455561
 42
1.144217322
  0
ELLIPSE
  5
D82
330
A02
100
AcDbEntity
  8
ProjItem002
100
AcDbEllipse
 10
182.042730637
 20
93.848347868
 30
0.000000000
 11
0.559359354
 21
-0.000000000
 31
0.000000000
 40
0.577350269
 41
1.236791253
 42
2.425857389
  0
ELLIPSE
  5
D83
330
A02
100
AcDbEntity
  8
ProjItem002
100
AcDbEllipse
 10
181.470631924
 20
93.567364639
 30
0.000000000
 11
-0.150000000
 21
0.000000000
 31
0.000000000
 40
0.577350269
 41
-4.061630502
 42
-3.141592654
  0
LINE
  5
D84
330
A02
100
AcDbEntity
  8
ProjItem002
100
AcDbLine
 10
181.561500431
 20
93.498461532
 30
0.000000000
 11
181.168544202
 21
93.341283250
 31
0.000000000
  0
ELLIPSE
  5
D85
330
A02
100
AcDbEntity
  8
ProjItem002
100
AcDbEllipse
 10
181.088739391
 20
93.414611716
 30
0.000000000
 11
-0.150000000
 21
0.000000000
 31
0.000000000
 40
0.577350269
 41
-5.722186619
 42
-4.151390292
  0
ELLIPSE
  5
D86
330
A02
100
AcDbEntity
  8
ProjItem002
100
AcDbEllipse
 10
179.936690785
 20
92.760776976
 30
0.000000000
 11
1.469292843
 21
-0.000000000
 31
0.000000000
 40
0.577350269
 41
0.798695771
 42
1.054457532
  0
ELLIPSE
  5
D87
330
A02
100
AcDbEntity
  8
ProjItem002
100
AcDbEllipse
 10
180.432074114
 20
93.204102511
 30
0.000000000
 11
0.559359354
 21
-0.000000000
 31
0.000000000
 40
0.577350269
 41
1.147031463
 42
2.547193869
  0
ELLIPSE
  5
D88
330
A02
100
AcDbEntity
  8
ProjItem002
100
AcDbEllipse
 10
179.818653092
 20
92.953858423
 30
0.000000000
 11
-0.150000000
 21
0.000000000
 31
0.000000000
 40
0.577350269
 41
-4.151390292
 42
-3.141592654
  0
LINE
  5
D89
330
A02
100
AcDbEntity
  8
ProjItem002
100
AcDbLine
 10
179.898457904
 20
92.880529956
 30
0.000000000
 11
179.482680127
 21
92.744321201
 31
0.000000000
  0
ELLIPSE
  5
D8A
330
A02
100
AcDbEntity
  8
ProjItem002
100
AcDbEllipse
 10
179.414581552
 20
92.821484629
 30
0.000000000
 11
-0.150000000
 21
0.000000000
 31
0.000000000
 40
0.577350269
 41
-5.811946409
 42
-4.241150082
  0
ELLIPSE
  5
D8B
330
A02
100
AcDbEntity
  8
ProjItem002
100
AcDbEllipse
 10
178.165656480
 20
92.229904328
 30
0.000000000
 11
1.469292843
 21
-0.000000000
 31
0.000000000
 40
0.577350269
 41
0.708935981
 42
0.964697742
  0
ELLIPSE
  5
D8C
330
A02
100
AcDbEntity
  8
ProjItem002
100
AcDbEllipse
 10
178.727876192
 20
92.645807453
 30
0.000000000
 11
0.559359354
 21
-0.000000000
 31
0.000000000
 40
0.577350269
 41
1.057271673
 42
2.675943120
  0
ELLIPSE
  5
D8D
330
A02
100
AcDbEntity
  8
ProjItem002
100
AcDbEllipse
 10
178.078071766
 20
92.428317323
 30
0.000000000
 11
-0.150000000
 21
0.000000000
 31
0.000000000
 40
0.577350269
 41
-4.241150082
 42
-3.141592654
  0
LINE
  5
D8E
330
A02
100
AcDbEntity
  8
ProjItem002
100
AcDbLine
 10
178.146170341
 20
92.351153895
 30
0.000000000
 11
177.710918614
 21
92.237011339
 31
0.000000000
  0
ELLIPSE
  5
D8F
330
A02
100
AcDbEntity
  8
ProjItem002
100
AcDbEllipse
 10
177.655074566
 20
92.317388455
 30
0.000000000
 11
-0.150000000
 21
0.000000000
 31
0.000000000
 40
0.577350269
 41
-5.901706199
 42
-4.330909872
  0
ELLIPSE
  5
D90
330
A02
100
AcDbEntity
  8
ProjItem002
100
AcDbEllipse
 10
176.319328637
 20
91.792825650
 30
0.000000000
 11
1.469292843
 21
-0.000000000
 31
0.000000000
 40
0.577350269
 41
0.619176191
 42
0.874937952
  0
ELLIPSE
  5
D91
330
A02
100
AcDbEntity
  8
ProjItem002
100
AcDbEllipse
 10
176.943858069
 20
92.177957758
 30
0.000000000
 11
0.559359354
 21
-0.000000000
 31
0.000000000
 40
0.577350269
 41
0.967511883
 42
2.821548761
  0
ELLIPSE
  5
D92
330
A02
100
AcDbEntity
  8
ProjItem002
100
AcDbEllipse
 10
176.262902083
 20
91.994972689
 30
0.000000000
 11
-0.150000000
 21
0.000000000
 31
0.000000000
 40
0.577350269
 41
-3.141592654
 42
-2.760113546
  0
ELLIPSE
  5
D93
330
A02
100
AcDbEntity
  8
ProjItem002
100
AcDbEllipse
 10
176.262902083
 20
91.994972689
 30
0.000000000
 11
-0.150000000
 21
0.000000000
 31
0.000000000
 40
0.577350269
 41
-4.330909872
 42
-3.141592654
  0
LINE
  5
D94
330
A02
100
AcDbEntity
  8
ProjItem002
100
AcDbLine
 10
176.318746132
 20
91.914595573
 30
0.000000000
 11
175.867524846
 21
91.823438226
 31
0.000000000
  0
ELLIPSE
  5
D95
330
A02
100
AcDbEntity
  8
ProjItem002
100
AcDbEllipse
 10
175.824384947
 20
91.906381880
 30
0.000000000
 11
-0.150000000
 21
0.000000000
 31
0.000000000
 40
0.577350269
 41
-5.991465989
 42
-4.420669663
  0
ELLIPSE
  5
D96
330
A02
100
AcDbEntity
  8
ProjItem002
100
AcDbEllipse
 10
174.412572803
 20
91.453060043
 30
0.000000000
 11
1.469292843
 21
-0.000000000
 31
0.000000000
 40
0.577350269
 41
0.529416401
 42
0.785178161
  0
ELLIPSE
  5
D97
330
A02
100
AcDbEntity
  8
ProjItem002
100
AcDbEllipse
 10
175.094383612
 20
91.804320276
 30
0.000000000
 11
0.559359354
 21
-0.000000000
 31
0.000000000
 40
0.577350269
 41
0.877752093
 42
2.847279197
  0
ELLIPSE
  5
D98
330
A02
100
AcDbEntity
  8
ProjItem002
100
AcDbEllipse
 10
175.998570715
 20
91.728024981
 30
0.000000000
 11
1.469292843
 21
-0.000000000
 31
0.000000000
 40
0.577350269
 41
2.939853128
 42
3.034097319
  0
ELLIPSE
  5
D99
330
A02
100
AcDbEntity
  8
ProjItem002
100
AcDbEllipse
 10
174.387758722
 20
91.657313556
 30
0.000000000
 11
-0.150000000
 21
0.000000000
 31
0.000000000
 40
0.577350269
 41
-3.141592654
 42
-2.849873336
  0
ELLIPSE
  5
D9A
330
A02
100
AcDbEntity
  8
ProjItem002
100
AcDbEllipse
 10
174.387758722
 20
91.657313556
 30
0.000000000
 11
-0.150000000
 21
0.000000000
 31
0.000000000
 40
0.577350269
 41
-4.420669663
 42
-3.141592654
  0
LINE
  5
D9B
330
A02
100
AcDbEntity
  8
ProjItem002
100
AcDbLine
 10
174.430898621
 20
91.574369903
 30
0.000000000
 11
173.967340745
 21
91.506931709
 31
0.000000000
  0
ELLIPSE
  5
D9C
330
A02
100
AcDbEntity
  8
ProjItem002
100
AcDbEllipse
 10
173.937252332
 20
91.591774088
 30
0.000000000
 11
-0.150000000
 21
0.000000000
 31
0.000000000
 40
0.577350269
 41
-6.081225779
 42
-4.510429453
  0
ELLIPSE
  5
D9D
330
A02
100
AcDbEntity
  8
ProjItem002
100
AcDbEllipse
 10
172.460741054
 20
91.213343099
 30
0.000000000
 11
1.469292843
 21
-0.000000000
 31
0.000000000
 40
0.577350269
 41
0.439656610
 42
0.695418371
  0
ELLIPSE
  5
D9E
330
A02
100
AcDbEntity
  8
ProjItem002
100
AcDbEllipse
 10
173.194343700
 20
91.527903317
 30
0.000000000
 11
0.559359354
 21
-0.000000000
 31
0.000000000
 40
0.577350269
 41
0.787992303
 42
2.757519407
  0
ELLIPSE
  5
D9F
330
A02
100
AcDbEntity
  8
ProjItem002
100
AcDbEllipse
 10
174.083045216
 20
91.405120517
 30
0.000000000
 11
1.469292843
 21
-0.000000000
 31
0.000000000
 40
0.577350269
 41
2.850093338
 42
3.067908414
  0
ELLIPSE
  5
DA0
330
A02
100
AcDbEntity
  8
ProjItem002
100
AcDbEllipse
 10
172.467739235
 20
91.418058558
 30
0.000000000
 11
-0.150000000
 21
0.000000000
 31
0.000000000
 40
0.577350269
 41
-3.141592654
 42
-2.939633126
  0
ELLIPSE
  5
DA1
330
A02
100
AcDbEntity
  8
ProjItem002
100
AcDbEllipse
 10
172.467739235
 20
91.418058558
 30
0.000000000
 11
-0.150000000
 21
0.000000000
 31
0.000000000
 40
0.577350269
 41
-4.510429453
 42
-3.141592654
  0
LINE
  5
DA2
330
A02
100
AcDbEntity
  8
ProjItem002
100
AcDbLine
 10
172.497827647
 20
91.333216180
 30
0.000000000
 11
172.025665476
 21
91.290040113
 31
0.000000000
  0
ELLIPSE
  5
DA3
330
A02
100
AcDbEntity
  8
ProjItem002
100
AcDbEllipse
 10
172.008870804
 20
91.376098115
 30
0.000000000
 11
-0.150000000
 21
0.000000000
 31
0.000000000
 40
0.577350269
 41
-6.170985570
 42
-4.600189243
  0
ELLIPSE
  5
DA4
330
A02
100
AcDbEntity
  8
ProjItem002
100
AcDbEllipse
 10
170.479548393
 20
91.075604878
 30
0.000000000
 11
1.469292843
 21
-0.000000000
 31
0.000000000
 40
0.577350269
 41
0.349896820
 42
0.605658581
  0
ELLIPSE
  5
DA5
330
A02
100
AcDbEntity
  8
ProjItem002
100
AcDbEllipse
 10
171.259036338
 20
91.350932426
 30
0.000000000
 11
0.559359354
 21
-0.000000000
 31
0.000000000
 40
0.577350269
 41
0.698232512
 42
2.667759616
  0
ELLIPSE
  5
DA6
330
A02
100
AcDbEntity
  8
ProjItem002
100
AcDbEllipse
 10
172.125096966
 20
91.182650696
 30
0.000000000
 11
1.469292843
 21
-0.000000000
 31
0.000000000
 40
0.577350269
 41
2.760333548
 42
3.011067031
  0
ELLIPSE
  5
DA7
330
A02
100
AcDbEntity
  8
ProjItem002
100
AcDbEllipse
 10
170.518302489
 20
91.279134034
 30
0.000000000
 11
-0.150000000
 21
0.000000000
 31
0.000000000
 40
0.577350269
 41
-3.141592654
 42
-3.029392916
  0
ELLIPSE
  5
DA8
330
A02
100
AcDbEntity
  8
ProjItem002
100
AcDbEllipse
 10
170.518302489
 20
91.279134034
 30
0.000000000
 11
-0.150000000
 21
0.000000000
 31
0.000000000
 40
0.577350269
 41
-4.600189243
 42
-3.141592654
  0
LINE
  5
DA9
330
A02
100
AcDbEntity
  8
ProjItem002
100
AcDbLine
 10
170.535097161
 20
91.193076032
 30
0.000000000
 11
170.058132266
 21
91.174509720
 31
0.000000000
  0
ELLIPSE
  5
DAA
330
A02
100
AcDbEntity
  8
ProjItem002
100
AcDbEllipse
 10
170.054766557
 20
91.261090457
 30
0.000000000
 11
-0.150000000
 21
0.000000000
 31
0.000000000
 40
0.577350269
 41
-6.260745360
 42
-4.689949033
  0
ELLIPSE
  5
DAB
330
A02
100
AcDbEntity
  8
ProjItem002
100
AcDbEllipse
 10
168.484946217
 20
91.040954368
 30
0.000000000
 11
1.469292843
 21
-0.000000000
 31
0.000000000
 40
0.577350269
 41
0.260137030
 42
0.515898791
  0
ELLIPSE
  5
DAC
330
A02
100
AcDbEntity
  8
ProjItem002
100
AcDbEllipse
 10
169.304043483
 20
91.274832471
 30
0.000000000
 11
0.559359354
 21
-0.000000000
 31
0.000000000
 40
0.577350269
 41
0.608472722
 42
2.577999826
  0
ELLIPSE
  5
DAD
330
A02
100
AcDbEntity
  8
ProjItem002
100
AcDbEllipse
 10
170.140490211
 20
91.062406716
 30
0.000000000
 11
1.469292843
 21
-0.000000000
 31
0.000000000
 40
0.577350269
 41
2.670573758
 42
2.926215220
  0
ELLIPSE
  5
DAE
330
A02
100
AcDbEntity
  8
ProjItem002
100
AcDbEllipse
 10
168.555144204
 20
91.241658524
 30
0.000000000
 11
-0.150000000
 21
0.000000000
 31
0.000000000
 40
0.577350269
 41
-3.141592654
 42
-3.119152706
  0
ELLIPSE
  5
DAF
330
A02
100
AcDbEntity
  8
ProjItem002
100
AcDbEllipse
 10
168.555144204
 20
91.241658524
 30
0.000000000
 11
-0.150000000
 21
0.000000000
 31
0.000000000
 40
0.577350269
 41
-4.689949033
 42
-3.141592654
  0
LINE
  5
DB0
330
A02
100
AcDbEntity
  8
ProjItem002
100
AcDbLine
 10
168.558509914
 20
91.155077787
 30
0.000000000
 11
168.080582537
 21
91.161270715
 31
0.000000000
  0
ELLIPSE
  5
DB1
330
A02
100
AcDbEntity
  8
ProjItem002
100
AcDbEllipse
 10
168.090672888
 20
91.247677089
 30
0.000000000
 11
-0.150000000
 21
0.000000000
 31
0.000000000
 40
0.577350269
 41
-0.000000000
 42
-4.779708823
  0
ELLIPSE
  5
DB2
330
A02
100
AcDbEntity
  8
ProjItem002
100
AcDbEllipse
 10
168.090672888
 20
91.247677089
 30
0.000000000
 11
-0.150000000
 21
0.000000000
 31
0.000000000
 40
0.577350269
 41
-0.067319843
 42
-0.000000000
  0
ELLIPSE
  5
DB3
330
A02
100
AcDbEntity
  8
ProjItem002
100
AcDbEllipse
 10
166.492993890
 20
91.109670553
 30
0.000000000
 11
1.469292843
 21
-0.000000000
 31
0.000000000
 40
0.577350269
 41
0.171735727
 42
0.426139001
  0
ELLIPSE
  5
DB4
330
A02
100
AcDbEntity
  8
ProjItem002
100
AcDbEllipse
 10
167.345105588
 20
91.300216163
 30
0.000000000
 11
0.559359354
 21
-0.000000000
 31
0.000000000
 40
0.577350269
 41
0.518712932
 42
2.488240036
  0
ELLIPSE
  5
DB5
330
A02
100
AcDbEntity
  8
ProjItem002
100
AcDbEllipse
 10
168.145203839
 20
91.045356710
 30
0.000000000
 11
1.469292843
 21
-0.000000000
 31
0.000000000
 40
0.577350269
 41
2.580813967
 42
2.836575728
  0
ELLIPSE
  5
DB6
330
A02
100
AcDbEntity
  8
ProjItem002
100
AcDbEllipse
 10
166.594070575
 20
91.305933757
 30
0.000000000
 11
-0.150000000
 21
0.000000000
 31
0.000000000
 40
0.577350269
 41
-4.779708823
 42
-3.208912496
  0
LINE
  5
DB7
330
A02
100
AcDbEntity
  8
ProjItem002
100
AcDbLine
 10
166.583980225
 20
91.219527382
 30
0.000000000
 11
166.108938356
 21
91.250429688
 31
0.000000000
  0
ELLIPSE
  5
DB8
330
A02
100
AcDbEntity
  8
ProjItem002
100
AcDbEllipse
 10
166.132403526
 20
91.335966008
 30
0.000000000
 11
-0.150000000
 21
0.000000000
 31
0.000000000
 40
0.577350269
 41
-0.000000000
 42
-4.869468613
  0
ELLIPSE
  5
DB9
330
A02
100
AcDbEntity
  8
ProjItem002
100
AcDbEllipse
 10
166.132403526
 20
91.335966008
 30
0.000000000
 11
-0.150000000
 21
0.000000000
 31
0.000000000
 40
0.577350269
 41
-0.157079633
 42
-0.000000000
  0
ELLIPSE
  5
DBA
330
A02
100
AcDbEntity
  8
ProjItem002
100
AcDbEllipse
 10
164.519729441
 20
91.281200172
 30
0.000000000
 11
1.469292843
 21
-0.000000000
 31
0.000000000
 40
0.577350269
 41
0.094953774
 42
0.336379211
  0
ELLIPSE
  5
DBB
330
A02
100
AcDbEntity
  8
ProjItem002
100
AcDbEllipse
 10
165.397994868
 20
91.426879127
 30
0.000000000
 11
0.559359354
 21
-0.000000000
 31
0.000000000
 40
0.577350269
 41
0.428953142
 42
2.398480246
  0
ELLIPSE
  5
DBC
330
A02
100
AcDbEntity
  8
ProjItem002
100
AcDbEllipse
 10
166.155302722
 20
91.131637955
 30
0.000000000
 11
1.469292843
 21
-0.000000000
 31
0.000000000
 40
0.577350269
 41
2.491054177
 42
2.746815938
  0
ELLIPSE
  5
DBD
330
A02
100
AcDbEntity
  8
ProjItem002
100
AcDbEllipse
 10
164.650871015
 20
91.471442228
 30
0.000000000
 11
-0.150000000
 21
0.000000000
 31
0.000000000
 40
0.577350269
 41
-4.869468613
 42
-3.298672286
  0
LINE
  5
DBE
330
A02
100
AcDbEntity
  8
ProjItem002
100
AcDbLine
 10
164.627405845
 20
91.385905909
 30
0.000000000
 11
164.159074243
 21
91.441268786
 31
0.000000000
  0
ELLIPSE
  5
DBF
330
A02
100
AcDbEntity
  8
ProjItem002
100
AcDbEllipse
 10
164.195725304
 20
91.525246362
 30
0.000000000
 11
-0.150000000
 21
0.000000000
 31
0.000000000
 40
0.577350269
 41
-0.000000000
 42
-4.959228403
  0
ELLIPSE
  5
DC0
330
A02
100
AcDbEntity
  8
ProjItem002
100
AcDbEllipse
 10
164.195725304
 20
91.525246362
 30
0.000000000
 11
-0.150000000
 21
0.000000000
 31
0.000000000
 40
0.577350269
 41
-0.246839423
 42
-0.000000000
  0
ELLIPSE
  5
DC1
330
A02
100
AcDbEntity
  8
ProjItem002
100
AcDbEllipse
 10
162.581040436
 20
91.554162170
 30
0.000000000
 11
1.469292843
 21
-0.000000000
 31
0.000000000
 40
0.577350269
 41
0.079219016
 42
0.246619421
  0
ELLIPSE
  5
DC2
330
A02
100
AcDbEntity
  8
ProjItem002
100
AcDbEllipse
 10
163.478388315
 20
91.653801547
 30
0.000000000
 11
0.559359354
 21
-0.000000000
 31
0.000000000
 40
0.577350269
 41
0.339193352
 42
2.308720456
  0
ELLIPSE
  5
DC3
330
A02
100
AcDbEntity
  8
ProjItem002
100
AcDbEllipse
 10
164.186808374
 20
91.320555766
 30
0.000000000
 11
1.469292843
 21
-0.000000000
 31
0.000000000
 40
0.577350269
 41
2.401294387
 42
2.657056148
  0
ELLIPSE
  5
DC4
330
A02
100
AcDbEntity
  8
ProjItem002
100
AcDbEllipse
 10
162.741191023
 20
91.736851360
 30
0.000000000
 11
-0.150000000
 21
0.000000000
 31
0.000000000
 40
0.577350269
 41
-4.959228403
 42
-3.388432076
  0
LINE
  5
DC5
330
A02
100
AcDbEntity
  8
ProjItem002
100
AcDbLine
 10
162.704539962
 20
91.652873785
 30
0.000000000
 11
162.246689356
 21
91.732251483
 31
0.000000000
  0
ELLIPSE
  5
DC6
330
A02
100
AcDbEntity
  8
ProjItem002
100
AcDbEllipse
 10
162.296231215
 20
91.813994177
 30
0.000000000
 11
-0.150000000
 21
0.000000000
 31
0.000000000
 40
0.577350269
 41
-0.000000000
 42
-5.048988193
  0
ELLIPSE
  5
DC7
330
A02
100
AcDbEntity
  8
ProjItem002
100
AcDbEllipse
 10
160.692536058
 20
91.926358815
 30
0.000000000
 11
1.469292843
 21
-0.000000000
 31
0.000000000
 40
0.577350269
 41
0.145839726
 42
0.156859631
  0
ELLIPSE
  5
DC8
330
A02
100
AcDbEntity
  8
ProjItem002
100
AcDbEllipse
 10
161.601741472
 20
91.979156379
 30
0.000000000
 11
0.559359354
 21
-0.000000000
 31
0.000000000
 40
0.577350269
 41
0.249433562
 42
2.218960666
  0
ELLIPSE
  5
DC9
330
A02
100
AcDbEntity
  8
ProjItem002
100
AcDbEllipse
 10
162.255569954
 20
91.610589086
 30
0.000000000
 11
1.469292843
 21
-0.000000000
 31
0.000000000
 40
0.577350269
 41
2.311534597
 42
2.567296358
  0
ELLIPSE
  5
DCA
330
A02
100
AcDbEntity
  8
ProjItem002
100
AcDbEllipse
 10
160.880406220
 20
92.100024235
 30
0.000000000
 11
-0.150000000
 21
0.000000000
 31
0.000000000
 40
0.577350269
 41
-5.048988193
 42
-3.478191866
  0
LINE
  5
DCB
330
A02
100
AcDbEntity
  8
ProjItem002
100
AcDbLine
 10
160.830864361
 20
92.018281541
 30
0.000000000
 11
160.387181095
 21
92.121034958
 31
0.000000000
  0
ELLIPSE
  5
DCC
330
A02
100
AcDbEntity
  8
ProjItem002
100
AcDbEllipse
 10
160.449214871
 20
92.199884626
 30
0.000000000
 11
-0.150000000
 21
0.000000000
 31
0.000000000
 40
0.577350269
 41
-0.000000000
 42
-5.138747983
  0
ELLIPSE
  5
DCD
330
A02
100
AcDbEntity
  8
ProjItem002
100
AcDbEllipse
 10
159.783163995
 20
92.400324055
 30
0.000000000
 11
0.559359354
 21
-0.000000000
 31
0.000000000
 40
0.577350269
 41
0.396094457
 42
2.129200876
  0
ELLIPSE
  5
DCE
330
A02
100
AcDbEntity
  8
ProjItem002
100
AcDbEllipse
 10
160.377136659
 20
91.999402738
 30
0.000000000
 11
1.469292843
 21
-0.000000000
 31
0.000000000
 40
0.577350269
 41
2.221774807
 42
2.477536568
  0
ELLIPSE
  5
DCF
330
A02
100
AcDbEntity
  8
ProjItem002
100
AcDbEllipse
 10
159.083498551
 20
92.558036798
 30
0.000000000
 11
-0.150000000
 21
0.000000000
 31
0.000000000
 40
0.577350269
 41
-5.138747983
 42
-3.567951657
  0
LINE
  5
DD0
330
A02
100
AcDbEntity
  8
ProjItem002
100
AcDbLine
 10
159.021464775
 20
92.479187129
 30
0.000000000
 11
158.595521127
 21
92.604488955
 31
0.000000000
  0
ELLIPSE
  5
DD1
330
A02
100
AcDbEntity
  8
ProjItem002
100
AcDbEllipse
 10
158.669547359
 20
92.679810747
 30
0.000000000
 11
-0.150000000
 21
0.000000000
 31
0.000000000
 40
0.577350269
 41
-0.000000000
 42
-5.228507773
  0
ELLIPSE
  5
DD2
330
A02
100
AcDbEntity
  8
ProjItem002
100
AcDbEllipse
 10
158.037298002
 20
92.913913582
 30
0.000000000
 11
0.559359354
 21
-0.000000000
 31
0.000000000
 40
0.577350269
 41
0.531306470
 42
2.039441086
  0
ELLIPSE
  5
DD3
330
A02
100
AcDbEntity
  8
ProjItem002
100
AcDbEllipse
 10
158.566632527
 20
92.483866223
 30
0.000000000
 11
1.469292843
 21
-0.000000000
 31
0.000000000
 40
0.577350269
 41
2.132015017
 42
2.387776778
  0
ELLIPSE
  5
DD4
330
A02
100
AcDbEntity
  8
ProjItem002
100
AcDbEllipse
 10
157.364935660
 20
93.107201401
 30
0.000000000
 11
-0.150000000
 21
0.000000000
 31
0.000000000
 40
0.577350269
 41
-5.228507773
 42
-3.657711447
  0
LINE
  5
DD5
330
A02
100
AcDbEntity
  8
ProjItem002
100
AcDbLine
 10
157.290909427
 20
93.031879609
 30
0.000000000
 11
156.886134843
 21
93.178720987
 31
0.000000000
  0
ELLIPSE
  5
DD6
330
A02
100
AcDbEntity
  8
ProjItem002
100
AcDbEllipse
 10
156.971557517
 20
93.249908455
 30
0.000000000
 11
-0.150000000
 21
0.000000000
 31
0.000000000
 40
0.577350269
 41
-0.000000000
 42
-5.318267564
  0
ELLIPSE
  5
DD7
330
A02
100
AcDbEntity
  8
ProjItem002
100
AcDbEllipse
 10
156.378200179
 20
93.515789839
 30
0.000000000
 11
0.559359354
 21
-0.000000000
 31
0.000000000
 40
0.577350269
 41
0.655708245
 42
1.949681296
  0
ELLIPSE
  5
DD8
330
A02
100
AcDbEntity
  8
ProjItem002
100
AcDbEllipse
 10
156.838634676
 20
93.060078926
 30
0.000000000
 11
1.469292843
 21
-0.000000000
 31
0.000000000
 40
0.577350269
 41
2.042255227
 42
2.298016988
  0
ELLIPSE
  5
DD9
330
A02
100
AcDbEntity
  8
ProjItem002
100
AcDbEllipse
 10
155.738554404
 20
93.743096493
 30
0.000000000
 11
-0.150000000
 21
0.000000000
 31
0.000000000
 40
0.577350269
 41
-5.318267564
 42
-3.747471237
  0
LINE
  5
DDA
330
A02
100
AcDbEntity
  8
ProjItem002
100
AcDbLine
 10
155.653131730
 20
93.671909025
 30
0.000000000
 11
155.272785219
 21
93.839107675
 31
0.000000000
  0
ELLIPSE
  5
DDB
330
A02
100
AcDbEntity
  8
ProjItem002
100
AcDbEllipse
 10
155.368916561
 20
93.905587660
 30
0.000000000
 11
-0.150000000
 21
0.000000000
 31
0.000000000
 40
0.577350269
 41
-0.000000000
 42
-5.408027354
  0
ELLIPSE
  5
DDC
330
A02
100
AcDbEntity
  8
ProjItem002
100
AcDbEllipse
 10
154.819228605
 20
94.201106871
 30
0.000000000
 11
0.559359354
 21
-0.000000000
 31
0.000000000
 40
0.577350269
 41
0.774821472
 42
1.859921505
  0
ELLIPSE
  5
DDD
330
A02
100
AcDbEntity
  8
ProjItem002
100
AcDbEllipse
 10
155.207055926
 20
93.723401522
 30
0.000000000
 11
1.469292843
 21
-0.000000000
 31
0.000000000
 40
0.577350269
 41
1.952495437
 42
2.208257198
  0
ELLIPSE
  5
DDE
330
A02
100
AcDbEntity
  8
ProjItem002
100
AcDbEllipse
 10
154.217449450
 20
94.460602222
 30
0.000000000
 11
-0.150000000
 21
0.000000000
 31
0.000000000
 40
0.577350269
 41
-5.408027354
 42
-3.837231027
  0
LINE
  5
DDF
330
A02
100
AcDbEntity
  8
ProjItem002
100
AcDbLine
 10
154.121318108
 20
94.394122238
 30
0.000000000
 11
153.768461995
 21
94.580331974
 31
0.000000000
  0
ELLIPSE
  5
DE0
330
A02
100
AcDbEntity
  8
ProjItem002
100
AcDbEllipse
 10
153.874528013
 20
94.641569218
 30
0.000000000
 11
-0.150000000
 21
0.000000000
 31
0.000000000
 40
0.577350269
 41
-0.000000000
 42
-5.497787144
  0
ELLIPSE
  5
DE1
330
A02
100
AcDbEntity
  8
ProjItem002
100
AcDbEllipse
 10
153.372935203
 20
94.964346910
 30
0.000000000
 11
0.559359354
 21
-0.000000000
 31
0.000000000
 40
0.577350269
 41
0.891091618
 42
1.770161715
  0
ELLIPSE
  5
DE2
330
A02
100
AcDbEntity
  8
ProjItem002
100
AcDbEllipse
 10
153.685032790
 20
94.468493326
 30
0.000000000
 11
1.469292843
 21
-0.000000000
 31
0.000000000
 40
0.577350269
 41
1.862735647
 42
2.118497407
  0
ELLIPSE
  5
DE3
330
A02
100
AcDbEntity
  8
ProjItem002
100
AcDbEllipse
 10
152.813867841
 20
95.253941654
 30
0.000000000
 11
-0.150000000
 21
0.000000000
 31
0.000000000
 40
0.577350269
 41
-5.497787144
 42
-3.926990817
  0
LINE
  5
DE4
330
A02
100
AcDbEntity
  8
ProjItem002
100
AcDbLine
 10
152.707801824
 20
95.192704410
 30
0.000000000
 11
152.385277099
 21
95.396425982
 31
0.000000000
  0
ELLIPSE
  5
DE5
330
A02
100
AcDbEntity
  8
ProjItem002
100
AcDbEllipse
 10
152.500423810
 20
95.451927438
 30
0.000000000
 11
-0.150000000
 21
0.000000000
 31
0.000000000
 40
0.577350269
 41
-0.000000000
 42
-5.587546934
  0
ELLIPSE
  5
DE6
330
A02
100
AcDbEntity
  8
ProjItem002
100
AcDbEllipse
 10
152.050964678
 20
95.799364795
 30
0.000000000
 11
0.559359354
 21
-0.000000000
 31
0.000000000
 40
0.577350269
 41
1.005861336
 42
1.680401925
  0
ELLIPSE
  5
DE7
330
A02
100
AcDbEntity
  8
ProjItem002
100
AcDbEllipse
 10
152.284819705
 20
95.289355298
 30
0.000000000
 11
1.469292843
 21
-0.000000000
 31
0.000000000
 40
0.577350269
 41
1.772975856
 42
2.028737617
  0
ELLIPSE
  5
DE8
330
A02
100
AcDbEntity
  8
ProjItem002
100
AcDbEllipse
 10
151.539110389
 20
96.116727284
 30
0.000000000
 11
-0.150000000
 21
0.000000000
 31
0.000000000
 40
0.577350269
 41
-5.587546934
 42
-4.016750607
  0
LINE
  5
DE9
330
A02
100
AcDbEntity
  8
ProjItem002
100
AcDbLine
 10
151.423963678
 20
96.061225828
 30
0.000000000
 11
151.134367121
 21
96.280818989
 31
0.000000000
  0
ELLIPSE
  5
DEA
330
A02
100
AcDbEntity
  8
ProjItem002
100
AcDbEllipse
 10
151.257667433
 20
96.330137793
 30
0.000000000
 11
-0.150000000
 21
0.000000000
 31
0.000000000
 40
0.577350269
 41
-0.000000000
 42
-5.677306724
  0
ELLIPSE
  5
DEB
330
A02
100
AcDbEntity
  8
ProjItem002
100
AcDbEllipse
 10
150.863960758
 20
96.699437452
 30
0.000000000
 11
0.559359354
 21
-0.000000000
 31
0.000000000
 40
0.577350269
 41
1.119992804
 42
1.590642135
  0
ELLIPSE
  5
DEC
330
A02
100
AcDbEntity
  8
ProjItem002
100
AcDbEllipse
 10
151.017690363
 20
96.179378340
 30
0.000000000
 11
1.469292843
 21
-0.000000000
 31
0.000000000
 40
0.577350269
 41
1.683216066
 42
1.938977827
  0
ELLIPSE
  5
DED
330
A02
100
AcDbEntity
  8
ProjItem002
100
AcDbEllipse
 10
150.403440693
 20
97.042012472
 30
0.000000000
 11
-0.150000000
 21
0.000000000
 31
0.000000000
 40
0.577350269
 41
-5.677306724
 42
-4.106510397
  0
LINE
  5
DEE
330
A02
100
AcDbEntity
  8
ProjItem002
100
AcDbLine
 10
150.280140382
 20
96.992693668
 30
0.000000000
 11
150.025803654
 21
97.226390383
 31
0.000000000
  0
ELLIPSE
  5
DEF
330
A02
100
AcDbEntity
  8
ProjItem002
100
AcDbEllipse
 10
150.156264824
 20
97.269129448
 30
0.000000000
 11
-0.150000000
 21
0.000000000
 31
0.000000000
 40
0.577350269
 41
-0.000000000
 42
-5.767066514
  0
ELLIPSE
  5
DF0
330
A02
100
AcDbEntity
  8
ProjItem002
100
AcDbEllipse
 10
149.821480502
 20
97.657318028
 30
0.000000000
 11
0.559359354
 21
-0.000000000
 31
0.000000000
 40
0.577350269
 41
1.234122034
 42
1.500882345
  0
ELLIPSE
  5
DF1
330
A02
100
AcDbEntity
  8
ProjItem002
100
AcDbEllipse
 10
149.893846943
 20
97.131396509
 30
0.000000000
 11
1.469292843
 21
-0.000000000
 31
0.000000000
 40
0.577350269
 41
1.593456276
 42
1.849218037
  0
ELLIPSE
  5
DF2
330
A02
100
AcDbEntity
  8
ProjItem002
100
AcDbEllipse
 10
149.416002497
 20
98.022347364
 30
0.000000000
 11
-0.150000000
 21
0.000000000
 31
0.000000000
 40
0.577350269
 41
-5.767066514
 42
-4.196270187
  0
LINE
  5
DF3
330
A02
100
AcDbEntity
  8
ProjItem002
100
AcDbLine
 10
149.285541327
 20
97.979608299
 30
0.000000000
 11
149.068512198
 21
98.225526979
 31
0.000000000
  0
ELLIPSE
  5
DF4
330
A02
100
AcDbEntity
  8
ProjItem002
100
AcDbEllipse
 10
149.205083830
 20
98.261342196
 30
0.000000000
 11
-0.150000000
 21
0.000000000
 31
0.000000000
 40
0.577350269
 41
-0.000000000
 42
-5.856826304
  0
ELLIPSE
  5
DF5
330
A02
100
AcDbEntity
  8
ProjItem002
100
AcDbEllipse
 10
148.931917347
 20
98.665294229
 30
0.000000000
 11
0.559359354
 21
-0.000000000
 31
0.000000000
 40
0.577350269
 41
1.348784978
 42
1.411122555
  0
ELLIPSE
  5
DF6
330
A02
100
AcDbEntity
  8
ProjItem002
100
AcDbEllipse
 10
148.922337972
 20
98.137744715
 30
0.000000000
 11
1.469292843
 21
-0.000000000
 31
0.000000000
 40
0.577350269
 41
1.503696486
 42
1.759458247
  0
ELLIPSE
  5
DF7
330
A02
100
AcDbEntity
  8
ProjItem002
100
AcDbEllipse
 10
148.584746073
 20
99.049838881
 30
0.000000000
 11
-0.150000000
 21
0.000000000
 31
0.000000000
 40
0.577350269
 41
-5.856826304
 42
-4.286029977
  0
LINE
  5
DF8
330
A02
100
AcDbEntity
  8
ProjItem002
100
AcDbLine
 10
148.448174441
 20
99.014023664
 30
0.000000000
 11
148.270200301
 21
99.270184317
 31
0.000000000
  0
ELLIPSE
  5
DF9
330
A02
100
AcDbEntity
  8
ProjItem002
100
AcDbEllipse
 10
148.411782801
 20
99.298787322
 30
0.000000000
 11
-0.150000000
 21
0.000000000
 31
0.000000000
 40
0.577350269
 41
-0.000000000
 42
-5.946586094
  0
ELLIPSE
  5
DFA
330
A02
100
AcDbEntity
  8
ProjItem002
100
AcDbEllipse
 10
148.110985470
 20
99.190320434
 30
0.000000000
 11
1.469292843
 21
-0.000000000
 31
0.000000000
 40
0.577350269
 41
1.467982698
 42
1.669698457
  0
ELLIPSE
  5
DFB
330
A02
100
AcDbEntity
  8
ProjItem002
100
AcDbEllipse
 10
147.916364208
 20
100.116214265
 30
0.000000000
 11
-0.150000000
 21
0.000000000
 31
0.000000000
 40
0.577350269
 41
-5.946586094
 42
-4.375789768
  0
LINE
  5
DFC
330
A02
100
AcDbEntity
  8
ProjItem002
100
AcDbLine
 10
147.774781708
 20
100.087611259
 30
0.000000000
 11
147.637295502
 21
100.351951429
 31
0.000000000
  0
ELLIPSE
  5
DFD
330
A02
100
AcDbEntity
  8
ProjItem002
100
AcDbEllipse
 10
147.782748930
 20
100.373111929
 30
0.000000000
 11
-0.150000000
 21
0.000000000
 31
0.000000000
 40
0.577350269
 41
-0.000000000
 42
-6.036345884
  0
ELLIPSE
  5
DFE
330
A02
100
AcDbEntity
  8
ProjItem002
100
AcDbEllipse
 10
147.782748930
 20
100.373111929
 30
0.000000000
 11
-0.150000000
 21
0.000000000
 31
0.000000000
 40
0.577350269
 41
-0.246839423
 42
-0.000000000
  0
ELLIPSE
  5
DFF
330
A02
100
AcDbEntity
  8
ProjItem002
100
AcDbEllipse
 10
147.466321970
 20
100.280648945
 30
0.000000000
 11
1.469292843
 21
-0.000000000
 31
0.000000000
 40
0.577350269
 41
1.457282597
 42
1.579938667
  0
ELLIPSE
  5
E00
330
A02
100
AcDbEntity
  8
ProjItem002
100
AcDbEllipse
 10
147.416238321
 20
101.212887688
 30
0.000000000
 11
-0.150000000
 21
0.000000000
 31
0.000000000
 40
0.577350269
 41
-6.036345884
 42
-4.465549558
  0
LINE
  5
E01
330
A02
100
AcDbEntity
  8
ProjItem002
100
AcDbLine
 10
147.270784893
 20
101.191727188
 30
0.000000000
 11
147.174893578
 21
101.462118565
 31
0.000000000
  0
ELLIPSE
  5
E02
330
A02
100
AcDbEntity
  8
ProjItem002
100
AcDbEllipse
 10
147.323046829
 20
101.475666187
 30
0.000000000
 11
-0.150000000
 21
0.000000000
 31
0.000000000
 40
0.577350269
 41
-0.000000000
 42
-6.126105675
  0
ELLIPSE
  5
E03
330
A02
100
AcDbEntity
  8
ProjItem002
100
AcDbEllipse
 10
147.323046829
 20
101.475666187
 30
0.000000000
 11
-0.150000000
 21
0.000000000
 31
0.000000000
 40
0.577350269
 41
-0.157079633
 42
-0.000000000
  0
ELLIPSE
  5
E04
330
A02
100
AcDbEntity
  8
ProjItem002
100
AcDbEllipse
 10
146.993537922
 20
101.399951564
 30
0.000000000
 11
1.469292843
 21
-0.000000000
 31
0.000000000
 40
0.577350269
 41
1.448316656
 42
1.490178877
  0
ELLIPSE
  5
E05
330
A02
100
AcDbEntity
  8
ProjItem002
100
AcDbEllipse
 10
147.088395131
 20
102.331029381
 30
0.000000000
 11
-0.150000000
 21
0.000000000
 31
0.000000000
 40
0.577350269
 41
-6.126105675
 42
-4.555309348
  0
LINE
  5
E06
330
A02
100
AcDbEntity
  8
ProjItem002
100
AcDbLine
 10
146.940241880
 20
102.317481759
 30
0.000000000
 11
146.886717516
 21
102.591747309
 31
0.000000000
  0
ELLIPSE
  5
E07
330
A02
100
AcDbEntity
  8
ProjItem002
100
AcDbEllipse
 10
147.036377747
 20
102.597572976
 30
0.000000000
 11
-0.150000000
 21
0.000000000
 31
0.000000000
 40
0.577350269
 41
-0.000000000
 42
-6.215865465
  0
ELLIPSE
  5
E08
330
A02
100
AcDbEntity
  8
ProjItem002
100
AcDbEllipse
 10
147.036377747
 20
102.597572976
 30
0.000000000
 11
-0.150000000
 21
0.000000000
 31
0.000000000
 40
0.577350269
 41
-0.067319843
 42
-0.000000000
  0
ELLIPSE
  5
E09
330
A02
100
AcDbEntity
  8
ProjItem002
100
AcDbEllipse
 10
146.935474239
 20
103.461636724
 30
0.000000000
 11
-0.150000000
 21
0.000000000
 31
0.000000000
 40
0.577350269
 41
-6.215865465
 42
-5.045844276
  0
LINE
  5
E0A
330
A02
100
AcDbEntity
  8
ProjItem002
100
AcDbLine
 10
146.785814008
 20
103.455811057
 30
0.000000000
 11
146.775087542
 21
103.731742557
 31
0.000000000
  0
LINE
  5
E0B
330
A02
100
AcDbEntity
  8
ProjItem002
100
AcDbLine
 10
190.853037098
 20
105.046790606
 30
0.000000000
 11
190.853037098
 21
104.026829058
 31
0.000000000
  0
LINE
  5
E0C
330
A02
100
AcDbEntity
  8
ProjItem002
100
AcDbLine
 10
190.819380001
 20
105.013503699
 30
0.000000000
 11
190.819380001
 21
103.161021689
 31
0.000000000
  0
LINE
  5
E0D
330
A02
100
AcDbEntity
  8
ProjItem002
100
AcDbLine
 10
190.787222206
 20
104.981885371
 30
0.000000000
 11
190.787222206
 21
102.885645879
 31
0.000000000
  0
LINE
  5
E0E
330
A02
100
AcDbEntity
  8
ProjItem002
100
AcDbLine
 10
190.621370703
 20
104.821613085
 30
0.000000000
 11
190.621370703
 21
102.809284285
 31
0.000000000
  0
LINE
  5
E0F
330
A02
100
AcDbEntity
  8
ProjItem002
100
AcDbLine
 10
190.619275492
 20
104.819617565
 30
0.000000000
 11
190.619275492
 21
102.025065861
 31
0.000000000
  0
LINE
  5
E10
330
A02
100
AcDbEntity
  8
ProjItem002
100
AcDbLine
 10
190.544492350
 20
104.748855517
 30
0.000000000
 11
190.544492350
 21
101.752462904
 31
0.000000000
  0
LINE
  5
E11
330
A02
100
AcDbEntity
  8
ProjItem002
100
AcDbLine
 10
190.367452628
 20
104.584815660
 30
0.000000000
 11
190.367452628
 21
101.684992079
 31
0.000000000
  0
LINE
  5
E12
330
A02
100
AcDbEntity
  8
ProjItem002
100
AcDbLine
 10
190.243608227
 20
104.472847404
 30
0.000000000
 11
190.243608227
 21
100.904039122
 31
0.000000000
  0
LINE
  5
E13
330
A02
100
AcDbEntity
  8
ProjItem002
100
AcDbLine
 10
190.126801850
 20
104.369242854
 30
0.000000000
 11
190.126801850
 21
100.636403857
 31
0.000000000
  0
LINE
  5
E14
330
A02
100
AcDbEntity
  8
ProjItem002
100
AcDbLine
 10
189.939999328
 20
104.207404688
 30
0.000000000
 11
189.939999328
 21
100.578367036
 31
0.000000000
  0
LINE
  5
E15
330
A02
100
AcDbEntity
  8
ProjItem002
100
AcDbLine
 10
189.695402858
 20
104.002260910
 30
0.000000000
 11
189.695402858
 21
99.806967319
 31
0.000000000
  0
LINE
  5
E16
330
A02
100
AcDbEntity
  8
ProjItem002
100
AcDbLine
 10
189.537513702
 20
103.873677866
 30
0.000000000
 11
189.537513702
 21
99.546454589
 31
0.000000000
  0
LINE
  5
E17
330
A02
100
AcDbEntity
  8
ProjItem002
100
AcDbLine
 10
189.342452405
 20
103.718749271
 30
0.000000000
 11
189.342452405
 21
99.498319049
 31
0.000000000
  0
LINE
  5
E18
330
A02
100
AcDbEntity
  8
ProjItem002
100
AcDbLine
 10
188.979073214
 20
103.440982543
 30
0.000000000
 11
188.979073214
 21
98.742683431
 31
0.000000000
  0
LINE
  5
E19
330
A02
100
AcDbEntity
  8
ProjItem002
100
AcDbLine
 10
188.781372509
 20
103.295416605
 30
0.000000000
 11
188.781372509
 21
98.491390729
 31
0.000000000
  0
LINE
  5
E1A
330
A02
100
AcDbEntity
  8
ProjItem002
100
AcDbLine
 10
188.579622955
 20
103.150661150
 30
0.000000000
 11
188.579622955
 21
98.453544031
 31
0.000000000
  0
LINE
  5
E1B
330
A02
100
AcDbEntity
  8
ProjItem002
100
AcDbLine
 10
188.206947478
 20
102.892757839
 30
0.000000000
 11
188.206947478
 21
98.476363475
 31
0.000000000
  0
LINE
  5
E1C
330
A02
100
AcDbEntity
  8
ProjItem002
100
AcDbLine
 10
188.100386759
 20
102.821167538
 30
0.000000000
 11
188.100386759
 21
97.719756444
 31
0.000000000
  0
LINE
  5
E1D
330
A02
100
AcDbEntity
  8
ProjItem002
100
AcDbLine
 10
187.864466275
 20
102.665908584
 30
0.000000000
 11
187.864466275
 21
97.479707033
 31
0.000000000
  0
LINE
  5
E1E
330
A02
100
AcDbEntity
  8
ProjItem002
100
AcDbLine
 10
187.657652833
 20
102.533341734
 30
0.000000000
 11
187.657652833
 21
97.452453896
 31
0.000000000
  0
LINE
  5
E1F
330
A02
100
AcDbEntity
  8
ProjItem002
100
AcDbLine
 10
187.290020581
 20
102.305431918
 30
0.000000000
 11
187.290020581
 21
97.494468653
 31
0.000000000
  0
LINE
  5
E20
330
A02
100
AcDbEntity
  8
ProjItem002
100
AcDbLine
 10
187.066418160
 20
102.171424959
 30
0.000000000
 11
187.066418160
 21
96.746422367
 31
0.000000000
  0
LINE
  5
E21
330
A02
100
AcDbEntity
  8
ProjItem002
100
AcDbLine
 10
186.794177389
 20
102.012744768
 30
0.000000000
 11
186.794177389
 21
96.519548983
 31
0.000000000
  0
LINE
  5
E22
330
A02
100
AcDbEntity
  8
ProjItem002
100
AcDbLine
 10
186.583965200
 20
101.893450840
 30
0.000000000
 11
186.583965200
 21
96.503108832
 31
0.000000000
  0
LINE
  5
E23
330
A02
100
AcDbEntity
  8
ProjItem002
100
AcDbLine
 10
186.224336132
 20
101.695604974
 30
0.000000000
 11
186.224336132
 21
96.563980625
 31
0.000000000
  0
LINE
  5
E24
330
A02
100
AcDbEntity
  8
ProjItem002
100
AcDbLine
 10
185.885492324
 20
101.516073348
 30
0.000000000
 11
185.885492324
 21
95.830517912
 31
0.000000000
  0
LINE
  5
E25
330
A02
100
AcDbEntity
  8
ProjItem002
100
AcDbLine
 10
185.579123190
 20
101.359217645
 30
0.000000000
 11
185.579123190
 21
95.618647206
 31
0.000000000
  0
LINE
  5
E26
330
A02
100
AcDbEntity
  8
ProjItem002
100
AcDbLine
 10
185.367204758
 20
101.253638724
 30
0.000000000
 11
185.367204758
 21
95.613152408
 31
0.000000000
  0
LINE
  5
E27
330
A02
100
AcDbEntity
  8
ProjItem002
100
AcDbLine
 10
185.018474395
 20
101.084899320
 30
0.000000000
 11
185.018474395
 21
95.692391133
 31
0.000000000
  0
LINE
  5
E28
330
A02
100
AcDbEntity
  8
ProjItem002
100
AcDbLine
 10
184.567117371
 20
100.875349184
 30
0.000000000
 11
184.567117371
 21
94.979417403
 31
0.000000000
  0
LINE
  5
E29
330
A02
100
AcDbEntity
  8
ProjItem002
100
AcDbLine
 10
184.229086577
 20
100.724655161
 30
0.000000000
 11
184.229086577
 21
94.784255233
 31
0.000000000
  0
LINE
  5
E2A
330
A02
100
AcDbEntity
  8
ProjItem002
100
AcDbLine
 10
184.017168146
 20
100.632804857
 30
0.000000000
 11
184.017168146
 21
94.789750030
 31
0.000000000
  0
LINE
  5
E2B
330
A02
100
AcDbEntity
  8
ProjItem002
100
AcDbLine
 10
183.682144260
 20
100.491589415
 30
0.000000000
 11
183.682144260
 21
94.886717703
 31
0.000000000
  0
LINE
  5
E2C
330
A02
100
AcDbEntity
  8
ProjItem002
100
AcDbLine
 10
183.121908081
 20
100.265956103
 30
0.000000000
 11
183.121908081
 21
94.199973401
 31
0.000000000
  0
LINE
  5
E2D
330
A02
100
AcDbEntity
  8
ProjItem002
100
AcDbLine
 10
182.754937254
 20
100.124996699
 30
0.000000000
 11
182.754937254
 21
94.023091099
 31
0.000000000
  0
LINE
  5
E2E
330
A02
100
AcDbEntity
  8
ProjItem002
100
AcDbLine
 10
182.544725065
 20
100.046602108
 30
0.000000000
 11
182.544725065
 21
94.039531250
 31
0.000000000
  0
LINE
  5
E2F
330
A02
100
AcDbEntity
  8
ProjItem002
100
AcDbLine
 10
182.226105072
 20
99.930957015
 30
0.000000000
 11
182.226105072
 21
94.153447143
 31
0.000000000
  0
LINE
  5
E30
330
A02
100
AcDbEntity
  8
ProjItem002
100
AcDbLine
 10
181.561500431
 20
99.701646058
 30
0.000000000
 11
181.561500431
 21
93.498461532
 31
0.000000000
  0
LINE
  5
E31
330
A02
100
AcDbEntity
  8
ProjItem002
100
AcDbLine
 10
181.168544202
 20
99.573359441
 30
0.000000000
 11
181.168544202
 21
93.341283250
 31
0.000000000
  0
LINE
  5
E32
330
A02
100
AcDbEntity
  8
ProjItem002
100
AcDbLine
 10
180.961730761
 20
99.507949555
 30
0.000000000
 11
180.961730761
 21
93.368536387
 31
0.000000000
  0
LINE
  5
E33
330
A02
100
AcDbEntity
  8
ProjItem002
100
AcDbLine
 10
180.662080002
 20
99.415699724
 30
0.000000000
 11
180.662080002
 21
93.498483318
 31
0.000000000
  0
LINE
  5
E34
330
A02
100
AcDbEntity
  8
ProjItem002
100
AcDbLine
 10
179.898457904
 20
99.193714461
 30
0.000000000
 11
179.898457904
 21
92.880529956
 31
0.000000000
  0
LINE
  5
E35
330
A02
100
AcDbEntity
  8
ProjItem002
100
AcDbLine
 10
179.482680127
 20
99.080506861
 30
0.000000000
 11
179.482680127
 21
92.744321201
 31
0.000000000
  0
LINE
  5
E36
330
A02
100
AcDbEntity
  8
ProjItem002
100
AcDbLine
 10
179.280930574
 20
99.027465221
 30
0.000000000
 11
179.280930574
 21
92.782167899
 31
0.000000000
  0
LINE
  5
E37
330
A02
100
AcDbEntity
  8
ProjItem002
100
AcDbLine
 10
179.002661659
 20
98.956297435
 30
0.000000000
 11
179.002661659
 21
92.927099611
 31
0.000000000
  0
LINE
  5
E38
330
A02
100
AcDbEntity
  8
ProjItem002
100
AcDbLine
 10
178.146170341
 20
98.751383652
 30
0.000000000
 11
178.146170341
 21
92.351153895
 31
0.000000000
  0
LINE
  5
E39
330
A02
100
AcDbEntity
  8
ProjItem002
100
AcDbLine
 10
177.710918614
 20
98.655206114
 30
0.000000000
 11
177.710918614
 21
92.237011339
 31
0.000000000
  0
LINE
  5
E3A
330
A02
100
AcDbEntity
  8
ProjItem002
100
AcDbLine
 10
177.515857317
 20
98.613800982
 30
0.000000000
 11
177.515857317
 21
92.285146878
 31
0.000000000
  0
LINE
  5
E3B
330
A02
100
AcDbEntity
  8
ProjItem002
100
AcDbLine
 10
177.261210706
 20
98.561307444
 30
0.000000000
 11
177.261210706
 21
92.443896467
 31
0.000000000
  0
LINE
  5
E3C
330
A02
100
AcDbEntity
  8
ProjItem002
100
AcDbLine
 10
176.318746132
 20
98.382085072
 30
0.000000000
 11
176.318746132
 21
91.914595573
 31
0.000000000
  0
LINE
  5
E3D
330
A02
100
AcDbEntity
  8
ProjItem002
100
AcDbLine
 10
175.867524846
 20
98.304488664
 30
0.000000000
 11
175.867524846
 21
91.823438226
 31
0.000000000
  0
LINE
  5
E3E
330
A02
100
AcDbEntity
  8
ProjItem002
100
AcDbLine
 10
175.680722324
 20
98.273889486
 30
0.000000000
 11
175.680722324
 21
91.881475048
 31
0.000000000
  0
LINE
  5
E3F
330
A02
100
AcDbEntity
  8
ProjItem002
100
AcDbLine
 10
175.451748281
 20
98.237588428
 30
0.000000000
 11
175.451748281
 21
92.052764355
 31
0.000000000
  0
LINE
  5
E40
330
A02
100
AcDbEntity
  8
ProjItem002
100
AcDbLine
 10
174.559075859
 20
98.108571814
 30
0.000000000
 11
174.559075859
 21
91.898001466
 31
0.000000000
  0
LINE
  5
E41
330
A02
100
AcDbEntity
  8
ProjItem002
100
AcDbLine
 10
174.430898621
 20
98.091660215
 30
0.000000000
 11
174.430898621
 21
91.574369903
 31
0.000000000
  0
LINE
  5
E42
330
A02
100
AcDbEntity
  8
ProjItem002
100
AcDbLine
 10
173.967340745
 20
98.033834672
 30
0.000000000
 11
173.967340745
 21
91.506931709
 31
0.000000000
  0
LINE
  5
E43
330
A02
100
AcDbEntity
  8
ProjItem002
100
AcDbLine
 10
173.790301023
 20
98.013120322
 30
0.000000000
 11
173.790301023
 21
91.574402535
 31
0.000000000
  0
LINE
  5
E44
330
A02
100
AcDbEntity
  8
ProjItem002
100
AcDbLine
 10
173.588843111
 20
97.990463762
 30
0.000000000
 11
173.588843111
 21
91.756852439
 31
0.000000000
  0
LINE
  5
E45
330
A02
100
AcDbEntity
  8
ProjItem002
100
AcDbLine
 10
172.675735865
 20
97.899865811
 30
0.000000000
 11
172.675735865
 21
91.648911305
 31
0.000000000
  0
LINE
  5
E46
330
A02
100
AcDbEntity
  8
ProjItem002
100
AcDbLine
 10
172.497827647
 20
97.884499896
 30
0.000000000
 11
172.497827647
 21
91.333216180
 31
0.000000000
  0
LINE
  5
E47
330
A02
100
AcDbEntity
  8
ProjItem002
100
AcDbLine
 10
172.025665476
 20
97.847299861
 30
0.000000000
 11
172.025665476
 21
91.290040113
 31
0.000000000
  0
LINE
  5
E48
330
A02
100
AcDbEntity
  8
ProjItem002
100
AcDbLine
 10
171.859813973
 20
97.835461939
 30
0.000000000
 11
171.859813973
 21
91.366401707
 31
0.000000000
  0
LINE
  5
E49
330
A02
100
AcDbEntity
  8
ProjItem002
100
AcDbLine
 10
171.687494214
 20
97.823836387
 30
0.000000000
 11
171.687494214
 21
91.558543228
 31
0.000000000
  0
LINE
  5
E4A
330
A02
100
AcDbEntity
  8
ProjItem002
100
AcDbLine
 10
170.761303946
 20
97.773055662
 30
0.000000000
 11
170.761303946
 21
91.498292929
 31
0.000000000
  0
LINE
  5
E4B
330
A02
100
AcDbEntity
  8
ProjItem002
100
AcDbLine
 10
170.667359321
 20
97.769002478
 30
0.000000000
 11
170.667359321
 21
91.288830442
 31
0.000000000
  0
LINE
  5
E4C
330
A02
100
AcDbEntity
  8
ProjItem002
100
AcDbLine
 10
170.535097161
 20
97.763637470
 30
0.000000000
 11
170.535097161
 21
91.193076032
 31
0.000000000
  0
LINE
  5
E4D
330
A02
100
AcDbEntity
  8
ProjItem002
100
AcDbLine
 10
170.058132266
 20
97.747599477
 30
0.000000000
 11
170.058132266
 21
91.174509720
 31
0.000000000
  0
LINE
  5
E4E
330
A02
100
AcDbEntity
  8
ProjItem002
100
AcDbLine
 10
169.904804321
 20
97.743542524
 30
0.000000000
 11
169.904804321
 21
91.259147264
 31
0.000000000
  0
LINE
  5
E4F
330
A02
100
AcDbEntity
  8
ProjItem002
100
AcDbLine
 10
169.763010133
 20
97.740265791
 30
0.000000000
 11
169.763010133
 21
91.459433393
 31
0.000000000
  0
LINE
  5
E50
330
A02
100
AcDbEntity
  8
ProjItem002
100
AcDbLine
 10
168.831193983
 20
97.730071365
 30
0.000000000
 11
168.831193983
 21
91.447359027
 31
0.000000000
  0
LINE
  5
E51
330
A02
100
AcDbEntity
  8
ProjItem002
100
AcDbLine
 10
168.705106439
 20
97.730202435
 30
0.000000000
 11
168.705106439
 21
91.243601717
 31
0.000000000
  0
LINE
  5
E52
330
A02
100
AcDbEntity
  8
ProjItem002
100
AcDbLine
 10
168.558509914
 20
97.730807376
 30
0.000000000
 11
168.558509914
 21
91.155077787
 31
0.000000000
  0
LINE
  5
E53
330
A02
100
AcDbEntity
  8
ProjItem002
100
AcDbLine
 10
168.080582537
 20
97.736159698
 30
0.000000000
 11
168.080582537
 21
91.161270715
 31
0.000000000
  0
LINE
  5
E54
330
A02
100
AcDbEntity
  8
ProjItem002
100
AcDbLine
 10
167.941012657
 20
97.738699307
 30
0.000000000
 11
167.941012657
 21
91.253502756
 31
0.000000000
  0
LINE
  5
E55
330
A02
100
AcDbEntity
  8
ProjItem002
100
AcDbLine
 10
167.830885682
 20
97.741015009
 30
0.000000000
 11
167.830885682
 21
91.460320906
 31
0.000000000
  0
LINE
  5
E56
330
A02
100
AcDbEntity
  8
ProjItem002
100
AcDbLine
 10
166.900946086
 20
97.771560039
 30
0.000000000
 11
166.900946086
 21
91.496519689
 31
0.000000000
  0
LINE
  5
E57
330
A02
100
AcDbEntity
  8
ProjItem002
100
AcDbLine
 10
166.743730807
 20
97.778671420
 30
0.000000000
 11
166.743730807
 21
91.300108090
 31
0.000000000
  0
LINE
  5
E58
330
A02
100
AcDbEntity
  8
ProjItem002
100
AcDbLine
 10
166.583980225
 20
97.786476431
 30
0.000000000
 11
166.583980225
 21
91.219527382
 31
0.000000000
  0
LINE
  5
E59
330
A02
100
AcDbEntity
  8
ProjItem002
100
AcDbLine
 10
166.108938356
 20
97.813143087
 30
0.000000000
 11
166.108938356
 21
91.250429688
 31
0.000000000
  0
LINE
  5
E5A
330
A02
100
AcDbEntity
  8
ProjItem002
100
AcDbLine
 10
165.906677191
 20
97.826072778
 30
0.000000000
 11
165.906677191
 21
91.561198623
 31
0.000000000
  0
LINE
  5
E5B
330
A02
100
AcDbEntity
  8
ProjItem002
100
AcDbLine
 10
164.986101475
 20
97.896897140
 30
0.000000000
 11
164.986101475
 21
91.645379104
 31
0.000000000
  0
LINE
  5
E5C
330
A02
100
AcDbEntity
  8
ProjItem002
100
AcDbLine
 10
164.799024266
 20
97.913707323
 30
0.000000000
 11
164.799024266
 21
91.457894606
 31
0.000000000
  0
LINE
  5
E5D
330
A02
100
AcDbEntity
  8
ProjItem002
100
AcDbLine
 10
164.627405845
 20
97.929851990
 30
0.000000000
 11
164.627405845
 21
91.385905909
 31
0.000000000
  0
LINE
  5
E5E
330
A02
100
AcDbEntity
  8
ProjItem002
100
AcDbLine
 10
164.159074243
 20
97.977451421
 30
0.000000000
 11
164.159074243
 21
91.441268786
 31
0.000000000
  0
LINE
  5
E5F
330
A02
100
AcDbEntity
  8
ProjItem002
100
AcDbLine
 10
164.005877256
 20
97.994153340
 30
0.000000000
 11
164.005877256
 21
91.761254335
 31
0.000000000
  0
LINE
  5
E60
330
A02
100
AcDbEntity
  8
ProjItem002
100
AcDbLine
 10
163.102077355
 20
98.104175641
 30
0.000000000
 11
163.102077355
 21
91.892738741
 31
0.000000000
  0
LINE
  5
E61
330
A02
100
AcDbEntity
  8
ProjItem002
100
AcDbLine
 10
162.886644451
 20
98.133331898
 30
0.000000000
 11
162.886644451
 21
91.715690861
 31
0.000000000
  0
LINE
  5
E62
330
A02
100
AcDbEntity
  8
ProjItem002
100
AcDbLine
 10
162.704539962
 20
98.158868032
 30
0.000000000
 11
162.704539962
 21
91.652873785
 31
0.000000000
  0
LINE
  5
E63
330
A02
100
AcDbEntity
  8
ProjItem002
100
AcDbLine
 10
162.246689356
 20
98.226706287
 30
0.000000000
 11
162.246689356
 21
91.732251483
 31
0.000000000
  0
LINE
  5
E64
330
A02
100
AcDbEntity
  8
ProjItem002
100
AcDbLine
 10
162.143789999
 20
98.242673880
 30
0.000000000
 11
162.143789999
 21
92.058877310
 31
0.000000000
  0
LINE
  5
E65
330
A02
100
AcDbEntity
  8
ProjItem002
100
AcDbLine
 10
161.264042779
 20
98.390171924
 30
0.000000000
 11
161.264042779
 21
92.236607008
 31
0.000000000
  0
LINE
  5
E66
330
A02
100
AcDbEntity
  8
ProjItem002
100
AcDbLine
 10
161.021988719
 20
98.434254784
 30
0.000000000
 11
161.021988719
 21
92.071421229
 31
0.000000000
  0
LINE
  5
E67
330
A02
100
AcDbEntity
  8
ProjItem002
100
AcDbLine
 10
160.830864361
 20
98.470147335
 30
0.000000000
 11
160.830864361
 21
92.018281541
 31
0.000000000
  0
LINE
  5
E68
330
A02
100
AcDbEntity
  8
ProjItem002
100
AcDbLine
 10
160.387181095
 20
98.557204866
 30
0.000000000
 11
160.387181095
 21
92.121034958
 31
0.000000000
  0
LINE
  5
E69
330
A02
100
AcDbEntity
  8
ProjItem002
100
AcDbLine
 10
159.486796521
 20
98.750284603
 30
0.000000000
 11
159.486796521
 21
92.674215279
 31
0.000000000
  0
LINE
  5
E6A
330
A02
100
AcDbEntity
  8
ProjItem002
100
AcDbLine
 10
159.220070183
 20
98.811809371
 30
0.000000000
 11
159.220070183
 21
92.522221581
 31
0.000000000
  0
LINE
  5
E6B
330
A02
100
AcDbEntity
  8
ProjItem002
100
AcDbLine
 10
159.021464775
 20
98.858934845
 30
0.000000000
 11
159.021464775
 21
92.479187129
 31
0.000000000
  0
LINE
  5
E6C
330
A02
100
AcDbEntity
  8
ProjItem002
100
AcDbLine
 10
158.595521127
 20
98.963845219
 30
0.000000000
 11
158.595521127
 21
92.604488955
 31
0.000000000
  0
LINE
  5
E6D
330
A02
100
AcDbEntity
  8
ProjItem002
100
AcDbLine
 10
157.784647923
 20
99.178439764
 30
0.000000000
 11
157.784647923
 21
93.202040189
 31
0.000000000
  0
LINE
  5
E6E
330
A02
100
AcDbEntity
  8
ProjItem002
100
AcDbLine
 10
157.495396829
 20
99.259852820
 30
0.000000000
 11
157.495396829
 21
93.064462335
 31
0.000000000
  0
LINE
  5
E6F
330
A02
100
AcDbEntity
  8
ProjItem002
100
AcDbLine
 10
157.290909427
 20
99.318993808
 30
0.000000000
 11
157.290909427
 21
93.031879609
 31
0.000000000
  0
LINE
  5
E70
330
A02
100
AcDbEntity
  8
ProjItem002
100
AcDbLine
 10
156.886134843
 20
99.440011724
 30
0.000000000
 11
156.886134843
 21
93.178720987
 31
0.000000000
  0
LINE
  5
E71
330
A02
100
AcDbEntity
  8
ProjItem002
100
AcDbLine
 10
156.171301684
 20
99.666953334
 30
0.000000000
 11
156.171301684
 21
93.815832002
 31
0.000000000
  0
LINE
  5
E72
330
A02
100
AcDbEntity
  8
ProjItem002
100
AcDbLine
 10
155.861854716
 20
99.770618893
 30
0.000000000
 11
155.861854716
 21
93.693777689
 31
0.000000000
  0
LINE
  5
E73
330
A02
100
AcDbEntity
  8
ProjItem002
100
AcDbLine
 10
155.653131730
 20
99.842452246
 30
0.000000000
 11
155.653131730
 21
93.671909025
 31
0.000000000
  0
LINE
  5
E74
330
A02
100
AcDbEntity
  8
ProjItem002
100
AcDbLine
 10
155.272785219
 20
99.977407196
 30
0.000000000
 11
155.272785219
 21
93.839107675
 31
0.000000000
  0
LINE
  5
E75
330
A02
100
AcDbEntity
  8
ProjItem002
100
AcDbLine
 10
154.659747521
 20
100.206338977
 30
0.000000000
 11
154.659747521
 21
94.510648829
 31
0.000000000
  0
LINE
  5
E76
330
A02
100
AcDbEntity
  8
ProjItem002
100
AcDbLine
 10
154.332596162
 20
100.334508628
 30
0.000000000
 11
154.332596162
 21
94.405100766
 31
0.000000000
  0
LINE
  5
E77
330
A02
100
AcDbEntity
  8
ProjItem002
100
AcDbLine
 10
154.121318108
 20
100.419583005
 30
0.000000000
 11
154.121318108
 21
94.394122238
 31
0.000000000
  0
LINE
  5
E78
330
A02
100
AcDbEntity
  8
ProjItem002
100
AcDbLine
 10
153.768461995
 20
100.565813925
 30
0.000000000
 11
153.768461995
 21
94.580331974
 31
0.000000000
  0
LINE
  5
E79
330
A02
100
AcDbEntity
  8
ProjItem002
100
AcDbLine
 10
153.262155577
 20
100.785049505
 30
0.000000000
 11
153.262155577
 21
95.280896412
 31
0.000000000
  0
LINE
  5
E7A
330
A02
100
AcDbEntity
  8
ProjItem002
100
AcDbLine
 10
152.919933858
 20
100.939801404
 30
0.000000000
 11
152.919933858
 21
95.192704410
 31
0.000000000
  0
LINE
  5
E7B
330
A02
100
AcDbEntity
  8
ProjItem002
100
AcDbLine
 10
152.707801824
 20
101.038497208
 30
0.000000000
 11
152.707801824
 21
95.192704410
 31
0.000000000
  0
LINE
  5
E7C
330
A02
100
AcDbEntity
  8
ProjItem002
100
AcDbLine
 10
152.385277099
 20
101.192763140
 30
0.000000000
 11
152.385277099
 21
95.396425982
 31
0.000000000
  0
LINE
  5
E7D
330
A02
100
AcDbEntity
  8
ProjItem002
100
AcDbLine
 10
151.989778442
 20
101.389144901
 30
0.000000000
 11
151.989778442
 21
96.120373170
 31
0.000000000
  0
LINE
  5
E7E
330
A02
100
AcDbEntity
  8
ProjItem002
100
AcDbLine
 10
151.635241731
 20
101.572271307
 30
0.000000000
 11
151.635241731
 21
96.050247300
 31
0.000000000
  0
LINE
  5
E7F
330
A02
100
AcDbEntity
  8
ProjItem002
100
AcDbLine
 10
151.423963678
 20
101.684732122
 30
0.000000000
 11
151.423963678
 21
96.061225828
 31
0.000000000
  0
LINE
  5
E80
330
A02
100
AcDbEntity
  8
ProjItem002
100
AcDbLine
 10
151.134367121
 20
101.843095625
 30
0.000000000
 11
151.134367121
 21
96.280818989
 31
0.000000000
  0
LINE
  5
E81
330
A02
100
AcDbEntity
  8
ProjItem002
100
AcDbLine
 10
150.852860548
 20
102.001898155
 30
0.000000000
 11
150.852860548
 21
97.022320131
 31
0.000000000
  0
LINE
  5
E82
330
A02
100
AcDbEntity
  8
ProjItem002
100
AcDbLine
 10
150.488863367
 20
102.214709076
 30
0.000000000
 11
150.488863367
 21
96.970825004
 31
0.000000000
  0
LINE
  5
E83
330
A02
100
AcDbEntity
  8
ProjItem002
100
AcDbLine
 10
150.280140382
 20
102.340728918
 30
0.000000000
 11
150.280140382
 21
96.992693668
 31
0.000000000
  0
LINE
  5
E84
330
A02
100
AcDbEntity
  8
ProjItem002
100
AcDbLine
 10
150.025803654
 20
102.498416385
 30
0.000000000
 11
150.025803654
 21
97.226390383
 31
0.000000000
  0
LINE
  5
E85
330
A02
100
AcDbEntity
  8
ProjItem002
100
AcDbLine
 10
149.860555690
 20
102.603395270
 30
0.000000000
 11
149.860555690
 21
97.979475348
 31
0.000000000
  0
LINE
  5
E86
330
A02
100
AcDbEntity
  8
ProjItem002
100
AcDbLine
 10
149.490028730
 20
102.846395497
 30
0.000000000
 11
149.490028730
 21
97.947025572
 31
0.000000000
  0
LINE
  5
E87
330
A02
100
AcDbEntity
  8
ProjItem002
100
AcDbLine
 10
149.285541327
 20
102.985242863
 30
0.000000000
 11
149.285541327
 21
97.979608299
 31
0.000000000
  0
LINE
  5
E88
330
A02
100
AcDbEntity
  8
ProjItem002
100
AcDbLine
 10
149.068512198
 20
103.136505589
 30
0.000000000
 11
149.068512198
 21
98.225526979
 31
0.000000000
  0
LINE
  5
E89
330
A02
100
AcDbEntity
  8
ProjItem002
100
AcDbLine
 10
149.020853323
 20
103.170278951
 30
0.000000000
 11
149.020853323
 21
98.984132369
 31
0.000000000
  0
LINE
  5
E8A
330
A02
100
AcDbEntity
  8
ProjItem002
100
AcDbLine
 10
148.646779848
 20
103.442677162
 30
0.000000000
 11
148.646779848
 21
98.970989212
 31
0.000000000
  0
LINE
  5
E8B
330
A02
100
AcDbEntity
  8
ProjItem002
100
AcDbLine
 10
148.448174441
 20
103.592842072
 30
0.000000000
 11
148.448174441
 21
99.014023664
 31
0.000000000
  0
LINE
  5
E8C
330
A02
100
AcDbEntity
  8
ProjItem002
100
AcDbLine
 10
148.270200301
 20
103.730884358
 30
0.000000000
 11
148.270200301
 21
99.270184317
 31
0.000000000
  0
LINE
  5
E8D
330
A02
100
AcDbEntity
  8
ProjItem002
100
AcDbLine
 10
147.965906067
 20
103.974992788
 30
0.000000000
 11
147.965906067
 21
100.034471570
 31
0.000000000
  0
LINE
  5
E8E
330
A02
100
AcDbEntity
  8
ProjItem002
100
AcDbLine
 10
147.774781708
 20
104.133872790
 30
0.000000000
 11
147.774781708
 21
100.087611259
 31
0.000000000
  0
LINE
  5
E8F
330
A02
100
AcDbEntity
  8
ProjItem002
100
AcDbLine
 10
147.637295502
 20
104.250984861
 30
0.000000000
 11
147.637295502
 21
100.351951429
 31
0.000000000
  0
LINE
  5
E90
330
A02
100
AcDbEntity
  8
ProjItem002
100
AcDbLine
 10
147.452889382
 20
104.411971510
 30
0.000000000
 11
147.452889382
 21
101.128910112
 31
0.000000000
  0
LINE
  5
E91
330
A02
100
AcDbEntity
  8
ProjItem002
100
AcDbLine
 10
147.270784893
 20
104.575588547
 30
0.000000000
 11
147.270784893
 21
101.191727188
 31
0.000000000
  0
LINE
  5
E92
330
A02
100
AcDbEntity
  8
ProjItem002
100
AcDbLine
 10
147.174893578
 20
104.663696487
 30
0.000000000
 11
147.174893578
 21
101.462118565
 31
0.000000000
  0
LINE
  5
E93
330
A02
100
AcDbEntity
  8
ProjItem002
100
AcDbLine
 10
147.111860301
 20
104.722376417
 30
0.000000000
 11
147.111860301
 21
102.245493061
 31
0.000000000
  0
LINE
  5
E94
330
A02
100
AcDbEntity
  8
ProjItem002
100
AcDbLine
 10
146.940241880
 20
104.885334446
 30
0.000000000
 11
146.940241880
 21
102.317481759
 31
0.000000000
  0
LINE
  5
E95
330
A02
100
AcDbEntity
  8
ProjItem002
100
AcDbLine
 10
146.886717516
 20
104.937147845
 30
0.000000000
 11
146.886717516
 21
102.591747309
 31
0.000000000
  0
LINE
  5
E96
330
A02
100
AcDbEntity
  8
ProjItem002
100
AcDbLine
 10
146.785814008
 20
105.036160372
 30
0.000000000
 11
146.785814008
 21
103.455811057
 31
0.000000000
  0
LINE
  5
E97
330
A02
100
AcDbEntity
  8
ProjItem002
100
AcDbLine
 10
146.775087542
 20
105.046790606
 30
0.000000000
 11
146.775087542
 21
103.731742557
 31
0.000000000
  0
ELLIPSE
  5
E98
330
A02
100
AcDbEntity
  8
ProjItem002
100
AcDbEllipse
 10
168.814062320
 20
112.452499907
 30
0.000000000
 11
25.500000000
 21
0.000000000
 31
0.000000000
 40
0.577350269
 41
3.926990817
 42
0.000000000
  0
ELLIPSE
  5
E99
330
A02
100
AcDbEntity
  8
ProjItem002
100
AcDbEllipse
 10
168.814062320
 20
112.452499907
 30
0.000000000
 11
25.500000000
 21
0.000000000
 31
0.000000000
 40
0.577350269
 41
3.141592654
 42
3.926990817
  0
ELLIPSE
  5
E9A
330
A02
100
AcDbEntity
  8
ProjItem002
100
AcDbEllipse
 10
168.814062320
 20
116.534982812
 30
0.000000000
 11
25.500000000
 21
0.000000000
 31
0.000000000
 40
0.577350269
 41
3.926990817
 42
0.000000000
  0
ELLIPSE
  5
E9B
330
A02
100
AcDbEntity
  8
ProjItem002
100
AcDbEllipse
 10
168.814062320
 20
116.534982812
 30
0.000000000
 11
25.500000000
 21
0.000000000
 31
0.000000000
 40
0.577350269
 41
0.000000000
 42
1.060419576
  0
ELLIPSE
  5
E9C
330
A02
100
AcDbEntity
  8
ProjItem002
100
AcDbEllipse
 10
168.814062320
 20
116.534982812
 30
0.000000000
 11
25.500000000
 21
0.000000000
 31
0.000000000
 40
0.577350269
 41
2.081173077
 42
3.141592654
  0
ELLIPSE
  5
E9D
330
A02
100
AcDbEntity
  8
ProjItem002
100
AcDbEllipse
 10
168.814062320
 20
116.534982812
 30
0.000000000
 11
25.500000000
 21
0.000000000
 31
0.000000000
 40
0.577350269
 41
3.141592654
 42
3.926990817
  0
ELLIPSE
  5
E9E
330
A02
100
AcDbEntity
  8
ProjItem002
100
AcDbEllipse
 10
167.243875350
 20
125.399148817
 30
0.000000000
 11
3.500002969
 21
-0.000000000
 31
0.000000000
 40
0.577350269
 41
2.878490764
 42
3.141592654
  0
ELLIPSE
  5
E9F
330
A02
100
AcDbEntity
  8
ProjItem002
100
AcDbEllipse
 10
167.243875350
 20
125.399148817
 30
0.000000000
 11
3.500002969
 21
-0.000000000
 31
0.000000000
 40
0.577350269
 41
3.141592654
 42
6.022688421
  0
LINE
  5
EA0
330
A02
100
AcDbEntity
  8
ProjItem002
100
AcDbLine
 10
163.864314852
 20
125.924693492
 30
0.000000000
 11
163.864314852
 21
124.873604141
 31
0.000000000
  0
LINE
  5
EA1
330
A02
100
AcDbEntity
  8
ProjItem002
100
AcDbLine
 10
170.625795636
 20
124.878688775
 30
0.000000000
 11
175.575543104
 21
127.736426808
 31
0.000000000
  0
ELLIPSE
  5
EA2
330
A02
100
AcDbEntity
  8
ProjItem002
100
AcDbEllipse
 10
174.680111708
 20
129.689912524
 30
0.000000000
 11
3.500016673
 21
-0.000000000
 31
0.000000000
 40
0.577350269
 41
4.971101698
 42
0.000000000
  0
ELLIPSE
  5
EA3
330
A02
100
AcDbEntity
  8
ProjItem002
100
AcDbEllipse
 10
174.680111708
 20
129.689912524
 30
0.000000000
 11
3.500016673
 21
-0.000000000
 31
0.000000000
 40
0.577350269
 41
0.000000000
 42
1.835682384
  0
LINE
  5
EA4
330
A02
100
AcDbEntity
  8
ProjItem002
100
AcDbLine
 10
173.763809788
 20
131.640169559
 30
0.000000000
 11
173.763809788
 21
126.690422091
 31
0.000000000
  0
LINE
  5
EA5
330
A02
100
AcDbEntity
  8
ProjItem002
100
AcDbLine
 10
173.763809788
 20
131.640169559
 30
0.000000000
 11
167.002329004
 21
132.686174276
 31
0.000000000
  0
LINE
  5
EA6
330
A02
100
AcDbEntity
  8
ProjItem002
100
AcDbLine
 10
167.002329004
 20
132.686174276
 30
0.000000000
 11
167.002329004
 21
123.383239085
 31
0.000000000
  0
ELLIPSE
  5
EA7
330
A02
100
AcDbEntity
  8
ProjItem002
100
AcDbEllipse
 10
164.520965321
 20
131.261052234
 30
0.000000000
 11
3.500012034
 21
-0.000000000
 31
0.000000000
 40
0.577350269
 41
0.782775834
 42
3.141592654
  0
ELLIPSE
  5
EA8
330
A02
100
AcDbEntity
  8
ProjItem002
100
AcDbEllipse
 10
164.520965321
 20
131.261052234
 30
0.000000000
 11
3.500012034
 21
-0.000000000
 31
0.000000000
 40
0.577350269
 41
3.141592654
 42
3.929613097
  0
LINE
  5
EA9
330
A02
100
AcDbEntity
  8
ProjItem002
100
AcDbLine
 10
163.864314852
 20
125.924693492
 30
0.000000000
 11
162.052581413
 21
129.828436314
 31
0.000000000
  0
ELLIPSE
  5
EAA
330
A02
100
AcDbEntity
  8
ProjItem002
100
AcDbEllipse
 10
168.814062320
 20
116.534982812
 30
0.000000000
 11
23.500000000
 21
0.000000000
 31
0.000000000
 40
0.577350269
 41
3.926990817
 42
0.000000000
  0
ELLIPSE
  5
EAB
330
A02
100
AcDbEntity
  8
ProjItem002
100
AcDbEllipse
 10
168.814062320
 20
116.534982812
 30
0.000000000
 11
23.500000000
 21
0.000000000
 31
0.000000000
 40
0.577350269
 41
0.000000000
 42
1.009936028
  0
ELLIPSE
  5
EAC
330
A02
100
AcDbEntity
  8
ProjItem002
100
AcDbEllipse
 10
168.814062320
 20
116.534982812
 30
0.000000000
 11
23.500000000
 21
0.000000000
 31
0.000000000
 40
0.577350269
 41
2.131656625
 42
3.141592654
  0
ELLIPSE
  5
EAD
330
A02
100
AcDbEntity
  8
ProjItem002
100
AcDbEllipse
 10
168.814062320
 20
116.534982812
 30
0.000000000
 11
23.500000000
 21
0.000000000
 31
0.000000000
 40
0.577350269
 41
3.141592654
 42
3.926990817
  0
ELLIPSE
  5
EAE
330
A02
100
AcDbEntity
  8
ProjItem002
100
AcDbEllipse
 10
168.814062320
 20
128.782431526
 30
0.000000000
 11
12.500000000
 21
0.000000000
 31
0.000000000
 40
0.577350269
 41
3.926990817
 42
0.000000000
  0
ELLIPSE
  5
EAF
330
A02
100
AcDbEntity
  8
ProjItem002
100
AcDbEllipse
 10
168.814062320
 20
128.782431526
 30
0.000000000
 11
12.500000000
 21
0.000000000
 31
0.000000000
 40
0.577350269
 41
0.000000000
 42
3.141592654
  0
ELLIPSE
  5
EB0
330
A02
100
AcDbEntity
  8
ProjItem002
100
AcDbEllipse
 10
168.814062320
 20
128.782431526
 30
0.000000000
 11
12.500000000
 21
0.000000000
 31
0.000000000
 40
0.577350269
 41
3.141592654
 42
3.926990817
  0
ELLIPSE
  5
EB1
330
A02
100
AcDbEntity
  8
ProjItem002
100
AcDbEllipse
 10
160.120729883
 20
127.437568317
 30
0.000000000
 11
1.260000000
 21
-0.000000000
 31
0.000000000
 40
0.577350269
 41
4.039084112
 42
4.974188368
  0
SPLINE
  5
EB2
330
A02
100
AcDbEntity
  8
ProjItem002
100
AcDbSpline
210
0
220
0
230
1
 70
8
 71
3
 72
11
 73
7
 74
0
 40
0.000000000
 40
0.000000000
 40
0.000000000
 40
0.000000000
 40
0.482752359
 40
0.482752359
 40
0.482752359
 40
0.928164285
 40
0.928164285
 40
0.928164285
 40
0.928164285
 10
159.201499811
 20
128.129212937
 30
0.000000000
 10
158.867965086
 20
127.953786903
 30
0.000000000
 10
158.690480241
 20
127.689181475
 30
0.000000000
 10
158.737115475
 20
127.437047701
 30
0.000000000
 10
158.774953188
 20
127.204485366
 30
0.000000000
 10
159.002950878
 20
126.988575866
 30
0.000000000
 10
159.335027879
 20
126.868864422
 30
0.000000000
  0
SPLINE
  5
EB3
330
A02
100
AcDbEntity
  8
ProjItem002
100
AcDbSpline
210
0
220
0
230
1
 70
8
 71
3
 72
8
 73
4
 74
0
 40
0.000000000
 40
0.000000000
 40
0.000000000
 40
0.000000000
 40
1.000000000
 40
1.000000000
 40
1.000000000
 40
1.000000000
 10
160.317823967
 20
128.301909067
 30
0.000000000
 10
159.925551352
 20
128.332657610
 30
0.000000000
 10
159.514587960
 20
128.269081143
 30
0.000000000
 10
159.201499817
 20
128.129212942
 30
0.000000000
  0
SPLINE
  5
EB4
330
A02
100
AcDbEntity
  8
ProjItem002
100
AcDbSpline
210
0
220
0
230
1
 70
8
 71
3
 72
11
 73
7
 74
0
 40
0.071831030
 40
0.071831030
 40
0.071831030
 40
0.071831030
 40
0.517247664
 40
0.517247664
 40
0.517247664
 40
1.000000000
 40
1.000000000
 40
1.000000000
 40
1.000000000
 10
161.293669984
 20
127.171854485
 30
0.000000000
 10
161.477593345
 20
127.371391508
 30
0.000000000
 10
161.488067002
 20
127.624196798
 30
0.000000000
 10
161.319430033
 20
127.836528792
 30
0.000000000
 10
161.141464409
 20
128.068347802
 30
0.000000000
 10
160.758600050
 20
128.246268983
 30
0.000000000
 10
160.317823994
 20
128.301909076
 30
0.000000000
  0
ELLIPSE
  5
EB5
330
A02
100
AcDbEntity
  8
ProjItem002
100
AcDbEllipse
 10
160.120729883
 20
127.437568317
 30
0.000000000
 11
1.260000000
 21
-0.000000000
 31
0.000000000
 40
0.577350269
 41
4.974188368
 42
5.909271297
  0
ELLIPSE
  5
EB6
330
A02
100
AcDbEntity
  8
ProjItem002
100
AcDbEllipse
 10
171.143433726
 20
133.801529348
 30
0.000000000
 11
1.260000000
 21
-0.000000000
 31
0.000000000
 40
0.577350269
 41
1.944689009
 42
2.879793266
  0
SPLINE
  5
EB7
330
A02
100
AcDbEntity
  8
ProjItem002
100
AcDbSpline
210
0
220
0
230
1
 70
8
 71
3
 72
11
 73
7
 74
0
 40
0.000000000
 40
0.000000000
 40
0.000000000
 40
0.000000000
 40
0.482752359
 40
0.482752359
 40
0.482752359
 40
0.928164285
 40
0.928164285
 40
0.928164285
 40
0.928164285
 10
172.640515691
 20
133.915322075
 30
0.000000000
 10
172.544144002
 20
134.169802454
 30
0.000000000
 10
172.235978283
 20
134.390847591
 30
0.000000000
 10
171.834460005
 20
134.493596861
 30
0.000000000
 10
171.466697646
 20
134.590959172
 30
0.000000000
 10
171.028834551
 20
134.584915077
 30
0.000000000
 10
170.683228884
 20
134.478732298
 30
0.000000000
  0
SPLINE
  5
EB8
330
A02
100
AcDbEntity
  8
ProjItem002
100
AcDbSpline
210
0
220
0
230
1
 70
8
 71
3
 72
8
 73
4
 74
0
 40
0.000000000
 40
0.000000000
 40
0.000000000
 40
0.000000000
 40
0.833334879
 40
0.833334879
 40
0.833334879
 40
0.833334879
 10
172.341397808
 20
133.270811931
 30
0.000000000
 10
172.542703241
 20
133.421531397
 30
0.000000000
 10
172.654221118
 20
133.611204566
 30
0.000000000
 10
172.653433295
 20
133.801530780
 30
0.000000000
  0
SPLINE
  5
EB9
330
A02
100
AcDbEntity
  8
ProjItem002
100
AcDbSpline
210
0
220
0
230
1
 70
8
 71
2
 72
6
 73
3
 74
0
 40
0.833334879
 40
0.833334879
 40
0.833334879
 40
1.000000000
 40
1.000000000
 40
1.000000000
 10
172.653433295
 20
133.801530780
 30
0.000000000
 10
172.653426146
 20
133.858671035
 30
0.000000000
 10
172.640515696
 20
133.915322069
 30
0.000000000
  0
SPLINE
  5
EBA
330
A02
100
AcDbEntity
  8
ProjItem002
100
AcDbSpline
210
0
220
0
230
1
 70
8
 71
3
 72
11
 73
7
 74
0
 40
0.071831030
 40
0.071831030
 40
0.071831030
 40
0.071831030
 40
0.517247664
 40
0.517247664
 40
0.517247664
 40
1.000000000
 40
1.000000000
 40
1.000000000
 40
1.000000000
 10
170.158392927
 20
133.347916214
 30
0.000000000
 10
170.365736781
 20
133.156186022
 30
0.000000000
 10
170.739707887
 20
133.024546549
 30
0.000000000
 10
171.142524363
 20
133.002699036
 30
0.000000000
 10
171.579235690
 20
132.975772343
 30
0.000000000
 10
172.037549641
 20
133.078243932
 30
0.000000000
 10
172.341397808
 20
133.270811913
 30
0.000000000
  0
ELLIPSE
  5
EBB
330
A02
100
AcDbEntity
  8
ProjItem002
100
AcDbEllipse
 10
171.143433726
 20
133.801529348
 30
0.000000000
 11
1.260000000
 21
-0.000000000
 31
0.000000000
 40
0.577350269
 41
2.879793266
 42
3.141592654
  0
ELLIPSE
  5
EBC
330
A02
100
AcDbEntity
  8
ProjItem002
100
AcDbEllipse
 10
171.143433726
 20
133.801529348
 30
0.000000000
 11
1.260000000
 21
-0.000000000
 31
0.000000000
 40
0.577350269
 41
3.141592654
 42
3.814876195
  0
ELLIPSE
  5
EBD
330
A02
100
AcDbEntity
  8
ProjItem002
100
AcDbEllipse
 10
175.178023351
 20
125.108196912
 30
0.000000000
 11
1.260000000
 21
0.000000000
 31
0.000000000
 40
0.577350269
 41
6.133479214
 42
0.000000000
  0
ELLIPSE
  5
EBE
330
A02
100
AcDbEntity
  8
ProjItem002
100
AcDbEllipse
 10
175.178023351
 20
125.108196912
 30
0.000000000
 11
1.260000000
 21
0.000000000
 31
0.000000000
 40
0.577350269
 41
0.000000000
 42
0.785398163
  0
SPLINE
  5
EBF
330
A02
100
AcDbEntity
  8
ProjItem002
100
AcDbSpline
210
0
220
0
230
1
 70
8
 71
3
 72
11
 73
7
 74
0
 40
0.000000000
 40
0.000000000
 40
0.000000000
 40
0.000000000
 40
0.482752359
 40
0.482752359
 40
0.482752359
 40
0.928164285
 40
0.928164285
 40
0.928164285
 40
0.928164285
 10
174.600171458
 20
124.302759565
 30
0.000000000
 10
175.030077871
 20
124.223705220
 30
0.000000000
 10
175.515728436
 20
124.267265512
 30
0.000000000
 10
175.870611480
 20
124.416650016
 30
0.000000000
 10
176.200536126
 20
124.551850039
 30
0.000000000
 10
176.410401531
 20
124.773803635
 30
0.000000000
 10
176.423930196
 20
124.999697857
 30
0.000000000
  0
ELLIPSE
  5
EC0
330
A02
100
AcDbEntity
  8
ProjItem002
100
AcDbEllipse
 10
175.178023351
 20
125.108196912
 30
0.000000000
 11
1.260000000
 21
0.000000000
 31
0.000000000
 40
0.577350269
 41
0.785398163
 42
1.720481093
  0
SPLINE
  5
EC1
330
A02
100
AcDbEntity
  8
ProjItem002
100
AcDbSpline
210
0
220
0
230
1
 70
8
 71
3
 72
8
 73
4
 74
0
 40
0.000000000
 40
0.000000000
 40
0.000000000
 40
0.000000000
 40
1.000000000
 40
1.000000000
 40
1.000000000
 40
1.000000000
 10
173.782965185
 20
124.774573579
 30
0.000000000
 10
173.932978677
 20
124.563062999
 30
0.000000000
 10
174.233825074
 20
124.389369537
 30
0.000000000
 10
174.600171446
 20
124.302759566
 30
0.000000000
  0
SPLINE
  5
EC2
330
A02
100
AcDbEntity
  8
ProjItem002
100
AcDbSpline
210
0
220
0
230
1
 70
8
 71
3
 72
11
 73
7
 74
0
 40
0.071831030
 40
0.071831030
 40
0.071831030
 40
0.071831030
 40
0.517247664
 40
0.517247664
 40
0.517247664
 40
1.000000000
 40
1.000000000
 40
1.000000000
 40
1.000000000
 10
174.990124048
 20
125.827523878
 30
0.000000000
 10
174.598856834
 20
125.819717047
 30
0.000000000
 10
174.214412071
 20
125.698551231
 30
0.000000000
 10
173.980232563
 20
125.508066749
 30
0.000000000
 10
173.721486861
 20
125.303174432
 30
0.000000000
 10
173.646037269
 20
125.022781662
 30
0.000000000
 10
173.782965157
 20
124.774573588
 30
0.000000000
  0
ELLIPSE
  5
EC3
330
A02
100
AcDbEntity
  8
ProjItem002
100
AcDbEllipse
 10
168.814062320
 20
114.085493069
 30
0.000000000
 11
23.500000000
 21
0.000000000
 31
0.000000000
 40
0.577350269
 41
0.090391995
 42
1.009936028
  0
ELLIPSE
  5
EC4
330
A02
100
AcDbEntity
  8
ProjItem002
100
AcDbEllipse
 10
168.814062320
 20
114.085493069
 30
0.000000000
 11
23.500000000
 21
0.000000000
 31
0.000000000
 40
0.577350269
 41
2.131656625
 42
3.051200659
  0
ELLIPSE
  5
EC5
330
A02
100
AcDbEntity
  8
ProjItem002
100
AcDbEllipse
 10
168.814062320
 20
114.085493069
 30
0.000000000
 11
12.500000000
 21
0.000000000
 31
0.000000000
 40
0.577350269
 41
3.926990817
 42
0.000000000
  0
ELLIPSE
  5
EC6
330
A02
100
AcDbEntity
  8
ProjItem002
100
AcDbEllipse
 10
168.814062320
 20
114.085493069
 30
0.000000000
 11
12.500000000
 21
0.000000000
 31
0.000000000
 40
0.577350269
 41
3.141592654
 42
3.926990817
  0
SPLINE
  5
EC7
330
A02
100
AcDbEntity
  8
ProjItem002
100
AcDbSpline
210
0
220
0
230
1
 70
8
 71
3
 72
8
 73
4
 74
0
 40
0.000057863
 40
0.000057863
 40
0.000057863
 40
0.000057863
 40
0.167870471
 40
0.167870471
 40
0.167870471
 40
0.167870471
 10
159.335027880
 20
126.868864422
 30
0.000000000
 10
159.038255793
 20
126.984448454
 30
0.000000000
 10
158.858497744
 20
127.180542753
 30
0.000000000
 10
158.860729887
 20
127.379253757
 30
0.000000000
  0
SPLINE
  5
EC8
330
A02
100
AcDbEntity
  8
ProjItem002
100
AcDbSpline
210
0
220
0
230
1
 70
8
 71
3
 72
17
 73
13
 74
0
 40
0.167870471
 40
0.167870471
 40
0.167870471
 40
0.167870471
 40
0.267344730
 40
0.267344730
 40
0.267344730
 40
0.414484302
 40
0.414484302
 40
0.414484302
 40
0.561880827
 40
0.561880827
 40
0.561880827
 40
0.731533779
 40
0.731533779
 40
0.731533779
 40
0.731533779
 10
158.860729887
 20
127.379253757
 30
0.000000000
 10
158.861817366
 20
127.499701277
 30
0.000000000
 10
158.919869495
 20
127.611187427
 30
0.000000000
 10
159.034886275
 20
127.713712206
 30
0.000000000
 10
159.201639282
 20
127.861754280
 30
0.000000000
 10
159.485937587
 20
127.968269276
 30
0.000000000
 10
159.806846651
 20
127.998078331
 30
0.000000000
 10
160.127645436
 20
128.029452926
 30
0.000000000
 10
160.480589248
 20
127.983156601
 30
0.000000000
 10
160.764878528
 20
127.867537392
 30
0.000000000
 10
161.094410250
 20
127.736283278
 30
0.000000000
 10
161.324613143
 20
127.513976758
 30
0.000000000
 10
161.370611821
 20
127.275374880
 30
0.000000000
  0
SPLINE
  5
EC9
330
A02
100
AcDbEntity
  8
ProjItem002
100
AcDbSpline
210
0
220
0
230
1
 70
8
 71
3
 72
17
 73
13
 74
0
 40
0.306288010
 40
0.306288010
 40
0.306288010
 40
0.306288010
 40
0.381501552
 40
0.381501552
 40
0.381501552
 40
0.552190793
 40
0.552190793
 40
0.552190793
 40
0.630193190
 40
0.630193190
 40
0.630193190
 40
0.754386620
 40
0.754386620
 40
0.754386620
 40
0.754386620
 10
158.866041281
 20
127.318497272
 30
0.000000000
 10
158.885254264
 20
127.424415800
 30
0.000000000
 10
158.948628384
 20
127.521653778
 30
0.000000000
 10
159.056163642
 20
127.610211206
 30
0.000000000
 10
159.294559795
 20
127.809118968
 30
0.000000000
 10
159.752759288
 20
127.920280017
 30
0.000000000
 10
160.204017634
 20
127.877250580
 30
0.000000000
 10
160.409461323
 20
127.858901111
 30
0.000000000
 10
160.611269556
 20
127.810811372
 30
0.000000000
 10
160.786002106
 20
127.737333251
 30
0.000000000
 10
161.065415194
 20
127.621024689
 30
0.000000000
 10
161.271445046
 20
127.439030442
 30
0.000000000
 10
161.346334842
 20
127.237644623
 30
0.000000000
  0
SPLINE
  5
ECA
330
A02
100
AcDbEntity
  8
ProjItem002
100
AcDbSpline
210
0
220
0
230
1
 70
8
 71
3
 72
11
 73
7
 74
0
 40
2.757583365
 40
2.757583365
 40
2.757583365
 40
2.757583365
 40
3.151524139
 40
3.151524139
 40
3.151524139
 40
4.241451871
 40
4.241451871
 40
4.241451871
 40
4.241451871
 10
159.201499811
 20
128.129212937
 30
0.000000000
 10
159.360535467
 20
128.190879439
 30
0.000000000
 10
159.536673343
 20
128.232523525
 30
0.000000000
 10
159.729913440
 20
128.254145196
 30
0.000000000
 10
160.259350293
 20
128.315817021
 30
0.000000000
 10
160.860582088
 20
128.191928231
 30
0.000000000
 10
161.229583397
 20
127.933220288
 30
0.000000000
  0
SPLINE
  5
ECB
330
A02
100
AcDbEntity
  8
ProjItem002
100
AcDbSpline
210
0
220
0
230
1
 70
8
 71
3
 72
14
 73
10
 74
0
 40
0.000057863
 40
0.000057863
 40
0.000057863
 40
0.000057863
 40
0.145690680
 40
0.145690680
 40
0.145690680
 40
0.267344730
 40
0.267344730
 40
0.267344730
 40
0.363662337
 40
0.363662337
 40
0.363662337
 40
0.363662337
 10
170.683228885
 20
134.478732298
 30
0.000000000
 10
170.987692415
 20
134.531633690
 30
0.000000000
 10
171.339309250
 20
134.511609040
 30
0.000000000
 10
171.639865953
 20
134.419541779
 30
0.000000000
 10
171.891456214
 20
134.343587111
 30
0.000000000
 10
172.105729198
 20
134.218716819
 30
0.000000000
 10
172.239896625
 20
134.067053946
 30
0.000000000
 10
172.347965234
 20
133.944570479
 30
0.000000000
 10
172.402477602
 20
133.813943752
 30
0.000000000
 10
172.403433727
 20
133.675173765
 30
0.000000000
  0
SPLINE
  5
ECC
330
A02
100
AcDbEntity
  8
ProjItem002
100
AcDbSpline
210
0
220
0
230
1
 70
8
 71
3
 72
8
 73
4
 74
0
 40
0.363662337
 40
0.363662337
 40
0.363662337
 40
0.363662337
 40
0.500488696
 40
0.500488696
 40
0.500488696
 40
0.500488696
 10
172.403433727
 20
133.675173765
 30
0.000000000
 10
172.404452044
 20
133.481671204
 30
0.000000000
 10
172.287171292
 20
133.289118634
 30
0.000000000
 10
172.080802752
 20
133.141501466
 30
0.000000000
  0
SPLINE
  5
ECD
330
A02
100
AcDbEntity
  8
ProjItem002
100
AcDbSpline
210
0
220
0
230
1
 70
8
 71
1
 72
4
 73
2
 74
0
 40
0.995956529
 40
0.995956529
 40
1.000000000
 40
1.000000000
 10
169.919600089
 20
133.628486744
 30
0.000000000
 10
169.926367185
 20
133.642320020
 30
0.000000000
  0
SPLINE
  5
ECE
330
A02
100
AcDbEntity
  8
ProjItem002
100
AcDbSpline
210
0
220
0
230
1
 70
8
 71
3
 72
17
 73
13
 74
0
 40
0.000000000
 40
0.000000000
 40
0.000000000
 40
0.000000000
 40
0.133476997
 40
0.133476997
 40
0.133476997
 40
0.228486024
 40
0.228486024
 40
0.228486024
 40
0.381501552
 40
0.381501552
 40
0.381501552
 40
0.446118511
 40
0.446118511
 40
0.446118511
 40
0.446118511
 10
169.926367197
 20
133.929054241
 30
0.000000000
 10
170.016028291
 20
134.107935695
 30
0.000000000
 10
170.257073640
 20
134.261471361
 30
0.000000000
 10
170.572413350
 20
134.334750548
 30
0.000000000
 10
170.795809527
 20
134.387690467
 30
0.000000000
 10
171.053771166
 20
134.400613762
 30
0.000000000
 10
171.302546505
 20
134.369133548
 30
0.000000000
 10
171.704701220
 20
134.320445685
 30
0.000000000
 10
172.073970525
 20
134.151466891
 30
0.000000000
 10
172.259432563
 20
133.922739641
 30
0.000000000
 10
172.339340954
 20
133.825462097
 30
0.000000000
 10
172.386105247
 20
133.722687889
 30
0.000000000
 10
172.399725442
 20
133.614417016
 30
0.000000000
  0
SPLINE
  5
ECF
330
A02
100
AcDbEntity
  8
ProjItem002
100
AcDbSpline
210
0
220
0
230
1
 70
8
 71
2
 72
6
 73
3
 74
0
 40
2.757583365
 40
2.757583365
 40
2.757583365
 40
2.884176688
 40
2.884176688
 40
2.884176688
 10
172.640515691
 20
133.915322075
 30
0.000000000
 10
172.652961732
 20
133.856612194
 30
0.000000000
 10
172.653416600
 20
133.797432195
 30
0.000000000
  0
SPLINE
  5
ED0
330
A02
100
AcDbEntity
  8
ProjItem002
100
AcDbSpline
210
0
220
0
230
1
 70
8
 71
2
 72
6
 73
3
 74
0
 40
0.753766926
 40
0.753766926
 40
0.753766926
 40
1.000000000
 40
1.000000000
 40
1.000000000
 10
169.884057935
 20
133.778633806
 30
0.000000000
 10
169.888702539
 20
133.855250985
 30
0.000000000
 10
169.926367185
 20
133.929054217
 30
0.000000000
  0
SPLINE
  5
ED1
330
A02
100
AcDbEntity
  8
ProjItem002
100
AcDbSpline
210
0
220
0
230
1
 70
8
 71
3
 72
17
 73
13
 74
0
 40
0.000057863
 40
0.000057863
 40
0.000057863
 40
0.000057863
 40
0.145690680
 40
0.145690680
 40
0.145690680
 40
0.267344730
 40
0.267344730
 40
0.267344730
 40
0.414484302
 40
0.414484302
 40
0.414484302
 40
0.559447197
 40
0.559447197
 40
0.559447197
 40
0.559447197
 10
176.423930195
 20
124.999697857
 30
0.000000000
 10
176.376354479
 20
124.795711435
 30
0.000000000
 10
176.195812257
 20
124.604612173
 30
0.000000000
 10
175.932736089
 20
124.475064377
 30
0.000000000
 10
175.714147077
 20
124.366108460
 30
0.000000000
 10
175.440844147
 20
124.300268114
 30
0.000000000
 10
175.167404060
 20
124.287877901
 30
0.000000000
 10
174.836396641
 20
124.271665563
 30
0.000000000
 10
174.508909644
 20
124.334991867
 30
0.000000000
 10
174.278173603
 20
124.454973945
 30
0.000000000
 10
174.049012974
 20
124.572120881
 30
0.000000000
 10
173.916752073
 20
124.742324464
 30
0.000000000
 10
173.918023351
 20
124.913799027
 30
0.000000000
  0
SPLINE
  5
ED2
330
A02
100
AcDbEntity
  8
ProjItem002
100
AcDbSpline
210
0
220
0
230
1
 70
8
 71
3
 72
14
 73
10
 74
0
 40
0.559447197
 40
0.559447197
 40
0.559447197
 40
0.559447197
 40
0.747605624
 40
0.747605624
 40
0.747605624
 40
0.845115294
 40
0.845115294
 40
0.845115294
 40
1.000000000
 40
1.000000000
 40
1.000000000
 40
1.000000000
 10
173.918023351
 20
124.913799027
 30
0.000000000
 10
173.914565308
 20
125.136932034
 30
0.000000000
 10
174.143733697
 20
125.355495305
 30
0.000000000
 10
174.503974775
 20
125.463028971
 30
0.000000000
 10
174.688936015
 20
125.519533910
 30
0.000000000
 10
174.905012768
 20
125.547337677
 30
0.000000000
 10
175.123914346
 20
125.541319540
 30
0.000000000
 10
175.472034950
 20
125.532967249
 30
0.000000000
 10
175.823714450
 20
125.435980799
 30
0.000000000
 10
176.068977895
 20
125.275099580
 30
0.000000000
  0
SPLINE
  5
ED3
330
A02
100
AcDbEntity
  8
ProjItem002
100
AcDbSpline
210
0
220
0
230
1
 70
8
 71
3
 72
8
 73
4
 74
0
 40
0.000000000
 40
0.000000000
 40
0.000000000
 40
0.000000000
 40
0.113285131
 40
0.113285131
 40
0.113285131
 40
0.113285131
 10
176.068977929
 20
125.561833755
 30
0.000000000
 10
176.281206116
 20
125.424638835
 30
0.000000000
 10
176.413514013
 20
125.242448351
 30
0.000000000
 10
176.434611023
 20
125.054694820
 30
0.000000000
  0
SPLINE
  5
ED4
330
A02
100
AcDbEntity
  8
ProjItem002
100
AcDbSpline
210
0
220
0
230
1
 70
8
 71
3
 72
11
 73
7
 74
0
 40
0.639617066
 40
0.639617066
 40
0.639617066
 40
0.639617066
 40
0.817219895
 40
0.817219895
 40
0.817219895
 40
1.000000000
 40
1.000000000
 40
1.000000000
 40
1.000000000
 10
173.923334645
 20
124.853043113
 30
0.000000000
 10
173.961494395
 20
125.100105877
 30
0.000000000
 10
174.288269575
 20
125.324172842
 30
0.000000000
 10
174.730613536
 20
125.393865632
 30
0.000000000
 10
175.182285801
 20
125.471542475
 30
0.000000000
 10
175.729816631
 20
125.378897468
 30
0.000000000
 10
176.068977895
 20
125.153587003
 30
0.000000000
  0
SPLINE
  5
ED5
330
A02
100
AcDbEntity
  8
ProjItem002
100
AcDbSpline
210
0
220
0
230
1
 70
8
 71
3
 72
11
 73
7
 74
0
 40
4.720060941
 40
4.720060941
 40
4.720060941
 40
4.720060941
 40
5.335869484
 40
5.335869484
 40
5.335869484
 40
5.951678026
 40
5.951678026
 40
5.951678026
 40
5.951678026
 10
174.102630680
 20
125.593086990
 30
0.000000000
 10
174.319211227
 20
125.707153157
 30
0.000000000
 10
174.605243961
 20
125.781024806
 30
0.000000000
 10
174.909570239
 20
125.799112053
 30
0.000000000
 10
175.213677981
 20
125.817896249
 30
0.000000000
 10
175.534462431
 20
125.780728005
 30
0.000000000
 10
175.814540215
 20
125.691875146
 30
0.000000000
  0
SPLINE
  5
ED6
330
A02
100
AcDbEntity
  8
ProjItem002
100
AcDbSpline
210
0
220
0
230
1
 70
8
 71
3
 72
8
 73
4
 74
0
 40
0.000330839
 40
0.000330839
 40
0.000330839
 40
0.000330839
 40
1.000000000
 40
1.000000000
 40
1.000000000
 40
1.000000000
 10
174.990124048
 20
125.827523878
 30
0.000000000
 10
175.379148546
 20
125.842672313
 30
0.000000000
 10
175.792361341
 20
125.743926974
 30
0.000000000
 10
176.068977895
 20
125.561833777
 30
0.000000000
  0
SPLINE
  5
ED7
330
A02
100
AcDbEntity
  8
ProjItem002
100
AcDbSpline
210
0
220
0
230
1
 70
8
 71
3
 72
14
 73
10
 74
0
 40
0.341609794
 40
0.341609794
 40
0.341609794
 40
0.341609794
 40
0.501569766
 40
0.501569766
 40
0.501569766
 40
0.626951497
 40
0.626951497
 40
0.626951497
 40
0.719041205
 40
0.719041205
 40
0.719041205
 40
0.719041205
 10
158.922236435
 20
127.175129713
 30
0.000000000
 10
159.049718311
 20
127.386642828
 30
0.000000000
 10
159.395443407
 20
127.552520814
 30
0.000000000
 10
159.806626775
 20
127.589809700
 30
0.000000000
 10
160.127192877
 20
127.621194774
 30
0.000000000
 10
160.479886863
 20
127.575023536
 30
0.000000000
 10
160.764105722
 20
127.459601265
 30
0.000000000
 10
160.973354141
 20
127.375595547
 30
0.000000000
 10
161.145077360
 20
127.255694367
 30
0.000000000
 10
161.251835659
 20
127.117048051
 30
0.000000000
  0
SPLINE
  5
ED8
330
A02
100
AcDbEntity
  8
ProjItem002
100
AcDbSpline
210
0
220
0
230
1
 70
8
 71
3
 72
14
 73
10
 74
0
 40
0.357337680
 40
0.357337680
 40
0.357337680
 40
0.357337680
 40
0.505241083
 40
0.505241083
 40
0.505241083
 40
0.630196599
 40
0.630196599
 40
0.630196599
 40
0.704612081
 40
0.704612081
 40
0.704612081
 40
0.704612081
 10
158.966452134
 20
127.114374004
 30
0.000000000
 10
159.121030069
 20
127.301830189
 30
0.000000000
 10
159.453093040
 20
127.441089383
 30
0.000000000
 10
159.834848608
 20
127.470792136
 30
0.000000000
 10
160.156163994
 20
127.497795956
 30
0.000000000
 10
160.506315746
 20
127.447399948
 30
0.000000000
 10
160.786049953
 20
127.329066396
 30
0.000000000
 10
160.955457287
 20
127.257681539
 30
0.000000000
 10
161.092415836
 20
127.167738551
 30
0.000000000
 10
161.196925601
 20
127.059237432
 30
0.000000000
  0
SPLINE
  5
ED9
330
A02
100
AcDbEntity
  8
ProjItem002
100
AcDbSpline
210
0
220
0
230
1
 70
8
 71
3
 72
8
 73
4
 74
0
 40
2.854585727
 40
2.854585727
 40
2.854585727
 40
2.854585727
 40
3.850678845
 40
3.850678845
 40
3.850678845
 40
3.850678845
 10
159.321452332
 20
127.762689581
 30
0.000000000
 10
159.744887256
 20
127.896382157
 30
0.000000000
 10
160.304126866
 20
127.894703565
 30
0.000000000
 10
160.757267940
 20
127.749074168
 30
0.000000000
  0
SPLINE
  5
EDA
330
A02
100
AcDbEntity
  8
ProjItem002
100
AcDbSpline
210
0
220
0
230
1
 70
8
 71
3
 72
17
 73
13
 74
0
 40
0.000000000
 40
0.000000000
 40
0.000000000
 40
0.000000000
 40
0.104977417
 40
0.104977417
 40
0.104977417
 40
0.222906957
 40
0.222906957
 40
0.222906957
 40
0.272797332
 40
0.272797332
 40
0.272797332
 40
0.416914881
 40
0.416914881
 40
0.416914881
 40
0.416914881
 10
169.926367197
 20
133.642320045
 30
0.000000000
 10
169.997459400
 20
133.782729162
 30
0.000000000
 10
170.160278560
 20
133.908363161
 30
0.000000000
 10
170.381469445
 20
133.990554961
 30
0.000000000
 10
170.628940362
 20
134.083770452
 30
0.000000000
 10
170.948446331
 20
134.120558922
 30
0.000000000
 10
171.258590596
 20
134.087457970
 30
0.000000000
 10
171.390742273
 20
134.073590017
 30
0.000000000
 10
171.517836139
 20
134.048201430
 30
0.000000000
 10
171.639872192
 20
134.011292211
 30
0.000000000
 10
171.991194237
 20
133.906177423
 30
0.000000000
 10
172.265098076
 20
133.703727451
 30
0.000000000
 10
172.360994469
 20
133.471049770
 30
0.000000000
  0
SPLINE
  5
EDB
330
A02
100
AcDbEntity
  8
ProjItem002
100
AcDbSpline
210
0
220
0
230
1
 70
8
 71
3
 72
14
 73
10
 74
0
 40
0.011094735
 40
0.011094735
 40
0.011094735
 40
0.011094735
 40
0.133479104
 40
0.133479104
 40
0.133479104
 40
0.228489734
 40
0.228489734
 40
0.228489734
 40
0.404188289
 40
0.404188289
 40
0.404188289
 40
0.404188289
 10
169.952037019
 20
133.564763720
 30
0.000000000
 10
170.056114035
 20
133.724874011
 30
0.000000000
 10
170.283593715
 20
133.859181286
 30
0.000000000
 10
170.572413768
 20
133.926503872
 30
0.000000000
 10
170.795810317
 20
133.979443823
 30
0.000000000
 10
171.053772406
 20
133.992367019
 30
0.000000000
 10
171.302548073
 20
133.960886577
 30
0.000000000
 10
171.765526363
 20
133.905792173
 30
0.000000000
 10
172.180242164
 20
133.688839537
 30
0.000000000
 10
172.331198370
 20
133.410293971
 30
0.000000000
  0
SPLINE
  5
EDC
330
A02
100
AcDbEntity
  8
ProjItem002
100
AcDbSpline
210
0
220
0
230
1
 70
8
 71
3
 72
8
 73
4
 74
0
 40
0.753568913
 40
0.753568913
 40
0.753568913
 40
0.753568913
 40
1.749664298
 40
1.749664298
 40
1.749664298
 40
1.749664298
 10
170.344156696
 20
134.262733171
 30
0.000000000
 10
170.767593127
 20
134.396427222
 30
0.000000000
 10
171.326828600
 20
134.394748262
 30
0.000000000
 10
171.779973183
 20
134.249116740
 30
0.000000000
  0
SPLINE
  5
EDD
330
A02
100
AcDbEntity
  8
ProjItem002
100
AcDbSpline
210
0
220
0
230
1
 70
8
 71
3
 72
8
 73
4
 74
0
 40
0.000000000
 40
0.000000000
 40
0.000000000
 40
0.000000000
 40
0.083578800
 40
0.083578800
 40
0.083578800
 40
0.083578800
 10
176.068977929
 20
125.275099558
 30
0.000000000
 10
176.225169865
 20
125.173774833
 30
0.000000000
 10
176.339076401
 20
125.048294570
 30
0.000000000
 10
176.395584150
 20
124.913799813
 30
0.000000000
  0
SPLINE
  5
EDE
330
A02
100
AcDbEntity
  8
ProjItem002
100
AcDbSpline
210
0
220
0
230
1
 70
8
 71
3
 72
14
 73
10
 74
0
 40
0.674926260
 40
0.674926260
 40
0.674926260
 40
0.674926260
 40
0.784943902
 40
0.784943902
 40
0.784943902
 40
0.868901070
 40
0.868901070
 40
0.868901070
 40
1.000000000
 40
1.000000000
 40
1.000000000
 40
1.000000000
 10
173.979529777
 20
124.709675544
 30
0.000000000
 10
174.068433547
 20
124.854426157
 30
0.000000000
 10
174.256837383
 20
124.979785048
 30
0.000000000
 10
174.502547277
 20
125.054345842
 30
0.000000000
 10
174.689475139
 20
125.111651374
 30
0.000000000
 10
174.908316932
 20
125.139595337
 30
0.000000000
 10
175.129781775
 20
125.132906751
 30
0.000000000
 10
175.476004858
 20
125.123654495
 30
0.000000000
 10
175.825084900
 20
125.026812099
 30
0.000000000
 10
176.068977895
 20
124.866851907
 30
0.000000000
  0
SPLINE
  5
EDF
330
A02
100
AcDbEntity
  8
ProjItem002
100
AcDbSpline
210
0
220
0
230
1
 70
8
 71
2
 72
6
 73
3
 74
0
 40
0.000000000
 40
0.000000000
 40
0.000000000
 40
0.070849383
 40
0.070849383
 40
0.070849383
 10
176.068977964
 20
125.153586958
 30
0.000000000
 10
176.269921315
 20
125.022460939
 30
0.000000000
 10
176.365788358
 20
124.853044340
 30
0.000000000
  0
SPLINE
  5
EE0
330
A02
100
AcDbEntity
  8
ProjItem002
100
AcDbSpline
210
0
220
0
230
1
 70
8
 71
3
 72
11
 73
7
 74
0
 40
0.690655356
 40
0.690655356
 40
0.690655356
 40
0.690655356
 40
0.870690482
 40
0.870690482
 40
0.870690482
 40
1.000000000
 40
1.000000000
 40
1.000000000
 40
1.000000000
 10
174.023745699
 20
124.648919790
 30
0.000000000
 10
174.210475002
 20
124.878421925
 30
0.000000000
 10
174.666126067
 20
125.031052958
 30
0.000000000
 10
175.143941229
 20
125.010930544
 30
0.000000000
 10
175.485552668
 20
124.999551890
 30
0.000000000
 10
175.828393853
 20
124.903082748
 30
0.000000000
 10
176.068977895
 20
124.745340229
 30
0.000000000
  0
SPLINE
  5
EE1
330
A02
100
AcDbEntity
  8
ProjItem002
100
AcDbSpline
210
0
220
0
230
1
 70
8
 71
3
 72
8
 73
4
 74
0
 40
4.955607645
 40
4.955607645
 40
4.955607645
 40
4.955607645
 40
5.951686708
 40
5.951686708
 40
5.951686708
 40
5.951686708
 10
174.378753918
 20
125.297238335
 30
0.000000000
 10
174.802180947
 20
125.430927643
 30
0.000000000
 10
175.361411792
 20
125.429248208
 30
0.000000000
 10
175.814552415
 20
125.283623519
 30
0.000000000
  0
SPLINE
  5
EE2
330
A02
100
AcDbEntity
  8
ProjItem002
100
AcDbSpline
210
0
220
0
230
1
 70
8
 71
3
 72
11
 73
7
 74
0
 40
0.398337057
 40
0.398337057
 40
0.398337057
 40
0.398337057
 40
0.501563087
 40
0.501563087
 40
0.501563087
 40
0.666818525
 40
0.666818525
 40
0.666818525
 40
0.666818525
 10
159.133173041
 20
126.971005846
 30
0.000000000
 10
159.301969763
 20
127.080539458
 30
0.000000000
 10
159.542279626
 20
127.156683045
 30
0.000000000
 10
159.806414247
 20
127.181541746
 30
0.000000000
 10
160.229523319
 20
127.224302965
 30
0.000000000
 10
160.705791645
 20
127.126565920
 30
0.000000000
 10
161.012402594
 20
126.923590440
 30
0.000000000
  0
SPLINE
  5
EE3
330
A02
100
AcDbEntity
  8
ProjItem002
100
AcDbSpline
210
0
220
0
230
1
 70
8
 71
3
 72
11
 73
7
 74
0
 40
0.418685793
 40
0.418685793
 40
0.418685793
 40
0.418685793
 40
0.505245878
 40
0.505245878
 40
0.505245878
 40
0.648045643
 40
0.648045643
 40
0.648045643
 40
0.648045643
 10
159.241112276
 20
126.910250647
 30
0.000000000
 10
159.404497326
 20
126.990703230
 30
0.000000000
 10
159.612259587
 20
127.044577082
 30
0.000000000
 10
159.834885975
 20
127.062548408
 30
0.000000000
 10
160.202280025
 20
127.093847825
 30
0.000000000
 10
160.606559862
 20
127.022268869
 30
0.000000000
 10
160.901624105
 20
126.866661374
 30
0.000000000
  0
SPLINE
  5
EE4
330
A02
100
AcDbEntity
  8
ProjItem002
100
AcDbSpline
210
0
220
0
230
1
 70
8
 71
3
 72
8
 73
4
 74
0
 40
2.854578035
 40
2.854578035
 40
2.854578035
 40
2.854578035
 40
3.850687548
 40
3.850687548
 40
3.850687548
 40
3.850687548
 10
159.321442065
 20
127.354438627
 30
0.000000000
 10
159.744882132
 20
127.488135487
 30
0.000000000
 10
160.304133225
 20
127.486456786
 30
0.000000000
 10
160.757280170
 20
127.340822531
 30
0.000000000
  0
SPLINE
  5
EE5
330
A02
100
AcDbEntity
  8
ProjItem002
100
AcDbSpline
210
0
220
0
230
1
 70
8
 71
3
 72
11
 73
7
 74
0
 40
0.047775122
 40
0.047775122
 40
0.047775122
 40
0.047775122
 40
0.222916877
 40
0.222916877
 40
0.222916877
 40
0.372611186
 40
0.372611186
 40
0.372611186
 40
0.372611186
 10
170.077201553
 20
133.413908849
 30
0.000000000
 10
170.320654692
 20
133.618535350
 30
0.000000000
 10
170.796399570
 20
133.730333795
 30
0.000000000
 10
171.258595157
 20
133.679209818
 30
0.000000000
 10
171.653291765
 20
133.639477267
 30
0.000000000
 10
172.023991875
 20
133.484401700
 30
0.000000000
 10
172.224946952
 20
133.266925582
 30
0.000000000
  0
SPLINE
  5
EE6
330
A02
100
AcDbEntity
  8
ProjItem002
100
AcDbSpline
210
0
220
0
230
1
 70
8
 71
3
 72
11
 73
7
 74
0
 40
0.065011201
 40
0.065011201
 40
0.065011201
 40
0.065011201
 40
0.228489908
 40
0.228489908
 40
0.228489908
 40
0.358198716
 40
0.358198716
 40
0.358198716
 40
0.358198716
 10
170.156024844
 20
133.349635666
 30
0.000000000
 10
170.422159253
 20
133.524690819
 30
0.000000000
 10
170.873359335
 20
133.608601695
 30
0.000000000
 10
171.302549641
 20
133.552639606
 30
0.000000000
 10
171.642827613
 20
133.510877724
 30
0.000000000
 10
171.961610176
 20
133.384375727
 30
0.000000000
 10
172.162128898
 20
133.206170311
 30
0.000000000
  0
SPLINE
  5
EE7
330
A02
100
AcDbEntity
  8
ProjItem002
100
AcDbSpline
210
0
220
0
230
1
 70
8
 71
3
 72
8
 73
4
 74
0
 40
0.753561220
 40
0.753561220
 40
0.753561220
 40
0.753561220
 40
1.749672983
 40
1.749672983
 40
1.749672983
 40
1.749672983
 10
170.344146428
 20
133.854482217
 30
0.000000000
 10
170.767587994
 20
133.988180549
 30
0.000000000
 10
171.326834938
 20
133.986501484
 30
0.000000000
 10
171.779985386
 20
133.840865112
 30
0.000000000
  0
SPLINE
  5
EE8
330
A02
100
AcDbEntity
  8
ProjItem002
100
AcDbSpline
210
0
220
0
230
1
 70
8
 71
2
 72
6
 73
3
 74
0
 40
0.000000000
 40
0.000000000
 40
0.000000000
 40
0.039256618
 40
0.039256618
 40
0.039256618
 10
176.068977964
 20
124.866851862
 30
0.000000000
 10
176.179348574
 20
124.795054472
 30
0.000000000
 10
176.259536516
 20
124.709675583
 30
0.000000000
  0
SPLINE
  5
EE9
330
A02
100
AcDbEntity
  8
ProjItem002
100
AcDbSpline
210
0
220
0
230
1
 70
8
 71
3
 72
11
 73
7
 74
0
 40
0.731666418
 40
0.731666418
 40
0.731666418
 40
0.731666418
 40
0.868529945
 40
0.868529945
 40
0.868529945
 40
0.986586441
 40
0.986586441
 40
0.986586441
 40
0.986586441
 10
174.190466591
 20
124.505552209
 30
0.000000000
 10
174.413801081
 20
124.651413569
 30
0.000000000
 10
174.765131359
 20
124.735979307
 30
0.000000000
 10
175.126904330
 20
124.724742020
 30
0.000000000
 10
175.438466981
 20
124.716601707
 30
0.000000000
 10
175.753215254
 20
124.638233541
 30
0.000000000
 10
175.990821551
 20
124.505551761
 30
0.000000000
  0
SPLINE
  5
EEA
330
A02
100
AcDbEntity
  8
ProjItem002
100
AcDbSpline
210
0
220
0
230
1
 70
8
 71
2
 72
6
 73
3
 74
0
 40
0.000000000
 40
0.000000000
 40
0.000000000
 40
0.024858102
 40
0.024858102
 40
0.024858102
 10
176.068977998
 20
124.745340161
 30
0.000000000
 10
176.138686100
 20
124.700010916
 30
0.000000000
 10
176.196718996
 20
124.648920966
 30
0.000000000
  0
SPLINE
  5
EEB
330
A02
100
AcDbEntity
  8
ProjItem002
100
AcDbSpline
210
0
220
0
230
1
 70
8
 71
3
 72
11
 73
7
 74
0
 40
0.752003322
 40
0.752003322
 40
0.752003322
 40
0.752003322
 40
0.871184690
 40
0.871184690
 40
0.871184690
 40
0.967220267
 40
0.967220267
 40
0.967220267
 40
0.967220267
 10
174.298406792
 20
124.444796431
 30
0.000000000
 10
174.523071080
 20
124.555944725
 30
0.000000000
 10
174.833056188
 20
124.615046116
 30
0.000000000
 10
175.147853171
 20
124.602539582
 30
0.000000000
 10
175.401319406
 20
124.593252829
 30
0.000000000
 10
175.656055159
 20
124.538250854
 30
0.000000000
 10
175.867950826
 20
124.444796615
 30
0.000000000
  0
SPLINE
  5
EEC
330
A02
100
AcDbEntity
  8
ProjItem002
100
AcDbSpline
210
0
220
0
230
1
 70
8
 71
3
 72
8
 73
4
 74
0
 40
4.955599955
 40
4.955599955
 40
4.955599955
 40
4.955599955
 40
5.951695394
 40
5.951695394
 40
5.951695394
 40
5.951695394
 10
174.378743654
 20
124.888987382
 30
0.000000000
 10
174.802175818
 20
125.022680971
 30
0.000000000
 10
175.361418134
 20
125.021001429
 30
0.000000000
 10
175.814564622
 20
124.875371890
 30
0.000000000
  0
SPLINE
  5
EED
330
A02
100
AcDbEntity
  8
ProjItem002
100
AcDbSpline
210
0
220
0
230
1
 70
8
 71
3
 72
8
 73
4
 74
0
 40
0.484398314
 40
0.484398314
 40
0.484398314
 40
0.484398314
 40
0.584476622
 40
0.584476622
 40
0.584476622
 40
0.584476622
 10
159.677050378
 20
126.756699143
 30
0.000000000
 10
159.924187067
 20
126.797109617
 30
0.000000000
 10
160.200996600
 20
126.790751840
 30
0.000000000
 10
160.455600680
 20
126.736269154
 30
0.000000000
  0
SPLINE
  5
EEE
330
A02
100
AcDbEntity
  8
ProjItem002
100
AcDbSpline
210
0
220
0
230
1
 70
8
 71
3
 72
8
 73
4
 74
0
 40
2.854570343
 40
2.854570343
 40
2.854570343
 40
2.854570343
 40
3.850696232
 40
3.850696232
 40
3.850696232
 40
3.850696232
 10
159.321431798
 20
126.946187674
 30
0.000000000
 10
159.744876999
 20
127.079888815
 30
0.000000000
 10
160.304139563
 20
127.078210007
 30
0.000000000
 10
160.757292374
 20
126.932570903
 30
0.000000000
  0
SPLINE
  5
EEF
330
A02
100
AcDbEntity
  8
ProjItem002
100
AcDbSpline
210
0
220
0
230
1
 70
8
 71
3
 72
8
 73
4
 74
0
 40
0.108835674
 40
0.108835674
 40
0.108835674
 40
0.108835674
 40
0.313063479
 40
0.313063479
 40
0.313063479
 40
0.313063479
 10
170.406016716
 20
133.182977458
 30
0.000000000
 10
170.842180649
 20
133.342994729
 30
0.000000000
 10
171.488669890
 20
133.309093233
 30
0.000000000
 10
171.913948463
 20
133.085328894
 30
0.000000000
  0
SPLINE
  5
EF0
330
A02
100
AcDbEntity
  8
ProjItem002
100
AcDbSpline
210
0
220
0
230
1
 70
8
 71
3
 72
8
 73
4
 74
0
 40
0.134210236
 40
0.134210236
 40
0.134210236
 40
0.134210236
 40
0.285924680
 40
0.285924680
 40
0.285924680
 40
0.285924680
 10
170.577591577
 20
133.111222322
 30
0.000000000
 10
170.935120424
 20
133.196143972
 30
0.000000000
 10
171.380191348
 20
133.172698987
 30
0.000000000
 10
171.733640857
 20
133.042024063
 30
0.000000000
  0
SPLINE
  5
EF1
330
A02
100
AcDbEntity
  8
ProjItem002
100
AcDbSpline
210
0
220
0
230
1
 70
8
 71
3
 72
8
 73
4
 74
0
 40
0.753553528
 40
0.753553528
 40
0.753553528
 40
0.753553528
 40
1.749681667
 40
1.749681667
 40
1.749681667
 40
1.749681667
 10
170.344136161
 20
133.446231263
 30
0.000000000
 10
170.767582861
 20
133.579933877
 30
0.000000000
 10
171.326841275
 20
133.578254705
 30
0.000000000
 10
171.779997590
 20
133.432613484
 30
0.000000000
  0
SPLINE
  5
EF2
330
A02
100
AcDbEntity
  8
ProjItem002
100
AcDbSpline
210
0
220
0
230
1
 70
8
 71
2
 72
6
 73
3
 74
0
 40
0.827217389
 40
0.827217389
 40
0.827217389
 40
0.894094993
 40
0.894094993
 40
0.894094993
 10
174.805432005
 20
124.301428066
 30
0.000000000
 10
175.062160291
 20
124.333275032
 30
0.000000000
 10
175.328859507
 20
124.301427990
 30
0.000000000
  0
SPLINE
  5
EF3
330
A02
100
AcDbEntity
  8
ProjItem002
100
AcDbSpline
210
0
220
0
230
1
 70
8
 71
3
 72
8
 73
4
 74
0
 40
4.955592265
 40
4.955592265
 40
4.955592265
 40
4.955592265
 40
5.951704078
 40
5.951704078
 40
5.951704078
 40
5.951704078
 10
174.378733390
 20
124.480736430
 30
0.000000000
 10
174.802170688
 20
124.614434299
 30
0.000000000
 10
175.361424473
 20
124.612754649
 30
0.000000000
 10
175.814576826
 20
124.467120262
 30
0.000000000
  0
SPLINE
  5
EF4
330
A02
100
AcDbEntity
  8
ProjItem002
100
AcDbSpline
210
0
220
0
230
1
 70
8
 71
3
 72
8
 73
4
 74
0
 40
0.949626021
 40
0.949626021
 40
0.949626021
 40
0.949626021
 40
1.710647858
 40
1.710647858
 40
1.710647858
 40
1.710647858
 10
170.608161530
 20
133.100824773
 30
0.000000000
 10
170.965143131
 20
133.163394440
 30
0.000000000
 10
171.374107571
 20
133.142962525
 30
0.000000000
 10
171.726250038
 20
133.040592386
 30
0.000000000
  0
LINE
  5
EF5
330
A02
100
AcDbEntity
  8
ProjItem002
100
AcDbLine
 10
190.819417766
 20
103.162964882
 30
0.000000000
 11
190.819417766
 21
105.013540937
 31
0.000000000
  0
LINE
  5
EF6
330
A02
100
AcDbEntity
  8
ProjItem002
100
AcDbLine
 10
190.620218660
 20
102.034762269
 30
0.000000000
 11
190.620218660
 21
104.820515769
 31
0.000000000
  0
LINE
  5
EF7
330
A02
100
AcDbEntity
  8
ProjItem002
100
AcDbLine
 10
190.246656917
 20
100.921410675
 30
0.000000000
 11
190.246656917
 21
104.475577175
 31
0.000000000
  0
LINE
  5
EF8
330
A02
100
AcDbEntity
  8
ProjItem002
100
AcDbLine
 10
189.701740236
 20
99.831874152
 30
0.000000000
 11
189.701740236
 21
104.007483403
 31
0.000000000
  0
LINE
  5
EF9
330
A02
100
AcDbEntity
  8
ProjItem002
100
AcDbLine
 10
188.989855966
 20
98.774925007
 30
0.000000000
 11
188.989855966
 21
103.449031117
 31
0.000000000
  0
LINE
  5
EFA
330
A02
100
AcDbEntity
  8
ProjItem002
100
AcDbLine
 10
188.116735781
 20
97.759073175
 30
0.000000000
 11
188.116735781
 21
102.832091093
 31
0.000000000
  0
LINE
  5
EFB
330
A02
100
AcDbEntity
  8
ProjItem002
100
AcDbLine
 10
187.089409530
 20
96.792497696
 30
0.000000000
 11
187.089409530
 21
102.185048351
 31
0.000000000
  0
LINE
  5
EFC
330
A02
100
AcDbEntity
  8
ProjItem002
100
AcDbLine
 10
185.916148641
 20
95.882980868
 30
0.000000000
 11
185.916148641
 21
101.532050535
 31
0.000000000
  0
LINE
  5
EFD
330
A02
100
AcDbEntity
  8
ProjItem002
100
AcDbLine
 10
184.606399521
 20
95.037845586
 30
0.000000000
 11
184.606399521
 21
100.893202268
 31
0.000000000
  0
LINE
  5
EFE
330
A02
100
AcDbEntity
  8
ProjItem002
100
AcDbLine
 10
183.170707499
 20
94.263896382
 30
0.000000000
 11
183.170707499
 21
100.285101675
 31
0.000000000
  0
LINE
  5
EFF
330
A02
100
AcDbEntity
  8
ProjItem002
100
AcDbLine
 10
181.620631924
 20
93.567364639
 30
0.000000000
 11
181.620631924
 21
99.721412300
 31
0.000000000
  0
LINE
  5
F00
330
A02
100
AcDbEntity
  8
ProjItem002
100
AcDbLine
 10
179.968653092
 20
92.953858423
 30
0.000000000
 11
179.968653092
 21
99.213352091
 31
0.000000000
  0
LINE
  5
F01
330
A02
100
AcDbEntity
  8
ProjItem002
100
AcDbLine
 10
178.228071766
 20
92.428317323
 30
0.000000000
 11
178.228071766
 21
98.770072903
 31
0.000000000
  0
LINE
  5
F02
330
A02
100
AcDbEntity
  8
ProjItem002
100
AcDbLine
 10
176.412902083
 20
91.994972689
 30
0.000000000
 11
176.412902083
 21
98.398940047
 31
0.000000000
  0
LINE
  5
F03
330
A02
100
AcDbEntity
  8
ProjItem002
100
AcDbLine
 10
174.537758722
 20
91.657313556
 30
0.000000000
 11
174.537758722
 21
98.105731403
 31
0.000000000
  0
LINE
  5
F04
330
A02
100
AcDbEntity
  8
ProjItem002
100
AcDbLine
 10
172.617739235
 20
91.418058558
 30
0.000000000
 11
172.617739235
 21
97.894775246
 31
0.000000000
  0
LINE
  5
F05
330
A02
100
AcDbEntity
  8
ProjItem002
100
AcDbLine
 10
170.668302489
 20
91.279134034
 30
0.000000000
 11
170.668302489
 21
97.769042170
 31
0.000000000
  0
LINE
  5
F06
330
A02
100
AcDbEntity
  8
ProjItem002
100
AcDbLine
 10
168.705144204
 20
91.241658524
 30
0.000000000
 11
168.705144204
 21
97.730202341
 31
0.000000000
  0
LINE
  5
F07
330
A02
100
AcDbEntity
  8
ProjItem002
100
AcDbLine
 10
167.940672888
 20
91.247677089
 30
0.000000000
 11
167.940672888
 21
97.738706029
 31
0.000000000
  0
LINE
  5
F08
330
A02
100
AcDbEntity
  8
ProjItem002
100
AcDbLine
 10
165.982403526
 20
91.335966008
 30
0.000000000
 11
165.982403526
 21
97.821121429
 31
0.000000000
  0
LINE
  5
F09
330
A02
100
AcDbEntity
  8
ProjItem002
100
AcDbLine
 10
164.045725304
 20
91.525246362
 30
0.000000000
 11
164.045725304
 21
97.989755100
 31
0.000000000
  0
LINE
  5
F0A
330
A02
100
AcDbEntity
  8
ProjItem002
100
AcDbLine
 10
162.146231215
 20
91.813994177
 30
0.000000000
 11
162.146231215
 21
98.242291976
 31
0.000000000
  0
LINE
  5
F0B
330
A02
100
AcDbEntity
  8
ProjItem002
100
AcDbLine
 10
160.299214871
 20
92.199884626
 30
0.000000000
 11
160.299214871
 21
98.575091733
 31
0.000000000
  0
LINE
  5
F0C
330
A02
100
AcDbEntity
  8
ProjItem002
100
AcDbLine
 10
158.519547359
 20
92.679810747
 30
0.000000000
 11
158.519547359
 21
98.983115342
 31
0.000000000
  0
LINE
  5
F0D
330
A02
100
AcDbEntity
  8
ProjItem002
100
AcDbLine
 10
156.821557517
 20
93.249908455
 30
0.000000000
 11
156.821557517
 21
99.459811854
 31
0.000000000
  0
LINE
  5
F0E
330
A02
100
AcDbEntity
  8
ProjItem002
100
AcDbLine
 10
155.218916561
 20
93.905587660
 30
0.000000000
 11
155.218916561
 21
99.996952123
 31
0.000000000
  0
LINE
  5
F0F
330
A02
100
AcDbEntity
  8
ProjItem002
100
AcDbLine
 10
153.724528013
 20
94.641569218
 30
0.000000000
 11
153.724528013
 21
100.584392021
 31
0.000000000
  0
LINE
  5
F10
330
A02
100
AcDbEntity
  8
ProjItem002
100
AcDbLine
 10
152.350423810
 20
95.451927438
 30
0.000000000
 11
152.350423810
 21
101.209745099
 31
0.000000000
  0
LINE
  5
F11
330
A02
100
AcDbEntity
  8
ProjItem002
100
AcDbLine
 10
151.107667433
 20
96.330137793
 30
0.000000000
 11
151.107667433
 21
101.857948161
 31
0.000000000
  0
LINE
  5
F12
330
A02
100
AcDbEntity
  8
ProjItem002
100
AcDbLine
 10
150.006264824
 20
97.269129448
 30
0.000000000
 11
150.006264824
 21
102.510723517
 31
0.000000000
  0
LINE
  5
F13
330
A02
100
AcDbEntity
  8
ProjItem002
100
AcDbLine
 10
149.055083830
 20
98.261342196
 30
0.000000000
 11
149.055083830
 21
103.146000941
 31
0.000000000
  0
LINE
  5
F14
330
A02
100
AcDbEntity
  8
ProjItem002
100
AcDbLine
 10
148.261782801
 20
99.298787322
 30
0.000000000
 11
148.261782801
 21
103.737497391
 31
0.000000000
  0
LINE
  5
F15
330
A02
100
AcDbEntity
  8
ProjItem002
100
AcDbLine
 10
147.632748930
 20
100.373111929
 30
0.000000000
 11
147.632748930
 21
104.254899382
 31
0.000000000
  0
LINE
  5
F16
330
A02
100
AcDbEntity
  8
ProjItem002
100
AcDbLine
 10
147.173046829
 20
101.475666187
 30
0.000000000
 11
147.173046829
 21
104.665406986
 31
0.000000000
  0
LINE
  5
F17
330
A02
100
AcDbEntity
  8
ProjItem002
100
AcDbLine
 10
146.886377747
 20
102.597572976
 30
0.000000000
 11
146.886377747
 21
104.937478300
 31
0.000000000
  0
LINE
  5
F18
330
A02
100
AcDbEntity
  8
ProjItem002
100
AcDbLine
 10
143.314062320
 20
116.534982812
 30
0.000000000
 11
143.314062320
 21
112.452499907
 31
0.000000000
  0
LINE
  5
F19
330
A02
100
AcDbEntity
  8
ProjItem002
100
AcDbLine
 10
194.314062320
 20
116.534982812
 30
0.000000000
 11
194.314062320
 21
112.452499907
 31
0.000000000
  0
LINE
  5
F1A
330
A02
100
AcDbEntity
  8
ProjItem002
100
AcDbLine
 10
156.314062320
 20
128.782431526
 30
0.000000000
 11
156.314062320
 21
114.085493069
 31
0.000000000
  0
LINE
  5
F1B
330
A02
100
AcDbEntity
  8
ProjItem002
100
AcDbLine
 10
181.314062320
 20
128.782431526
 30
0.000000000
 11
181.314062320
 21
114.085493069
 31
0.000000000
  0
SPLINE
  5
F1C
330
A02
100
AcDbEntity
  8
ProjItem002
100
AcDbSpline
210
0
220
0
230
1
 70
8
 71
1
 72
4
 73
2
 74
0
 40
0.023824537
 40
0.023824537
 40
0.043337007
 40
0.043337007
 10
169.926367197
 20
133.642320045
 30
0.000000000
 10
169.910044662
 20
133.652811027
 30
0.000000000
  0
SPLINE
  5
F1D
330
A02
100
AcDbEntity
  8
ProjItem002
100
AcDbSpline
210
0
220
0
230
1
 70
8
 71
1
 72
4
 73
2
 74
0
 40
0.023824537
 40
0.023824537
 40
0.256354960
 40
0.256354960
 10
176.068977929
 20
125.275099558
 30
0.000000000
 10
176.211373435
 20
125.452241195
 30
0.000000000
  0
SPLINE
  5
F1E
330
A02
100
AcDbEntity
  8
ProjItem002
100
AcDbSpline
210
0
220
0
230
1
 70
8
 71
1
 72
4
 73
2
 74
0
 40
0.023824209
 40
0.023824209
 40
0.256355432
 40
0.256355432
 10
176.068977964
 20
124.866851862
 30
0.000000000
 10
176.211374245
 20
125.043993679
 30
0.000000000
  0
DIMENSION
  5
F1F
330
A02
100
AcDbEntity
  8
Dimension
100
AcDbDimension
  2
*Dimension
 10
42.627188306
 20
122.395879101
 30
0.000000000
 11
37.627188306
 21
122.395879101
 31
0.000000000
 70
32
  1
15
  3
STANDARD
100
AcDbAlignedDimension
 13
71.487014306
 23
129.895879051
 33
0.000000000
 14
71.487014306
 24
114.895879051
 34
0.000000000
 50
90
100
AcDbRotatedDimension
  0
DIMENSION
  5
F29
330
A02
100
AcDbEntity
  8
Dimension001
100
AcDbDimension
  2
*Dimension001
 10
42.627187306
 20
112.395879101
 30
0.000000000
 11
37.627187306
 21
112.395879101
 31
0.000000000
 70
32
  1
5
  3
STANDARD
100
AcDbAlignedDimension
 13
58.487014306
 23
114.895879051
 33
0.000000000
 14
58.487014306
 24
109.895879051
 34
0.000000000
 50
90
100
AcDbRotatedDimension
  0
DIMENSION
  5
F33
330
A02
100
AcDbEntity
  8
Dimension002
100
AcDbDimension
  2
*Dimension002
 10
32.627187306
 20
101.692600101
 30
0.000000000
 11
37.627187306
 21
101.692600101
 31
0.000000000
 70
32
  1
10.5
  3
STANDARD
100
AcDbAlignedDimension
 13
62.114624911
 23
99.395879051
 33
0.000000000
 14
62.114624911
 24
109.895879051
 34
0.000000000
 50
90
100
AcDbRotatedDimension
  0
DIMENSION
  5
F3D
330
A02
100
AcDbEntity
  8
Dimension003
100
AcDbDimension
  2
*Dimension003
 10
39.627187306
 20
87.019543101
 30
0.000000000
 11
44.627187306
 21
87.019543101
 31
0.000000000
 70
1
  1
6
  3
STANDARD
100
AcDbAlignedDimension
 13
63.837014306
 23
93.395879051
 33
0.000000000
 14
63.837014306
 24
99.395879051
 34
0.000000000
  0
DIMENSION
  5
F47
330
A02
100
AcDbEntity
  8
Dimension004
100
AcDbDimension
  2
*Dimension004
 10
108.469459219
 20
177.527491297
 30
0.000000000
 11
127.832200306
 21
193.492900201
 31
0.000000000
 70
3
  1
⌀51
  3
STANDARD
100
AcDbDiametricDimension
 15
59.504569393
 25
163.264267105
 35
0.000000000
 40
0
  0
DIMENSION
  5
F4F
330
A02
100
AcDbEntity
  8
Dimension005
100
AcDbDimension
  2
*Dimension005
 10
83.987014306
 20
170.395879201
 30
0.000000000
 11
33.086922306
 21
184.567286201
 31
0.000000000
 70
4
  1
R20.15
  3
STANDARD
100
AcDbRadialDimension
 15
63.906500292
 25
172.067841195
 35
0.000000000
 40
0
  0
DIMENSION
  5
F56
330
A02
100
AcDbEntity
  8
Dimension007
100
AcDbDimension
  2
*Dimension007
 10
59.719794040
 20
60.728632064
 30
0.000000000
 11
38.270715306
 21
78.068485001
 31
0.000000000
 70
3
  1
⌀51
  3
STANDARD
100
AcDbDiametricDimension
 15
108.254234573
 25
45.063125938
 35
0.000000000
 40
0
  0
DIMENSION
  5
F5E
330
A02
100
AcDbEntity
  8
Dimension008
100
AcDbDimension
  2
*Dimension008
 10
104.779404570
 20
63.846975163
 30
0.000000000
 11
107.790800306
 21
76.637064001
 31
0.000000000
 70
3
  1
⌀47
  3
STANDARD
100
AcDbDiametricDimension
 15
63.194624043
 25
41.944782839
 35
0.000000000
 40
0
  0
DIMENSION
  5
F66
330
A02
100
AcDbEntity
  8
Dimension010
100
AcDbDimension
  2
*Dimension010
 10
90.714873704
 20
63.430863952
 30
0.000000000
 11
87.182332306
 21
76.317398001
 31
0.000000000
 70
3
  1
⌀25
  3
STANDARD
100
AcDbDiametricDimension
 15
77.259154909
 25
42.360894050
 35
0.000000000
 40
0
  0
DIMENSION
  5
F6E
330
A02
100
AcDbEntity
  8
Dimension011
100
AcDbDimension
  2
*Dimension011
 10
96.440149306
 20
51.589314001
 30
0.000000000
 11
96.440149306
 21
46.589314001
 31
0.000000000
 70
1
  1
7
  3
STANDARD
100
AcDbAlignedDimension
 13
87.487014306
 23
46.833701174
 33
0.000000000
 14
80.487014306
 24
46.833701174
 34
0.000000000
  0
DIMENSION
  5
F78
330
A02
100
AcDbEntity
  8
Dimension012
100
AcDbDimension
  2
*Dimension012
 10
102.395293374
 20
46.853633780
 30
0.000000000
 11
102.396778306
 21
41.853634001
 31
0.000000000
 70
1
  1
10.51
  3
STANDARD
100
AcDbAlignedDimension
 13
89.246370306
 23
49.859388399
 33
0.000000000
 14
78.733066306
 24
49.862510709
 34
0.000000000
  0
DIMENSION
  5
F82
330
A02
100
AcDbEntity
  8
Dimension013
100
AcDbDimension
  2
*Dimension013
 10
78.733066306
 20
49.862510709
 30
0.000000000
 11
57.928745306
 21
32.557865001
 31
0.000000000
 70
4
  1
R3.5
  3
STANDARD
100
AcDbRadialDimension
 15
77.048067038
 25
46.794808271
 35
0.000000000
 40
0
  0
DIMENSION
  5
F89
330
A02
100
AcDbEntity
  8
Dimension014
100
AcDbDimension
  2
*Dimension014
 10
128.533048540
 20
159.649070768
 30
0.000000000
 11
128.535429306
 21
164.649070201
 31
0.000000000
 70
1
  1
4
  3
STANDARD
100
AcDbAlignedDimension
 13
98.987012606
 23
170.403021499
 33
0.000000000
 14
102.985663025
 24
170.404925469
 34
0.000000000
  0
DIMENSION
  5
F93
330
A02
100
AcDbEntity
  8
Dimension015
100
AcDbDimension
  2
*Dimension015
 10
102.985663025
 20
170.404925469
 30
0.000000000
 11
127.847202306
 21
176.109136201
 31
0.000000000
 70
4
  1
R5.19
  3
STANDARD
100
AcDbRadialDimension
 15
108.094486676
 25
169.512090553
 35
0.000000000
 40
0
  0
DIMENSION
  5
F9A
330
A02
100
AcDbEntity
  8
Dimension016
100
AcDbDimension
  2
*Dimension016
 10
71.287393883
 20
162.413420864
 30
0.000000000
 11
39.975191306
 21
154.440625201
 31
0.000000000
 70
3
  1
⌀30
  3
STANDARD
100
AcDbDiametricDimension
 15
96.686634730
 25
178.378337537
 35
0.000000000
 40
0
  0
ENDSEC
  0
SECTION
  2
OBJECTS
  0
DICTIONARY
  5
F000
330
0
100
AcDbDictionary
  3
ACAD_GROUP
350
F001
  0
DICTIONARY
  5
F001
330
F000
100
AcDbDictionary
  0
ENDSEC
  0
EOF